idx,target,year,is_future,prefix
0,accent,1591,0,"Others..cite the vast circulation of the Petit Journal of Paris..as a precedent for the belief that a similar paper at one penny should reach in this American country of ours..a circulation of a round million and upwards, with an"
1,accent,1849,0,"The Greek workman cared for shadow only as a dark field wherefrom his light figure or design might be intelligibly detached: his attention was concentrated on the one aim at readableness, and clearness of"
2,artillery,1728,0,"The form of the carronade, short and very thick at the base, is so well known to students of"
3,bubble,1837,0,"All this must be taken at rising prices by the clique, for, when they show themselves unable to absorb more, the price breaks with the stoppage of demand and the"
4,caution,1830,0,"For some time after his degradation the disputations in theology were entirely dispensed with, on the payment of"
5,caution,1834,0,"However, we don't mind it so much as the dust, which, during the Exhibition week, when the extra traffic stirred it up, was a real ‘"
6,coating,1802,0,"Kendal, celebrated for the manufacture of a peculiar description of coarse woollen goods called cottons, being, most probably, a corruption of"
7,compartment,1793,0,"The sides of the shell are seen to be composed of from 4 to 8 separate pieces, valves, or, as they are technically called,"
8,conspiracy,1386,0,No longer will good men be able with easy conscience to join in that indignant ‘Hush!’ by which the evil-doers have hitherto silenced every attempt to make articulate the smothered wail that rises unceasing from the woeful under-world. There is now an end to that
9,covenant,1552,0,"On each head His lawn-robed Servant lays An apostolic hand, and with prayer seals The"
10,directive,1642,0,"You would think it enough to call an order a direction. No, he [ sc. the Civil Servant] has to make it ‘a"
11,discard,1591,0,"I hate cards; I can't concentrate at all, and I never have the faintest idea what the man on my left has"
12,displace,1774,0,"A cork, a ship, a buoy, each buries itself a bed on the surface of the water; this bed may be considered as so much water"
13,divorce,1532,0,"The Pipe, distinguished by its gristly Rings, To cherish Life Aerial Pasture brings; Which the soft-breathing Lungs with gentle Force Constant embrace by Turns, by Turns"
14,excitation,1921,0,"An excited state is one in which energy is given to the atom, either by collisions, or by absorption of electromagnetic radiant energy, permitting the electron to revolve in an empty outer orbit. The energy required to produce this change is known as the"
15,feather,1430,0,"When I..saw Rosie standing there, you could 'ave knocked me down with a"
16,grouping,1704,0,"These [subjects] are executed in a free and graceful style, with a fine feeling for selection and"
17,grouping,1799,0,"The multiplication of Titles, in which analogous points of learning may be exhibited in a variety of new"
18,heading,1841,0,"These deviations..occur only when the aeroplane is turning... When the angle of tilt..exceeds the complement [of the magnetic dip] , the compass will be completely reversed on an easterly"
19,heading,1779,0,"Ooze is then poured on, to fill up interstices; and the whole crowned with a sprinkling of bark, which the tanners call a"
20,heading,1847,0,"A bed was prepared..being formed simply by laying down a succession of blankets and counterpanes, with anything and everything stuck under the end for ‘"
21,ignorant,1886,0,Male co-workers can also be a problem for the female employees at the mill... The talkers..will tell you all about what they want to do to you and can sometimes get
22,imaginary,1670,0,"The Original Components or Roots of all Equations, may be either Affirmative, Negative, Mix'd, or"
23,inclination,1439,0,"Only the practitioner knows what he does and why he is doing it, recording the bare essentials for lack of time or"
24,inclination,1585,0,"The elevation of the stile of an inclining dial at any place, is equal to the sum or difference of the latitude and"
25,inclination,1619,0,"As to the Comet of 1680/1 I was only desirous to trie the method I used in that of 1683, in this also, taking your limitation for an Hypothesis and I found I could not stirr the Nodes or"
26,intuition,1796,0,Those ideas which immediately arise in consequence of our external sense being affected are external perceptions or external
27,lane,1420,0,"[An automatic weather information station] was moored in the middle of the Gulf Stream, off the Florida Coast, in a hurricane"
28,lesbian,1550,0,"Lesches..was a native of Pyrrha, in the island of Lesbos, and in the neighbourhood of Mytilene. Hence he is called a Mytilenean or"
29,lesbian,1597,0,"I will reckon to you the names of Greek Wines much esteemed by the Ancients. One sort they call'd Pramnian,..another Thasian and"
30,lesbian,1559,0,"Mr. Gray..has addressed himself to the Æolian lyre, in the same manner that the author just quoted talks of the"
31,mapping,1727,0,"Surveying consists of three parts or members;..the second we call plotting, or protracting, or"
32,masculine,1586,0,"The former close, because it terminates in a thesis, and is on that account, less forcible, is called feminine, the latter,"
33,masculine,1425,0,"The one [ sc. the triangle] imperfect, mortall, fœminine, Th'other [ sc. the circle] immortall, perfect,"
34,monster,1375,0,Want to know where Hollywood gets the inspiration for its outer space and sci-fi
35,monster,1715,0,"And pray, Master, what am I? I think my Person is not so despisable that you need run after other Folks. I'm no"
36,mould,1550,0,"He should select 1 or 2 of the best mares in his possession to breed from, and if he has none possessing youth and beauty of"
37,mould,1797,0,"She is a greasy subject, and would have burned like a short"
38,nationality,1830,0,The sum total of these heritable portions..I beg leave to name the Propriety; and to call the reserve above mentioned the
39,noon,1605,0,"For the moon Was shining in, and night was at the"
40,noon,1606,0,"Now the goodly moon Was in the full, and at her nighted"
41,noon,1606,0,"To behold the wandring Moon, Riding neer her highest"
42,obedience,1390,0,The worthy catholike king..gaff thaim lesence for ever to..cum to presens of thair spirituale fader & ordyner & hedekirk of Santandrois to resavve collacionn & do
43,outsider,1800,0,"Though many names on these syndicates did well in the early 1980s, they now talk of foul play and of insiders being favoured over"
44,outsider,1800,0,"Is everyone who has come from outside Italy, just because they have come from outside it, regarded as equally an"
45,penetration,1646,0,"Suppose two bodies containing no void within their circumference, to approach each other, and to unite in such a manner that the body, which results from their union, is no more extended than either of them; 'tis this we must mean when we talk of"
46,penetration,1903,0,"Russia seems undoubtedly..to be carrying on a process of absorption in Persia,..by what, I think, a French writer has called peaceful"
47,photon,1926,0,"In 1906, Einstein showed that the photo-electric effect and many photochemical reactions could be explained in terms of the Quantum Theory if light itself consisted of discrete particles of energy or quanta, now usually called"
48,plausible,1565,0,"If Hippocrates actually wrote the first textbook of geometry, which is not only possible but"
49,pointer,1534,0,"In all cases while the death bone is being ‘pointed’, the blood of the victim passes invisibly across the intervening space to the ‘"
50,pointer,1567,0,"These two Stars of the 7, that are nearest to the Pole Star,..do always point up pretty nearly to the Pole Star; and are therefore sometimes called the"
51,pointer,1875,0,"A name of particular pointed tools used in various trades, for boring, cutting, graving, etc. e.g. a pointed chisel used by stonemasons, a silversmith's"
52,porch,1300,0,The Ethiopian and Moscovites doe baptize in the Church
53,porch,1300,0,"The church was old and gray, with ivy clinging to the walls, and round the"
54,preacher,1225,0,"That Minister whose Life is not the Model of his Doctrin, is a Babler rather than a"
55,precedent,1427,0,"Thereafter..came urgent letters, saying that a ‘Doctorat’ had never before been conferred on a woman by any big University in America, that Yale had created a"
56,printed,1609,0,There was absolutely no demand for a collected edition at the time it was published; it was out of all relation to Bierce's fame or importance... Who was this magnificently
57,progression,1460,0,"The fusion of this [ sc. a syn-sacrum ] with the entire length of the iliac portion of the pelvic girdle, must be interpreted in adaptation to bipedal"
58,progression,1926,0,In other words we suppose that the absorption bands whose stimulation is associated with these series all belong to a single n ′
59,progression,1926,0,"If all excited molecules of a vapor are in one definite vibrational level v ′ of an electronic state T ′, they can return from there to all existing levels v ″ of the ground state and thus produce an emission spectrum in which the lines corresponding to v ″ = 0, 1, 2..form a regular ‘"
60,proliferation,1759,0,"Proliferatio , applied by Link to the appearance of a bud or of a flower upon a part of the plant which has not been accustomed to bear such:"
61,purple,1519,0,"Purpura Anglicana, being a Discovery of a Shell-fish Found on the Shores of the Severn, in which there is a Vein containing a Juice, giving the delicate and durable Tincture of the Antient, Rich, Tyrian"
62,register,1325,0,"Taffanel noted four rehearsals before the second concert, and after that he stopped keeping a"
63,register,1703,0,"‘Politics is Muzak to a lot of people,’ said..the chief political reporter for the Des Moines"
64,register,1534,0,"Immediately after the Celebration of every Marriage, an entry thereof shall be made in such"
65,repair,1484,0,And in yair tymeralis tryid trewly yai bere The plesand povne in a part provde to
66,reproductive,1753,0,"Many authors consider preservation as a continual reproduction of a thing, which subsisting no longer of itself, would every moment return into nothing.—This some call the"
67,rescue,1540,0,There is no rule prescribed by the law of England in the case of foreign property
68,resort,1425,0,She was predestinat..To be the worlds..chief comfort By hym that shuld out of hyr wombe
69,reversal,1489,0,"The Queen's Bench Division reversed his decision, and the present case is an appeal from that"
70,reversal,1648,0,He appears to have compensated by means of his passionate nurturance of his lovers (a not uncommon
71,revive,1442,0,"The erosive energy of the rivers is renewed, and they are said therefore to be"
72,rose,1825,0,The..troublesome Bauera shrub; whose gnarled branches have earned for it the..expressive name of ‘tangle-foot’ or ‘leg ropes’. [It] has been named by Spicer the ‘ Native
73,rose,1460,0,"Grace shal him [ sc. Prince Henry] well enclose, Whiche by true right sprange of the reed"
74,rose,1460,0,"A ridiculous generation newly come ashore into the world, are not ashamed to affirme, that these stinking weeds, are those sweete lillies named by our Sauiour Christ: that they will digge vp the garden a new: that they will reforme the supperstitious braunches, of the sweete auncient welblowne"
75,rose,1460,0,"Who did this Knot compose, Again hath brought the Lillie to the"
76,rose,1460,0,Let us now walk down rugby's Memory Lane and pay tribute to those who have worn the white jersey with the red
77,rose,1599,0,"Roose, ofte de Kole , S. Anthonies Sore, called the"
78,segregation,1902,0,"If the hybrids of the first generations [of two races of peas] ..be allowed to fertilise themselves, all possible combinations of the ancestral race-characters will appear in the second generation with equal frequency... Characters intermediate between those of the ancestral races will not occur... This may be called the Law of"
79,segregation,1902,0,"This phenomenon, the dissociation of characters from each other in the course of the formation of the germs, we speak of as"
80,soup,1889,0,"You find you may want to move a group of pictures..to a different part of the building, and if the rooms over there are designed for quite a different kind of picture, you're rather in the"
81,spectator,1586,0,"[He] thought no eyes of sufficient credite in such a matter, but his owne; and therefore came him selfe to be actor, and"
82,startle,1300,0,The former of these insects is generally very annoying to the cattle..but this year they have hardly as yet been observed to make them
83,substantive,1787,0,"I felt you happening before you happened. Something like anticipation of anticipation, and not imaginary, but"
84,swing,1552,0,Throw the all Tratoures blythlie sing... Throw the murther wald beir the
85,swing,1570,0,"It was still early in the herring season, but the fishing was in full"
86,swing,1584,0,Trust me that things will adjust themselves all the better for letting them have their
87,swing,1856,0,He [ sc. a horse] would insist on walking through the brook instead of taking it in his
88,swing,1976,1,Families may soon be enjoying a tipple at the bar to make their parties held in the community centre go with a
89,swing,1635,0,"Swaying his two-handed sword about him, Two deaths at every"
90,swing,1945,1,"In Room 1, North-South bid six Spades and made five. In Room 2, North-South stopped in 4 spades and declarer, playing for safety, made three. No"
91,swing,1945,1,"On the very next hand the Scots repaid the compliment; at this stage they were going great guns, and on Board 54 came the biggest"
92,swing,1739,0,"Don Quixote, who was not used to alight without having his stirrop held,..threw his body off with a"
93,swing,1899,0,Jazz is based on the savage musician's wonderful gift for progressive retarding and acceleration guided by his sense of
94,tomato,1837,0,"They had to eke out their scanty fare with wild roots and vegetables, such as the Indian potato, the wild onion, and the prairie"
95,unemployed,1782,0,Our sea~coasts would swarm with adventurous fishing boats; new means of employment would be afforded to the..
96,want,1175,0,"Troie Newe is Trinouant, tuo wordes in one & nouht is"
97,want,1450,0,Land should revert to testator's daughter..in case the life tenant failed to make suitable provision for her if she came to
98,wanting,1475,0,"The yardstick against which the anti-establishment Mr Murdoch's paper is commonly compared, contrasted and generally thought"
99,wanting,1839,0,Had something given in my brain last night..so that now I was what people call ‘
100,wanting,1592,0,"Bees though..they have sufficiently stored and replenished their hives..; yet will they not give over working; nay some, not leave robbing and that from the weaker and"
101,winner,1485,0,"When cruelty and lenitie play for a Kingdome, The gentlest gamester is the sooner"
102,working,1350,0,"Widespread realignments of jobs, changes of thinking and attitudes, and alteration of ways of"
103,working,1548,0,"Conclude the fermentation in from 40 to 50 hours, and when it is cleansed do not fill up too frequently, for it will work off with great rapidity: rather, by moderate fillings, encourage its"
104,worth,1340,0,Of Selver that was overforth Schal ben a world of lasse
105,worth,1340,0,Nor do the bold'st attempts bring forth Events still equal to their
106,worth,1340,0,"Let them not come forth, 'Till the ninth ripening Year mature their"
107,adjective,1400,0,"Positive Degree of Comparison in Grammar, is that which signifies the Thing simply and absolutely, without comparing it with others; it belongs only to"
108,bankruptcy,1634,0,"As the name of a Bankrupt, so was the offence it self..a stranger to an Englishman, who of all other Nations was freest of"
109,bead,1377,0,"I no where read, That thy Apostles ever us'd a"
110,blockbuster,1942,1,"A company called Carter synthesized that chemical and sold it as Miltown, an anxiolytic that became the first pharmaceutical"
111,brass,1870,0,"At every big plantation or negro shanty yard Just to save his property the generals plase a gard The sentrys instruction to let no private pass, The rich mans house and table are fixed to suit the"
112,calorie,1863,0,"The unit chosen for comparison, and called the thermal unit, is not everywhere the same. In France it is the quantity of heat necessary to raise the temperature of one kilogramme of water through one degree centigrade: this is called a caloric [ corrected to"
113,clearance,1944,1,The policy-makers must be consulted on everything that is not part of the established routine. Getting their okay is known as ‘clearing on policy’ or ‘
114,cognition,1651,0,"The several elements which, according to Kant, make up the organic unity of Perception or real"
115,conformity,1607,0,"Seeing in his body so great deformitie, hee..would haue auerred that in his soule there was no great"
116,construe,1399,0,"Though the Law in modern days Three barbarous Tongues no more displays, Like Pluto's triple headed monster, And Pleaders can their Pleadings"
117,contamination,1888,0,"Momentary hesitation between two possible linguistic responses is extremely common, and not infrequently it leads to a mingling of the two. Instances are.. ruvershoes ( rubbers × overshoes )... We call this process"
118,defective,1653,0,"Why not do the same with the imperfect fourth, fifth, sixth and seventh? Any one of these intervals has as good a claim to adjustment as the"
119,designation,1646,0,"The Chinese zodiac..is..divided into twelve signs, distinguished by as many figures, all bestial, and some of them very singular and eccentric"
120,discomfort,1350,0,"I arrived the 26th; but not so fortunate as to find the Ship I expected, Captain Sovaire, bound for Alexandretta, he being departed 4 Days before, to my great"
121,drawer,1400,0,The cartridge-shell is struck at its lower edge opposite the cartridge extractor or
122,dressing,1504,0,"Thus it is left till they judge it to be sufficiently roasted, when throwing a quantity of salt over it, they eat it without any further"
123,dressing,1530,0,Hundreds of thousands of older people who struggle with tasks such as washing or
124,dysfunction,1916,0,A social judgment is still implied in the decision to rank the thieving tendency together with its bodily concomitants as symptoms of disease or
125,eating,1763,0,"A..fish, weighing from half-a-pound to two pounds, and excellent"
126,elevated,1553,0,"The remaining eighty per cent [of the population] cling to the greasy straps of the antiquated, unsanitary, dilapidated, and dangerous"
127,factual,1846,0,I can..promise to all ‘Aladdinists’ a rich harvest of facts which wholly displace those hitherto assumed to be
128,factual,1846,0,Hatsue's father..asked Dr Oshiro if in fact there were submariners and if the rumors of an invasion of Oregon and California were
129,formidable,1508,0,"Of whiche name..foreyne prynces trymbled and quaked, so muche was that name to all nacions terrible &"
130,hate,1175,0,"Tis from that Moment I must date, My Provocation of God's"
131,imperialism,1684,0,The 1932 thesis..made its two major points the overthrow of the Emperor system and the struggle against Japanese
132,imperialism,1878,0,"‘The Expansion of England’—with its firm grasp on the great possibilities of the New Englands beyond the sea, and its vivid realisation of the British Empire as ‘a world-wide Venice with the sea for streets’—gave..a decisive impulse to what may be called, in the slang of the day, ‘the new"
133,imperialism,1883,0,There was an increased national rivalry to obtain control of the raw material and food producing areas since the resources of the world could be easily developed or exploited from any one centre. The result was the emergence of a new national economic
134,indispensable,1653,0,"Those few that were about the pope, thought the prohibition of such marriages was only positive, and might be dispensed with by the pope: whereas all other learned men thought the law was moral and"
135,inmate,1589,0,"Bias was of Priene,..some affirm he was rich, others, that he had no estate, but lived as an"
136,interpreter,1950,1,"Although the art of interpreting air photographs had been developed quite a long way in the First World War, in the summer of 1939 there was precisely one experienced"
137,litre,1797,0,"Annexe iv..recapitulates the decisions of the Troisième Conférence Générale held at Paris last October, as to the definitions of the metric units, metre, kilogramme and"
138,livestock,1755,0,"Lupus Oh, little, my lord. The Goths have stripped us yearly, and the Alans Before them: we can only give all that we have. Attila All, hm? That's to say, all. Including your virgins, Young wives, all other"
139,loading,1903,0,"The increase in voltage resulting from the increased impedance..increases the leakage losses, and these set a limit to the possible improvement in transmission efficiency by"
140,loading,1903,0,With a centre loaded coil on 3·5 Mc/s it may be possible to vary the transmitter frequency over about 25 kc/s before it becomes essential to re-adjust the
141,march,1639,0,A Boer searchlight..which roved like an angry eye from end to end of our line of
142,metaphysical,1744,0,"[Dryden] might..so use ‘metaphysics’ as equivalent to ‘second thoughts’, things that come after the natural first; and, once more, this definition would, I think, fit all the poetry commonly called ‘"
143,miner,1830,0,"Whitish legless and headless maggots, up to 1 / 5 inch long, [which] mine beneath the epidermis of the stems... Asparagus"
144,navigation,1984,1,A graphical interface that uses pull-down menus and point-and-click functionality for easy Internet
145,neutron,1899,0,"If the electrons are distributed through the æther, we must suppose that in æther showing no electric charge each negative electron is united with a positive electron to form the analogue of a material molecule, which might conveniently be called a"
146,passing,1496,0,"An Act against unlawfull Hunting and Killing of Conneys,..was now..put to the Question of"
147,persecution,1647,0,"As the Massachuset's assembly at first entered into the expedition upon the coolest deliberation, so did they on the other hand exert themselves with uncommon vigour in the"
148,photography,1839,0,"Paper smeared with the solution [of lunar caustic] is darkened... Hence the process of photogenic drawing [ as published in May, in Edinb. New Philos. Jrnl. 27 145, altered to Hence the art of"
149,polar,1556,0,The appearance of the solar corona over the poles at time of low solar activity is dominated by the presence of
150,polar,1920,0,For comparison with observation the rectangular coordinates must be converted into
151,polarization,1845,0,I shall explain..what is meant by the deviation or rotation of the rays of polarized light when transmitted through fluids said to possess circular
152,polarization,1839,0,"When an electric current is passed through an electrolyte bounded by metal electrodes, the accumulation of the ions at the electrodes produces the phenomenon called"
153,polarization,1894,0,"Likewise, there are animals every piece of which produces, at either end, that organ toward which it was directed in the normal condition. We may speak in such cases of"
154,poll,1400,0,"Cursed Noll, Whose most inglorious, and as empty"
155,pricing,1500,0,The kinked demand curve is derived from the..curves we have already been using in our analysis of trade association
156,procession,1398,0,"The doctrine of the Trinity..confessedly underwent development,..by the adoption..of such terms as substance,..circuminsession, double"
157,propagation,1926,0,"While water is essential for the process of starting a chain, it is still an open question whether water is necessary for chain"
158,prophecy,1225,0,"The critical doctrine that Muhammad was the ‘seal’ of prophets, in the sense of having categorically closed the door of"
159,proximal,1934,1,Such changing lobes and interlobes are of course apt to affect the normal thickness of the varve-succession at a single locality and are an important cause to the local thickness deviations of certain
160,radial,1887,0,"The second of the principal divisions of radius is typically four-branched, and on account of the frequency of the necessity of making reference to it a special name has been applied to it, the"
161,rage,1325,0,"Yfrounced foule was hir visage, And grennyng for dispitous"
162,rage,1325,0,"The Seer, who could not yet his Wrath asswage, Rowl'd his green Eyes, that sparkl'd with his"
163,rage,1330,0,Þer nas in court grom ne page þat of þe Kyng ne made
164,rage,1400,0,"Museful Mopings, which presage The loss of Reason, and conclude in"
165,rage,1425,0,A purer breeze t'assuage The fiery dog's enfevering
166,rage,1400,0,Syn for till asswage..And of this warld to cess the stormy
167,rage,1548,0,"All for one we gage: As life for honour, in fell battailes"
168,rage,1563,0,"Assert the Stage, Be justly warm'd with your own Native"
169,rainfall,1817,0,We deemed it desirable to cause the consumption of water..to be gauged from..the run through house-drains and sewers on days when there was no
170,rationality,1637,0,Any act..is immediately justified by distorting the mental processes concerned and providing a false explanation that has a plausible ring of
171,recruitment,1923,0,"The several forms assumed by the course of the ascent indicate the various time relations exhibited by the progressive involvement of additional motoneurones during the development of the reflex. That process may, for convenience of statement, be designated ‘"
172,recruitment,1937,1,"The deafness of the affected ear present at threshold disappears at higher intensities, and this in its simplest terms constitutes the phenomenon of Loudness"
173,recruitment,1937,1,The results..suggest a correspondence between BM [ sc. basilar membrane] displacement and loudness perception in cases of
174,remain,1677,0,"You are..on no account..to supply any of his Majesty's Ships..with Naval Stores without being furnished with the Boatswain's and Carpenter's Supplies, Expenses, and"
175,repeat,1450,0,"All repetitions are not vain repetitions, in sacred song there should be graceful"
176,repeat,1636,0,"This Mark signifies a Repetition from that place only where it is set, and is called a"
177,repeat,1832,0,"This time the ‘Hardy Norseman’ is sung, and..the listeners..look down on us from a great height, cheer, and make strong calls for a"
178,responsive,1531,0,"The words yes and no were originally adverbs, but they have, at present, little or no adverbial force. They are used in responding to a question, and are called"
179,shield,1884,0,You have just ruined that new dress under the arms because you did not have a Canfield Dress
180,silly,1636,0,"Cold water struck the women's belly, It made them prove both faint and"
181,sleeve,1585,0,"Proud meacocke, make the world no more believe Gentility is pind vpon thy"
182,speed,1330,0,The little adoe..puts mee into the mood to tell you a tale ere I proceed further; and Menenius Agrippa
183,stationary,1834,0,"A point at which the direction of bending changes from positive to negative, or vice versa ..is called a point of inflexion, and the tangent at such a point is called a"
184,stationary,1938,1,"Observational series which describe phenomena changing with time may be roughly classified in two broad categories, viz. evolutive and"
185,straw,1672,0,"It growing then towards eleven a clock, the City Ladies Eyes began to draw"
186,straw,1672,0,‘That period—probably two o'clock a.m.—when the eyes of chaperons begin to draw
187,suite,1778,0,Let him display..casket after casket of lustrous gems. Then invite her to select her
188,sweat,1387,0,"The fragrant Trees..Owe all their Spices to the Summer's Heat, Their gummy Tears, and odoriferous"
189,tablet,1688,0,"A Table is a broad peece of Glass neere a yard, some more, square, it is also called a"
190,technician,1833,0,"Equally at home producing a novel in sonnets or a cornucopian family saga, Seth has few equals as a literary"
191,timing,1851,0,He..showed us all the power and velocity resulting from hitting the balls at the right time. He called this the art of
192,timing,1851,0,As kids we had one play an off-tackle smash that was a pet with us—a play simple it seemed but demanding perfect
193,timing,1670,0,"Even before 1300, though, navigators were using various ancillary means of navigation which all involved"
194,transcription,1932,1,"The relaying of the Empire station by overseas transmitters cannot for various reasons be assumed to be possible as a regular practice and therefore the recording of programmes on gramophone discs becomes an important subsidiary method of programme circulation... American programmes are already circulated by this method, which is termed ‘electrical"
195,transcription,1961,1,"Mutations in the promoter region lead to a reduction in the rate of messenger synthesis from the whole operon. The promoter is thought to be the region for the attachment of the DNA-dependent RNA polymerase, the enzyme responsible for"
196,twist,1374,0,Ther was no wight saue god and he þat wiste In many wise how soore I hym
197,unclear,1390,0,"Death..is near, and I am most unready for it. Judgment is approaching, my Compts are"
198,upright,1398,0,"It cost me a Month to shape it..to something like the Bottom of a Boat, that it might swim"
199,upright,1856,0,"A male deer of one year old has..one straight horn each side only, which we term his"
200,valuation,1529,0,"The secret wealth of commerce, and the precarious profits of art or labour, are susceptible only of a discretionary"
201,ventilation,1826,0,"This [ sc. raised tension of carbon dioxide in the venous blood] is due..to (1) delayed blood stream, and (2) deficient lung"
202,ventilation,1658,0,This arrangement has..the advantage of subjecting the surfaces of all parts of the corn in succession to the action of
203,ventilation,1615,0,Opinions are not to be accepted as Gospel truth because they may have been uttered at a meeting of the British Association; as I am sure you will have found out if you have watched some of their
204,worship,1450,0,Also ȝee [ read þe] devoute worschepers & disciples of euer-lastynge wisdame mowen..euery daye saye or rede þe schorte seruyse of þat wisdam þat is writen in latyne to clerkes. [at
205,worship,1350,0,"Þe fend..haþ drawe many to his lordship, and specialliche bi heretikis..; and þis shal never ceess bifor Cristis lawe be"
206,additive,1987,1,"The connectives & and ⊕, together with the neutral elements T (w.r.t. &) and 0 (w.r.t. ⊕) are called"
207,affective,1876,0,"Here the author's first care is to mark the equivoques which even yet disturb psychological language , and keep up the confusion of two orders of phenomena so profoundly different as representative and"
208,affective,1876,0,"A deficit in empathy has consistently been cited as a central characteristic of Asperger syndrome.., but previous research on adults has predominantly focused on cognitive empathy, effectively ignoring the role of"
209,affective,1633,0,"Where effective clemency cannot be admitted, there may be room for the introduction of the"
210,affective,1639,0,"But of which and such like places Alexander Hales made it a third, neither speculative nor Practicall; but"
211,affiliation,1836,0,"The Orange Society is dissolved... In Ireland a few natural murmurs have been heard, but they will die away as soon as any evidence is given of the sincerity of the Government in the professed intention of suppressing all other political"
212,affirmative,1449,0,I thoroughly enjoy..the yes-men who hang about the executives and hold their jobs by simply being constantly
213,alienation,1425,0,He explained that I had developed a social veneer—an illusion of friendship—that was meant to conceal my basic hostility and
214,anthropology,1593,0,"The History of Brute and Brutans setteth forth... Genealogy or issue which they had, Artes which they studied, Actes which they did. This part of History is named"
215,antiquity,1375,0,"This Custom..is as ancient as Christianity, as appears from the most certain Monuments of"
216,balloon,1904,0,"For the most part the ball was kicked anywhere—for choice high in the air. ‘There's no one up there,’ shouted an ironical spectator after one of many"
217,band,1400,0,"Þe prisun dors [he] left als he fand, Noiþer he brak ne barr ne"
218,battalion,1842,0,"Moreau expressed a fact of general application, explained according to the irreligious ideas of the French Revolution, when he said, that ‘Providence was always on the side of dense"
219,beard,1450,0,Sommers greene all girded vp in sheaues Borne on the beare with white and bristly
220,boot,1608,0,"He received his Son into the Coach, and found a slight Errand to leave Buckingham behind; as he was putting his Foot in the"
221,cheer,1560,0,"With her best Complexions, Shee mends her Face's wrinkle-full defections, Her Cheek shee cherries, and her ey shee"
222,citation,1538,0,These examples..may serve to give the reader a notion of the sort of merit which we meant to illustrate by their
223,combustion,1556,0,"A Planet..not above eight Degrees and Thirty Minutes distant from the Sun..is said then to be combust, or in"
224,communism,1850,0,From 1902 until 1926 German Marxism..was gradually transformed into what is nowadays called
225,cook,1873,0,"Look at the two-move problem again, for 1 R to K 2 ch seems to be a ‘"
226,cooling,1350,0,"The office of Respiration (say you) is to refresh the Blood by way of Refrigerating, or"
227,critically,1622,0,"Like most idiomatic, as distinguished from correct writers, he [ sc. Dryden] knew very little about the language historically or"
228,crust,1598,0,"A pasty; it shall, and it must, And my wife, little Kitty, is famous for"
229,defender,1788,0,"Irritated by this usage, the catholics also associated for their defence, whence they were called"
230,deficient,1581,0,As for moral evil he [God] is not the author or cause thereof as it is evil: because moral evils as such have no efficient cause but only
231,delight,1340,0,"And if our pen in this seeme ouer slight, We striue not to instruct, but to"
232,documentary,1935,1,"Actuality , presentation of real persons and things to give a picture of contemporary life in a particular aspect;"
233,editing,1699,0,"The spelling check isn't interactive with the document, so I couldn't switch back and forth for"
234,ending,1400,0,"The Dialogue fails in unity, and has not a proper beginning, middle, and"
235,ending,1600,0,There is difficulty in using this form of construction owing to the want of case
236,exempt,1450,0,"My teching eftir my dissese Sall' noȝt be had in contempt, Na all' oute of doyng all"
237,extinction,1513,0,"Red hot needles or wires extinguished in quicksilver, do yet acquire a verticity according to the Laws of position in"
238,extinction,1873,0,"This brings us at once to the part played by the analyzer, the sole function of which is to recompound the two vibrations emergent from the gypsum. It reduces them to a single plane, where, if one of them be retarded by the proper amount,"
239,fishery,1534,0,The Quebec fishermen are satisfied when they have taken enough for their own consumption and for the wants of the cod
240,fishery,1614,0,"The shark-charmer..is paid by the government, besides being allowed a perquisite of ten oysters from every boat daily, during the"
241,footnote,1711,0,The paginal reference notes at the end of the volume in some measure provide a substitute for formal
242,footnote,1858,0,"Sir Colin Coote's breezy, affectionate life of his friend Walter Elliot provides a useful"
243,gravel,1400,0,For he wes awld and micht no t wele travell And als he had ane littill spyce of
244,implicitly,1650,0,"There may be more Obedience required in him that hath the Fundamental Points explicated unto him, than in him that hath received the same but"
245,increment,1721,0,The indefinitely small Portions of the Fluent which are generated in any indefinitely small Portions of Time are called Moments or
246,indifferent,1855,0,Indifferens ..term applied to compound bodies which do not exercise electro-chemical reactions and which do not combine with other bodies:
247,infusion,1532,0,"We all know, that we may infuse, what we will into an empty Vessel, but a full one has no room for a farther"
248,inland,1557,0,"Let us call the group of peninsulas and islands..the out~skirts of the land [ sc. Greenland] , and the compact continent to the E. the"
249,innocence,1400,0,"The Mother Nightingale..Whose Nest some prying Churl had found, and thence, By Stealth, convey'd th' unfeather'd"
250,inverse,1843,0,"These are the formulae of inversion in the plane ω , in which ( ξ , η , ζ ) are the coordinates of a point, and ( ξ' , η' , ζ' ) those of the"
251,inverse,1884,0,"Given a proposition with A for subject and B for predicate, we obtain by inversion a new proposition with not-A for subject. The original proposition is called the invertend and the inferred proposition the"
252,lift,1470,0,"And thiefes must hang, and knaves must shift, And silly fooles must have the"
253,lineage,1366,0,Each village has a number of smiths of varying degrees of training and competence each assisted by novices who together form a
254,macro,1974,1,"The forms and methods of economic management, both micro and"
255,mainland,1673,0,"Thirst of secret lore, joy, love..power, celestial happiness.., The restoration of angels lost, And one salvation universal given To all create,—all these, related, form..the body of the work;—The islands, seas, and"
256,mainland,1503,0,"The Fair Isle Field Mouse... Distribution: Fair Isle and Shetland Islands, where it occurs on Yell, and possibly on"
257,mainland,1901,0,I was born on a fruit farm on Vancouver Island... My parents sold it for a dairy farm on the lower
258,mainland,1949,1,Greater numbers of adventurous North Islanders than ever before have crossed the seas this summer to the ‘
259,mainland,1949,1,"If you're from the North Island,..South Islanders..will tell you that they live on the"
260,mainland,1980,1,Parliament are incredibly ignorant of the region and have been well content if the English politicians and Whitehall civil servants who administer it from the Northern Ireland Office at Stormont Castle succeed in preventing its problems from impinging on the affairs of the
261,mainland,1980,1,"Since the start of the Industrial Revolution, about 200 years ago, the way most people in Northern Ireland make their living has depended on the links that business managers and factory owners have made with the"
262,mediation,1776,0,"The introit tones have in addition a second intonation for the second part of the verse, immediately following the"
263,mobilization,1876,0,Previously all nations grew by conquering other nations and taking possession of their dwelling-place. Expatriation was a prerequisite of their own
264,modulation,1543,0,"Although the weazon, throtle and tongue be the instruments of voice, and by their agitations doe chiefly concurre unto these delightfull"
265,modulation,1919,0,"The presence or absence of an output signal, in conjunction with an appropriate code, permits the communication of information. Such keying represents the simplest possible form of"
266,modulation,1939,1,Hormones are known to affect the synthetic function and the size of certain organs. This is an example of what Weiss has called ‘
267,mound,1500,0,"Nor Cold shall hinder me, with Horns and Hounds, To thrid the Thickets, or to leap the"
268,mound,1635,0,"The plough-men first growl'd at the hounds, For tracking down their new made"
269,mound,1635,0,"Now all the sons of warlike Greece surround Thy destin'd tomb, and cast a mighty"
270,mound,1903,0,"In game three at the Polo Grounds, New York's Sal Maglie and Brooklyn's Don Newcombe took the"
271,neat,1651,0,"Cask that should contain compleat, Five hundred of Tobacco"
272,negative,1450,0,Divide the class into two groups: one group can say positive statements; the other group uses
273,negative,1580,0,A few remnants of verb-second order remain in modern English including..placing the auxiliary second after an interrogative or
274,negative,1648,0,"To the three first I should make a short Answer in the Affirmative, to the fourth in the"
275,negative,1648,0,The grave Doctor answers me in the Affirmative. The reverend Serjeant replies in the
276,nightmare,1300,0,There was that tightness on my chest that I could hardly breathe; the thought of the two men I had shot sat upon me like a
277,ninth,1830,0,The device..of ending up the tune on the diminished seventh chord..lately sometimes on the chord of the
278,nonsense,1961,1,"We shall assume that there are certain sequences of three nucleotides with which an amino acid can be associated and certain others for which this is not possible. Using the metaphors of coding, we say that some of the 64 triplets make sense and some make"
279,omission,1621,0,He has missed a few passages which might have been included; but it is inevitable that a collection will show
280,parallel,1609,0,"But my aunt and her paramour..formed, indeed, such a pair of originals, as, I believe, all England could not"
281,parasite,1888,0,Many English words have sounds and letters that were once parasitic but are now considered normal... Such an added element is sometimes called a
282,passionate,1586,0,"These things..permit you not For suche losse of riches, possessions, children or friendes to become"
283,passionate,1686,0,[Politicians regard] public statements as necessary noises to soothe the electorate or deflect the wrath of the
284,pathology,1789,0,"I was afraid Lara would crash too, because we were afraid of our potential closeness or enablingness or some other psychological"
285,platelet,1879,0,"The armour of these strange animals consisted of either circular or many-sided plates, encircled by a rim of smaller polygonal"
286,plunge,1380,0,"I have proved, that they came into the house of Cornelius: but a Conclave of plunging Doctors cannot shew me that they went out to be"
287,precaution,1658,0,Our Underwriters Never pays any damages on Coffie when Loaded in Bulk. I mention this to you by way of
288,presidency,1581,0,"During the reign of Moses the cloud was their guide, but now, in Joshua's reign, the ark; both visible signs of God's presence and"
289,presidency,1841,0,"Each Bishop..has two Counselors to assist him, these three forming a Bishopric; and the President over the entire Church also has two Counselors, they with him constituting the First"
290,presuppose,1443,0,"We must be able to claim to see a mutual belonging together of entities in their actual existence so that one cannot be itself without the other; and since we are setting out to find the presuppositions of theism, let us make it clear from the outset that this is"
291,prolonged,1565,0,"You that longe haue wisely ruled the reignes Of royaltie within your noble Realme So holde them, while the Gods for our auayles Shall stretche the threde of your"
292,promoter,1911,0,"Very much better yields can be obtained in the synthetical production of ammonia from its elements if there be employed, as the catalytic agent, iron in admixture with certain bodies as hereinafter explained... These bodies my foreign correspondents [ sc. Badische Anilin & Soda Fabrik, Germany] , for the sake of brevity, term ‘"
293,propagate,1548,0,"So when a Countrey is properly seated for traffik, and the soveraign willing, by forraigne Commerce to inrich his Kingdome, the Merchants advice is questionlesse best able to"
294,reactive,1927,0,"The focus is on encouraging individuals to take charge of their health,..to think long-term, be proactive rather than"
295,reassure,1742,0,The word ‘reinsurance’ is slightly misleading since it assumes that there is a basic insurance obligation which is
296,recession,1868,0,Whoever wants to celebrate the day with a joyful hymn comes out of his place in the congregation and joins the choir and ministers in procession or
297,recession,1905,0,Germany is heading for a second consecutive quarterly drop in Gross Domestic Product which..is the definition of a
298,recite,1450,0,"Wherof I fynde a Cronyque thus I-write For ensample, gode is it to"
299,reconciliation,1560,0,What we..did..was to try and reconcile a commercial perception of a site with a perception shared by amenity groups... I don't think the public understands how difficult it is to make these
300,redemption,1418,0,"The Right of Election of Burgesses..is only in..such as have served seven Years Apprenticeship, or are made Freemen by"
301,replication,1914,0,More than one sample must always be taken in order to discover the natural variation between individual samples. This is termed ‘
302,replication,1880,0,"A maxim which has continued in use until our own time summed up this obligation: reus in exceptione actor fit , the name of exception ( exceptio ) having been given to this additional part of the formula. The plaintiff could meet it with a"
303,resent,1613,0,"For these can reap no joy, no more content Than what these Earth-born Swains did first"
304,robust,1886,0,Property prices are just beginning to harden again and consumer spending is still remarkably
305,royalty,1597,0,"Royal palaces, though locally situated in boroughs of regality, were adjudged to be no part of the regality, but of the"
306,saturation,1835,0,"An initial period of early adoption [of an innovation] gives way to a period of..rapid growth, which..eventually leads to"
307,saturation,1865,0,In the developing seedling..the intensity of consumption of the fatty acids originating from the fats is inversely proportional to the degree of
308,sensibility,1663,0,There was a possibility of using the vibrations generated by the vacuum tube to detect and measure the intensity of any earth tremors..with an extreme degree of
309,serving,1463,0,I beseke youre henes that..ye wil dedenye to mak me have sic couresabill brevis of youre chapell as afferis tueching the said landis and that ye mak na geris mak na stoping to me in the
310,shipment,1802,0,"In this country it is not unusual to pay for goods shipped for the East or West Indies, at the time of the"
311,silicon,1817,0,"The base of silica has been usually considered as a metal, and called silicium. But..as it bears a close resemblance to boron and carbon, it is better to class it along with these bodies, and to give it the name of"
312,spare,1548,0,"Hard Exercise, and harder Fare Soon make my Dame grow lank and"
313,stable,1576,0,"The Congress seem to stumble at every step. I do not mean one or two of the cattle, but the whole"
314,stool,1308,0,"Ye've play'd the fool, Anither now your post maun bruik, An' you the"
315,subdivision,1425,0,Þe maner & þe fourme of wirching profitably with þe foresaid instrumentez..is drawen oute of 4 consideracions... Þe first is had bi dyuysion & subdiuisioun [Latin per divisionem et
316,subscription,1551,0,"Now that we have once said we are the Lords, and have subscribed to it, let us..have a care to say, we will be the Lords, and to stand to and make good our"
317,subscription,1853,0,The notion that listeners pay nothing for the [radio] services they receive is illusory. But at least no direct payment is involved either by way of tax or
318,subsistence,1551,0,To exclude heresies the ancient Church declared that there are three persons or hypostases in one essence. The essence is the divine nature. The persons are three
319,subsistence,1605,0,"Because substances cannot inexist in any thing, much less co-exist in the same subject, Therefore he [ sc. Plato] stiled them Hypostases or"
320,thrust,1708,0,Since news of Whittle's jet engine was released there has been a popular misconception that if there is no atmosphere for the exhaust gases to push against there will be no
321,viewing,1933,1,Anyone with an interest in the science of war will find that the cassettes make compelling and compulsive
322,visualize,1848,0,"‘ I wish. ’ That is to say, my heart desires. ‘ To see you. ’ That is, not with the mental, but with the bodily eye; to have a visual contemplation of him; to behold him; to look upon him; to"
323,warrant,1662,0,"The donee of the power may make any lease or grant, provided it does not exceed the utmost extent of interest that the power"
324,abandonment,1787,0,"The shipowners were paid for the loss of the ship and abandoned it to the underwriters, who refused to accept the"
325,abolition,1785,0,"The general arguments concerning the good policy of slavery and the slave trade... If it can be proved that good policy..condemns the measure under our consideration,..we may reasonably hope for its final"
326,abolition,1785,0,"He used arguments to show the..impolicy of keeping these people in a state of Slavery; with declarations, however, that he did not wish for more than a gradual"
327,accountant,1449,0,"If the defendant became liable in the action of account.., he would be a bailee or receiver to account, and therefore an"
328,accountant,1449,0,"As was noted above in relation to the Bogo de Clare case, the outcome of an action of account was sometimes the finding of an excessus balance in favour of the"
329,accountant,1621,0,"As an alternative to insurance, application may be made to the Secretary of State at the Department of Transport for a warrant to enable a deposit of £500,000 in cash or securities to be made with the"
330,addiction,1779,0,"Many of our Donwood patients were addicted not only to alcohol, but to other chemical substances at the same time, and we needed new programs to deal with these cross"
331,addiction,1570,0,"When I see one were a perewig, I dreade his haire... One tricke in euery thing makes me mistrust imperfection in all parts; and there's the full point of my"
332,addiction,1625,0,"By a constitution of Gordian, it was declared that the rescript of Marcus Aurelius extended to cases in which a stranger, and not one of the slaves of the deceased, applied for the"
333,adherence,1610,0,"It is as to its own Essence and Nature distinctly pure, and shall by a dissolution between Soul and Body, be perfectly cleared and rid of all manner of sinful"
334,adrenal,1863,0,Embryonal nephroma is a congenital primary tumour not infrequently seen in cattle usually at the anterior end of the kidney in contact with the
335,adsorption,1871,0,Charcoal shaken with an iodine solution or placed in an atmosphere of iodine vapour condenses appreciable amounts of iodine on its surface; this is known as ‘
336,advisory,1867,0,The assay for Cannabis and its preparations has been made compulsory but the others are only
337,advisory,1880,0,"The official bodies included the Advisories of Defense, Intelligence, Science, Religion, and so forth, as well as the Native Matters"
338,affirmation,1513,0,"We aske many questions and looke for none answere, speaking indeed by interrogation, which we might as well say by"
339,affirmation,1695,0,We would..remind Friends of the serious obligation which in all respects attaches to the making of a solemn
340,afterward,1618,0,"That part of it [ sc. the rake] which is before, is termed her Rake forward on; and that part which is at the setting on of her Stern-Post, is named the Rake"
341,aggregation,1425,0,"No series of excerpts could do justice to the weather journals' quiet observations, whose effect depends on an impression of dailiness, of steady"
342,allusion,1550,0,"Some refer Adolescens to ἀδολεσχῶν, ‘fond of chit-chat.’ This is not a derivation, but an"
343,antagonist,1887,0,"If lines 1107–10 had been spoken by Clytaimestra before her first brazen rhesis.., there would have been no rhetorical agon of the"
344,apostle,1829,0,We've let it to Keynes for a reading party next week... I gather they are to be mostly
345,articulation,1594,0,The simplest act of speech involves the co-ordination of three very complicated sets of muscles: those of inspiration and expiration; those of phonation (the intra- and extra-laryngeal muscles); and those of
346,articulation,1665,0,"The Audion receiver, especially in its latest form in which the antenna is joined to an isolated grid interposed between a tantalum filament and a platinum wing, gives perfect ‘"
347,articulation,1669,0,"No additional letters were introduced to represent the new spirantized consonants, so the same letter now had double duty for both a plosive and a fricative"
348,blast,1578,0,"Thy youth in ignorance and labour past, And thine old age all barrenness and"
349,carbonate,1788,0,Effervescence in the cold with evolution of carbon dioxide (recognised by turning lime-water milky) indicates
350,carbonate,1849,0,"These ores contain economic quantities of chalcopyrite, galena and sphalerite finely disseminated in a gangue containing high proportions of pyrite with some quartz and"
351,ceremonial,1610,0,"The ceremony [the installation of Lord Robert Dudley as Earl of Leicester] took place at Westminster, herself [Elizabeth] helping to put on his"
352,circle,1582,0,Stalking a ‘blesbok’ or circling a bustard—the latter process consisting in riding round the birds in large but decreasing
353,closet,1387,0,The ‘Room of the Chariot Tablets’ communicated..with an enclosed gallery giving access again to an inner
354,collectively,1902,0,"The breaking up of the old concentrated village into smaller artels or collectives which move out of the village group permanently and form smaller groups living right on the land, which is operated"
355,colonization,1950,1,These results point a way toward further possible experimentation along the same line with this group of flies and with other insects that have resisted
356,communion,1553,0,All my respondents who claimed membership of any denomination were members of some Christian church or
357,computing,1629,0,"Faith..founded on a practical necessity not a mere intellectual craving after knowledge, & systematic"
358,corrosion,1802,0,The ferro-magnesian minerals of earlier consolidation among basalts and andesites are sometimes surrounded with a dark shell called the
359,cultivated,1881,0,The yeasts which are regularly employed in brewing and baking are usually termed ‘domesticated’ or
360,daylight,1922,0,The incandescent gas light can be rendered more perfect by the use of suitable colour screens. When treated in this way the light is known as ‘artificial
361,disciplinary,1598,0,"Dr. Priestley and his friends..have concluded from the essential justice of God, that existence must be a benefit to every being; that all temporary suffering is medicinal and"
362,dome,1553,0,"Hoary crime would come Behind, and fraud rebuild religion's tottering"
363,dome,1726,0,Some bubbles..had lifted the coating here and there into little rounded
364,electronics,1948,1,"Nuclear blasts produce a strong burst of electromagnetic waves that can induce strong current pulses in metal wires, and those pulses can fry delicate"
365,eternity,1374,0,"There should always have been a preexisting Matter, to establish his Opinion concerning"
366,eternity,1791,0,Their [ sc. Eastern Emperors'] subjects address them by the titles of—‘Your Perpetuity—your
367,eyebrow,1738,0,"It [ sc. Naumann's thrush, Turdus naumanni ] is readily recognised at all ages by the dark brown tint of the feathers covering the ears, and by the clear bright colour of the"
368,fare,1425,0,Þare suld nane pay mare Þan foure pennys for þare
369,fare,1325,0,Leue we now iacob in þis care. To tell of ioseph and his
370,fool,1640,0,"School kids are unsatisfactory as bus boys. They do not pay attention to work, always"
371,franchise,1400,0,"He has likewise invented a Species of Major or Brigadier [ sc. a type of wig] for the better Sort of Citizens or Tradesmen, which..may serve extremely well when they..intend to ride the"
372,ganglion,1819,0,"The author considers this form of its inflammation to be identical with pyæmic deposits, and to consist of the metamorphosis of an infected coagulum, within the channels of a vascular"
373,gown,1377,0,"Oh, had he been content to serve the Crown, With vertues only proper to the"
374,header,1956,1,Even an encrypted email will usually include the addresses of the sender and the recipient in its
375,imperfect,1450,0,"When a consonant or dissonant interval is invariable , it is called perfect, and when it may be either major or minor, it is termed"
376,imperfect,1570,0,"The longer notes— i.e. , the large, long, breve, semibreve, and minim—are sometimes filled up or printed black in order to diminish their value,—as for instance..when it is required to turn a perfect note into an"
377,imperfect,1557,0,"The eighth-century English theologian Alcuin pointed out that the second origin of the human race, from the eight human beings on Noah's Ark, was less perfect than the first, 8 being an"
378,imperfect,1706,0,"In algebra, it is usual to stop as soon as the proposed polynomial is exhausted; the object being..to ascertain whether the expression submitted to the process is a square or not, than to seek algebraical approximations to"
379,imperfect,1569,0,"Suddenly a different jingle strikes his ears, a cry in the present imperative to dissolve the endless string of verbs in the"
380,improper,1531,0,"When the Scripture saith, that the Lord God is unchaungeable, it is a proper speach, because he is so of his owne nature..When it sayth: Hee went down to see the Tower of Babel, then it is an"
381,improper,1531,0,To eate Christs flesh—to pluck out our right eye..We cannot read any of these literally and properly..therefore we must seek for a spiritual and
382,inclusive,1622,0,"It is the nature of all human science and knowledge, to proceed most safely by negative and exclusive, to what is affirmative and"
383,inconsistency,1864,0,"This new sort of Opposition or Incompossibility, as it exists between two Judgments which are alike in Quality, either both Affirmatives or both Negatives,..is called"
384,indebted,1386,0,"Notwithstanding the supplies voted him, his treasury was still very empty and very much"
385,individuality,1631,0,"As though He were so derived from the simple Unity of God as in no respect to be divided or extended from it,..but to inhere within His mysterious"
386,individuality,1740,0,"The populace..has achieved barren rights without the means of subsistence, and will shake the foundations of society till sociality shall have succeeded to"
387,internally,1598,0,"Aromatics were being used externally, both cosmetically and therapeutically, long before they were ever used"
388,intrusion,1433,0,"All power is attained either by the Election and consent of the people, and that takes away your objection of forcible"
389,inversion,1583,0,"The diction is notable for the high incidence of words with a wide semantic range,..while the syntax features Latinate"
390,inversion,1627,0,"If ye would bring your Bodie in two Files, the one halfe of the Rankes fall into the right hand File, the other into the left hand File, the right and left hand File standing fast, and the rest of the Files inverting to them, for some calleth this Motion Fileing by"
391,inversion,1796,0,"The expression of double counterpoint , when taken in a general sense.., denotes: a composition of which the parts are calculated for"
392,inversion,1842,0,"When sugar of canes is dissolved in water mixed with dilute sulphuric acid, and heated below the boiling point, it loses its power of turning the planes of polarization from left to right... Sugar of starch submitted to the same process did not experience this"
393,inversion,1921,0,The term mutation embraces stable chromosomal variations..including..the turning of an interstitial segment back to front (
394,inversion,1598,0,"In [skinning] other snakes it is only necessary to make a circumcision about the neck, when the entire skin can be slipped off by"
395,inversion,1843,0,"Another method of handling homogeneous harmonic functions of integral degree n is by differentiation of functions of degree zero, and spherical"
396,kindly,1591,0,"Iron..is brought into oile which may be ministred inwardly with more safetee and with great profite against the same diseases because it may be suffered of the naturall heate, and it wil also worke"
397,lymph,1630,0,"The Naiad-Nymph, Who hides her fine form in the passing"
398,madness,1384,0,"Yrael, wite thou thee a fool, a wood prophete..for the multitude of thi wickidnesse, and multitude of"
399,memoir,1494,0,And giff ȝe wil wit mair hereof demand [etc.] ..for it that is here writtin is bot a memour for to demand & for to lere. That he be forgewin that has maid this
400,metallic,1563,0,"3,560 ounces of platinum metals were..obtained, of which 2,868oz were recovered in the form of"
401,militia,1590,0,"It [ sc. the state] may..oblige either all the citizens of the military age, or a certain number of them, to join in some measure the trade of a soldier to whatever other trade or profession they may happen to carry on... Its military force is [then] said to consist in a"
402,miniature,1586,0,"As the Ladies plaid them in the water,..the water (making lines in his face) seemed..with twentie bubbles, not to be content to haue the picture of their face in large vpon him, but he would in ech of those bubbles set forth the"
403,miniature,1683,0,"If that mark was made by a nail, it can't have been for a picture, it must have been for a"
404,missing,1832,0,"Supposing the scuttlers..had not bungled in the business, the ship would have been among the"
405,modality,1836,0,"Analogous innovations of Kant's own are shown in his divisions with respect to quality, relation, and"
406,modality,1836,0,"The forms of judgement are set out in the Table of Judgements.., where they are divided into four groups (quantity, quality, relation,"
407,modernity,1753,0,Earlier artists were in no way fettered by any supposed necessity for making their pictures realistic representations. Realism is a
408,mole,1563,0,In the whole Compass and last Tendency of Passages he's as blind as a
409,multiplication,1393,0,"The abstract character of an abstract group is sometimes further emphasized by using a noncommittal symbol like x × y in place of xy and by speaking of the star operation, or the group operation, instead of"
410,multiplication,1849,0,"Augmentation in the number of floral members is one of the commonest modifications of the type. It occurs in two ways: 1st, by an increased number of circles or turns of spirals in the flower, which is Regular"
411,multiplication,1849,0,The centrifugal initiation of outer stamens is believed to reflect a reversal in the direction of stamen initiation and is not linked with a secondary stamen
412,neighbouring,1881,0,"The quotient \(\displaystyle \frac{dy}{dx}\) , provided that it is real, remains even in the singular points a continuous function of x , for it can be derived as limiting value from"
413,nest,1400,0,Quar sal we þan rest Quen nan sal wite quar þam to
414,observable,1932,1,"Hubble estimates that about 30 million nebulae are contained within a sphere of this radius, and that so far as the observations go..they are uniformly distributed..throughout the"
415,observable,1930,0,"In quantum mechanics it is more convenient to deal with something that refers to one particular time instead of to all times, analogous to the value of a classical variable at a particular instant of time. We shall call such a quantity an"
416,part-time,1856,0,The chairman need devote only part of his time to the board. Most of the members should be
417,periphery,1560,0,"The machine had ten enciphering rotors, each of which had a different number of teeth equally spaced around its"
418,perish,1275,0,"Thou Scorned'st to tread the path of wealth, wherein The foolish"
419,permeability,1872,0,The refractive index of a substance is determined by two properties known as the electrical permittivity and the magnetic
420,persuasion,1623,0,"After decades of Darwinian indoctrination, we have our own creationists of a religious, rather than a Lysenkoist,"
421,persuasion,1732,0,The record of a conference held in 411..lists 286 Catholic and 284 Donatist bishops..and provides the principal evidence for the geographical distribution of the two
422,pick,1400,0,A strong thick Staff..Hooped with Iron at both ends; into one is fastned a long Pin or Iron
423,pill,1951,1,"Amphetamine is not a narcotic or barbiturate, but is used in what is sometimes referred to as ‘thrill"
424,pill,1548,0,There are lots of folks to give you a lift down in the morning... It's getting up that hill at night is the
425,pill,1625,0,In the mean time there will be a good many provisoes..which will gild or sweeten this
426,predator,1581,0,"Now Cæsar a tyrant, slaine in the Senate, hostis patrie, bereft of his Diadem, no pretor but"
427,projected,1932,1,"This forecast those in charge of finance must balance against the expected cost of sales..other expenses, and capital outlays thought necessary to effect the"
428,proponent,1825,0,"Those who perform the marriage ceremony, and by licence from government even administer baptism, are called"
429,prosperous,1450,0,"And as longe as these spiritis three Contynew in man in theire prosperite, So longe the sowle with-owte al stryfe wil dwel with the bodie in"
430,purse,1602,0,"Race horse owners, irked at the New York state legislature for failing to approve the money necessary for increased"
431,push,1563,0,"When that cares do crush Thy princelie brest, then ought ye most to beare and bide the"
432,racist,1923,0,A delegation from the Commission for Racial Equality told Sir William that most public bodies are institutionally
433,recall,1586,0,"Canac, on knees, did too Cambuscan fall, With begginge grace for Algarsifes"
434,recollection,1633,0,"The same Idea, when it again recurrs without the operation of the like Object on the external [ printed eternal] Sensory, is Remembrance. If it be sought after by the Mind, and with pain and endeavour found, and brought again in view, 'tis"
435,reflective,1835,0,I have in my mind an idea of his [ sc. Colonel Fremont's] forehead... I imagine that the Perceptives are much more strongly developed in his head than the
436,reflective,1835,0,Plainly enough doth the history of this people reveal the existence of their strong perceptive organs and weak
437,refrain,1382,0,"Turn their eyes hither, who shall make a gain: Theirs, who shall hurt themselves or me,"
438,refrain,1382,0,"He was ravished thereat, and was for kneeling before her at once and kissing her hands after his wont; but she smiled again and"
439,regret,1540,0,"For this deed thou shalt for anguish fret, Thy cankerd soule who shall no rest obtaine, But feed thy wombe with woe and deepe"
440,regret,1823,0,"The cards of invitation to meet Mr. Bret Harte on a certain evening, brought more acceptances than"
441,respiration,1882,0,The chemical processes which cause the production and evolution of carbonic acid in the absence of free oxygen are grouped by Pflüger under the term intramolecular
442,runner,1880,0,Your first play is a running play to the left side. Your offensive linemen block the defenders on the left side to create an opening for the
443,runner,1382,0,I'd sooner be in the assembly trench waiting to go over the top than a
444,runner,1831,0,"In those which compose the first, all the legs are similar, and only adapted for running,—they are the Cursoria or"
445,running,1821,0,"The pulse now rises to an hundred and forty, or an hundred and sixty in the minute, and sometimes, though rarely, it cannot be counted; as the pulsations are hardly distinct, for it seems to be gliding under the finger, like the swift motion of a smooth stream; this is what I would call the"
446,running,1170,0,"I actually discovered the spring of water and traced its course, quite opposite to the direction of the water pipe named and which was not a"
447,saddle,1766,0,The Plott Hound differs from all other hounds in colouring for he is a brindle dog with a black
448,sadness,1350,0,"It being just, that the sweetnesse of his corporall pleasure, should be sauced with more spirituall"
449,screen,1870,0,"In all these different cases the leading thought..must..be to see without being seen, reconnoitre and"
450,shoulder,1577,0,"She began to incline to hir wooer his request, to the ende hir nephew should haue bene the better by his countenaunce"
451,shrink,1576,0,At last he made a vow To break his being's link; For he was so reduced in size At nothing he could
452,siege,1385,0,We must..instant pray our Sovereign Liege To shun the perils of a
453,sink,1718,0,"The sweet confusing Blush, the secret Wink, The gentle-swimming Walk, the courteous"
454,spelling,1440,0,"There is one branch of learning without which learning itself cannot be railed at with common decency, namely,"
455,spill,1390,0,Thou first didst conquer vs; then rays'd our skill To vanquish others; here our selues to
456,spill,1382,0,"Man, I gaif the nocht fre will, That thow suld my Gospell"
457,spill,1400,0,"[She] sad, þat he agane hir will hyre difforsit, & sa cane"
458,spill,1400,0,"Both wiffis, wedowis, thai tuk all at thair will, Nonnys, madyns, quham thai likit to"
459,spill,1300,0,"Þat oþir worthit me do [h] is will, or halely my purpos"
460,spill,1300,0,"She geues him leaue to range his fill, Full loth she is his sporte to"
461,spill,1225,0,"Since I do trust Iehoua still, Your fearfull wordes why do you"
462,spill,1300,0,"Adam..was wroght þan þe tent ordir for to fullfill, þat lucifer did for to"
463,spill,1738,0,"Spilt , thrown from a horse, or over~turned in a carriage; pray coachee don't"
464,spoil,1380,0,"Jerusalem a prey, her glory soil'd, Her princes captive, and her treasures"
465,standing,1225,0,A long piece of Copper..having the ends bent down..and then bent out again for its more steady
466,standing,1440,0,"Stall . Q [uestion] . What do you call this?.. Range, Stall, (Cow-)Stand, [Northumberland, Yorkshire]"
467,standing,1450,0,"The rest of the souldiors..gained the passing high and difficult bankes, and firmely kept their"
468,standing,1831,0,"Every Hackney Carriage..shall..be deemed to be plying for Hire, although such Hackney Carriage shall not be on any"
469,standing,1579,0,"Our Division is doing as well as can be expected, numbering some sixty members, all in good"
470,standing,1789,0,"You was considering how much younger you look than she does, though you are I suppose about the same"
471,standing,1598,0,"She after a slight wooing, easily consented to accompany him that Night in a Truckle-bed under his own"
472,subscribe,1618,0,The law provides that the books for subscription must be kept open until the full amount of capital stock specified is
473,superintendent,1820,0,"No city in the Province is now more alive to the advantages of a good High School than is Victoria, and this change of sentiment is largely due to the persistent efforts of the City"
474,symbolism,1864,0,"There are two principles employed in [writing] ,..Ideographism and Phonetism. An ideograph is either a picture of the object..or..some symbol which stands..for the object, in which case it is called"
475,tactical,1698,0,"The Taghmical Art: or the Art of Expounding Scripture By the Points usually called Accents, But are really"
476,teen,1596,0,He had been glad..to become a practised courtier and famous sportsman before he was out of his
477,teen,1662,0,Temperatures in the west will range between the mid to high
478,textual,1843,0,"Internet search screen recordings yielded 149 search entries for target items. Among these searches, eighty returned websites with visual content, and sixty-nine returned with"
479,thirteenth,1597,0,"The third degree of the scale..also forms part of the well-known cadential \(\displaystyle {6\ \atop\ 4}\) chord, and dominant"
480,transmitter,1930,0,The actual transmission across the intercellular gap of the junctional region must depend upon one or more special factors—which will henceforth be called the synaptic or neuromuscular
481,treat,1380,0,"[He] Bad that same boaster,..To leaue to him that lady for excheat, Or bide him batteill without further"
482,turbulent,1895,0,"When the bore of a tube flares gradually (as the aortic lumen does in an incipient aneurysm), the fluid near the wall slows down, generating"
483,twist,1785,0,"Milo the Crotonian an ox slew with his fist, And ate it up at one meal, ye Gods what a glorious"
484,unjust,1561,0,"The Law..puts a Difference betwixt Good and Evil, betwixt Just and"
485,unjust,1561,0,"Things in fact now range themselves under two categories, the true and the false; the just and the"
486,unjust,1561,0,"Oratory..has civilized men and enabled them to live in communities, it has established laws about the good and the bad, the just and the"
487,vest,1848,0,It is best for the ends as well as the front of an altar to be
488,vine,1300,0,"It is quite clear that wine could not have been first known at an Egyptian town, if the Egyptians had no"
489,vine,1616,0,"Grow patient, And let the stinking-Elder (Greefe) vntwine His perishing roote, with the encreasing"
490,vine,1425,0,"Ah! that your Birth and Bus'ness had been mine; To penn the Sheep, and press the swelling"
491,virgin,1400,0,"[Egypt] is the region that is self-impregnated by the inundation of the Nile when the Sun touches the zodiacal sign Virgo, the"
492,virgin,1633,0,"Mr. Montague..rose for his first time in the House. He said, that it was usual to begin by making some sort of apology to the House as a"
493,wire,1864,0,"By the time the fire got going, breakfast would be ready so we would all sit around the table and"
494,workman,1300,0,"The servitor has now done his part of the work, and the glass is handed to the"
495,abound,1390,0,"Clanse þe chaunbre of myn herte, Drawyng from þe grounde Ffulþus..Of whuche I ful"
496,accession,1670,0,"We shall now proceed to shew the several Ways of Election, which are these three. 1. By Adoration... 2. By the Scrutiny... 3. By"
497,accession,1670,0,"When the cardinals turned their attention to the balloting, they decided to eliminate the process of"
498,adherent,1658,0,"The presumption that any current opinion is not wholly false, gains in strength according to the number of its"
499,admirable,1547,0,"There is considerable economy in making, or purchasing for a penny, what is sold for five shillings, because it comes out of some shop of"
500,adorn,1425,0,"Warlike Hero's who were Born, Their Name and Country to"
501,adulthood,1850,0,The Marie type of hereditary ataxia is about as unusual in childhood as the Friedreich type is in
502,alkaline,1850,0,"The sandstone cliffs above the Colorado River that overlook this pristine country of Entrada sandstone formations, pinyon and juniper forests, and fragile"
503,allergic,1908,0,"There are, however, certain natural diseases which differ from anaphylaxis in a number of ways but in which there is definite evidence for a similar underlying mechanism. These diseases, which have been mainly studied in man, are called"
504,alley,1835,0,Those parts (of the shell of sea urchins) void of spines called the
505,alley,1904,0,She lost the point when she hit a loose forehand volley into the
506,ancestral,1812,0,"The undercarriage and the tail unit are constructed from the same component parts.., and in external appearance at least are indistinguishable from those of the"
507,animation,1791,0,The substitution of the anapæst for the iambic..gives them [ sc. ballads] a remarkable elasticity and
508,ballet,1608,0,The sensation of a London season was the appearance of a new ballerina in a new
509,belonging,1648,0,"Within a family, children devise all sorts of strategies to increase their status and feeling of"
510,bilingual,1949,1,The teaching of English or of any language as a foreign language may be described as a process of creating
511,brace,1647,0,"Though this be..the strongest, firmest, and most concise method for Bracing -up a Press, yet will not the Room the Press is to stand in always admit of convenience to place the"
512,brightness,1655,0,"The Tape children,..having never been to school, were ‘somewhat restless’ in the classroom, despite their evident"
513,broadcasting,1922,0,"I do not say, however, that longer licenses should not be issued..as a means of encouraging investment of a sounder nature in"
514,condense,1662,0,"To produce snow requires both heat and cold; the first to evaporate, the second to"
515,continent,1941,1,"No signs of a stress incontinence could be objectified in the women of group II, even though, according to their own statements, they were not completely"
516,crossing,1835,0,The portion of the building..over that space in the ground plan where the transept crosses the nave is called the
517,crossing,1611,0,"Salade ,..the young head of a Deere (long, tender, woollie, and but beginning to braunch) tearmed by our Woodmen, the"
518,deflection,1703,0,"Def . 1. If a ray passes within a certain distance of any body, it is bent inwards; this we shall call Inflection. 2. If it passes at a still greater distance it is turned away; this may be termed"
519,degrade,1850,0,"No doubt vast eddies in the flood, Of onward time shall yet be made, And throned races may"
520,deletion,1928,0,Frequent comparison was made also with normal mouse chromosomes and with the chromosomes of Gates' non-disjunction mice which exhibit a chromomere
521,delinquent,1584,0,The Gluecks reported that 84.8 per cent of the young offenders released from the Massachusetts Reformatory were from families in which other members were
522,depressed,1598,0,"In the 1980s, the singular merit of our democracy lay in providing space for political contestation and an opportunity for expression of rights and claims, most significantly among the historically marginal groups, especially the"
523,detain,1485,0,"I have found it my duty, in the exercise of my powers under Regulation 18B of the Defence (General) Regulations, 1939, to direct that Captain Archibald Henry Maule Ramsay, Member of Parliament, be"
524,detention,1882,0,"He was unable to answer two very simple questions that the Latin master asked him, and was given a"
525,dissociation,1897,0,Such symptoms as fainting or amnesic periods (as well as alcoholism and drug addiction) are considered evidence of withdrawal by
526,distraction,1526,0,"While attending on my mother, the compilation, printing, and illustrating furnish me with what the French call a"
527,distraction,1606,0,"The instinctive response in face of danger to eggs and especially to young of drawing attention to the adult and away from the off-spring, is usually termed ‘injury-feigning’. It would be better to call it ‘nest-protecting display’ (Murphy 1926) or"
528,distress,1450,0,"The distres (or gudes poynded) sall remaine in the possession of the complainer, vntil it be discussed, quhither he is lawfullie or vnlawfullie"
529,diversion,1955,1,"One of the hazards for the motorist is finding a way round the many places where the road is up with the aid of, sometimes in spite of, what has become almost a Viennese institution—the Umleitung or"
530,dock,1999,1,"Some bikes took ten, fifteen, twenty, and even thirty seconds to unlock after swiping my key in the"
531,dominion,1548,0,"The following addition shall be made to the Style and Titles at present appertaining to the Imperial Crown of the United Kingdom and its Dependencies;..after the words ‘of the United Kingdom of Great Britain and Ireland’, these words, ‘and of the British"
532,drift,1891,0,The daring plan of jumping off a hill 45 ft. high with the object of ascertaining the proportion between lift and
533,drift,1891,0,"The object of camber is to obtain the maximum lift, and to reduce the"
534,enlightenment,1893,0,"The Universal Declaration of Human Rights spawned a new generation of rights, more textured but just as far-reaching as those of the"
535,examiner,1325,0,Nor did they [ sc. the Apostles] ..alter any one of them [ sc. circumstances] upon different examinations before different
536,examiner,1485,0,That all passages and questions proposed for the examination of the candidates be submitted to the whole board of
537,examiner,1485,0,"Many people go to pieces in an exam hall, or when they have to sit in front of an"
538,federation,1791,0,"Centralization has its dangers, of course, and these are recognized by the more thoughtful men in the Swedish labor and employer"
539,federation,1791,0,I have been one of the most crucified players in the history of pool for standing up for myself against corrupt organisations and
540,filling,1640,0,The practice of putting into higher class goods..even the smallest quantity of
541,filling,1812,0,Cigars are made of Connecticut grown wrappers and the best qualities filled with Cuba
542,filling,1794,0,"The oar or scull is ‘filled’ with harder wood between the shank and loom, called the upper and under"
543,firing,1438,0,"The popularity of the Iron Fireman Coal Flow model, which abolishes coal handling by feeding directly from the coal bin, is a major factor in the swing to automatic coal"
544,firing,1865,0,"At very high engine speeds,..the module keeps high current flow going to keep the coil continually saturated for fast"
545,firing,1550,0,The burnish was obtained by rubbing the surface of the pot after
546,firing,1550,0,"Flames, smoke, and ash dramatically alter the surface on the pots during"
547,floating,1888,0,When the lever of a weigh-bridge or of a testing machine is in equal balance it is said to be
548,functionality,1936,1,"The most common linkers..provide molecules with a specific functional group, for example carboxylic acid or carboxamide. This does not cause a problem if the target molecule requires this"
549,genetics,1896,0,"But there is a shorter adjective form telic which is preferable to teleological, and possesses the advantage of being converted into the name of a science, telics , as proposed by Dr. Small. These two words may be conveniently set over against genetic and"
550,genetics,1905,0,That an independent study of natural selection is now possible is principally due to the great advance which our generation has seen in the science of
551,heterosexual,1892,0,We cannot accept the view put forward by some fellow Christians that same-sex love is a parallel and alternative form of human sexual relationship on a par with
552,heterosexual,1927,0,Anyone moderately familiar with homosexual society must have observed the stable character of a proportion of its members quite as large as the proportion of stable people in admittedly
553,homosexuality,1892,0,"All boys are exposed to pretty much the same sort of sexual suggestions & associations in early life... The fact that the majority are uninfluenced by these suggestions, while the minority feel the stirrings of sexual instinct under their impact, seems to prove that in the case of the latter there is an inborn bias toward"
554,idealism,1743,0,"He [ sc. Parmenides] thus prepared arguments for scepticism, and made the first approaches towards"
555,idealism,1774,0,"The teenagers' naïveté, self-absorption, and—possibly—their emphasis on altruism and"
556,impersonal,1640,0,"It is most necessary for us ever to bear in mind the personality of Satan; for we are often wont to speak of sin, as we do of sicknesses or plagues, as if it were an"
557,insane,1883,0,As I tell the news I find the credulous a bane—The way they take in all I say is driving me
558,insulation,1767,0,"Double partitions, ..‘floating floors’,..and independent or suspended ceilings are all forms of construction used for sound"
559,invalid,1643,0,"The inference, though valid in itself, is logically,—is scientifically,"
560,killing,1888,0,"Fred Jarvis..getting $15,000 in The Louisiana State Lottery drawing... Many..would like to know something relative to the man who was fortunate enough to ‘make a"
561,leak,1598,0,"Twelve Cups of Tea, (with Grief I speak) Had now constrain'd the Nymph to"
562,legendary,1513,0,Native saints..enjoyed sufficient prestige to engender a group of early Latin Lives together in a
563,macrophage,1887,0,"The phenomena of local infection, inflammatory reaction, resolution, and absorption of the inflammatory products, can all be expressed in the terms of streptococcus, microphage, and"
564,maiden,1688,0,"The spindle [of a spinning wheel] was a steel spike.., held loosely in a horizontal position by two leather loops from small wooden posts called"
565,maiden,1806,0,"The master has them bidden Come back again, be't foul or fair 'Gainst gloamin', to the"
566,martial,1621,0,"Gregorius Tolosanus makes seauen kindes of ætheriall Divels, according to the number of the seauen Planets Saturnine, Jovial,"
567,maturation,1605,0,"Maderization , a flaw in white wines caused by their absorption of too much oxygen during vinification or"
568,maturation,1605,0,"If the soured clay smelled like rotting vegetation, it was highly prized. Souring is also called aging, or"
569,maturation,1612,0,"Surgeons..call the Tumours of the Body Inflammations, which accompanied with Redness..proceed by Degrees to Digestion and"
570,metastasis,1861,0,The products of assimilation of the cells containing chlorophyll may undergo various kinds of chemical metamorphosis either in these cells themselves or after passing into other organs; and the aggregate of these processes may be distinguished from assimilation as
571,microwave,1972,1,Most of us have heard the tale about the doting matron who tries to dry her damp dog in the
572,multiplicity,1454,0,The Greek Drama owed its power to the qualities of regularity and simplicity: the strength of the modern lies in subtlety and
573,multiplicity,1923,0,Hyperfine splitting patterns get more complicated as the number of equivalent photons increases... The number of lines in the splitting pattern is called the
574,mystic,1382,0,"Jan Van Eyck painted the magnificent Ghent altarpiece, which is a panorama of medievalistic sanctity engaged in visionary adoration of Christ as"
575,necrosis,1953,1,"Catharsis is a condition which O'Neill seldom achieved, preferring, as he did, narcosis and"
576,nitrate,1788,0,"Nitric acid combines with alkalies, earths, and the oxides of metals, and forms compounds which are called"
577,notorious,1495,0,"Many greate and horrible tresons, Rebellyons conceylement [es] and conspirac [es] by him don & com [m] ytted contrary to his faith and allegeance be notoryously and openly knowne by due examynacon. [at"
578,oblique,1530,0,"Salust [writes] Multis sibi quisque imperium petentibus . I beleue, the best Grammarien in England can scarse giue a good reule, why quisque the nominatiue case..is so thrust vp amongest so many"
579,observance,1382,0,"Besides the monasteries of the congregation of the Observantines, there existed in Germany numerous other Augustinian monasteries which had not introduced the"
580,obsession,1607,0,"We are thoroughly convinced of spirit communication and interpositions, spirit guidance and"
581,ordination,1954,1,"Factor analysis does not result in a classification of vegetation in the ordinary sense, but in an arrangement of the vegetational data in a multi-dimensional series. For such an arrangement, there appears to be no word in English which one can use as an antonym to classification; I would like to propose the term ‘"
582,outright,1560,0,King Priams doughter bright: That vnderneath the walls of Troy was done to death
583,packaging,1875,0,"They must submit samples, manufacturing formula, chemical analysis.., description of process of manufacture and"
584,packaging,1938,1,"Lobster could not grasp what television had done to politics, could not understand the importance of image-making and"
585,packing,1389,0,"Quite soon, Maria Alexandrovna too decided to return to Russia... Maria Alexandrovna insisted on doing most of the"
586,paralysis,1820,0,"When both sides of the body are paralysed, and when, in fact, the whole muscular system is deprived of the power of motion,..the condition is that of general"
587,parlour,1384,0,Elyng is þe halle vche daye in þe wyke Þere þe lorde ne þe lady liketh nouȝte to sytte; Now hath vche riche a reule to eten bi hym-selue In a pryue paloure [ read
588,pavement,1425,0,"Streets of many English towns are still paved with cobbles, but these are being gradually replaced by better descriptions of"
589,perturbation,1600,0,Cressus royall selfe..is not tortured there as Poets feine With molton Gold and sulphrie flames of fire Or any such molesting
590,pine,1225,0,"She sticketh also needels fine In liuers, whereby men doo"
591,pine,1225,0,And their severe slighting of wine Makes them so with the Collick
592,pine,1225,0,"If from paunching Bacchus' wine, Then they should a' be made to"
593,plane,1382,0,Anon he walketh in a leuell lane On either side beset with shadie
594,planter,1858,0,"In both these plantations the Irish were forbidden, by plantation rule, ever to purchase or to reacquire any of the lands set out to the new English"
595,pollen,1523,0,Their flour sieves were excussoria and pollinaria ; the latter gave only fine flour called
596,portal,1592,0,"Poor mortals, That frequent pass douce Wisdom's door For glaikit Folly's"
597,proletariat,1847,0,Arguments raged late into the night over questions of Marxist semiotics in TV soaps and the role of the medium in creating a politically radicalised
598,purification,1597,0,"The De Aluminibus et Salibus describes rock salt ( sal gemma ), table salt ( sal panis ),..and others, giving detailed instructions for their"
599,rally,1950,1,"Suppressed desire dept.: To play tennis with Katherine Hepburn and hear her say: ‘Really, let's"
600,ration,1838,0,Some sundowners acquired a sinister reputation for allegedly using veiled threats..to station owners who refused them
601,ration,1850,0,"Still, as I say, though you've found salvation, If I should choose to cry—as now—‘Shares!’—See if the best of you bars me my"
602,rationale,1580,0,"Which is not a bare translation, a comment being added upon each particular, especially upon all the chymical processes which he has searched out from their original fountains, and explicated the process it self, adding as a supplement a"
603,rattle,1555,0,"They flirt, they sing, they laugh, they tattle,..And up stairs in a whirlwind"
604,reagent,1784,0,It may be doubted whether the reasons here alledged are sufficient to justify the learned Professor in expelling so contemptuously syrup of violets from the place that it has so long held in the class of
605,rectangle,1560,0,"If one side containing the right Angle, be longer than the other containing side, then is that figure called a"
606,rectangle,1560,0,A single mast..having two sprits attached to it by means of which an antenna wire is upheld in the form of a vertical
607,rectangle,1560,0,"If the Difference of longitude bee greater then [ sic ] a quadrant, as of the two places of F and C, the Triangle to bee resolved will bee FCE, being a"
608,refined,1593,0,"[The iron] is..cast into a plate about four inches thick, which is purer, finer in the grain than pig-metal, and also much harder and whiter; it is then called"
609,repair,1390,0,"He suld him kepe fra merket, toune, or fair, Quhar he mycht best be out of thar"
610,repetitive,1756,0,This little domestic scene was repeated..with just sufficient variation..as might suffice to prevent its appearing stupidly
611,retained,1526,0,"The bayes of Laurell powned with Wheat-bran, Iuniper-berries, and Garlicke, heated in a hot frying-panne, sprinkled with wine, and laid to the flankes, doe prouoke the"
612,retardation,1892,0,"The affection of the nervous system..is manifest by paralysis more or less localized, epilepsy, hydrocephalus, idiocy, and mental"
613,revert,1513,0,But those of aire can easily convert Into new forms and then again
614,revert,1820,0,"What half Januses are we, that cannot look forward with the same idolatry with which we for ever"
615,rhyme,1586,0,Rhymopœia . The part of the science of the ancient music which prescribed the laws of
616,rhythmic,1603,0,"The eurhythmist does not neglect or despise the body; he accepts the counsel of the trainer, but he leads his pupils to fix their attention on"
617,roller,1657,0,"Finally, the leather is rolled and compressed on a..wooden bed by a heavy hand"
618,rotor,1909,0,The high tension distributor brush is located near the upper end of the
619,rotor,1976,1,"The motor torque was found to be nearly constant over a wide range of speeds, which is predicted for a mechanism in which energy from the ion gradient is used to apply force to the"
620,rupture,1596,0,"If with feasting him [ sc. a lord] thou breakest thy self, he will not cure thy"
621,sadly,1400,0,"An empty cart runs lightly away, but if it be soundly laden, it goes"
622,sadly,1655,0,"Who had already perish'd, suffering madly, For having used their appetites so"
623,salient,1841,0,A communication will produce more immediate change when the opposing group norms are at a low level of salience than when they are highly
624,saline,1450,0,"We came to the North side of the riuer of Panuco, where the Spanyards haue certaine"
625,saline,1926,0,Cholera can be treated by killing the bacteria with antibiotics such as tetracycline and replacing the body fluid lost through diarrhoea with
626,scent,1599,0,"I asked whether they were sure, after all, that they went upon a right"
627,scent,1848,0,"Last week they had a paper-chase, and all the Depots went; I had to follow up the 'ounds, and gather up the"
628,scent,1596,0,"Afore I realised it, the pound had went on a big box o' chocolates, three wee books o' poetry and a bottle o'"
629,semantics,1886,0,"All these works..are résumés of the present state of linguistics, and they reflect the insufficient attention hitherto given to"
630,sentimental,1765,0,It is beyond the power of music to raise a passion or a sentiment: but it is in the power of music to raise emotions similar to what are raised by sentiments expressed in words pronounced with propriety and grace; and such music may justly be termed
631,soar,1697,0,The boyling Waters roar; And smoaky Flames thro' fuming Tunnels
632,spear,1912,0,"I've been many years a shearer and I fancied I could shear, I've shore for Rouse of Guntawung and always missed the"
633,starve,1578,0,"That heauenly gardiner..doeth many times prune this litle Oliue tree of his Church..cutting of eftsoones wyndshaken bowes and starued branches, that new plantes may prosper the better. [at"
634,stature,1380,0,"She might be handsomer than you; her features more regular, her skin finer, and of a more elegant"
635,steam,1590,0,"A waking Dream, Such as from ill-digested Thoughts doth"
636,suffrage,1531,0,"They wold haue..granted to him to haue ben consul.., nat withstandyng he wolde nat suffre that anye of them shulde be decreed either by the acte of the senate, or by the peoples"
637,sweat,1625,0,"The variety of meats, wherewith great mens tables usually"
638,telegram,1852,0,"May I suggest to such as are not contented with ‘Telegraphic Despatch’ the rightly constructed word ‘telegrapheme’? I do not want it, but..I protest against such a barbarism as ‘"
639,telescope,1795,0,"The following new Southern Constellations have been introduced by De la Caille...Telescopium, the"
640,thence,1652,0,"Weigh every Circumstance, each Consequence, And usual Accident arising"
641,township,1677,0,It is a very pleasant thing..for these towns to keep up their identity—for them to keep up this spirit of
642,trainer,1598,0,"They are to be local bodies scattered all through the country as training experts,..with everything they can have to enable them to become efficient"
643,trainer,1659,0,"The man who feeds and trains half-a-dozen greyhounds all on the same food and each the same amount of exercise may occasionally, by good luck, have one fit, but he is not a real"
644,trainer,1945,1,"Auditory training in the Kindergarten is performed only by a single person. We do not use as a rule individual hearing aids, but use an apparatus, called a ‘"
645,unlawful,1387,0,"These Lawes..are the Acts of the..Courts themselves, which are lawfull; not of the usurping King, who is"
646,unwanted,1697,0,Finding some one located at Donne Place who would prevent his occupying the distressing position of third and
647,uranium,1790,0,"It is in the green glimmer of the Saxons that M. Klaproth has found his new metal the uranite, or, as he has since called it more correctly, the"
648,uterine,1646,0,"The only arteries in which it can be supposed to be produced are the hypogastric, iliac, and"
649,virtuous,1680,0,"The nature, origin, and properties of colours, in all their infinite varieties, would afford inexhaustible subjects of contemplation; curious to the speculative enquirer, and instructive to the"
650,virtuous,1393,0,"If you do not allow them the commerce of women as vicious as themselves, they will use all their art and industry to seduce the"
651,waiter,1664,0,"We change our Taverns according as he suspects any Treasonable Practices in the settling the Bill by the Master, or sees any bold Rebellion in point of Attendance by the"
652,wash,1698,0,"Syra is almost entirely a white town, relieved now and again by a dash of yellow"
653,washing,1225,0,"The Blood and Water might be joined, the justifying Saviour, and the sanctifying Spirit; for both these are in this Gospel"
654,washing,1587,0,Such a one as would not giue his head for the polling nor his beard for the
655,washing,1578,0,"Jigging , is a method of dressing the smaller Copper and Lead Ores by a peculiar motion of a wire sieve in a kieve or vat of water,..In the Lead Mines..they also term this operation,..‘"
656,washing,1473,0,"The rapid, vigorous, spasmodic movements which accompany this operation produce a splashing in the water which can be plainly heard from the shore, and which the fishermen characterize as ‘"
657,washing,1843,0,"She got her death..one day of sudden rain, when she had run out to bring in her"
658,washing,1843,0,Most of happiness is because one's friends are happy: so that spiritually—whatever the damned Economists may say—we do live by taking in each other's
659,washing,1843,0,"These two terms, ‘sense-data’ and ‘material things’, live by taking in each other's"
660,washing,1843,0,"I expect you know what dealers are like for selling among themselves, it's rather like taking in each other's"
661,wedge,1821,0,"The three outer primaries are of a dusky-black which becomes paler towards the edges of the inner webs, though there is no grey ‘"
662,will,1300,0,"It is so lang in cuming me till, I dreid that it be quyt gane"
663,willingly,1475,0,"So far from the white planters selling their estates for whatever they can get for them, it is the rarest thing for a cocoa estate to be sold"
664,wrong,1220,0,"Place doong heape a low..where water, all winter time, did it such"
665,wrong,1384,0,"There before them stood a Coffer strong,..But seeming to haue suffred mickle"
666,wrong,1330,0,"The steward was so strong, And hadde the right and he [= Amis] the"
667,wrong,1400,0,"Þou wolt..þi soule to helle bringe, Vor þou ert in þe wronke [ variant reading"
668,wrought,1527,0,"The church thought fit to erect two statues; one represented with a piece of rough unhewn stone in his hands, the other with a similitude of a piece of"
669,yard,1637,0,"I found out the truth about myself in my freshman year at Harvard... There was an episode in a bar, well away from the"
670,yard,1829,0,"In winter they [ sc. moose] form herds, and when the snow is deep, they describe a circle, and press the snow with their feet, until it becomes hard, which is called by hunters a"
671,abbreviation,1464,0,"His Deprivation was..confirmed by the Pope..as Girard sets down in both his French Chronicles, the Large one, and the"
672,abstract,1651,0,"For the manufacture of perfumes for the handkerchief the greases now known as pomades, butters, or philocomes are treated with rectified spirit of wine..which practically completely"
673,accompaniment,1697,0,"With the great art-song writers of the Elizabethan Age..the words always came first, even though many of these highly talented men were also fine composers and wrote their own lute"
674,activism,1856,0,"Every ray was a combination of three distinct principles,..known as light, heat, and chemical action, or"
675,activism,1920,0,"Above these people is the ‘brain proletariat’, restless, alert, dissatisfied, repressed... The thought of this brain proletariat has many aspects—from Buddhist passivism to Bolshevist"
676,addict,1534,0,"Cession..is accomplished by [co-operation of] three persons,—the cedent, the vindicant, and the addicent. It is the owner that cedes; he to whom the thing is ceded vindicates; the praetor"
677,allowable,1865,0,"There can be, in the words of the Inland Revenue, ‘tax asymmetry’ between the halves of the same transaction, such as hedging operations, with the gains being taxable but losses not being"
678,ambient,1978,1,"Over the past three years I have become interested in music as ambience... To create a distinction between my own experiments in this area and the products of various purveyors of canned music, I have begun using the term"
679,ambient,1902,0,Everything was attuned to the environment around him. The townscape in Goa is an extension of the same understanding between man and his
680,ambulance,1800,0,"The Colonel..had his surgeon called, and the wounded prisoner was dressed in his presence, and carried to the"
681,amplification,1537,0,"She neadeth nothynge at all to be auansed and lyfted vp,..other with some borowed and paynted colours of the rhetoricians, or with the iugglynge castes of amplificacions [Latin"
682,amplification,1542,0,"I have substantially edited those parts previously published and supplemented them with introductions, transitional passages, and other"
683,amplification,1797,0,"The diagnoses of the earlier bryologists were very largely based on macroscopic observations, or such as could be made with a very low microscope"
684,anion,1834,0,"In acids, hydrogen forms the cation, and the acid radicle, the other constituent, the"
685,antecedent,1574,0,"To argue that because one ground for a conclusion is unsound, the conclusion itself cannot be established, would evidently be nothing else than the familiar logical fallacy of denying the"
686,apartheid,1947,1,"In spite of their desperate efforts last week, the results of the three divisions showed that United party members stand firmly behind General Smuts, and with him refuse to have anything to with the Nationalists' non-European policy of ‘"
687,attenuation,1868,0,The virulence of a given organism can often be reduced by physical means such as drying or heat. The reduction of virulence is known as
688,baggage,1430,0,"An American never uses the conversational term luggage, but always speaks of his impediments as"
689,baking,1330,0,In every old prospector's cabin..you would see a bowl which contained sour dough from the previous making. This was used as yeast to be mixed in with the dough at the next
690,baking,1598,0,"In making Bread for Servants, they grind three Minots of common Wheat, and a Minot of Barley, which will make up about one"
691,biologist,1829,0,Interesting advances in Physiology and Pathology are constantly being made which are due to the admirable discoveries of this eminent
692,bitch,1923,0,"All forms of lesbianism involve an invention of an alternative way of life, even if the male-female polarity survives in the relationship to the degree that there is butch and"
693,bitch,1898,0,"It's black as pitch in here, I'll give you one of the candles to use in place of that"
694,blockade,1683,0,"As to your fear that Popery will be propagated more effectually by taking off the Test and Penal Laws, by this Act, I do not see you have made any great"
695,burning,1610,0,"To live, of itselfe, is neither good nor evill, no more then cutting or"
696,bust,1639,0,Internal warning lights and pingers that go off in order to tell him his front headlamp has just
697,byke,1400,0,"As bees bizz out wi' angry fyke, When plundering herds assail their"
698,cardinal,1616,0,"He taught in the cathedral choir school, and in due course held the traditional offices in the College of Minor Canons—first Junior, then Senior"
699,cellar,1393,0,"He was sent off to procure a suitable Company H.Q., with particular instructions to see that it had a good"
700,chant,1526,0,The acoustic conditions of spacious and resonant churches in which the psalms were
701,condensation,1886,0,Such a union of two or more molecules by the linking of carbon atoms..and the formation of complicated carbon chains is ordinarily termed
702,conservatism,1902,0,"The theory of natural selection, at least in its extreme form, can not therefore well be regarded as a satisfactory explanation for structural"
703,consul,1616,0,"[In Venice] the third council..consists of the Doge , his six counsellors, the Capi della Quarantia Criminale , the Savii Grandi , the Savii di Terra Ferma , and the Savii de gl'ordini ... The Savii are a kind of public inspectors, or"
704,converter,1811,0,Réaumur..first [brought] the process of conversion to any degree of perfection..The first principles laid down by him are now the guide of the
705,converter,1953,1,In these reactors the neutrons accompanying the fission process are used to convert..non-fissionable material (uranium-238) into one (plutonium-239) that is fissionable... Such reactors have been called production reactors or
706,cooked,1857,0,"Williams asked me how Mr. Price was... I answered ‘He is not dead yet.’ He said, ‘I thought he was"
707,cooked,1920,0,Prohibition hasn't grabbed England yet... The boys are taking the cook's tours in order to get
708,counter,1446,0,"When a hounde hunteth backwardes the same way that the chase is come, then we say he hunteth"
709,cranial,1800,0,"Assuming the length of the cranium to be 100, the width is expressed as a fraction of it, and is known in the living subject as being the cephalic, and in the bare skull as the"
710,crusade,1562,0,Peter of Lusignan King of Cyprus and Jerusalem..engaged John King of France in a
711,cutter,1382,0,[His] slaughter house where you cannot help being impressed by the craftsmanship and skills of the
712,cutter,1921,0,"In a newsreel unit the man in charge is generally referred to as the Editor, and the man who does the actual assembling in the cutting room, the"
713,dating,1921,0,She has to be so rigorously self-controlled during several years of
714,deductible,1856,0,We are..beginning the construction of a new gymnasium... Perhaps your father would be interested in making a contribution... Such contributions are tax-
715,denominator,1552,0,"The Fraction of Life can be increased in value not so much by increasing your Numerator, as by lessening your"
716,dial,1582,0,The mobile circle carries a ring in a third plane which is graduated to serve as an equinoctial or universal
717,dialectic,1382,0,"The Platonic philosophy first gave the free scientific, and thus at the same time the objective, form to"
718,dissent,1596,0,"Artegall..Did stay a while their greedy bickerment, Till he had questioned the cause of their"
719,dissent,1812,0,In this way the Church of Rome unites in herself all the strength of establishment and all the strength of
720,dummy,1736,0,"He'll see her, silent as a mummy, At whist, with her two maids and"
721,eccentric,1858,0,"The organic centre of the transverse section does not usually coincide with the geometrical centre, as is easily seen in the transverse sections of most petioles and horizontal branches with an ‘"
722,emergent,1637,0,Parliament was..so..sunke..that nothing but an extraordinary providence could make it again
723,emulate,1965,1,The emulator divides the system's memory into two sections. One section holds the operating system and whatever applications program is running. The second section of memory is used to
724,endemic,1662,0,"European diseases, some of which, such as smallpox, have passed from epidemics into"
725,ethos,1675,0,"The real is preferred to the ideal, transient emotion to permanent lineaments, pathos to"
726,existent,1610,0,One can..consider the existence of contradictions as both logically coherent and as actually
727,exogenous,1883,0,"Genetic factors are known to be important in the ætiology of so-called endogenous depressions, the predisposition being inherited, and the depressive illness often being precipitated by other factors which may be physical or"
728,extant,1561,0,Among so manifold miserable afflictions of the Jewes..they [the tables of God's covenant] remained still safe and
729,farewell,1523,0,The tenant..shall make a fyne with the lorde for his dep [ar] tyng..and it is called a farefee or a
730,fell,1340,0,"‘Caym ware es þi broiþer abell?’ ‘I wat neuer,’ said he, þat"
731,filtration,1602,0,"It is not easy to render his version into..English rhyme, without the perfume of the original escaping in this double"
732,footing,1450,0,"This couple..are on the floor the entire afternoon, dancing to every number in every set, entertaining the crowd with their fancy"
733,formative,1816,0,"A unit of formation, commonly called ( allo- ) morph in America and morpheme in Europe (outside Copenhagen), and for which the present writer has proposed the term"
734,formative,1816,0,"In the first stage a terminal string is generated by applying an ordered set of rules, the formula F , to some of a finite repertoire or set, Σ, of"
735,frontman,1956,1,"In the era of Jay Leno and David Letterman, [Arsenio] Hall would be the hipster's choice of late-night"
736,gateway,1884,0,The Canadian Pacific Railway having routed all its Northwest business through the Port-Arthur
737,genetically,1652,0,"Neither can any integrum be first cognitione distinctâ & noscibilitate perfectâ : it may be notius nobis analytically, but not notius naturâ"
738,genetically,1652,0,"The existence of this Being is cognised in this manner from what actually constitutes his absolute necessity, therefore quite"
739,genetically,1902,0,An attempt to determine whether the capacity of the rats to convert a high proportion of cyclamate into chemicals is inherited
740,geology,1731,0,"Hence arise two distinct sciences, the one termed Uranology, and the other"
741,glide,1175,0,"Al he suffride þat was wisest, His blood to lete doun"
742,glide,1315,0,"There the birds of darkness loved to hide, The loathed toad to lodge, and speckled snake to"
743,grace,1595,0,"When fierce Bulls run loose upon the Place, And our bold Moors their Loves with danger"
744,habitual,1526,0,The attencion that we ought to haue in prayer must be..nat all to gyther actuall nor onely
745,handler,1537,0,Disinfection of dunnage for yellow fever without detention of those unpacking and handling it .. increases the risk of development of yellow fever in the
746,handler,1771,0,"The leather is ready for the ooze, and at first is thrown into smaller holes, which are termed"
747,hardness,1728,0,"The Letter r is naturally hard, and sometimes we double it in our Language to give it a greater"
748,hood,1430,0,"For these loose times, when a strict sparing food More's out of fashion then an old French"
749,hood,1866,0,Be sure that the pram..has a good waterproof
750,humanist,1589,0,"Considering the expositors drift to consist in deliuering a direct order of construction for the releefe of weake Grammatists, not in attempting by curious deuise and disposition, to content courtly"
751,humanist,1792,0,"[For] those who maintain the mere humanity of Christ,..I shall hereafter..use the more precise appellations of"
752,humanist,1854,0,"Whether these alternatives for critical discourse are called ‘terrorist’ or ‘a new type of sublimity or an emerging transcendentalism’, there remains the need for the"
753,illegitimate,1598,0,"It will be found convenient to designate the two unions of each female with the two sets of stamens of corresponding length, which are fully fertile, as legitimate unions , and the four other, more or less sterile, unions of each female with the four other sets of stamens as"
754,illiterate,1628,0,"Regarding the number of ‘cannot reads’..Iowa is the ‘banner State’, having out of its total population but 2·4 per cent. of"
755,indignation,1382,0,When injustice offered to others awakens resentment against the transgressor..the emotion we feel is more properly denoted in our language by the word
756,inhibitory,1870,0,"Some [ sc. conditioned reflexes] are too cruel for civilized people to tolerate, and from being what Pavlov calls excitatory have become"
757,interstate,1845,0,"The Supreme Court has exclusive jurisdiction in all questions of constitutional, international, and (if I may venture the term)"
758,irreversible,1900,0,"When a change in the state of a colloid may be reversed by reversing the conditions which brought that change about, it is said to be ‘reversible’. Thus when a colloid which has been precipitated by a salt goes back into solution on removal of the salt, the colloid change is said to be ‘reversible’. On the other hand, if this does not occur it is ‘"
759,lace,1450,0,"A, ladyse, I prey ȝou of grace... Helpe, ladys, louely in"
760,lake,1684,0,The red juices of fruits were fixed by it [tungsten] so as to make permanent and beautiful
761,lodging,1683,0,"Their Feathers serve to stuff our Beds and Pillows, yielding us soft and warm"
762,lodging,1475,0,"[They] fell vpon him; with hope to take him vnprepared, whilest hee was making his"
763,lowland,1822,0,"We..have idiots about us that cannot understand what we mint at, unless we speak it out in braid"
764,mall,1660,0,No sooner has he touched the flying ball But 'tis already more than half the
765,mall,1662,0,He took an hollow Ball of Wood..He likewise took a
766,mall,1662,0,The king's son was playing in the exercise-ground with the ball and
767,mall,1662,0,"A certain Game, which the Persians call Kuitskaukan, which is a kind of"
768,mare,1387,0,"But why the Devil should I care, Since I can find another"
769,mare,1405,0,"Of auncient fathers she toke no cure nor care. She was to them, as koy as a crokers"
770,mare,1586,0,Let se who that dare Sho the mockysshe
771,marking,1300,0,"The water snake and hog-nosed snake are sometimes mistaken for the Copperhead, owing to their proportionately thick bodies, and gross similarity of"
772,moderate,1583,0,May I suggest that less emphasis be placed on the what should be included/excluded question and more on how long should moderators be given a chance to
773,momentarily,1869,0,The Last or General Judgement is something quite different... The Christians of the first century seem to have expected it
774,multiplier,1936,1,"In the upward process, the change in the National Income necessary to restore balance and reverse the trend [downwards] may be very many times larger than the original discrepancy... Thus a small original change results in a large ultimate change in the National Income. The ratio between them is usually known as the ‘"
775,narration,1933,1,The presentation..combined silent film footage and hand-colored slides..with a melodramatic
776,neuronal,1897,0,"The posterior spinal ganglia..were examined, and in them is to be seen..change in the axon..accompanied..by change in the"
777,older,1450,0,"We supposed..That ye had come of that gentyl blood Of youre moder..And of your fader..And if ye were, ye cowde not sece and blyn To folwe þe steppes of youre"
778,oppress,1382,0,"Sathan with wynde and wedyr..the house downe dressid, And all the Children of Job therin wer"
779,orchard,1913,0,Those Chicago men just hopped on the offerings of Henley and Arlett in the most hard-hearted manner and slammed the ball to all corners of the
780,outrage,1325,0,"Yet saugh I woodnesse laughyng in his rage, Armed compleynt, outhees, and fiers"
781,overtake,1390,0,Wherof these erthli housebondes For evere myhte ensample take If such a chaunce hem
782,palate,1760,0,"A bilabiate corolla is..Personate, or masked, when the throat is closed, more or less, by a projection of the lower lip called the"
783,pancreas,1578,0,"The beginning of the small intestine (or small bowel) is called the duodenum, and it receives the bile-duct from the liver and the pancreatic duct from the"
784,pane,1455,0,"Vpone ȝond halfe of flom Iordane, Of land he held ane mekill"
785,pants,1851,0,[Bloomer costume] Garments as graceful and becoming as are the ‘frock and
786,patch,1604,0,"Thy person's odde, vnparaleld, vnmatchd, But yet thy Action's to the person"
787,patch,1656,0,"But now my Beauty had no match, Shall I begin to paint and"
788,peanut,1904,0,"Voandzeia [ subterranea ] ..is possibly indigenous to West Africa, where it is commonly known as the earthnut or, because of its widespread distribution in the Upper Niger basin, the Bambara"
789,peculiarity,1838,0,"They will disgust some well-intentioned Churchmen by a fanciful imitation of antiquity, and drive them into lower depths of ‘"
790,perfusion,1893,0,A normal distribution pattern undoubtedly exists both for degrees of ventilation [in the alveoli] and for degrees of
791,phenotype,1910,0,"All ‘types’ of organisms, distinguishable by direct inspection or only by finer methods of measuring or description may be characterized as ‘"
792,phenotype,1910,0,"It is usual to refer to the genetic constitution of a strain as its genotype, and to its appearance as its"
793,plain,1380,0,"Sore uilloined gan hym hold certain, When a soule man lust with hym were"
794,planting,1535,0,"When the day was fine, I used to spend it by the side of a mossy stream..or in a neighbouring"
795,plight,1393,0,"A sort of short Cane growing plentifullyd..on which Cattle delight much to Feed; and where that is plentiful, Cattle keeps themselves in very good"
796,pluralism,1873,0,"Speculation..by the end of the seventeenth century, revealed three different truths, represented by Descartes, Spinoza, and Leibnitz. The philosophic world was divided between Dualism, Monism, and"
797,pluralism,1873,0,"It seems doubtful whether we can find any theoretical content in such philosophical questions as discussed by monism, dualism, and"
798,pluralism,1873,0,"Reacting to..the threats posed by Cartesian dualism on the one hand and..a strong reductionist programme on the other, philosophers have sought to defend a middle way, in which ontological monism..is reconciled with some kind of explanatory"
799,poise,1458,0,[Proclamation forbidding merchant strangers to buy or sell] any maner avoir de pois that oweth to be
800,polypeptide,1903,0,These acid chlorides combine easily with glycylglycine esters and similar compounds to form chains of amino-acids joined together by an anhydride linking. Such are termed
801,potency,1846,0,"Homœopathic drugs have now been potentialized up to the 200th and many of them up to 300th, 400th, 500th. etc., until the 2000th"
802,practicable,1593,0,"The whitewash lines of the court were still faintly visible, and there were not many holes at the top of the net, so that a game was easily"
803,prehistoric,1862,0,"The origin of this name I have in vain endeavored to trace in history, perhaps because it belonged to a very old family, one of the"
804,pretence,1869,0,"The only difference between the Arms of William and those of Mary was, that the former bore Nassau in"
805,probation,1460,0,"We clearly may have to reconsider the worth of a once familiar conception which is now very much out of general favour, the conception of our earthly life as one of"
806,probation,1460,0,"A conviction about the existence of another world has led some people to reduce the value of current human life, others to view it as a state of"
807,probation,1475,0,"A few points, however, in which Ignatius's institute differed from the older orders may be mentioned here. They are:..the vow not to accept ecclesiastical dignities;..increased"
808,promotional,1880,0,"The British Olympic Association wheeled out all the big guns for their very impressive presentation, with the likes of David Beckham..and Sir Steve Redgrave making an appearance on the"
809,propel,1588,0,[A boomerang] possesses the apparent anomalous property of striking an object in the opposite direction from that in which it is at first
810,proprietary,1786,0,"The negotiation of the Court of Directors with the Minister for the new loan, was arraigned as a very improper proceeding without the knowledge of the"
811,proprietary,1624,0,"The whole Island [of Nantucket] is separated into three great lots... This arrangement results from the nature of the property of the inhabitants, which is, as far as it respects the far greater part of the Island, a common"
812,psyche,1910,0,"Split off from the psychic hierarchy as an infantile idée fixe , it resisted the decisive transition from the infantile to the cultural"
813,psychosis,1871,0,"As it is very necessary to keep up a clear distinction between these two processes, let the one be called neurosis, and the other"
814,race,1420,0,The head of stele..Through plate and mayle mightly gan to glace But to the skinne for nothing might it
815,race,1420,0,"A world of beaute compassid in hir face, Whose persant loke doþ þuruȝ myn hert"
816,race,1439,0,"The wound, alas, happ in some other place Ffrom whence no toole away the skarr can"
817,radiant,1728,0,Stefan's law..makes the total amount of radiation proportional to the fourth power of the absolute temperature of the
818,radiant,1914,0,"A little later a more marked step in the evolution of the new radiating fire consisted in joining the two or three fireclay pieces into one, and thus making the firefront consist of a series of hollow fireclay columns (now known as"
819,rally,1853,0,"A storm of carrots..and turnips..terminated the act, technically termed, I believe, a ‘general"
820,rapport,1837,0,Mesmer discovered that it was important that there should exist between physician and patient a close interest in and sympathy for each other. He described this as
821,rationalization,1846,0,"The concept of the plasmagene, a gene-like cytoplasmic element capable of differential assortment and replication during development, provided a possible means of"
822,recede,1859,0,"Advancing and receding qualities in colors are a reality, as psychologists have proved. The warm hues seem to advance and the cool ones to"
823,recess,1577,0,"As we recede from the light..the pupil is enlarged by the retiring of the iris, in proportion to our"
824,reciprocity,1799,0,"This point about causality..applies with proper qualifications equally to the other two relation-categories of Kant, substance-quality and"
825,recombination,1890,0,"Thermospheric winds spread these molecules and chemical reactions form molecular ions, then neutral particles through dissociative"
826,redundancy,1948,1,"Planned languages reveal many of the features of pidgin languages, namely, lexical syncretism and reduction of"
827,rendering,1845,0,Scutch Hammers ... Used by bricklayers for fitting brick or stone work prior to laying and for dressing brick and stone work prior to
828,rendering,1780,0,Bear fat is preserved sweet and pure by putting in a bunch of the Slippery Elem [ sic ] bark into it when
829,revoke,1390,0,"The first fam'd Aphorism thy great Master spoke, Did he live now he would"
830,revoke,1390,0,"It is necessary, said he, that we part: my vow is irrevocable. O! no, no, no, I can never"
831,revoke,1599,0,Take with thee that mortall blow or stroke The which shall cause thy wretched corps this life for to
832,rigour,1425,0,The prince..may do him sum fauour yat he be nocht all punyst be the
833,ring,1446,0,"Then let the viper hide his sting, The reptile, if he ramp, we'll"
834,ring,1814,0,"She caught a glimpse through the glass door opening on the park, of the General, and a fine horse they were"
835,ring,1814,0,"Sometimes a sturdy fellow ‘renowns it’ by carrying his huge burden round and round, like a horse being"
836,rising,1545,0,"All over the town men were hurrying hither and thither, some carrying their goods beyond reach of the"
837,router,1872,0,"These monster letters are made of a softer white wood, and gouged out on a great machine called a ‘"
838,running,1577,0,"Virgill also describeth a swift and sluggish horsse most excellently in these verses; sending one of them to the Ring, and victory of"
839,running,1577,0,Plate such horses as may have good sound feet..the evening prior to their
840,running,1855,0,"The backers of Symphony began to show long faces, thinking that both her and the Wellington horse were out of the"
841,running,1530,0,If your boat has ‘roller furling’ taughten the halliards and see that the furling line is clear for
842,running,1878,0,"The serger solves both of these problems, finishing the edges with looping to prevent"
843,running,1834,0,"The object in sowing Cauliflowers in this month as directed, is, to secure them against"
844,running,1817,0,A continuing demand for slightly patterned nets..stimulated..the dependent industry of lace
845,running,1831,0,The edge of shape is run round and each thread of the bars caught in while making the
846,running,1744,0,"The scraping is a coating of sap which becomes solid before it reaches the boxes, and which is taken off in the fall and added to the last"
847,running,1758,0,The [photograph] coating has become cooled and sufficiently hardened to prevent
848,running,1855,0,"Sometimes a little air will escape through a groove-hole, and make its way up to some pipe, and cause it to produce a low, disagreeable, and continuous humming. This is called a ‘"
849,running,1544,0,"The pivot trucks and the setting of the furniture were handled by the actors in full view of the audience, so that a large number of the cast were on the stage for almost the entire"
850,sack,1972,1,"Other changes have been made, this year and in recent years, to put juice into the offence, the feeling being that people come to see touchdowns and not quarterback"
851,scout,1555,0,Without special training a man cannot have a thorough confidence in himself as a
852,scratch,1765,0,"No rubbing will kindle your Lucifer match, If the fiz does not follow the primitive"
853,sensing,1912,0,"Another artillery officer..in describing the difficulties encountered when adjusting fire by sound on New Georgia, noted that forward observers frequently made their initial"
854,sensing,1929,0,"The device provided to resolve the 180° ambiguity is known as a sensefinder, and the process of doing so is known as"
855,sharing,1997,1,"He stands near Carmen, who moderates this affair. Walt's arms are folded..as if he's trying to squash the discomfort he feels around ‘"
856,shave,1715,0,"I have seen the Doctor with a langer beard himsell, when he has not had leisure to"
857,shifting,1565,0,"Opposing truth to error, no unequal match; truth the strong to error the weak though slie and"
858,shilling,1707,0,A contingent of Volunteer Engineers was sworn in for service in South Africa. Each man was presented..with the King's
859,signalling,1808,0,"The Ship addressed would hoist an acknowledging-flag, intimating that the display was understood to be the means of"
860,sitting,1398,0,The Male [Bird] ..amuses and diverts her [ sc. the Hen] with his Songs during the whole Time of her
861,sitting,1642,0,It is customary once a year for men and women servants out of place to assemble in the market places of Hedon and Patrington..and there await being hired. This very ancient custom is called Hedon
862,sitting,1771,0,"We have travelled since this day week about one hundred miles, had five Meetings, and several family"
863,sitting,1425,0,Many persons who would..have to pay a heavy Assessment had no right in the Chapel on account of having no
864,sitting,1656,0,His ordinary mode of proceeding in the case of a portrait was to make a realistic study during the
865,sliding,1683,0,"Gunter's-Scale , called also by Navigators absolutely the Gunter is a large Plain Scale, with divers Lines thereon... The same Lines are also occasionally laid down on Rulers to slide by each other; hence called"
866,sliding,1842,0,"His opinion that in times of scarcity the fixed duty he proposes would have to give way, which is exactly the argument the Tories use when advocating the"
867,sliding,1966,1,"A tiny minority advocates completely free exchange markets... Possibly a majority favours continued official intervention to set limits to market fluctuations... But an increasing minority favours a compromise system, variously called the crawling peg..or..the"
868,sophistication,1850,0,"As to semi-education, the assumption is sound enough, and Dr. Burton's chapters on method and structure, on development and climax and ending, are honest first aids to"
869,sophistication,1850,0,"When we talk..of primitive Greek art..we are referring..to art that is distinguished primarily by being earlier in time, though it..also bears the character of lack of"
870,sound,1643,0,It is called by them [ sc. the Danish] Sond or Sund : by us the
871,sour,1340,0,"Of herbes and tres comes swete savour, And of þe comes wlatsome stynk, and"
872,spice,1225,0,"No Grandee Patron court I, nor entice Love-glances from enchanting Eyes, Nor Blandishments from lisping Wantons vocall"
873,spindle,1343,0,The trundle [of a water~mill] is fixt upon a strong iron axis called the
874,spindle,1616,0,"Next the Handle of the Plough is this Wreest, supported by a Piece of Iron which they call a"
875,spindle,1829,0,The teeth of the wheel..are made to act upon a form of wheel called a lantern... The cylindrical teeth or bars of the lantern are called trundles or
876,stake,1554,0,"Communicate your necessities to me, & to others of his people, and God will make vs to deuide"
877,stake,1744,0,It is a splendid country to travel through; a miserable poor one to stop in to make a ‘
878,stake,1744,0,It is usually immaterial to him what happens to society as such so long as he [ sc. a thief] can make a ‘
879,stall,1580,0,I have not been at church a great while: We shall sit in different
880,starch,1859,0,"And so, perhaps , they all concluded they would ‘countermarch’, And, though they should not take the flag, they would not lose their ‘"
881,stark,1250,0,"Jch wil þee ȝiue of golde a mark, And a stede stronge and"
882,stark,1250,0,"He gied me thee..An' fifty mark; Tho' it was sma', 'twas weel-won gear, An' thou was"
883,stark,1275,0,"In þat time..Was in þe lon of denemark A riche king, and swyþe"
884,stark,1275,0,The clearest truths may well seem dark When sloathfull men have eyes so dimme and
885,starvation,1866,0,"Whether an animal be herbivorous or carnivorous, it begins to starve from the moment its vital food-stuffs consist of pure amyloids or fats, or any mixture of them. It suffers from what may be called nitrogen"
886,steamer,1827,0,"These birds [ sc. loggerheaded duck or goose] were in former days called, from their extraordinary manner of paddling and splashing upon the water, race-horses; but now they are named,.."
887,steward,1454,0,We may regard the Southampton trial as the true source of the court of the lord high
888,streak,1577,0,"While the fantastic Tulip strives to break In two-fold Beauty, and a parted"
889,streak,1794,0,"Solid fossils..when scraped..yield a powder, presenting the same, or a different, colour from that of the fossil; and also the same or a more or less different lustre. This is called the"
890,streak,1843,0,Ed Giacomin's shutout goaltending..ended Montreal's National Hockey League winning
891,stride,1400,0,"Þis maiden..Was on þis grece..On þe neþermast stepp don, Bot sco þan clamb an oþeir son; þat quils þai locked [= looked] þam biside Sco was won to þe heist"
892,stride,1614,0,"Then too comes the art of the rider, to keep the horse within his pace, and..add to the length of every"
893,stride,1599,0,And yet above the Current's not so wide To put a Maid to an indecent
894,stroke,1513,0,"If a two-year-old concludes I'm OK , does this mean his OK is the product of ‘self-stroking’ and, if so, how does a small child"
895,stroke,1400,0,"‘Ta now þy grymme tole to þe, & let se how þou cnokeȝ.’ ‘Gladly, sir, for soþe,’ Quoþ Gawan; his ax he"
896,subdivide,1581,0,"The internal political crisis.., which resembled that of the leftist parties in the country, forced the [peasant] organization to divide and"
897,sublime,1601,0,What are ages and the lapse of time Matched against truths as lasting as
898,subordination,1449,0,"The Relations..arising from the higher or lower position of a Concept in the series or hierarchy to which it belongs, are all denominated Relations of"
899,subordination,1830,0,"When two propositions..are so united into a single thought or sentiment, that one proposition..forms the complement of the other proposition, the former proposition is said to be subordinate to the latter, and this kind of union is called"
900,symphony,1599,0,"Ring out ye Crystall sphears,..And with your ninefold harmony Make up full consort to th' Angelike"
901,tedious,1430,0,"Galerius..Throuh at [ sic ] thorient wex victorious Til he for age, gan wexen"
902,tertiary,1794,0,"He [ sc. Pallas] maintained, that in addition to these primordial mountains, there were others of a more recent origin. These he called secondary and"
903,tertiary,1822,0,"Arduino, in his memoirs on the mountains of Padua, Vicenza, and Verona, first recognized the distinction between primary, secondary, and"
904,thematic,1957,1,In interrogative clauses..the initial constituent must be regarded as rhematic rather than
905,theorize,1644,0,"Let us not make Theory of that, which ought Historically to be understood, nor force that into an Historical Sense, which ought to be"
906,timer,1876,0,"All timekeepers..must be accompanied by a certificate bearing the number of the watch or chronometer, the name of the maker, the name of the"
907,topical,1912,0,Fourpence or fivepence a foot will be the most a country showman will pay for a local
908,transcendent,1803,0,"Those flights of lawless speculation which, abandoned by all distinct consciousness, because transgressing the bounds and purposes of our intellectual faculties, are justly condemned, as"
909,transference,1911,0,"He is..reacting not toward the physician, but rather toward the other person who has been brought together (‘identified’) with the latter in his mind, an occurrence technically known as ‘"
910,truck,1225,0,"Trade..with hardy luck Doth words for words barter, exchange, and"
911,trumpet,1899,0,The hornless models certainly look neater than the instruments which are fitted with
912,unavailable,1549,0,"What can they do in this Day of Visitation?.. To fly, will be impossible; to justify themselves, impracticable; and now, to make any Supplications,"
913,uniqueness,1802,0,"The less I treat and see people in stereotypes,..the more I can appreciate and love people for their differences and"
914,unnatural,1586,0,"Since such an action is utterly disproportionate to the nature of man, it is in the strictest and most proper sense"
915,upside,1961,1,The share price..is vulnerable to even the most modest of bear rumour and.. the downside substantially exceeds the
916,vaccine,1880,0,"By this Sunday, June 27, everyone in the top nine priority groups should have received their second"
917,vaccine,1799,0,"Where pustules of any description occur during the period of Vaccination,..such pustules are not consequently and necessarily"
918,vent,1398,0,"The strengthe of feruent must..brekyth ful stronge vesselles that it is put in, but thei be"
919,vent,1629,0,Valerius having filled his Purse with pieces more current than those which he ordinarily
920,viability,1860,0,"Considerations of defense, in addition to mobilizing offensive strength, do not in the least imply softness or lack of"
921,vocation,1487,0,"In some quarters, the missionary's life..is regarded as a profession rather than as a"
922,vocation,1567,0,The petitione of James Porteous visitore of the tailores of Inverness in..behalf off himself and the rest of his
923,vocation,1567,0,"A nation might enjoy comfortably the blessings of Heaven without painters, musicians, actors, dancing-masters, and many other"
924,wake,1250,0,Al for hire louerdes sake Haueþ daies kare and niȝtes
925,wake,1412,0,The Gose and the Gander The Ducke and the Drake Shall watche at this
926,wake,1412,0,"New contracts for new marbles thou dost make, But thou art near thy"
927,watershed,1764,0,"In order to satisfy themselves as to the amount of supply furnished by the sources in question, the Board of Health deputed Mr. Rammell to survey the various lines of"
928,watershed,1831,0,"The galvanized metal sheets were..fitted into suitable grooves in the ridgepole and rafters, providing altogether a fairly effective"
929,watershed,1831,0,"A drinking pond for animals was created, that was fed by the rainwater from the northern roof's"
930,weather,1548,0,"And I feare me thys lande is not yet rype to be ploughed. For as the saiyng is, It lacketh wethering : This gete lacketh wetheryng, at leaste way it is not for me to plough. [at"
931,weed,1826,0,The necessity..for constant renewal of the blood..without which the breed degenerates into
932,weed,1826,0,"Here she pointed to her steed, a small violent"
933,westward,1600,0,"Greg ... Is't not time he should now goe downward? Hu . And time, that you should goe"
934,wield,1581,0,"Outwent the Townsmen all in Starch,..into the Field, Where one a Speech could hardly"
935,winding,1825,0,"He..violated Narmer's mummy. Unwrapped the bandages, started looting the corpse of the treasures bound into its"
936,winding,1873,0,The full load current can be calculated by dividing the capacity of the transformer by the rated voltage of the second
937,winding,1387,0,"The creeks are full of tiny, pale grey waders with black beaks..scurrying along the muddy"
938,winding,1678,0,He had found a sort of flatt animalls which could contract and Dilate their bodys somew t like a leech and that their motion in the water was differing from the motion of any other creature he had euer seen in the water to wit a motion of writhing their bodys in the manner as a boor [ read board] doth when it is said to be out of
939,aberration,1588,0,The very pins on her pincushion were stuck in after a pattern from which she was careful to allow no
940,aberration,1615,0,"Although Self-murder must needs be owing to some Degree of Madness, since Nature, not disordered, carefully seeks the Preservation of Life; yet ought we to distinguish such Disorder from a total"
941,abstain,1853,0,"Time and again, the Liberals split three ways—some voting with the government, some against, the rest"
942,adore,1540,0,"This auctor,..could not but se that adoryng of the Sacrament signifieth the presence of the body of Christ to be"
943,adore,1350,0,"For that bountiful grant, what adoration is due? with prostration profound, I cannot but"
944,adore,1350,0,"I'm a freshman at Yale, as was daddy before me; The girls of New Haven, egad, they"
945,adore,1596,0,"Like to the hore Congealed litle drops, which doe the morne"
946,adverb,1425,0,"Modify the verb by the noun, that is, by being, and you have the"
947,afflicted,1545,0,"She is puzzled by the proliferation of groups for ‘co-dependents’, the people who coddle the addicted and"
948,ailment,1679,0,This tumultuous session sufficiently evinced the independent spirit of the Scots at this time. Melancholy experience had pointed out to them both the nature and cure of their national
949,allotment,1801,0,The most convenient mode of giving [country labourers] gardens is to divide a field near the village into small
950,alternation,1815,0,A thin section of the mottled marble was examined... It consists of finely granular faintly pinkish rock and coarse transparent rock in irregular
951,alternation,1894,0,The greater part of such roots as began with the group in question exhibited already in the I.-E. period a peculiar
952,analyser,1833,0,"Either part..may be used as polarizer or analyzer; but whichever we use as the polarizer, the other then becomes the"
953,anneal,1382,0,"A fire is then made, and these soft stones are set up on edge round it, to ‘heal’, that is, dry or"
954,articular,1830,0,"The bones forming the right and left Mandibulæ..namely, the Dentals, Splenials, Supra-angulars, Angulars and"
955,assent,1386,0,A bill does not become an Act of Parliament until it has received the Royal
956,asymmetric,1875,0,"A rotating molecule may..be regarded as a spinning top, and on this analogy a polyatomic molecule may be placed in one of the four following classes: a. Symmetric tops. b. Spherical tops. c. Linear molecules. d."
957,bandwidth,1885,0,"At steady state, this differential equation yields a Gaussian..for the concentration distribution, resulting in individual bands with"
958,beloved,1430,0,Tis the nature of Love to extend itself to all things belonging to it's
959,blocker,1817,0,"I am in the employ of Mr. John Bann, shoemaker, of New Bond-street—the prisoner was in his employ—he was a"
960,bore,1787,0,"He was the king o' a' the Core, To guard, or draw, or wick a"
961,borough,1380,0,"The gate..bytwene the.. borowe and the cytie. [At Oxford, the suburb of St. Clement's, east of the Cherwell, is traditionally called ‘the"
962,breaker,1801,0,"Mr. Ellet has made an arrangement at his collieries for the breaking of coal, upon perforated iron plates, which seems to work very well, but is inferior we think, in cheapness to the newly invented"
963,breaker,1848,0,"The next step is that of washing and ‘breaking in’, which takes place in an engine called the ‘"
964,brotherhood,1425,0,"There they were, the same old mammoths..still patiently waiting for the political polar caps to melt and to flood Europe with the warmth of socialist"
965,brown,1833,0,"Among the Coloreds..there are great divisions, comparable to what are known in the United States as..mulattoes, yellows,"
966,butcher,1483,0,"Four other women, formerly attendants in the palace,..were beheaded by the official"
967,caller,1425,0,"It was impossible to scale the trees from whence the barking calls originated, and even with binoculars I could not locate the"
968,caption,1670,0,"When a Commission is executed, and the Commissioners names subscribed to a Certificate, declaring when and where the Commission was executed, that is called the"
969,caption,1789,0,"A continuous alternation of pictures and those pieces of text that are, one believes, known as"
970,caption,1789,0,"It is true that the expression on a film actor's face may occasionally suggest that he, or she, is saying something worth hearing, but the audience cannot supply it from their imaginations; neither can ‘the"
971,chain,1610,0,[But for the rain] I should Certainly have Caused this line on the river to have been Correctly run and
972,charismatic,1910,0,"With prophecy..the scripturally learned rabbis..lived in a state of tension, which is characteristic of any stratum of learned men who are ritualistically oriented to a law book as against prophetic"
973,chat,1566,0,"But I muste nedes be doyng styll, you byd me, I knowe not what, To swymme in Tyber all the daye at nyght to keepe a"
974,chlorine,1810,0,"Vinyl chloride..is a molecule with a structure similar to ethylene, except that one of the four hydrogens is replaced with"
975,chord,1645,0,A cord that passed over the pullies. One of the assistants..pulling at the
976,chord,1597,0,"Phi . What is a Concord? Ma . It is a mixt sound..entring with delight in the eare, and is eyther perfect or vnperfect..a vnison, a fift, an eight..be perfect cordes [1608"
977,clown,1600,0,"Old fashion'd wit, which walk'd from Town to Town In turn'd Hose, which our Fathers call'd the"
978,cock,1483,0,"Thus the small jett which hasty hands unlock, Spirits in the gard'ners eyes who turns the"
979,cock,1787,0,"About the folk that was playing at the curling, and about auld Jock Stevenson that was at the"
980,collide,1661,0,"Men, without Sin, pursue the cautious Guide, And Faith and Practice thriftily"
981,coming,1626,0,"It [ sc. the cheese colouring] is apt to appear in the Milk of an oily nature which prevents the colour taking effect in a regular manner, and is some detriment to the"
982,companionship,1776,0,"He [ sc. a craftsman in France] must..serve five years more as a journeyman. During this latter term he is called the companion of his master, and the term itself is called his"
983,concentric,1551,0,"The Kurtz piston ring is a three-piece double eccentric, the heavy side of one eccentric being placed against the light side of the other, forming a"
984,conditioning,1920,0,Steps taken to condition emotional responses... The infant..was tested with his blocks immediately afterwards to see if they shared in the process of
985,conscientious,1603,0,"Marriage is a religious and devout bond: and that is the reason the pleasure a man hath of it, should be..a voluptuousnesse somewhat circumspect and"
986,co-worker,1591,0,"Any work of Christian reform, or public education, or literary culture..establishes sympathy between the"
987,cytokine,1974,1,"These results all suggest that lymphokine production..represents a general biologic phenomenon... Thus, such mediator substances should be more properly called ‘"
988,dash,1552,0,"In modern Wit all printed Trash, is Set off with num'rous Breaks —— and"
989,deflect,1796,0,"When a ray of light moving in a straight line passes within a certain distance of a body parallel to its direction, it bends towards the body, or is inflected ; but when the body parallel to its course is at a greater distance, the ray is bent from it, or"
990,dehydration,1854,0,This ‘constitutional’ water is an important part of active catalysts. The thermal treatment under more severe conditions causes total deactivation of catalysts and simultaneously
991,deterrent,1829,0,The Government has concurred in the Nato decision to rely on nuclear weapons and begun itself to manufacture a British H-bomb. It admits..that this leaves the United Kingdom well-nigh defenceless if the
992,disintegrate,1904,0,"In the case of the disintegrating atoms the cause of the disintegration is at present unknown. It proceeds at a definite rate, a fixed fraction of the total atoms disintegrating in the unit of time, without hindrance or acceleration by any agency known... The internal energy of the chemical atom becomes for the first time knowable when it"
993,donkey,1785,0,"Peter, thou art mounted on a Neddy; Or in the London phrase, thou Devonshire monkey, Thy Pegasus is nothing but a"
994,download,1962,1,Each compartment of the tanker is filled to capacity. If this arrangement causes one or more axles to be overloaded some product must be
995,dualism,1794,0,"I would be inclined to denominate those who implicitly acquiesce in the primitive duality as given in consciousness, the Natural Realists or Natural Dualists, and their doctrine, Natural Realism or Natural"
996,duplication,1622,0,"It sometimes happens that a replication..operates inequitably against the defender; in that case an additional clause is added on his account, which gets the name of"
997,earner,1602,0,"Thou being much part of all these, and but a lay mechanical Gana-pan which is a Spanish Epithet..and in English an earne-bread or bread-"
998,effusion,1781,0,Queen Caroline had declared her intention to visit him [ sc. Pope] . This may have been only a careless
999,elective,1850,0,"At Yale, where the study of this language had been neglected for many years, more than a hundred students have chosen it as one of their ‘"
1000,emigrate,1829,0,"If A and B wish to marry under a certain age without having such prospects as the state requires, let them be"
1001,endocrine,1914,0,The mode of secretion may be toward the outside of the body (exocrine) or toward the blood and lymph vessels (
1002,epistemology,1847,0,"The title of one of the principal works of Fichte is ‘ Wissenschaftslehre ,’ which, after the analogy of technology ..we render"
1003,ethylene,1853,0,"Ethyl alcohol, a derivative of the monovalent radical ethyl, yields by loss of the elements of water the divalent"
1004,expert,1387,0,For his [St. Cuthbert's] help in othir case..þis true monk had
1005,extrinsic,1930,0,"The process freely permits an interaction between a factor present in the normal gastric juice, which may thus be termed intrinsic, and a factor contained in the beef muscle, which is thus an"
1006,fake,1883,0,"I gave Patterson an order to make me a lot of zebras out of mules [for a sideshow] ... He turned them out so well, you would never dream that they were"
1007,fascism,1921,0,"We have given asylum to the persecuted of Europe, to the refugees from Nazism and"
1008,fascism,1921,0,"Futurism expressed the dynamism and energy of life in the early 20th century, glorifying war and the machine age and supporting the rise of"
1009,fill,1732,0,"I'll treat you wi' a Highland gill, Though it should be my hindmaist"
1010,find,1850,0,"Graves was mightily impressed, and considers me a kind of"
1011,fission,1846,0,"A Medusa may actually be generated..by fertile ova, by gemmation, and by spontaneous"
1012,flexion,1615,0,"When two segments of a limb..can be brought to form an angle with each other, the motion is that of"
1013,fraudulent,1541,0,The woundes are somtyme composed with vnnatural mater..somtyme vyrulent & fraudelent venymous fylthynes [Latin cum vlceribus sordidis putrefactis &
1014,functionally,1656,0,"There is a Brotherly Fellowly, and mutual freeness, and friendly boldness to be presumed on and allowed; yea, in some occasionall acts, even to the danger of Usurpation, if those acts should be constantly and"
1015,gestation,1615,0,"You shall reconcile Hippocrates to himselfe, if you say, that the end of the tenth moneth is the absolute and longest limit of"
1016,gloom,1645,0,"Now warm in love, now with'ring in thy bloom, Lost in a convent's solitary"
1017,grader,1869,0,"No grading machine is in operation at present in Sweden, but the major sawmillers are actively studying the potential offered by machine"
1018,grassland,1324,0,The Grain-to-Green program..gives grain subsidies to farmers who convert cropland to forest or
1019,grease,1340,0,"Howe many maners of greas be there? Answere. Two. The one is withoutforth nere to the skynne, & that proprely is called adeps or fatnes. And y e other is inwarde & nyghe to the bely, & proprely is called auxunge or fat"
1020,grease,1400,0,"The day was exceedingly hot, and..Rubios's horse was overheated, and as the phrase was, melted his"
1021,growing,1390,0,Man of soule resonable..lich to beste he hath feling And lich to tres he hath
1022,happening,1959,1,I think you are aware of the fact that I have given up the specific art of picture-making..for what I call the making of ‘situations’ (or ‘events’ or ‘
1023,happening,1959,1,Here are the long-term..effects of having the television cameras in the House... Politics comes to be regarded as a series of dramatic scenes. A Budget or a Bill is seen..as a
1024,hire,1225,0,Sathanas..sal casten be..in a stincand stang o fire; þar sal be yolden him his
1025,historiography,1565,0,"Walter Raleigh, writing his ‘History of the World’ in the Tower of London, was well on his way toward completing a memorable achievement in"
1026,holiness,1502,0,"Great Prince, Although the semicircle of your Highness be..elevated above the full orb of my"
1027,humanism,1790,0,"A man who has passed from orthodoxy to the loosest Arminianism, and thence to Arianism, and thence to direct"
1028,humanism,1848,0,"Altruism..overshadows the Egoism on which rests the morality of individual men, and already shows occasional symptoms of fading into a higher"
1029,humanism,1848,0,"All sections of the religious world, from the strictest Roman Catholicism to the nakedest"
1030,hydroxide,1955,1,"The name ‘hydroxyl’ has long denoted the group OH. In organic contexts it is undoubtedly correct; but the expression ‘hydroxyl ion’ is very frequently used, although possibly less logical than ‘"
1031,ignite,1917,0,The Ignitron* is the latest arrival in the rapidly growing family of industrial electronic tubes. It is a tube in which conductivity is established by igniting the arc. [* Note ] Pronounced like the word ‘
1032,ignition,1617,0,"Bodies in certain degrees of heat appear luminous. A body which is thus rendered luminous, is said to be ignited, and the effect itself is called"
1033,ignition,1919,0,"The action of the mercury-arc rectifier requires the cathode spot to be produced first by some auxiliary device before the arc can be established. This is generally effected by drawing an arc between the cathode and a small auxiliary anode, a process termed"
1034,immunoglobulin,1953,1,"The concluding third of the book presents brief..surveys of enzymes, including..the hormones of..hemoglobin and other blood proteins, including the"
1035,impediment,1550,0,"As the progress of..his party would necessarily partake of the nature of caravan movements, [he] decided..to go ahead of his"
1036,imperfection,1561,0,"To set out a ful and absolute knowledge of the nature of the scale... What modes there are: and how many. What is perfection, what"
1037,imperfection,1669,0,I saw yo e letter to M r Scott wherin y u mention M r Halls intention to goe upon y e Greek but wanted directions from mee of y e defects (I suppose y u meane
1038,individualize,1863,0,"Most Indian land today was tribal land to begin with, and the trusteeship which the Government exercised over the tribe and its possessions was extended to the individual when the land was"
1039,in-group,1906,0,"Members of such groups may indeed manifest a certain loyalty and consideration for all fellow-members, i.e., for the ‘"
1040,insecure,1935,1,The term ‘insecurity’ and its correlative ‘desire for security’ appear extensively in child development literature... We need methods by which we can discriminate between the relatively secure and the relatively
1041,integrate,1485,0,"An Integral Whole is that which has Part out of Part... This Whole termed Mathematical; because Quantity is of Mathematical Consideration: Vulgarly, Integral, more properly"
1042,interpolation,1763,0,"The manner of finding an equation between the time and any quantity determined by observations, made at given intervals of time, is called the Method of"
1043,intimate,1799,0,"It was Athelstan..who may, with the greatest propriety, be intitled primus monarcha Anglorum , and accordingly Alured of Beverley so"
1044,intrigue,1656,0,A famous engine to raise up water..There is so little of it remaining that it is impossible thence to find out all the contrivance and
1045,invert,1779,0,"Finding that the Formidable continued upon the Starboard Tack, and that Sir Robert Harland was gone into the Rear, I formed ahead of the Victory, concluding that the Line was going to be"
1046,justifiable,1581,0,"If because of profit, he is condemnable; but if he is thinking that the gifts betray the suitors' overconfidence, he is"
1047,juxtaposition,1883,0,"Two individual crystals in twinning position are usually, though by no means always, united in a plane, which may or may not coincide with the twinning plane. Twins of this sort are called contact or"
1048,kick,1844,0,"Should a brither be sick, They'll no gie him the"
1049,kick,1699,0,"I march'd the lobby, twirl'd my stick..The girls all cry'd, ‘He's quite the"
1050,laying,1330,0,The operation of uniting them [ i.e. strands of a rope] with a permanent twist is called
1051,ledge,1558,0,The warder next his axe's edge Struck down upon the threshold
1052,legion,1616,0,"Following the example of Christ, S. Hilarion is said to have healed a demoniac possessed by"
1053,legion,1919,0,The arrangements for uniting various ex-Service men's societies into one big organization were completed..yesterday. The new organization will be known as the British
1054,liken,1515,0,"Ther were great Images of wickers couered, and made like great men of diuers strange Nations, and diuers reasons were written by them of the Countreys that they were"
1055,liquidate,1924,0,"Only in 1929, when the growth of the Socialist section of agriculture was enabling the State to become independent of the supplies of the Kulaks, could the Government begin to ‘"
1056,loaded,1942,1,Is our popular preference for plays of less blatant sexuality a mark of higher civilisation or merely of greater hypocrisy? Is the Dionysiac cult..more childish or simply more honest than the religious practices that have succeeded it in the West?.. These are
1057,locker,1527,0,"Beyond this screen to the right, are appearances in the wall which seem to indicate a blocked-up"
1058,logistic,1918,0,"Prof. Scholz writes throughout as an enthusiastic student of symbolic logic, or—to use the name more commonly employed on the Continent—"
1059,lore,1300,0,I wyll ffor-sake hym nevure the more For none oþure kynges
1060,lottery,1567,0,"If it must be paid by parliament, let me advise the Chancellor of the Exchequer to think of some better expedient than a"
1061,lymphatic,1649,0,"The mechanism by which a constant circulation of fluid into, and out of, the pleuritic cavity is maintained during health is known as the"
1062,lymphoma,1873,0,"Sharp, who distinguishes between lymphosarcoma and lymphadenoma, considers that each starts from a"
1063,magician,1834,0,"A set of beautiful stanzas, inscribed to Scott by Mr. Wilson under the title of the ‘Magic Mirror’, in which..he [ i.e. Scott, in 1812] designates, for the first time by what afterwards became one of his standing titles, that of ‘The Great"
1064,main,1579,0,"Bid the broad Arch the dang'rous Flood contain, The Mole projected break the roaring"
1065,main,1579,0,"He prays the Triton-train To still the blustring winds, and smooth the"
1066,main,1628,0,It is not only Britain..that the writer accuses of this folly of not drawing its philosophy from the
1067,main,1987,1,"Today's specials are..crab fishcakes with a spicy sauce (again, available as a starter or as a"
1068,malformation,1769,0,"It [ sc. the army] ceased to exist,..not in consequence of any great blow from without, but by a natural dissolution, the effect of internal"
1069,malice,1454,0,His other claims for malicious falsehood and libel failed because he could not prove
1070,manure,1532,0,"In depth of Earth secure Thy cover'd Plants, and dung with hot"
1071,melanoma,1826,0,"Growths, more or less deeply tinged by its presence [ sc. that of melanic cell-pigment] , have been distinguished..under the title of Melanotic Tumours or"
1072,mend,1330,0,"And he þat bath [ sc. church and man] þair bleith has blend, A-gains bath be-hous him"
1073,methane,1867,0,Methanogenic bacteria..derive their energy for growth from the hydrogen-dependent reduction of CO 2 to
1074,moderation,1986,1,"Web-based threaded messaging applications have evolved. They're interactive.., and some even support user profiles, message searching, and forum"
1075,modernism,1772,0,"The Roman Church and the American Republic... The one typifying mediævalism, the other illustrating with tolerable fidelity the spirit of"
1076,moth,1802,0,Cloth dolls do not break but are susceptible to
1077,moulding,1679,0,One of the most interesting Staffordshire pieces..is a pearlware mug with basket weave
1078,mounting,1630,0,Another..has filled her Fan with the Figure of a huge taudry Woman... The following Designs are already executed on several
1079,mourning,1225,0,"The little birds, they do not heed nor care. The ungracious wind, the branches sear and bare..Bring them no"
1080,mourning,1450,0,"Aunt Em will surely think something dreadful has happened to me, and that will make her put on"
1081,muse,1402,0,"It shal nat been in hire elleccioun, The foulest slutte in al a town refuse, If þat vs list for al þat they can"
1082,mustard,1289,0,"Ward off your colds with Musterole before pneumonia starts. Musterole is a clean, white ointment made with oil of"
1083,mysticism,1722,0,"Russian society for fifty years before the revolution was painfully confused, dragged this way and that by its liberalism and"
1084,mysticism,1736,0,"He was a man of unusual character, mystical after the fashion of a time that had no leaning to"
1085,neurotic,1886,0,"I thought his uncle's case one much more for a neurologist than a man like Osler. He begins to think so too, but is afraid of the bad effect if Henry suspects he is"
1086,nose,1643,0,Upon thy banks fam'd Sternhold did compose Those two last staves which Batt so oft doth
1087,nude,1830,0,"Spot of corruption! where the rabble rude Loiter round tinsel tomes, and figures"
1088,numeral,1654,0,"Marks Methodically disposed like Letters in a Literal, or like Numbers in a"
1089,occasion,1454,0,Somme ther be whiche that [in] theyr ymagynacion conceyue by their natural pryncyplis how thurgh those secrete partis the generacion of man pryncypally is
1090,oracle,1425,0,"I..cam to an yle..Whiche specialy þoruȝ hiȝ power devyne Ordeyned is of ȝore be myracle, As it were, a spiritual"
1091,oracle,1569,0,"Blake's Milton and Jerusalem , like Wordsworth's Prelude , establish the poet as an oracular speaker; Coleridge, in the Biographia , declared critics uniquely qualified to interpret the"
1092,palpable,1395,0,"Spirits..are therefore really Bodies; though that name in common Speech be given to such Bodies onely, as are visible, or"
1093,palpable,1395,0,"The Devil would so manage himself by the motion..of his body, which by this Systaltick power he could make tangible and"
1094,paperback,1843,0,"A pre-packaged and easily excisable clump of praise, suitable for framing on the back of the book when it comes out in"
1095,parasitic,1870,0,"The consonants most difficult to make, the trills l, r , and the gutturals c, g, h , are often accompanied by an involuntary sympathetic movement of other parts of the organs, which produces what may be called a"
1096,parenting,1918,0,"You are annoying Papa, so you must go to bed, said Mr. Jarr, forgetting the philosophy of perfect"
1097,parenting,1918,0,"The single-minded, unconditional desire..to provide a loving, caring home, which is the hallmark of good"
1098,parole,1646,0,"The Christian had a Noble Soul, And when he saw 'em thus condole, He grants 'em Freedom on"
1099,patio,1845,0,"The preparation of magistral, an indispensable agent in the amalgamation by"
1100,patio,1845,0,The balance of the mercury used..would have been released to the atmosphere during..the amalgamation process on the open
1101,peach,1710,0,"Phrases such as camps may teach,..Such as ‘Bully!’ ‘Them's the"
1102,pebble,1875,0,"Rock Slide, a soft vegetable retanned leather with great handle, attractive surface feel and subtle minimalist"
1103,pessimistic,1854,0,"The Bourse is actually going stark staring mad; their optimistic views, cherished so long in anticipation of the maintenance of peace, have of late been metamorphosed into the most"
1104,pitcher,1707,0,In making new hedges it is usual to stipulate ‘to be planted with good withy or elder pitches’ or ‘
1105,plough,1175,0,"The husbandman ought not for one vnthankful yeer, to forsake the"
1106,politely,1624,0,"Echinus , a Bottle cut with an Edg, as in our Bloome tis rudely explain'd... Ovals and Darts (by our Workmen call'd Eggs and Ankers as little"
1107,polymerase,1948,1,"Attempts were made to increase the yield of desoxyribonucleic acid by adding citrate or phosphate ions to the glycine solution in order to bind magnesium ions, which presumably activate nucleases or"
1108,populace,1742,0,"How peacefully the commonwealth of ants Together dwell, within a narrow space A myriad-swarming thriving"
1109,positioning,1884,0,"In equitation our aim is to place our horse always in the correct balance for the movement that we require, which we call ‘"
1110,pouch,1399,0,The Barbary Ape has a face not much unlike that of a dog... The cheeks are furnished with
1111,predicament,1425,0,"Let it be permitted to me to call these pure, but deduced understanding-conceptions, the Predicables of the pure understanding (as opposed to"
1112,predicament,1586,0,"It has been upon different occasions remarked, that the constitutions of several of the states are in a similar"
1113,primordial,1786,0,The outermost layer of the primary meristem which covers the punctum vegetationis together with its apex is the immediate continuation of the epidermis of the older part which lies further backwards; it may therefore be termed the
1114,provocation,1485,0,The overwhelming Christian population of Westphalia..could regard the appearance of Rosenberg only as an outright
1115,provocation,1671,0,"Killing, which would otherwise be murder, is culpable homicide if the act causing death is done in the heat of passion, caused by"
1116,provocation,1857,0,"He..should become fondly enamourd of a young Lady, and grow so extravagant in that passion, as to attempt a reparation to the decays of nature by artificial"
1117,prudence,1393,0,"At Rome also Was Tullius with Cithero That writen..Hou that men schal the wordes pike After the forme of eloquence, Which is, men sein, a gret"
1118,pull,1390,0,"Ther hasti deemyng so bestial is & dull, On blynde Baiard thei braiden at a"
1119,pull,1500,0,The wenche fyllyd a dyssch stofull And bade the outlawe drynke a
1120,quarrel,1566,0,Those friends with whom too often I sat down beside the barrel and drank the whole damned evening dry without a word of
1121,quart,1590,0,Albanact had all the Northerne part..And Camber did possesse the Westerne
1122,rationally,1610,0,"In the vse of Tabacco, and such hot medicines there must be a great discretion that all be done in due season, and"
1123,recruiting,1644,0,"Which sort of life he had followed uninterruptedly, without ever joining his regiment, till he was now obliged..to take some of the duty in his turn, and was ordered a"
1124,rectify,1586,0,"Should it happen that the leader deviates, in stretching the chain, from the direction AB, the follower must warn and"
1125,reflexive,1648,0,"Though the Glory of thy Essence, cannot receive any increase by this reflection, yet thou art pleased everlastingly to perpetuate this thy"
1126,regenerate,1606,0,"Sober Wits, Rest satisfied, conceaving that..God the Fruites of Flesh and Blood dooth hate: And that through Christ we must"
1127,regenerate,1869,0,"To restore the waste heat into the generator, furnaces are now being put up by Messrs. Hannah & Sons, where pretty nearly all the heat will be"
1128,rein,1297,0,"A destrer þo ladde Agreuein, And toke it Gaheriet bi þe"
1129,relocation,1804,0,An alleged failure to maintain mining claims in conformity to law while an appeal of a mining contest decision..is pending does not moot the appeal if the claims are subject to
1130,remission,1425,0,The mind cannot without a strain be ever at one pitch..it must have its intervals of intension and
1131,renowned,1619,0,The young travelling virtuoso was portrayed by painters ranging from the unknown to the
1132,reparation,1966,1,"The inquiry..will assist in the state's treaty negotiations with Aboriginal communities, potentially including the payment of"
1133,repent,1325,0,"She..in that gret wrethe out of the paleyce went, Seying to herself that chere shuld þey"
1134,repercussion,1834,0,"I believe I first pointed out this mode of examination in my translation of the work of Madame Boivin, ‘On Diseases of the Uterus’, and suggested that it should be called hypogastric"
1135,retaliation,1546,0,"As from God to men in matters of grace and internall benediction, so of men to God for temporall tribute, and thankefull"
1136,retaliation,1546,0,"I pray let me injoy it in that fair proportion, that I desire to return unto you, by way of correspondence, and"
1137,retort,1599,0,"This Line..Render..so direct, that in no sort It ever may in Rings"
1138,revisit,1737,0,"Typically, they contain information about what you've done on previous visits to particular websites, and the website looks at them whenever you"
1139,roar,1393,0,"The slipp'ry God..he seem a bristly Boar, Or imitates the Lion's angry"
1140,saying,1340,0,"One of the great tragedies of life is that men seldom bridge the gulf between practice and profession, between doing and"
1141,saying,1400,0,"On seuen maners ar þai [ sc. sins] for-giuen,..Of hali water þe strenkling, And thoru þe pater noster"
1142,scalar,1959,1,"A selection from indefinitely many possible scales, which in any case would only provide for associative meaning in so far as it is explicable in"
1143,scarf,1688,0,"He beareth Argent, a Scarpe Purpure, of some termed a"
1144,scenic,1824,0,"Wilson's bleak water-pieces, Holland's coast scene, Davis's wild heath-covered hills..and Hofland's landscapes, compose the principal attractions in"
1145,sclerosis,1543,0,"This inflammation occurs in the liver or the kidneys where it is known as cirrhosis, when in the brain or cord, it is called"
1146,seating,1960,1,"Never wear a slick, straight skirt without a tight-fitting slip beneath... That way there'll be no ‘"
1147,selectivity,1903,0,"The sharper is the resonance curve the better it will select, for supplies at frequencies quite near the resonant one will have very much less effect. The sharpness of the curve is therefore a measure of the"
1148,settled,1910,0,"The stallions were put to work on the farms, which..enabled the stallion to have regular exercise, a requisite for a high percentage of"
1149,shake,1622,0,"The most severe earthquake occurred that I had yet felt... The natives..acknowledged that they had never experienced so bad a ru , or ‘"
1150,shake,1875,0,"If these jokers want to tail us, they've damn well got to do it properly from behind. Overtake and give them the"
1151,shutter,1918,0,The temperature of the water is controlled by thermostatically-operated radiator
1152,side,1400,0,"Þe bor so loude cride, Out of þe forest wide and"
1153,side,1400,0,"Their Formes doo vanish, but their bodies bide; Now thick, now thin, now round, now short, now"
1154,sinister,1474,0,The Secret Service..concluded that the writer's wartime flirtation with the Nazis was the result of his being ‘a silly ass’ rather than anything more
1155,situational,1916,0,"In contrast with such a naive syllogistic procedure is the logic underlying the opinion of the liberal judges. For want of better terms I shall call this the functional, genetic, evolutionary, or"
1156,slate,1500,0,"Letters..painfully engrav'd in thin wrought plates, Some cut in wood, some lightlier trac'd on"
1157,slate,1340,0,"A greate citie, consisting of houses made of Earth, and couered ouer with broade stone or"
1158,smallpox,1793,0,The vesicular lesions of sheeppox caused the disease to be called variola ovina or sheep
1159,small-scale,1851,0,A very great deal of attention has been paid to the small or geographical work of the Survey... I fully endorse the view of my predecessor as to the importance of this
1160,southward,1350,0,"It lies in the midst of Golpho de Thame-Isis: The Christian-shore lying to the Norward, and the Turkish-shore to the"
1161,stall,1415,0,"All her sisters out she calles, Infernall hideous haggs, and to their turmentes them she"
1162,standout,1826,0,The Shipwrights of our port are standing out for an advance of wages... They boasted of six months' means in club to support the
1163,starter,1519,0,"Were I thy Confessor,..Dost think that I'de allow thee any Quarter, No—thou should'st find what 'tis to be a"
1164,starter,1766,0,"The next day was also a failure, as we searched all day, but could not start a fox; some tracks, but none fresh enough for a"
1165,starter,1614,0,"Squire let him [ sc. Rosinante] loose, or leave him to the Carter, And help t' untrusse, I'm sure he is no"
1166,starter,1892,0,"There has been one major addition to the lobby: turnstiles that require a card key. ‘That was after 9/11,’ said Rene Sanabria, 57, an elevator"
1167,starter,1846,0,We talk of having a little local exhibition the coming winter by way of a
1168,starter,1846,0,"Take a French quarter, a German, a Syrian, a Chinese, an Italian; it makes no difference what. The nationality that interests most, or the one, if any, of whose language there may be a smattering, is a good"
1169,sterling,1601,0,Monies of this new Standard of Ireland..being brought back againe to the Exchange to be converted in
1170,sterling,1601,0,"The lay treasurer of the society, who said that for a long time he had been opposed to the payments in India being made in"
1171,sterling,1894,0,"Overseas countries, especially those of the Commonwealth, were content during the war to sell more to Britain than they bought from her, and to take bank deposits in London..in payment of the difference. These were the famous ‘"
1172,sterling,1641,0,"Setting aside the odde coinage of your phrase, which no mintmaister of language would allow for"
1173,sterling,1488,0,"Five Silver-Hilted Swords, the Hilts of which are found upon the Tryal, more then one Shilling in every Ounce worse than the"
1174,sting,1548,0,I was a good deal surprised by finding two species of coral..possessed of the property of
1175,stipulation,1623,0,"Concerning the Form, so precise were the ancient Romans in the observation thereof, that they did not for a long time admit any other manner of contracting Spousals, but by"
1176,stray,1398,0,"Russet Lawns, and Fallows Gray, Where the nibling flocks do"
1177,stressor,1950,1,"The term ‘systemic stress’ is sometimes loosely employed also to denote the stimuli which cause systemic stress. In this sense, it is preferable however, to speak of alarming stimuli or ‘"
1178,string,1714,0,"My Accusations..are so well founded, that was there, (as we say in Scotland) a right sitting Sheriff, I would not doubt to see some Gentlemen"
1179,subroutine,1946,1,"We call the coded sequence of a problem a routine, and one which is formed for the purpose of possible substitution into other routines a"
1180,suction,1626,0,The internal digestive apparatus [of the leech] is evidently adapted..to form a capacious reservoir for the reception of fluids taken in by
1181,suction,1658,0,"One may remark within the..œconomy of nature, sundry sorts of attractions: as that of"
1182,suction,1658,0,"That adaptation of the plate to the mucous membrane which is necessary to keep out particles of food, or to make perfect"
1183,summons,1385,0,"Letters or Precepts of Arrestment upon any depending Action may be granted summarily, upon Production of the libelled"
1184,supposition,1449,0,"Who knowes not the double motion of the plannets? The first is finisht in a naturall day, The second thus, as Saturne in 30. yeares,..the Moone in 28. dayes. Tush these are fresh mens"
1185,supposition,1728,0,"There is a way in Division of making use of Discords, upon the Second accented Part of the Bar, which way is called"
1186,supposition,1728,0,"Discords..may be..used without..regular preparation and resolution, though they are then no longer considered in the light of discords but passing or transient notes. [ margin ] Discords by"
1187,supposition,1728,0,"The perfect triad..can be either major or minor, and the dissonant seventh chord..is derived from the triad by the addition of a major or minor third. All other chords are shown to be derived..by inversion or by"
1188,suspended,1832,0,"When an ovulum..hangs from the summit of the cavity, it is pendulous ; and when from a little below the summit, it is"
1189,tail,1750,0,"As down towards Barton Wold we sail, The Cockneys soon began to"
1190,taking,1541,0,"Abateth the raging pain of the Gout, inflamations and swellings, blasts or"
1191,taking,1808,0,Matter with head or first lines larger than the body to be charged according to the depth of the body of the
1192,tensor,1846,0,"Since the operation denoted by a quarternion consists of two parts, one of rotating OA into the position OB and the other of extending OA into the length OB, a quaternion may be..represented as the product of two factors,..the versor..and..the"
1193,testosterone,1935,1,Many mammary cancers would regress when the influence of the female sex hormone was lessened by removal of the ovaries or by injections of
1194,thrombosis,1857,0,"With regard to the circumstances under which a thrombus is formed, we find that retardation of the circulation is common to all varieties of"
1195,toast,1842,0,"A delicate roast..Dress'd like a Woodcock, and serv'd on"
1196,topology,1850,0,"We need a knowledge not only of topography, but..of that..sister science which has been christened ‘"
1197,touching,1400,0,"Tel Aviv..has a special way of engaging all the senses: it heightens our seeing, hearing, smelling, feeling and"
1198,tracer,1938,1,The Russian workers..have investigated the action of modifying agents in the extraction..of metals..using radioactive
1199,traction,1914,0,"This second division of current transportation is called by certain French engineers entraînement but has received no name in English. Being in need of a succinct title, I translate the French designation..by the word"
1200,trance,1374,0,"Þe verray custom & þe pleyn vsaunce Of þis loveris, hangyng in a"
1201,twilight,1440,0,"At once the bright-effulgent Sun, Rising direct, swift chases from the Sky The short-liv'd"
1202,typology,1886,0,Hardly any concept in contemporary American psychology has been so thoroughly criticized as that of
1203,universality,1565,0,The pope is the representative of God on earth; he should then govern the world. To him alone pertain infallibility and
1204,unlock,1400,0,Mr. Chamberlain was the strong man who held the keys and could both lock and
1205,unlock,1470,0,"How happy's he, that by a faithful knock Can make the yeelding Gates of Heav'n"
1206,unlock,1996,1,The SIM Lock can be deactivated to allow a customer to switch to another network or service provider..but operators often charge a significant fee before they provide the information necessary to
1207,unreal,1825,0,Shareability of perception is what distinguishes the real from the
1208,valence,1917,0,A certain object or event..is experienced as an attraction (or repulsion)... We shall say of such objects that they possess a ‘
1209,vibrate,1774,0,"If we strike a bell, or a stretched string, for instance,..a single blow produces a sound..which is multiplied as often as it happens to undulate, or"
1210,vinegar,1315,0,All sources of alcohol may be regarded as possible materials for making
1211,vomiting,1495,0,"The Water..has upon the gazer the operation of a rapid stream, and by making him giddy, hastens and facilitates his"
1212,vomiting,1495,0,"A mild vegetable aliment, where aliment can be taken without inducing sickness, or exciting"
1213,vomiting,1881,0,"The steam from the pipe A heats the liquor..and forcing it up the wide pipe C, causes it to strike against the dome or bonnet D... This is technically called ‘"
1214,warming,1874,0,"This style,..of wintering cattle, is called ‘Roughing’, and the feeding of corn in the spring is termed ‘"
1215,waterfall,1522,0,Water-wheel motion can very effectively turn a generator if your home and property include a stream or creek with a sufficient
1216,whip,1890,0,"I was put into the piece ‘ship’ on the paper, where I can truly say I held my own, though I was no"
1217,willow,1490,0,The pressure of the external air will then force the mercury through the pores of the hazel or
1218,abduction,1632,0,"This exemption of Clergie was leuelled onely against Burglaries, and felonious rapes by violence,..leauing vnto couetous rauishers by"
1219,abduction,1657,0,"If we consider how they [the muscles] can stir the limb inward and outward, they can perform adduction,"
1220,ablation,1903,0,"The base level for wind action is that of the water table, which may be far below sea level. The ‘pans’ of S. Africa..and the more impressive depressions and oases of Egypt and Libya have all been excavated by"
1221,abrasion,1550,0,"Two thynges in women make hourely theyr inuasion, Enducyng them euer to warkes vituperable: For all vertue these two be chyef"
1222,abrasion,1550,0,"They [ sc. teeth] never change by age, and seem never to undergo any alteration, when completely formed, but by"
1223,abrasion,1550,0,"The coinage, in the very nature of things, must be for ever, unit by unit, falling under depreciation by the mere action of ordinary and unavoidable"
1224,abuser,1500,0,There are houses which find it difficult to avoid abuse of credit facilities if they wish to retain the custom of the
1225,abuser,1572,0,"There was still the sullenness that she had remembered, with its suggestion of sneering superiority to abuse and"
1226,abuser,1572,0,"A man's words also have an influence on himself, and abuse conveys an instruction to the"
1227,accord,1393,0,"That we see one event succeeding another in a regular and constant sequence, but we see nothing connected with the bodies to account for this,—to this we refuse our"
1228,accretion,1626,0,Erosion occurs mostly during the monsoon months and the sea brings back the beach at the end of the monsoon in a process called
1229,accretion,1656,0,"They [ sc. languages] agree, with a single doubtful exception, in the agglutinating or synthetic method, called by Humboldt incorporation, by Cass, coalescence, and by Schoolcraft,"
1230,accretion,1756,0,"It is enough to survey the various modes of original acquisition of territory, from discovery and prescription to the minor instances of alluvion and"
1231,acidosis,1900,0,"I've had a series of six cases, and in each one you have petit-mal seizures plus an unstable pH which fluctuates between a mild alkalosis and"
1232,acidosis,1900,0,"Featherstone knew his patient's kidneys and liver could malfunction, increasing lactic acid and potassium in his blood to toxic levels, a condition known as"
1233,adenosine,1909,0,"The second nucleoside has practically the same crystalline appearance as inosine and guanosine, and differs from these two only by its physical constants and by the fact that on hydrolysis it yields in place of guanine the base adenine, and is, therefore, named"
1234,admirably,1570,0,"Two of the three individual commentaries..are indescribably boring, and the deleted scene justifies its omission"
1235,adoration,1443,0,The Church may draw fine and aërial distinctions between images as objects of reverence and as objects of
1236,adoration,1443,0,"After three futile attempts, she was filled with conviction of the Real Presence, and fell upon her knees in humble"
1237,adoration,1567,0,Her one-time prince now responded with barely concealed irritation to her plaintive demands for
1238,adrenaline,1893,0,"Why should they not, asked Dr. Wilks, be saved by administering adrenals? Every week he looked in the journals to see whether some of his younger colleagues at Guy's had not attempted something in the way of the therapeutics of ‘"
1239,affluence,1390,0,"What euer in this worldly state Is sweete..Was poured forth with plentifull dispence, And made there to abound with lauish"
1240,agitator,1647,0,They are ‘Agents’ to the Army: a class of functionaries called likewise ‘Adjutators’ and misspelt ‘
1241,aloft,1393,0,While some aërial beings sighing soft Round once-lov'd Maids their guardian wishes plead: Spirits of Torment shrilly speak
1242,aloft,1634,0,"‘The bear, the bear!’ screamed Kingdon, and swimming a few strokes along the soft, green grass, he grabbed the bear and waved him"
1243,ambush,1573,0,"When they scattered into the bush.., he gave up the chase. Next time he would lay a more successful"
1244,amortization,1607,0,"The restraint of the Laitie from any longer..passing over their fee to the Abbey, without speciall licence of the King, by the Stat. of Mortmaine, or the law of"
1245,analgesia,1706,0,"In these cases there are, however, two varieties of anæsthesia, viz. insensibility to touch, and insensibility to pain, better termed"
1246,ancillary,1963,1,"The units under his control would suddenly stop purchases from some privately-owned ancillaries ... Krishnamurthy would then..ask his sons to negotiate to buy up these units. And before you knew it, the dried-up orders would start coming again to the"
1247,annihilate,1939,1,Most of positrons penetrate through the cellophane foil and reach the walls of the source room where they
1248,annotation,1982,1,"Our study includes a near-complete representation and localization of genes, repeat elements, and sRNA, as well as functional and metabolic"
1249,answering,1330,0,Quaþ Merlin..‘Y wil þe telle and noþing lyȝe What þe dragouns signifie’—Þat gentil folk and eke þe king Awondred of his
1250,answering,1425,0,"Þer cam out men..Pleying by signes in þe peples siȝt, Þat þe poete songon on hiȝt; So þat þer was no maner discordaunce Atwen his dites and her countenaunce: For lik as he aloft [e] dide expresse Wordes of Ioye or of heuynes..byneþe of hem pleying, From point to point was alwey"
1251,anteriorly,1681,0,Parliament could not pass an Act to revive a Patent which had lapsed..because it would be legislating posteriorly with reference to something which occurred
1252,aphid,1884,0,"The aphis feeds, nor finds his leaf Untenable, because..Lightning strikes sere a moss-patch close beside, Where certain other"
1253,articulated,1608,0,"Such pure bodies haue nor teeth, nor tongues, Lips, artires, nose, palate, nor panting lungs, Which rightly plac't are properly created True instruments of sounds"
1254,ascending,1676,0,"Ascenders, all the capital letters, and the b, d, f, h, i, j, k, l, t , so called because they ascend to the top of the body of the types. A colloquial phrase for"
1255,asking,1200,0,"McRosty..was last year's ‘discovery’, obtaining his Blue at the first time of"
1256,asking,1549,0,"He fell in loue with Sirinxe a nimph of Arcadie, who would neither giue her head as they say for the washing, nor her virginitie for the"
1257,asking,1549,0,"Equally rewarding are backpacking trips in the Rockies, where ‘see-forever’ views are yours for the"
1258,asking,1330,0,"At last I began to be yeelding Vnto a Loues conquest: and these armes made me be yeelding, Long patience,..teares, importunat"
1259,asking,1330,0,"Those Learned, Moderate Bishops..whose Pens are to bear witness against These now in Being, and Authority, if they refuse their"
1260,asking,1330,0,Imitate our Lord Jesus Christ in your praying for yourselves. Imitate him..in all your
1261,asking,1589,0,"The Captaine departed, and caused all the rest of the boates to depart, thinking belike that we would haue followed them, and haue giuen them their owne"
1262,atonement,1630,0,A Scottish religious controversy of the present time regards the nature and extent of the
1263,attrition,1678,0,"The vulgar, who have a thousand asperities in the expression of their feelings, that cannot be found on the polished surface of those whose manners are smoothed by society, not worn by"
1264,attrition,1890,0,"In both criminal and civil cases a series of adjournments will influence one of the parties so that if this tactic is prolonged with discretion, the other party will win by"
1265,attrition,1915,0,Depot officials said they plan to take care of as much of the reduction in force as possible by normal
1266,attrition,1935,1,"One is also aware of the changes that have taken place in pronunciation, meaning, and spelling of words. These changes seem analogous to the process known in geographical parlance as"
1267,attrition,1935,1,I devote the most space to proposing alternative theoretical assumptions that predict the grammatical characteristics of a person's language when it shows
1268,attrition,1935,1,"Māori remained the language of the community for the first decades of colonization, but slowly, changes in the demographic balance..led to its"
1269,audible,1626,0,"The auditory nerves..seem to carry their ideas to the cell of memory, the proper receptacle of"
1270,austerity,1450,0,"Members of the Fascisti..are prohibited from participating in banquets because ‘banquets are detrimental to the dignity of the Fascismo, which must be inspired by"
1271,austerity,1581,0,Imagine a poet whose mind was perfectly balanced between the desirability of gorgeous Swinburnesque ornament and Wordsworthian
1272,bang,1774,0,"As he was working lang and strang, And fallowin wi' pith and"
1273,bellow,1486,0,The Terms for their Noise at Rutting Time are as follows:—A Hart Belleth.—A Buck Growns or Troats.—A Roe
1274,bent,1360,0,"Buschys, brerys, and bowys they brent, They made hyt bare as evyr was"
1275,bent,1724,0,"Wi' gloomin' brow, the laird seeks in his rent; It's no to gie; your merchant's to the"
1276,binomial,1570,0,"If two rationall lines commensurable in power onely be added together: the whole line is irrationall, and is called a binomium, or a"
1277,biotechnology,1933,1,"Hours of work, on-the-job feeding, rest periods, etc. are also phases of the physiology of work which form an important part of a comprehensive"
1278,bookstore,1760,0,"Printed at Worcester (Massachusetts) by Isaiah Thomas, Printer, Bookseller and Stationer. Sold at his"
1279,braid,1793,0,"A weary lot is thine, fair maid..To pull the thorn thy brow to"
1280,breaking,1724,0,"These are afterward to be planted out in beds apart under the name of breeders, which are plain or self coloured, on a white or yellow bottom, without the streaks of colour produced in the mysterious process of"
1281,breaking,1870,0,"Vowel length was also subject to changes, including shortening and lengthening, quantitative metathesis, coalescence, and"
1282,broadcaster,1922,0,"Universities, whose broadcasting is of a limited range as compared with newspapers, are classed with State and Government stations as public"
1283,buff,1602,0,If you perplex me with your stuff—All that are here shan't save your
1284,bully,1604,0,The military riding-master is occasionally inclined to be something of a
1285,bump,1843,0,"When the pump descends, there is heard a plunge, a heavy sigh, and a loud"
1286,calling,1300,0,"The Nurses shall be alwayes at hand in the Hospitall to help the sick, that by reason of their absence they may not be put to straine and offend themselves by often and loud crying and"
1287,calling,1725,0,"Call them together, and when you find they begin to clook and pipe to one another, then forbear"
1288,calling,1539,0,"He may open a work-shop, a counting-house, an office, or any other place of business, and pursue his"
1289,calling,1475,0,Who euere wole chalenge my..namyngis of þe ij e and iij e membre..lete him assigne to me specyal according names to þo ij membris..and y wole anoon forbere and absteyne me fro þe seid maners of
1290,causative,1623,0,"The secondary or derivative conjugations are..the passive, the intensive, the desiderative, the"
1291,centrifugal,1709,0,"The Orbs of the Universe..movable about their Centers..but in no degree of actual Motion, except the Centripetal and"
1292,centrifugal,1770,0,"In the course of the tangential divisions in an initial cell and the radial row derived from it, two extreme forms may in the first instance be distinguished..termed the centripetal and"
1293,cholinergic,1934,1,"We seem to need words which will briefly indicate action by two kinds of chemical transmission, due in the one case to some substance like adrenaline, in the other case to a substance like acetylcholine, so that we may distinguish between chemical function and anatomical origin. I suggest the words ‘adrenergic’ and ‘"
1294,clientele,1839,0,"In the past four years, the number of patients he saw who wanted post-baby surgery had risen to 35 per cent of his"
1295,clockwise,1874,0,The escape wheel is locked by the inner wall of the cylinder and is about to unlock and swing
1296,coding,1953,1,"What gives a piece of writing freshness and character is the demand, almost the disturbance, which it makes in"
1297,collusion,1397,0,"Two persons..who have..given us a Relation each of them apart, too much different from one another to suspect them of any"
1298,collusion,1509,0,"A ceo purra il estre respoundu par replicacioun, qe ceo fut par fraude et collusioun. Marg. note , Judgment by"
1299,collusion,1581,0,"The resurrection of the body:..neither the Greek nor Latin ever delivered this Article in those terms, but in these, the resurrection of the flesh; because there may be ambiguity in the one..but there can be no"
1300,commoner,1384,0,"The Court of Common-council consists of the lord-mayor, aldermen, and representatives of the several wards... They annually elect six aldermen and twelve"
1301,commonwealth,1551,0,If we stick with adversarial politics we may miss the potential of a mature democracy for building up a governance process that is truly attuned to the common good of both human society and the whole
1302,commonwealth,1649,0,"The collectivist, half-communistic aspect..quietly dropped out of notice, to crop up once more, and for the last time, to the disgust and terror of merchant and landowner, in the popular agitation under the"
1303,commonwealth,1917,0,"The British Empire is much more than a State... We are a whole world by ourselves, consisting of many nations and states... Beyond that we come to the so-called Dominions..who have been evolved on the principles of your constitutional system, now almost independent states, and who all belong to this group, to this community of nations, which I prefer to call the British"
1304,commonwealth,1917,0,"They are autonomous Communities within the British Empire, equal in status, in no way subordinate one to another in any aspect of their domestic or external affairs, though united by a common allegiance to the Crown, and freely associated as members of the British"
1305,complementarity,1911,0,"From the two main physical theories of this century, relativity theory and quantum theory, two general viewpoints have emerged, that of relativity and that of"
1306,congratulation,1591,0,"To the act of ‘rejoicing with others’ there is no single term appropriated..The outward expression of the feeling is, however, known as"
1307,connote,1829,0,"Whenever the names given to objects convey any information, that is, whenever they have properly any meaning, the meaning resides not in what they denote , but in what they"
1308,constancy,1924,0,"We may single out three characteristics of things which will..be constitutive of things: shaped boundedness, dynamic properties, and"
1309,contagious,1400,0,When we wish to say that a disease is produced by personal contact with a person suffering from it..we call it
1310,convergent,1728,0,"Light moves in straight lines, which receive the name of rays. Such rays may be either divergent, parallel, or"
1311,cooler,1892,0,"Light woolen covers..thrown over a horse after racing, polo or other strenuous work while he is being walked to cool him down are known as ‘"
1312,covalent,1923,0,"The electronic theory of valency permits of a very wide extension of Thomson's theory of intramolecular ionisation, and that polar bonds may be detected in a large range of inorganic compounds where it has been generally assumed hitherto that the linkages are all of a non-polar or"
1313,cracker,1849,0,"Equipped in the easy..dress of a broad brimmed ‘Jem Crow’ hat, a fustian jacket, leather ‘"
1314,credence,1450,0,"The worthi excellence Of verray vertu..ye forleten clene For veyne rumours, litell of"
1315,credence,1450,0,"While this evidence was palpably false, the excited condition of public feeling in regard to the Jesuit plots and the aggressive plans of Spain lent it"
1316,cricket,1851,0,"Have me to bowl..Box to keep wicket, and Pilch to hit, and then you'll see"
1317,crocodile,1728,0,"Many argue..who might..be caught on the horns of a dilemma, or who would..fall victims to the"
1318,crutch,1748,0,"The tail-fin, or ‘flukes’..each half overlaps the other at the central notch, or ‘"
1319,curative,1577,0,"I place great confidence in the frequent outward use of cold water, as a preventive and"
1320,cynicism,1845,0,"The capitalist system is often extolled as a system that promotes altruism... On the contrary, it promotes the most brutal.."
1321,daunt,1300,0,He mette an hydeous gyaunt..With his great strokes he did hym
1322,deadlock,1793,0,"That stairway goes straight to garage level, but its [ sic ] locked on this side with a"
1323,deflate,1912,0,‘Mr. Garnett’ said the village postman importantly ‘is gone to Spain.’ ‘Mr. Garnett is unfortunate’ I replied..and the postman
1324,deformed,1867,0,"Lines traced along the surface of the wire parallel to its length when straight, become as it were secondary spirals, circling round the main spiral formed by the central line of the"
1325,delicately,1357,0,The ferthe dedeli syn is glotony..And this trespas dos men opon sere wise. Ane is..for to lyue ouer
1326,demonic,1785,0,"The expulsion of demons is most dramatic, though power encounters are far from limited only to the"
1327,depose,1425,0,"The honest Heathen or Turke, for whose truth the Christian dares"
1328,depressing,1856,0,"A leading firm in the United States has contracted for 200,000 ounces from Europe, and as this is about an eight months' supply for the New York market, the effect has been"
1329,desolate,1374,0,"He allured out of Babilon sixe hundred thousand soules, so that the late triumphant Citie became halfe"
1330,determinate,1921,0,I propose to call such terms as colour and shape determinables in relation to such terms as red and circular which will be called
1331,devolve,1889,0,"Looked at metaphysically—that is, in the ontological order—this process of sun, planet, and satellite formation will be perceived to be a devolution, not an evolution, just as much so as if a man"
1332,dharma,1829,0,"In proceeding in their investigations, the Abhidharmikas of both schools attributed the ‘not-self’ doctrine in effect exclusively to human beings rather than to all"
1333,disagreeable,1785,0,"The evening passed away with..good music and pleasant conversation, for the agreeables, and tobacco smoke and drinking for the"
1334,disparage,1375,0,Et si acune de juvene age soit marié a tiel ou ele est desparagé. transl . If any female heir of tender years be married where she is
1335,dispensation,1607,0,"The private Judgment of any Person concerning a Law enacted..for the publick Good, does not take away the Obligation of that Law, nor deserve a"
1336,divine,1374,0,"Other..People take upon them to make farther..Improvements upon this Doctrine of the Cloven-foot, and treat it as a most significant Instrument of Satan's private Operation,..as Joseph is said to"
1337,doctorate,1577,0,"Hence rysen learned men in eche estate, Coonnyng in handy craft and facultie: And getten dignities of"
1338,doing,1387,0,"Mrs. Williams talks of coming home this week from Kingston, and then there will be merry"
1339,domesticate,1793,0,"Marriage is not simply an interesting and pleasing event, the honeymoon does not complete the business, and..the congratulations of neighbours and friends..will not make the pot boil nor"
1340,domesticate,1906,0,"Nebraska..permits domestication only by the corporations of another state or territory of the United States, thus excluding alien corporations from those that may"
1341,driving,1436,0,"Artificial swarming, the mode of proceeding for which varies according to the kind of hive in use. Considering, first, straw skeps, the common hive of the country, the operation to be pursued is known as ‘"
1342,dumping,1922,0,"After surgical removal of part of the stomach, patients sometimes suffer from attacks of sweating and flushing, weakness and occasionally fainting together with intestinal discomfort and explosive diarrhoea. These symptoms..are known as the"
1343,easement,1438,0,"In the night time, I haunted the Court yards with a Bulls peezle in my breeches, to belabour those who..went to the houses of"
1344,e-bike,1998,1,"The ugly bikes stayed on Copenhagen's streets until 2012, when the city replaced the old clunkers with a fleet of spiffy"
1345,eccentricity,1556,0,"Sith the centre of the greater circle is by A, and the centre of the lesser circle is by B, the distaunce betweene A and B is the quantitie of their"
1346,empiricism,1879,0,Maintaining..that the philosophical question as to the nature of space is really involved in the issues of the physio-psychological conflict between Nativism and
1347,empiricism,1879,0,Any putatively universal characteristic of human language which is to serve as evidence for nativism as against
1348,epidural,1882,0,"There are two layers of dura [in the spine] , an ectal (periosteal) and an ental (myelic), the interval between them constitutes an"
1349,equalization,1926,0,"At Schenectady it [ sc. a symphony concert broadcast] is received in the control room and again amplified, probably monitored as it comes in and equalized (compensation for frequency losses in a long land wire is termed ‘"
1350,exact,1592,0,Then followeth the drawing of such Instruments in forme..as the qualitie of the fact or contract
1351,exciting,1884,0,When the green mercury line is used for excitation it is found that..the fluorescent lines are made up of fine lines having a structure similar to the..absorption lines covered by the
1352,exciting,1884,0,"The initial velocity of the β-rays excited in matter by γ-rays is independent of the intensity of the γ-rays... On the other hand, the initial velocity is dependent on the hardness of the"
1353,expatriate,1818,0,Mr. Barnes said the Gordon estate sub-division would be one of several new area developments which would enable closer integration of Papuans and New Guineans and
1354,extrapolation,1872,0,It is a matter of great scientific importance to apprehend precisely how far we can interpolate or extend experimental results by
1355,facies,1854,0,"When a geological series or system is in one district composed chiefly of limestone and in another of clays and shales, it is usual to speak of these different types of deposit as different ‘"
1356,father,1556,0,"The report goes, that he was not the..author of it, but another did it, and gott him to"
1357,fighting,1860,0,"When the weight or pressure of the ventilating current of air in a mine becomes equal or nearly so in both the downcast and upcast shafts, and no appreciable movement is caused in the air,..the pit is said to be"
1358,figurative,1678,0,"If we suppose n to represent the side of a figurate number of any order, or which is the same, the exponent of any order, then 1, \(\displaystyle 1.n,\ 1.n.\ \frac{n\ +\ 1}{2},\ 1.n.\ \frac{n\ +\ 1}{2}.\frac{n\ +\ 2}{3},\ 1.n.\ \frac{n\ +\ 1}{2}.\frac{n\ +\ 2}{3}.\frac{n\ +\ 3}{4}\) , &c. will represent the first, second, third, fourth, fifth, &c."
1359,firewall,1578,0,Maybe he could use the moat to break through the wall of fire. He formed his paw into a flipper and scooped a splash..toward the
1360,fledge,1616,0,The Iuuenall (the Prince your Master) whose Chin is not yet fledg'd [1600
1361,fluent,1592,0,"At Namptwich they have one Pit within the Town, and two without, sufficient to serve the Fourth part of the Nation, the Bryne being so"
1362,flying,1877,0,"While upon the subject of cooking oysters, I will refer to a.. bonne-douche , which I think has been dignified with the name of ‘"
1363,foothill,1788,0,"In California, everything under two thousand feet high is called a hill; if it leads up to a mountain, a"
1364,formalism,1913,0,"On what grounds the conviction of the unassailable exactness of mathematical laws is based has for centuries been an object of philosophical research, and two points of view may here be distinguished, intuitionism (largely French) and"
1365,forwards,1528,0,"The Retrogressives look out of the back side of their head. Their natural, but now perverted instinct of advancement, urges them backwards, at it does other people"
1366,forwards,1528,0,The Young Entrepreneur of the Year award is about recognising those who have seized opportunities and have a passion for progress—two essential elements for businesses that want to keep moving
1367,founder,1734,0,Who..were or pretended to be possess'd of the same Ground as Taker of a Fore-field for an old
1368,framed,1565,0,"Under careful interrogation, the captives confirmed Cornwallis's defeat, although it was said that the local loyalists considered it a ‘"
1369,fuck,1663,0,She'd dance and she'd caper as wild as a Buck And told Tom the Tinker she would have some
1370,fume,1450,0,In some sixe dayes iourney doth consume Ten pounds in Suckets and the Indian
1371,functionary,1785,0,"The Minister shall give in to the National Assembly..a list of..the refusal of that oath by any, or every public"
1372,furrow,1330,0,"Heavy land is formed into narrow ridges, to allow the rain to flow quickly into the open"
1373,futility,1692,0,"If they [ sc. diversions] are futile and frivolous, it is time worse than lost, for they will give you an habit of"
1374,gardening,1481,0,"A most briefe and pleasaunte treatise, teachyng how to..set a garden..gathered oute of the principallest Aucthors which haue written of"
1375,gardening,1897,0,Fragments of grass and turf should be removed... The process of clearing the ground of débris is known to cricketers as ‘
1376,gatherer,1696,0,"There groweth then in the place of these four Foal-teeth which fell, four others which are called Nippers or"
1377,genotype,1909,0,"This ‘constitutional formula’, the sum of the inheritance rudiments that make up the peculiar innermost nature of the individual we name his inheritance pattern (idiotype or"
1378,glaze,1400,0,"The process of glazing is simple, but requires a practised hand, so that every piece may be equally"
1379,globally,1946,1,"Inversion has the advantage of preserving circles and angles, and hence proportion locally if not"
1380,going,1678,0,"Then he went to the stile to see, and Beheld a Path... 'Tis according to my wish, said Christian. Here is the easiest"
1381,gorge,1529,0,To styre vp your stomake you must you forge Call for a candell and cast vp your
1382,gradation,1549,0,"The care I had of that ciuil yong man..drew me to that exhortation, which drew the company,..which drew the cut-purse; which drew the money; which drew my brother Cokes his losse; which drew on Wasp's anger; which drew on my beating: a pretty"
1383,grading,1903,0,"I have tried.., giving far more to my work than many a crack Infant Mistress in town, dancing upward on the"
1384,gymnasium,1598,0,"Efficient benevolence in action may be considered the gymnastics of the mind, or the field in which it is displayed, the mental"
1385,hare,1529,0,"Old Tiny..Who, nursed with tender care,..Was still a wild Jack"
1386,hash,1655,0,I canna thole the Clash Of this impertinent auld
1387,hash,1660,0,"Confound all Order and Religion quash, Of honesty and falshood make a"
1388,headlight,1953,1,"I could only think of the daughter's sweet, startled face in the doorway.., her sudden fear, a deer caught in the"
1389,hinterland,1879,0,"A port, essentially, is a transit area, a gateway through which goods and people move from and to the sea, by way of rail, inland waterway, or sometimes by road. The region to and from which this movement is directed is commonly and somewhat vaguely described as the"
1390,hitch,1578,0,"Set your opinion at whatever pitch, Knots and impediments make something"
1391,homology,1835,0,"We distinguish, accordingly, physiological likeness, or Analogy, from morphological likeness, or"
1392,hound,1857,0,"A flushed little ‘hare’ bounds past us, distributing the paper ‘scent’ in his course, and followed a quarter of an hour afterward by the panting and baffled ‘"
1393,housekeeper,1425,0,"As owner and occupant he was, prima facie at least, in control of all the activities of his own household. It was his home, and..he was the"
1394,husbandry,1390,0,"Allso to the buttrey dore ther be xij. sundrye keys, in xij. mens handes, wherin symythe to be small"
1395,hydration,1854,0,"Decompositions like those of starch into dextrose, of cane-sugar into dextrose and levulose..which involve the fixation of the elements of water, may all be said to be the result of hydrolysis , and those substances which, like sulphuric acid, diastase, emulsin, etc., induce hydrolysis, may be termed hydrolytic agents or hydrolysts . The substance hydrolysed is the hydrolyte . The mere fixation of the elements of water unaccompanied by decomposition..may be termed"
1396,hydroxyl,1869,0,"All the oxy-acids and also the hydroxides..contain the group OH (water minus 1 atom of hydrogen); this group may be considered as a monad radical, and has received the name of"
1397,hyperplasia,1873,0,"The increased nutritive activity of the elements, which leads to an increase in their size , leads also to an increase in their number , and to the formation of a new tissue, which is similar to that from which it originated:—this is termed numerical hypertrophy, or"
1398,idealist,1805,0,"Owen was the great dogmatist of the Puritan theological movement, Howe was its contemplative"
1399,ideologically,1845,0,"But not even these latter could escape the influence of the intensity of musical gifts of the National School, even though at variance with them"
1400,ideologically,1845,0,"It..represents a conscious step towards the establishment of forms of organization, which..were independent both organizationally and"
1401,immaterial,1608,0,These men's inborn temperaments have remained unchanged through all the vicissitudes of their material affairs. Let us see how it is with their
1402,immobilization,1882,0,Either plants or microorganisms may convert NH 4 + or NO 3 − to organic form (chiefly protein). The conversion of inorganic compounds to organic form is called
1403,impotence,1406,0,"Some awful and ghostly presence, which had power to curdle my blood into ice, and cramp my sinews into"
1404,impotent,1533,0,"It is incoherent in speech, illogical in conclusions, and gives out plainly the impression that there is much that is radically wrong about a cause which admits of only such"
1405,inaction,1638,0,"That your Lordship should meet your friends with some settled Plan, either of action or"
1406,incoherent,1929,0,"In addition to secondary radiations of the same frequency as the incident light, we have also radiations of altered frequency... These modified radiations bear obviously no phase relationship with the exciting radiation, and might therefore be described as ‘"
1407,incoherent,1929,0,"In beams from different sources, the fluctuations are completely uncorrelated, and the beams are said to be mutually"
1408,incumbent,1672,0,"His son..held the chair for nearly the same length of time, and the remainder of the period has been covered by the occupancy of John Goodsir, and his successor..the present"
1409,indivisible,1380,0,"Who can resolve..the Difficulties about the Composition of a continued Quantity, as whether it is Compounded of Parts Divisible or"
1410,inductance,1886,0,"The term commonly employed to denote the electrical inertia-like effect is ‘self-induction’, which is becoming gradually shortened to"
1411,inhuman,1481,0,"Those who unman themselves, by debasing their nature..we shall call by the name of"
1412,initiator,1676,0,At the time in the production of some sound when any moveable part of the vocal apparatus causes any stricture ..it becomes an articulator unless it is a closure performing the function of an
1413,innervation,1880,0,"According to Bain, there is a direct sense of energy put forth which is independent of any results the putting forth of energy may produce. This peculiar modification of sensory consciousness has been called the sense of effort, or the"
1414,isolating,1860,0,"Languages belonging to this first or Radical Stage, have sometimes been called Monosyllabic or"
1415,kingship,1577,0,"After overthrowing the Frankish royal dynasty of the long-haired kings, the Carolingians did not have a tradition of legitimate"
1416,kingship,1700,0,"The centuries-long coalescence of a considerable number of small communities into overlordships, republics, and petty"
1417,lake,1400,0,A! hou wimmen conne hit make Whan thai wil ani man
1418,lame,1703,0,"When he [ sc. a horse] came out he was fine, and when he started to walk back into his box he took a"
1419,lame,1393,0,"He called it Babilon, in haunsynge of his fame, That it shuld not falle ne neuer be"
1420,lame,1972,1,"Baseball is not my game, In fact, I think it's pretty"
1421,lame,1643,0,"So many maim'd souldiers from Reading there came, That in spite of the Surgeons make our verses run"
1422,lance,1948,1,"Effect of blowing practices in the LD converter on oxygen content of steel... Statistical methods were employed to study this influence, with particular reference to the effect of..the height of the"
1423,lawfully,1959,1,"The principle of universal lawfulness does not assert that facts are determined by laws, but in accordance with laws, or simply"
1424,legitimation,1635,0,"In this relation concerning these three doubtful Books of Mr. Hookers..I leave my Reader to give sentence, for their"
1425,leprosy,1908,0,"16S rRNA gene sequence analysis provided evidence for two different mycobacterial species, Mycobacterium lepraemurium and a potentially novel species, as causative agents of ‘ feline"
1426,letter,1570,0,"The present day beach ridge, which is forming a short distance above high water level, is"
1427,liking,1570,0,"There is no right in these things that are continually in a wandring motion, carried with the violence of our vncertaine"
1428,locomotion,1759,0,"One great consolation, however, still remains, in thinking of the vexation the bootmaker must feel in knowing that my shoe-soles will not be thinned by the depth of a wafer by all my"
1429,louse,1592,0,When the best wark-lume i' the house..Is instant made no worth a
1430,lowest,1225,0,"And lo! the veil of the temple was to-rent in twey parties, fro the hiest to the"
1431,low-level,1845,0,"The lower part of the workhouse field would form an excellent high-level reservoir, and the Freeman's Wood, immediately below it, a very good site for a"
1432,lure,1386,0,"Another day he wole perauenture Reclayme thee, and brynge thee to"
1433,lure,1386,0,"I leaue to tell how she doth poison cure,..What canckars hard and wolfes be at her"
1434,lure,1386,0,"The Rosy-crucian way's more sure, To bring the Devil to the"
1435,lure,1385,0,He þat dispendith out of mesure Shal tast a-none pouertes bitternesse; ffoole largesse is ther-to a verray
1436,lure,1463,0,"At wink of eve be sure They love to steal a march, nor lightly risk the"
1437,magnate,1439,0,"It recounted her first and only trip to the United States in the company of her late husband, a sugar"
1438,magnetism,1616,0,"A peculiar species of attraction, exerted by bodies called magnets or loadstones, receives the appellation of"
1439,mailbox,1971,1,A typical electronic mail system now provides..an alerting mechanism to tell the user that he has new mail in his
1440,mash,1623,0,"No cold mutton to hash,..not even potatoes to"
1441,materialist,1668,0,"This habit of not being hindered by using, but still going beyond, the great truths of living to the greater truths of life gave force to his influence over the"
1442,mathematic,1660,0,The form of instruction used by this philosopher [ sc. Pythagoras] was twofold; and his disciples passed under the denomination of the Acousmatici and the
1443,mediate,1440,0,"In April figtreen inoculate; May best be ther as drie londis be, And ek in Iuyl ther lond is"
1444,meningitis,1824,0,"Dr. Thompson, the parasitologist,..discovered by examining his spinal fluid that the child had torula"
1445,meridian,1590,0,"His words of the Trinity are modest, neither highly Athanasian, nor yet Socinian,..but calculated to both"
1446,microcosm,1475,0,"The doctrine of a constant analogy between universal nature, or the macrocosm, and that of man, or the"
1447,microcosm,1901,0,"Atoms and molecules are too small to cut much of a figure in the economy of nature, think some. But it is no true mark of greatness for the macrocosm to forget the"
1448,midway,1893,0,"The multi-hued glass received its name at turn-of-the-century carnivals, where it was given away as prizes at"
1449,militancy,1876,0,"Spencer showed that, as expressions of subordination and deference, ceremonies are concomitants of"
1450,mineralization,1799,0,"Ecotoxicological damage from tailings or freshly mined sediments can result from the spontaneous release of heavy metals (Zn, Cu, Hg) from the sulphidic"
1451,mitigation,1622,0,"Their manner was..to suffer them to languish long in Prison, and..to extort from them great Fines and Ransomes, which they termed Compositions and"
1452,monoclonal,1914,0,"When a population is known to have been descended asexually from a single common ancestor, it consists of a single clone and may be described as"
1453,mounted,1792,0,"I had some time since carefully selected and equipped as light cavalry, 2 Officers, 2 Serjeants, and 22 Rank and File from the Regiment under my Command to act as a"
1454,mover,1604,0,"A third grave person..moveth that nothing might be offered in a generall and vanishyng Speech, without a Bill ready framed and exhibited to the House by the"
1455,munition,1962,1,"Originally, the US attempted to prevent the use of strong encryption by foreign governments. The export of the technology was prevented under US laws that classed it as a"
1456,mural,1439,0,"The future General would have been dispensed with, to have kept her Algernon in safety with her.., in preference to all honours, or the crown"
1457,napkin,1842,0,The skin..is the more easily affected by the free ammonia liberated through the interaction of acid urine and badly washed
1458,narrow,1646,0,"[He] Ne're suffred, yet his little Arrow, Of Heavens high'st Arches to fall"
1459,nestle,1687,0,"With her in mimick war they wrestle, Beneath her twisted robe they"
1460,networking,1976,1,"‘Network’ is a noun referring to entire social or family network as the unit of intervention... The techniques..described by Speck and Attneave..are those of assembling the social network, which they prefer to call a process of retribalization rather than ‘"
1461,neutralization,1971,1,"The fostering of an institutional mind-set by superiors (John and Robert Kennedy) that includes assassination... As a result of pressure from both Kennedys, the CIA set up a compartmented unit devoted to Castro's"
1462,neutrophil,1890,0,"There are three types of cells [ sic ] in the pars anterior of the hypophysis—namely, eosinophile, basophile, and"
1463,neutrophil,1932,1,In the initial phase of the snow-slide association of the Arabidetum coeruleae acidophiles are lacking and basophiles predominate over
1464,nominally,1665,0,"World, whether it be in the singular number or plural, may betoken plurally or indefinitely, and as much adverbially as"
1465,north-west,1682,0,"South and West of that is the other large area of stations, mostly sheep and not usually quite a million acres, called the"
1466,nostalgic,1782,0,"A variety of, pathetic insanity, to which, from nostalgia its most usual appellation, I have given the epithet"
1467,nothingness,1631,0,Giacometti's celebrated dream in which ‘there was no relation between objects: they were separated by measureless chasms of
1468,nothingness,1652,0,"He is a start mad-man that dares hope for or expect any thing left, but the guts and garbage of nonsensical"
1469,nuance,1781,0,The English and French difference on the Spanish question is considered as serious by people of every political
1470,obituary,1701,0,"In Religious Houses they had a Register or Kalendar, wherein they entred the Obits or Obitual Days of their Founders and Benefactors, which was thence called the"
1471,obituary,1701,0,"In religious houses they had a register..wherein they entered the obits or obitual days of their founders and benefactors, which was thence termed the"
1472,objectionable,1653,0,"Mr. Locke gives a great many very pretty Instructions relating to the Play-games of Children; but I humbly presume to think what he says, in one or two Places, a little"
1473,oblivion,1563,0,By the parliament of 1563 he was chosen one of a commission to administer the Act of
1474,oblivion,1425,0,"Max Brod..twice rescued Kafka's work, first from physical destruction, later from indifference and"
1475,occipital,1726,0,"Sutura lambdoidalis , joins the back part of the Ossa Bregmatis, or parietal bones, to the upper part of the"
1476,occupying,1577,0,"In the woodlande countries..they [ sc. houses] stande scattered abroad, eache one dwelling in the midst of his owne"
1477,octave,1889,0,"The system of imaginaries..had presented itself to J. T. Graves about Christmas 1843... They are called by him Octads, or"
1478,oldest,1425,0,Alle hertes þat is grettest and myghtiest beloweth by resoun shulde be grettest and
1479,oldest,1425,0,It is an error to suppose that the rudest flint implements are necessarily the
1480,oldest,1478,0,"William Brandon is in warde and arestyd fore thatt he scholde have by force ravysshyd and swyvyd an olde jentylwoman, and..hyr"
1481,open-ended,1944,1,"This at least was suggested by their answers to questions in standard intelligence tests, which tended to an alarming degree to be of the closed rather than"
1482,operand,1846,0,"In the term P(Q) these differentiations, or what is the same thing, the operation P, is considered to be performed upon Q as"
1483,operand,1846,0,The operation of multiplication by a vector is distributive both as regards the operator and the
1484,orient,1385,0,He scholde make his sacrifise..on knes doun bent Thre sithes toward
1485,orient,1605,0,"The British pearls are from the mussel, not the oyster; as are also the Bohemian, which are likewise deficient in brilliancy and ‘"
1486,otherness,1587,0,"That strangeness of things, which is the light in all poetry, and indeed in all art, is really connected with this"
1487,outing,1873,0,"With the local Government elections coming up in May it is, of course, time to dust down the loony left and give it another"
1488,outing,1873,0,"From the sultry opening strains of the title tune, it's obvious that this is no routine Tex-Mex"
1489,outing,1990,1,Discussion about who is ‘in the closet’ has generally been held to a discreet murmur... That consensus is fast breaking down with the spread of a phenomenon known as ‘
1490,outpost,1802,0,"The red [thumbtacks] represent the Company's permanent, year-round establishments; the blue ones, the winter posts and"
1491,overboard,1627,0,"Several men picked up the hatch-cover with its ghastly freight, carried it to the lee side, and rested it on the boats, the feet pointing"
1492,overboard,1627,0,"We sailed faster and faster with the yacht tipping over so much we all had to sit on the opposite side, with our legs hanging"
1493,overflow,1598,0,"These Siberian rivers, as all other streams which flow toward higher latitudes, [are] peculiarly liable to destructive"
1494,overflow,1837,0,"Cold water will be admitted through the stop-cock and pipe N into the bottom of the cistern, and will displace the over-heated water by the"
1495,overhear,1549,0,It was as if somebody were trying to say something over the phone and this somebody were taking pains not to be
1496,overseer,1643,0,"Its government was committed to a board of 13 Trustees, including the President, and a supervisory body of 45"
1497,overtly,1325,0,"[They] begin at the wrong end, learning Words first, and perfectly, but make the Notions, to which they [ sc. children] apply those Words afterwards, very"
1498,pacing,1895,0,"The time trial event reduces the sport of cycling to the bare essentials... There's no slipstreaming, no team tactics and no"
1499,paddle,1662,0,The metal has now to be kept constantly stirred by the puddler with an iron tool called a
1500,parametric,1942,1,"Most of these developments have this feature in common, that the distribution functions of the various stochastic variables..are assumed to be of known functional form, and the theories of estimation and of testing hypotheses are theories of estimation of and of testing hypotheses about, one or more parameters..the knowledge of which would completely determine the various distribution functions involved. We shall refer to this situation..as the"
1501,parietal,1861,0,"In adults, a flattened mass of tuberculous tissue (tuberculoma en plaque ) may very occasionally be met with, usually over the cortex of the frontal or"
1502,parishioner,1462,0,"To see their emoluments arise from some other source than tithes, the collection of which frequently renders them very opprobrious to their"
1503,particularity,1638,0,It seems to us important that advisers and parties appearing in person..must be prepared..to analyze issues and present their case with some degree of accuracy and
1504,parting,1330,0,"Not another word. That was their meeting, their conversation, and their"
1505,parting,1330,0,Her escort dropped her in front of the yellow building on Skylark Avenue. She was used to being stared at by people..so she made a great show of the
1506,parting,1585,0,"He..tried to stop the men wearing their hair in the Gaelic style, straight back and with no"
1507,passivity,1659,0,"God in the creation of this world first produced a mass of matter, having nothing in it but an obediential capacity and"
1508,patriarchy,1561,0,"The successors of the first archbishop..built several additional chapels around the Church of the Holy Apostle, laying the ground for what was to become the Peć"
1509,pavilion,1750,0,"Near-colorless diamonds have no visible color face up but do have a very slight suggestion of color—yellow, brown, or gray—visible through the"
1510,payload,1920,0,"It is practicable to use short, lightweight loading ramps which can be carried in the aircraft with a minimum loss of space and"
1511,pedestal,1937,1,The width of the horizontal synchronizing pulse is approximately half the width of its
1512,pedigree,1608,0,The SCC will not register any dog with common ancestors in the first three generations of its
1513,pendant,1506,0,"The broad mighty curve of the reredos pediment is in strong contrast to the roof, with its stars of lierne vaulting and its exuberant"
1514,percentile,1885,0,"For the purposes of classification of the subjects into categories of fatness, we have used the twentieth, fortieth, sixtieth and eightieth"
1515,percussion,1879,0,"Another major invention was that of Martin, who gave the harmonium..‘quicker speech’, i.e. made the sound more quickly follow the descent of the key. The invention is known as ‘"
1516,percussion,1821,0,How much has the treatment of pectoral diseases been improved by the application of auscultation and
1517,peroxide,1804,0,"The air,..after the wax is burned, combines with the superficial part of the oxide, and converts a portion of it into the red or"
1518,perseverance,1384,0,"This licence is only granted when the priest can give a written assurance that the candidate [for reconciliation] is sufficiently instructed and..prepared, and that there is some reasonable guarantee of his"
1519,perspiration,1652,0,"This Spaw water is strongest..in Winters frost, by reason of the earth being the more bound up, and the said spirits being thereby kept from"
1520,phenomenology,1797,0,"In the fourth section, the Motion or rest of matter is determined merely in relation to mode of representing it, or Modality , consequently as phenomenon of external senses, on which account it is called"
1521,pinch,1568,0,"He will neuer flinch, To giue a full quart pot the empty"
1522,plate,1910,0,"Internal fixation is, therefore, advisable by plating the fracture of the radius with a 4-screwed vitallium"
1523,plate,1892,0,"In order to isolate the organisms, one c.c. of each of the liquid stools was diluted 1–10,000 and 1–100,000 with distilled water, and 1 / 10 c.c., 1 / 4 c.c., and 1 / 2 c.c. of these dilutions were"
1524,pleading,1325,0,"The proceedings included a series of assertions and reassertions of right by the parties, and this formal dialogue was the parent of the Art of"
1525,pleading,1450,0,"Orchestrated by keysman Clifton ‘Bigga’ Morrison peeking over a bank of electronic ivories,..the nine-piece outfit were supple yet solid, loose limbed and loping, the perfect foil for Gregory's plaintive"
1526,plethora,1541,0,"Unduly large quantities of water, however, are incapable of complete absorption, and may lead..rarely even to hydremic"
1527,poetical,1425,0,"Plato, who first banished Poets his Republic, forgot that that very Commonwealth was"
1528,poetical,1450,0,"The psalmes are penned in such verses as are sutable to the poetry of the hebrew language, and not in the common style of such other bookes of the old Testament as are not"
1529,poker,1880,0,"I've been told by jokers, That the ladies they do all agree that he's the prince of"
1530,port,1839,0,"The wicks are cut into proper lengths by a machine, according to the sort of candle to be made, and then suspended from a rod or frame, called a"
1531,port,1660,0,"And his Fat comely Corps, so thick and short Made the Soft Pillows groan under his"
1532,positional,1908,0,"Languages which express grammar and modification of sense by position, without external or internal modification of the ‘roots’..may be called Inorganic or"
1533,positivism,1846,0,The course we should recommend the student to pursue is first to read M. Littré's pamphlet De la Philosophie Positive —a masterly exposition of the object and tendencies of
1534,positron,1933,1,"The unit of heavy hydrogen, the deuteron, or deuton, as it has been called, bids fair to rival in interest its recently found cousins, the neutron and"
1535,positron,1933,1,"Working at the CERN atom smasher in Geneva, the team managed to construct antihydrogen from the anti-matter equivalent of a proton and an electron—an antiproton and a"
1536,posterity,1525,0,‘Living History’ projects..in which the reminiscences of members of the community are put on record for
1537,pragmatism,1898,0,"The most recent and (philosophically speaking) fashionable ‘ism’ that the new century has produced—known, by some as Humanism, and by others as"
1538,pragmatism,1951,1,It is true that the Fabian movement and British socialism in general have been built upon foundations quite different from those of Marxism. We have here first of all a sturdy spirit of
1539,predation,1500,0,"Wars were fought, and tribal subjugation sometimes followed, but ambition in the prehistoric Indian appears to have been confined to disconnected"
1540,predation,1958,1,"The courts do not use this cost-based test to establish predatory pricing. Rather, below-cost prices create a presumption of"
1541,predisposition,1622,0,"The chief prodromal causes were lack of adequate exercise in trench life, constriction of the superficial circulation by puttees or boots, and individual"
1542,preservative,1862,0,"Color values were the same on films and plates, whereas photographers say they are usually..reversed on films..tentatively explained as due to interactions between the gas and the film"
1543,proactive,1951,1,"Citizens usually bring matters to police attention... The police department deals with such requests as a reactive organization ... The police also acquire information by intervening in the lives of citizens on their own initiative. In this capacity, they serve as a"
1544,probabilistic,1928,0,"Models which are based on the mathematics of statistics and probability, into which we introduce the uncertainties which usually accompany our observations of real events, are called"
1545,profile,1989,1,"American [Airlines] , to its credit, has stood by the pilot, all the while insisting that the airline would never ethnically"
1546,projective,1839,0,"St. Catherine, God, the Virgin..are merely creatures of our incorrigibly dramatic imagination which..projects them on to the canvas of an empty universe and then proceeds to hail..the creations of its own"
1547,propeller,1842,0,"In the place of the movement or power for onward progress being obtained by movement of the extended surface or plane, as is the case with the wings of birds, I apply suitable paddle wheels or other proper mechanical"
1548,propulsion,1611,0,"The reasonable soul and all its faculties are in children, Will and Understanding, Passions, and Powers of Attraction and"
1549,proviso,1443,0,Provided alwey that this Acte..extend nor in any wise be prejudiciall unto William Herbert..All Grauntes..that come to oure handes or possession by the forfeiture of Sir John Skudamore Knyght oonly excepte and forprised oute of this
1550,proximate,1831,0,"The cold of interstellar space, thousands of degrees below freezing point or the absolute zero of Fahrenheit, Centigrade or Réaumur: the incipient intimations of"
1551,psychopathology,1847,0,"The study of mental disorder bulks large in the field of abnormal psychology, so that a good portion of this field might be regarded as coterminous with that of"
1552,pudding,1896,0,"Daddy, that's just what we're having. Sloppy Joe hamburgers, French fries with catsup... For dessert there's chocolate"
1553,pudding,1731,0,"Without the..danger of making what, in the Language of Distillers, is termed a"
1554,puff,1601,0,"Of congress treating, and a deal of stuff, Mean while strife making, with a vain french"
1555,quarter,1785,0,"The youngest daughter was seized with fits on the 3d of December, being the day on which the moon first"
1556,radicalism,1817,0,"Mr. Lecky..says ‘The year 1796 is very memorable in political history, for it witnessed the birth of English"
1557,radiograph,1880,0,"I will now ask your attention to the description of another and much more perfect apparatus, one which continuously records the intensity of thermal radiation in which it is exposed. This instrument I have called the ‘"
1558,rampant,1300,0,"When he chaseth and followeth after other beasts, hee goeth alwaies saltant or"
1559,rarity,1594,0,"The virtues, even..Charity, Are saving—vice spares nothing for a"
1560,rationalism,1800,0,He describes organotherapy as opening up avenues of thought to a new conception of medicine which will satisfy the longing for logical reasoning and
1561,rationalist,1958,1,"The American has..started to measure, not only human intelligence,..and personality traits, but moral leanings and the ‘goodness’ of communities. He is a"
1562,realistically,1846,0,It is Man who must..call on the Spirit we call God to give him the ability to improve and the vision to see his abilities and defects
1563,rearing,1736,0,"The meat taken out of a flitch of bacon, when the ham is left in: in other words the fleshy part of the leg, which instead of being cut out smoothly, as a round of beef, is raised or lifted with one hand, whilst it is cut out with the other. For a similar reason it is often called the"
1564,reasoning,1425,0,"Like a peripatetic philosopher, Mr Verloc, strolling along the streets of London, had modified Stevie's view of the police by conversations full of subtle"
1565,reborn,1824,0,"This is a study..of the genesis of institutions, habits and innovations, as they are being born and"
1566,recast,1585,0,"The trick in casting is to drop the beetle just as close to the frog as possible... ‘If the frog does not jump for it, slowly pull it away again and"
1567,recast,1625,0,"The bell-maker cast it of pure gold and silver, but its note proved brazen... The bell-maker"
1568,recital,1561,0,"Who..is able to recite all..the studies of the church, in a very large discourse, much lesse in this short"
1569,reckoning,1335,0,"I thought that throwing a little filial piety & fraternal affection into the scale in my favor, might help to smooth matters at the Grand"
1570,reckoning,1547,0,"When the market picked itself up, the censorious went back to waiting grimly for the day of"
1571,reckoning,1548,0,"The King..assured him of Saugrenutio's Obedience; but the High Priest, very much displeased with this Discourse, went immediately away, fully safisfy'd that his Majesty would be vastly mistaken in his"
1572,reckoning,1413,0,The food of these species must be determined and at least some facts pertaining thereto must enter into the
1573,reclamation,1501,0,"Both the said Parties for themselves, and taking burden for their respective Partners, bind and oblige them, their Heirs, Executors and Successors, to stand, abide thereat, underlye and fulfil the same, butt any Appellation or"
1574,recoil,1473,0,"Such is Man's end to epilogue his Toil, He putrifies and does to Earth"
1575,rector,1387,0,"Direct taxes were levied in the form of procurations paid by cities, castles, and lords on the arrival of a new"
1576,rector,1523,0,"The Elector, and the Duke of Wolfenbuttel, are joint Sovereigns, and have the Direction of it [ sc. University of Helmstadt] in their Turns..; when they are pleased to be called"
1577,reel,1460,0,"Instead of Weapons made of Steel, The Captain took a salted Eele, and at each blow made Ellis"
1578,reel,1495,0,"The faithless Flood forsook her Keel,..Stun'd she forgot awhile to"
1579,referee,1626,0,"If any member disapproved of his decision, the matter was referred to outsiders selected by the contestants in the case. In one case, Mr. Charles Francis Adams was so chosen as"
1580,referee,1821,0,What! I didn't know we were to have any figures. I shall have to refer this case to the Official
1581,referee,1841,0,Candidates are requested to send in their names..giving the names of not more than three
1582,reflectance,1893,0,"With a view of examining this system [of nomenclature] , the following list is subjoined... Phenomenon... Reflection. Amount of..."
1583,reflector,1777,0,It consists of an arrangement of enriched reactor fuel in ordinary water and will be used to investigate..the use of different materials as ‘
1584,reflux,1460,0,The heat and cold which surround the globe are in a state of constant and universal flux and
1585,reformation,1563,0,Who could listen to Cardinal Hume's sermon without remembering that he was the first Roman Catholic Church leader to preach before the monarch since the
1586,reformation,1449,0,Whether a Court of Equity will refuse to reform an Instrument..because it happened to be drawn by the Party seeking that
1587,regent,1814,0,The students who were not present at evening prayers were obliged..to register their names with the
1588,regress,1525,0,"The disturbing action of one planet upon another causes the line of the apsides sometimes to progress, and at other times to"
1589,regress,1552,0,"If it [ sc. a line] revolve in the direction of the body's motion..it is said to move in consequentia , or to progress ; if it move in the opposite direction..it is said to move in antecedentia , or to"
1590,regressive,1862,0,"If a monophthong arose from two vowels having a different quality, the levelling was sometimes progressive..; sometimes"
1591,regressive,1888,0,"No government would accept a tax formula under which the average rate of taxation increased for some increases in the amount of income and decreased for other increases, i.e. was progressive for some scales of income and"
1592,remit,1638,0,"I see there is no retracting unless we at once submit to ruin and, to prevent which, it depends on you in"
1593,remittance,1638,0,"It is requisite for him that remitteth, to know..how much the Crowne, Doller, Duccat, or Pound whence he remitteth, is worth in the place whither he would make his"
1594,rendezvous,1848,0,"From the main body of the herd, dimly seen through a dense cloud of dust, a succession of furious animals break off on all sides, some making back to their ‘"
1595,rendition,1652,0,"They have assigned unto it [ sc. memory] three operations, viz. Reception, Retention, and"
1596,rented,1400,0,"This Prince did purge Granada, Valenza, Sainct Lucar, and Cartagena; and planted diverse Bishops seates, ritchlie"
1597,repeating,1650,0,"It must bee our principall care that they [ sc. the trees] be intirely beared, the omission of which, by not taking all the leaves off, turnes back the liberallity of the"
1598,repose,1485,0,"Up rose the Sun and Saul; Both, as men thought, rose fresh from sweet"
1599,repudiation,1842,0,"It was urged that while the authority's dismissal of him amounted to a repudiatory breach of contract,.. [he] had never accepted..such"
1600,repulsion,1679,0,"Problems of motion perpendicular, oblique; of pression and percussion; reflection and refraction; attraction and"
1601,repulsion,1679,0,I have often thought all the several Principles of Philosophy might be comprehended under the two distinct Terms of Attraction and
1602,resilience,1857,0,"In their struggles with the ponderous power of England [the Scotch] discovered an invincible vigour, not only of resistance, but of"
1603,resistivity,1885,0,Anyone capable of working out a formula can therefore find the resistance of any conductor by looking up the tables for specific resistance or
1604,resorption,1714,0,"Until late last year, all drugs approved for treating osteoporosis were considered antiresorptives, because they slow"
1605,resound,1500,0,"Their meeting Force, like Earthquakes, shakes the Ground, Cities, and Mountains, Plains, and Woods,"
1606,restitution,1387,0,"A debtor who has become impoverished by mere change of fortunes, and has not acted fraudulently, is discharged from all liability, and restituted, provided one half of the creditors to whom a half of the debt is due consent to such"
1607,restitution,1656,0,"Contraction being the proper and natural Action of muscular Fibres, some Authors ascribe Dilatation to a Motion of"
1608,restitution,1831,0,"The mechanism of the different cranial positions..is divided, after the manner of the French, into a series movements of the fœtal head, viz. flexion, rotation, extension, and"
1609,restitution,1831,0,The baby's head slips out and then it starts to turn to come into line with the shoulders which are still inside... This is called ‘external rotation’ or ‘
1610,resurgence,1798,0,"He traced, with painful pleasure, the rapid decline, and the slow rise, of the sun of Science; he investigated the paths of its"
1611,retract,1650,0,"It is the same in undistracted phantasy, which they admit, when there is nothing that can"
1612,retraction,1890,0,The only major objection to it must be that there are no other cases in Old English of non-velarized l preventing fronting or causing
1613,retrograde,1518,0,"Ther-fore it is good for Princes, if they vse ambitious men, to handle it so, as they bestil progressiue, and not"
1614,retrograde,1932,1,The changes which befall metamorphosed rocks subsequently to the culmination of metamorphism..are of the nature of degradation... This class of changes includes what Becke has styled ‘diaphthoresis’... It will be more convenient to speak of
1615,retrograde,1797,0,"Letters patent were granted..for a Machine producing Retrogradatory Motion... This machine may be worked by hand, or any of the other ordinary powers, and it will be of infinite service in raising coals from ships' holds, for..mangles, and for every species of"
1616,returned,1592,0,"Some persons have reported, and that with Reason enough, that the Penalty of False Returns shou'd be greater both on the Returner and the"
1617,reversion,1698,0,"If y be a given series of powers of x , the determination of x in a series of functions of y is not called inversion, but"
1618,rheumatic,1699,0,The hospital's closure was strenuously opposed by the consultant rheumatologists to whom it was obvious that to halve the number of beds in the regional centre would gravely impair the
1619,rheumatic,1738,0,"It is a peculiarity of this disease [ sc. rheumatoid arthritis] that patients are not affected by changes from dry to humid climate, as are"
1620,ribosome,1958,1,The nucleic acid of the chromosomes forms a ‘messenger’ molecule which leaves the nucleus and joins particles in the cytoplasm which are called
1621,riding,1175,0,"The sun went down and the frog-like nightjars came out, hawking along the"
1622,riding,1667,0,"Any Defamation..expressed either by Signs or Pictures, comes within the Notion of a Libel;..as by exposing a Man and his Wife by a Skimmington or"
1623,riding,1325,0,"We accursen hem by the auctorite of þe courte of Rome..sleping or waking, going & sytting, stonding and"
1624,riding,1425,0,"When the Inflammation and Swelling have subsided..our Eyes will direct us, to bring the Bones together without"
1625,riding,1425,0,"An extra pair of points are used to prevent the black from falling on the red, which is termed"
1626,ripple,1939,1,"The ice cream cone is 50 years old, but it will never be middle-aged. Chocolate, vanilla, strawberry, maple walnut, pistachio, lemon sherbet, fudge whirl or cherry"
1627,rising,1597,0,"If the Bass do rise more than a fourth, it must be called falling: and likewise, if it fall any distance more than a fourth, that falling must be called"
1628,rising,1597,0,If we pass alternately from a third minor in descending to a third major in
1629,rising,1597,0,"With respect to the harmony, the difference consists in this, that upon its tonic it carries a third minor in the beginning, and major in ending, in the accompaniment of this scale, as well in"
1630,rising,1850,0,"The making of horizontal excavations is termed driving; those downwards are called sinkings, and those upwards"
1631,roaring,1840,0,"The quality of the systolic murmur may be..rasping, sawing, filing, or if the blood be spanæmic,"
1632,roast,1858,0,A few epicures come down to the coast every season to indulge in clam-bakes and mussel-
1633,rolling,1751,0,"There are few such motions in the human body carried on with greater agility, than that manner of beating the drum, term'd"
1634,roommate,1789,0,"On the fourth floor, the sophomores' floor, Vicki headed to the tiny room she would be sharing with three"
1635,rotary,1799,0,"Two sets of magnets are employed, the one set stationary and the other"
1636,rubble,1376,0,"There are found..goodly marble pillers, with other hewen and carued stone in great abundance, among the"
1637,rudder,1898,0,Canadian otters are larger and bulkier [than British ones] with broader and deeper heads and thicker
1638,ruled,1606,0,"Laws, Magistrates, &c. must be at the choice and dispose of such as rule, and also above the"
1639,ruled,1606,0,"A Politician distributes Mankind according to their civil Characters, into the Rulers and the"
1640,ruled,1606,0,"God bless the narrow sea which..keeps our Britain, whole within herself, A nation yet, the rulers and the"
1641,ruled,1606,0,"He may become a hero, and, though punished by the rulers, may be rewarded by the"
1642,ruling,1659,0,"That clear and wholesome Weather is signified by a Trine or Sextile; foul and unwholesome, by a Quartile; indifferent, by a Conjunction, rather the one than the other, according to the condition of the"
1643,ruling,1657,0,"The Dutch are a good example to us, who have served almost all Europe with East-India Commodities.., bringing such quantities home, as by their experience they guesse will yearly serve this Quarter of the World, and feed the Market therewith as their"
1644,ruling,1657,0,"There was an indication of demand for bills on England, as a means of placing capital here, to take advantage of the"
1645,salt,1513,0,"Wald thou..mak amendis, I sal remyt this falt; Bot, other wais, that sete sal be full"
1646,salt,1513,0,"And he to me wit thow maid ony falt, To the that wil be ful sowre and"
1647,saving,1802,0,"Even if you're not ready to spend a penny on new appliances or weatherizing, you can achieve significant reductions by practicing common-sense energy-"
1648,scaffold,1470,0,"Shame that the Muses should be bought and sold, For euery peasants brasse, on each"
1649,scold,1377,0,"For Gods, we are by Homer told, Can in Celestial Language"
1650,scour,1489,0,"Like to a Curre that Carrion hath deuour'd, And cannot rest, vntill his mawe be"
1651,secession,1604,0,"No desire—or fear—or doubt that troubles the air,..that the imagination may not pass over without offence, in that sweet"
1652,secession,1660,0,"Some assurance of united action must have been obtained, for South Carolina ventured into"
1653,secession,1896,0,"Inside it was composed of every style of mural decoration, but predominantly what was called ‘art nouveau’ or ‘"
1654,seduction,1531,0,No man is willing to be thought seduced; and this is frequently the very thing which causes us to fall into
1655,seduction,1531,0,"The Administration..committed the double wrong of robbing the national institution of its right, and of leading its new trustees into temptation; and..it prompted, it philtered them into"
1656,seduction,1544,0,"Make me to be within the conditions of peace, that I..be unmoved with the terrours of the world, unaltered with its allurements and"
1657,segmental,1854,0,"Segmentation in the developing brain is neither as regular nor as apparent as it is in the spinal cord. However, during early development (at least), segmentation can be determined in the basal portion, which is, therefore, known as the ‘"
1658,self-conscious,1685,0,"We are certain by inward sense that we can reflect upon ourselves and consider ourselves, which is a reduplication of life in a higher degree; for all cogitative beings as such are"
1659,self-help,1628,0,"In the destitution of the wild desert does our young Ishmael acquire for himself the highest of all possessions, that of"
1660,selfishness,1628,0,"The creed and cult of self-development..arrogates to itself the title of New Thought, but contains in reality nothing but the Old"
1661,separatist,1871,0,"Members of that party might be known as Unionists. Our opponents are the party of separation, and they may be known as ‘"
1662,separator,1869,0,"The parallel through S to a ray meets the sphere in two points, poles of a great circle which I call a ‘"
1663,serenity,1641,0,"Untill the tenth of her raign, her times were calm and serene, though sometimes a little overcast... For the clouds of Spain, and Vapors of the holy League, began then to disperse and threaten her"
1664,servitude,1659,0,"As they were on their way to the magistrates he observed, that if he went before them, it would be a seven years'"
1665,sexism,1866,0,"We have among us now every Old World ism ever conceived—Socialism, Communism, Nazism, Anti-Nazism, atheism, semitism, anti-semitism, internationalism, Fascism,"
1666,shopper,1924,0,"Jeffrey's going to shop you sooner or later, because he's a natural born"
1667,shroud,1412,0,Nor doth the soul that in this flesh doth croud Her self rely on that thick vapour where she's
1668,sighted,1552,0,"Any of us whose heart is rightly tuned, or whose mind is clearly and surely"
1669,signifier,1956,1,"He is now testifying, a form of signifying in which a respondent praises and reinforces the verbal skill of the"
1670,signing,1891,0,"Speech is a more general and more available form of communication than writing, spelling, or"
1671,signing,1891,0,A collection of mostly hearing teachers decided..that deaf people should not be free to use their native language—
1672,signing,1905,0,We're not doing our job in merchandise presentation..if our customer has to ask for a lot of help... They should be able to navigate with visual cues and
1673,simmer,1653,0,That sort of farthing candlelight which glimmers Where reeking London's smoky cauldron
1674,simplex,1876,0,"In order the better to understand the duplex system it may be best to consider first the connexions necessary for the ordinary method of working a telegraphic circuit, or, as it is now called, for"
1675,sind,1350,0,"Als þe childe stouped þam bihind, To tak water, þe coup to"
1676,sinking,1440,0,"With an offshore wind, coastal upsetting will occur; with an onshore wind, coastal"
1677,sitter,1860,0,If media were unable to get into a trance the sitting was cancelled and the money returned to the
1678,slack,1794,0,"Jones was forcing his foot into my back in order to cinch me tighter, while I was trying with my muscle to steal"
1679,slack,1966,1,"Now, if the brother couldn't come back behind that, I usually cut him some"
1680,smother,1920,0,Unless experience shows that there is a certain definite play to watch or a certain player to
1681,softness,1636,0,He finds that the slightest difference in foot pressure gives him a different corresponding loudness or
1682,softness,1553,0,"A certain gentle indifference she showed to things considered important, the neighbours attributed to weakness of character, and called"
1683,sore,1374,0,"Of covoitise if ther be more In love, agropeth out the"
1684,sounding,1599,0,"Old Dan bears you no malice, I'd lay fifty pounds on it! But, if you like, I'll just step in and take"
1685,south-east,1325,0,The victorious army swung southward along one of the Pindos valleys that run conveniently for one travelling from north-west to
1686,sparkle,1200,0,"If like a flint he sends a sparke out, it must as soon be extinguished as shewes, and cool as soon as"
1687,spent,1609,0,"And thou in this shalt finde thy monument, When tyrants crests and tombs of brasse are"
1688,spent,1596,0,"Thy sap by course of time is blent, My sence by care and age is"
1689,spent,1595,0,"When I had made something more than a League of Way by the help of this Current or Eddy, I found it was"
1690,spinning,1753,0,By making the viscous liquor..pass through a fine perforation in the organ appointed for this
1691,spinning,1883,0,The pressing of this viscose mass in continuous filaments through a fine aperture is commonly known as
1692,spinning,1644,0,"The practical Rules of Writing,..the first and greatest of which is Protraction, or the Art of"
1693,spinning,1824,0,Unscientifically formed projectiles..have to receive a counteracting agency in the shape of additional
1694,spoil,1382,0,"My limbs are bowed, though not with toil, But rusted with a vile repose, For they have been a dungeon's"
1695,sprout,1563,0,"He says..repreuand that thai wynkit and bure with sum, leueand be thair silence the auld fayth without defence, suffered prophane nouelteis to"
1696,squash,1611,0,"Anon, our Hero's Boots, well-soak'd with Wash, At ev'ry Step return'd a dreadful"
1697,squatter,1824,0,The portrait of a toad ‘from life’ is creditable alike to the artist and the sitter—or rather
1698,stabilizer,1913,0,It is in the provision of this form of [flume] control that the main differences lie between the flume stabilization system and the older types of passive tank
1699,staging,1855,0,Chrysanthemums are now displaying..bloom under glass... Be careful not to spill water on the floor and
1700,staunch,1575,0,"For, scarce a spear's length from his haunch, Vindictive toiled the blood-hounds"
1701,steep,1594,0,"Time, tho' he wield the darts of death and sleep, And those thrice mortal barbs in his own poison"
1702,steep,1592,0,"Swim o'er the Tiber, if you want to sleep, Or the dull Sense in t' other Bottle"
1703,steep,1591,0,When the soft dews of kindly sleep My wearied eyelids gently
1704,sterility,1426,0,"Sicily was the granary of Italy: and the quantity of corn carried off from it by the Romans, is probably a chief cause of its present"
1705,sterilize,1930,0,"Even though the United States is no longer on the gold standard, the term [ sc. sterilization] continues to be used with the understanding that not gold but other reserves..are being"
1706,sticker,1832,0,"He began his cricket life as a carefree, attacking batsman but established himself as an ultra-reliable"
1707,sting,1398,0,"A cloud of cumbrous gnattes doe him molest, All striuing to infixe their feeble"
1708,sting,1872,0,"The genuine sort [of Pointers] has a tail thick at the root, and gradually tapering to an absolute point or ‘"
1709,stony,1400,0,"A gravelly soil consists chiefly of small stones from the size of a pea to that of a walnut, but when a large proportion of the stones are of the latter size or larger, the land is said to be"
1710,stout,1903,0,"A..ferocious insect, thicker than, and about the size of a hornet, which it resembles in being barred with black and yellow. This formidable insect, the Newfoundlanders call the"
1711,structuralist,1870,0,"One man is interested in city-structure, and another is interested in the description of cities... If a city is built in the form of a square, this is not more likely to escape the eye of the descriptionist than that of the"
1712,subclass,1852,0,"In 1958, the entire population was subjected to political classification, with successive classifications culminating in a system of three classes and fifty-one"
1713,subservient,1624,0,"The principal character was that of a merchant... Another leading event in the fable was, the sudden acquisition of a fortune by a Devonshire rustic... The other characters were"
1714,subterranean,1773,0,"That very ancient, and may we not say biblical classification of all intelligent orders, under the three heads of celestials, terrestrials, and"
1715,superstructure,1937,1,This heat influx resulted in widespread metamorphism and establishment of an amphibolite-grade infrastructure (Kiokee Belt) and a greenschist-grade
1716,suppressor,1930,0,"Everyone..should beware of people who told them that all appliances must now be suppressed, especially if they were trying to sell"
1717,swallow,1340,0,"Patients with callous appetites and hebetated tongues, who have lost the delighted sense of"
1718,swarm,1386,0,"The youthful Prince, with loud allarm, Calls out the vent'rous Colony to"
1719,sweetheart,1959,1,"William Safire..raised the question of whether the $3.4 million loan that was granted on Jan. 7, after Lance had accepted the sensitive OMB job, was a ‘"
1720,tableau,1874,0,"The first step, in the case of most Patience games, is to arrange a certain number of cards face upwards on the table. The cards thus arranged are known as the ‘lay-out’, or"
1721,tack,1446,0,An ther wur beacon upon rack An plates to yet it upon
1722,tack,1700,0,"[The Massilians] Without a bridle on the bare back, Make with a stick their horse or mare"
1723,taker,1425,0,It was common custom to..mingle with the pleasure makers and pleasure
1724,taking,1603,0,"She..recovered herself, assuming an expression of dignity that was somewhat imposing, or shall I say, in my own rough way, rather ‘"
1725,tame,1563,0,"The tribunal lately so insolent, became on a sudden strangely"
1726,tame,1500,0,Nor cou'd Vulcanian Flame The Stench abolish; or the Savour
1727,thine,1225,0,"Better among the rootling swine, In forest drear and lone, O Alfgar, than be bride of"
1728,threatened,1960,1,"Endangered (E)..Taxa in danger of extinction and whose survival is unlikely if the causal factors continue operating... Vulnerable (V)..Taxa believed likely to move into the endangered category in the near future if the causal factors continue operating... Rare (R)..Taxa with small world populations that are not at present endangered or vulnerable, but are at risk... A taxon at subspecific level which might qualify for the V..category has not been included if no other subspecies of the species concerned is in a"
1729,tickle,1530,0,I am trying if Mr. Horner were ticklish..I love to torment the confounded Toad; let you and I
1730,toleration,1692,0,Moved that the Quakers shall not have the benefit of this Act before they take the Declaration in the Act of
1731,trace,1350,0,"Twelve young mules, a strong laborious race, New to the plow, unpractis'd in the"
1732,translocation,1868,0,"The large protein molecule is relatively immobile, with a low coefficient of diffusion, and consequently is converted into more readily diffusible substances for"
1733,translocation,1921,0,A condition of triploidy for certain sections of chromosome had been met with in the previous (unpublished) studies on duplications and on
1734,translucent,1726,0,"Concentrated caustic soda causes a curious change to take place in cellulose, whereby the fibres become glossy and"
1735,triglyceride,1860,0,"Glycerol..deporting itself like a trihydric base, is able to combine with three radicles of fatty acids... The resulting compounds are called ‘"
1736,triglyceride,1860,0,"The glycerides of butter fat contain butyric, caproic, caprylic, capric, lauric, myristic, palmitic, stearic, and oleic acids, as"
1737,trillion,1635,0,"I am not un-acquainted with the Names that many give to the like Numbers: as, 340567 Unites. 876054 Million. 876054 Billion. 456786"
1738,trillion,1635,0,"Coruscant, which is the capital of the Star Wars Galactic Empire, supposedly has a population of around three"
1739,trillion,1690,0,"The name of the first period being units; of the second, millions; of the third, millions of millions, or bi-millions, contracted to billions; of the fourth, millions of millions of millions, or tri-millions, contracted to"
1740,trillion,1830,0,"The English [system] goes on with thousands of millions, tens of thousands of millions , and hundreds of thousands of millions ; instead of Billions .., and thus, brings the Billion order, where the French has the"
1741,tubercle,1657,0,"The thickened tuber-like roots of the Dahlia are simply reservoirs of nutriment, and are known as"
1742,turning,1225,0,"A decoction made with the flowers of Lavender, Horehound, Fennell, and Asparagus rootes, and a little Cinamon, is very profitably used, to helpe the falling sicknesse, and the giddinesse or"
1743,turning,1460,0,"It wasn't that he knew anything about computers, nothing at all, but his mind was full of strange twists and lateral"
1744,turning,1509,0,"The turves are spread out to complete the drying, a long process involving much further handling and"
1745,unison,1450,0,The Diapason or Eight in Music is the sweetest Concord; insomuch as it is in effect an
1746,unjustified,1640,0,"Had your learned counselled you to bring your Action in the Common Pleas, your Character, Madam, might have been justified, if the Pamphlet Nemesis had called it in question. But by a process in the Crown-Office, your Character will remain"
1747,unpack,1611,0,"Two-thirds trappers,..and one-third camp-keepers; who cook, pack, and"
1748,unsaturated,1758,0,"A radical..is a portion of a molecule, a group of atoms, the affinities of which do not wholly saturate one another, the radical being uni-, bi-, tri-, quadri-, &c. valent, according as 1, 2, 3, 4,..affinities are left"
1749,uptake,1889,0,Advantage is taken of the hollow towing bollards..to utilise these also as
1750,valour,1400,0,"Yiff that he durste hym abyde, Undyr the forest off Arsour He wolde assaye hys"
1751,valour,1330,0,"Kyng Artour gan her fayre grete, And sche hym agayn, with wordes swete, That were of greet"
1752,vanguard,1786,0,"To the fore-going may be added,..Smooth-leaved Royal George..Steward's late Gallande.."
1753,vegetative,1450,0,"The fermentation process itself starts off with a phenotypically correct clone, isolated from a working seed lot used to inoculate one or several flasks containing"
1754,veiled,1602,0,You have always..approached with a very unusual directness subjects and points of view that other people keep rather under sealed lips and
1755,veneration,1683,0,"The persons..who were stiled Baalim, had a great regard paid to their memory, which at last degenerated into a most idolatrous"
1756,vent,1558,0,"Blow , the forcing of displaced air through the molten metal from insufficient"
1757,vent,1640,0,"Thus as to and fro they went,..Giving their impatience"
1758,vent,1644,0,"The other day into a place I went, Where Mortals use to go, that want a"
1759,vent,1570,0,"The swelling Bag he rent, And all the Furies issued at the"
1760,vent,1570,0,It was generally thought sufficient for the purpose..that the smoke should ascend the proper
1761,vent,1602,0,Winds for ages pent In earth's dark womb have found at last a
1762,vile,1393,0,Þar-fore hii deide in dedli sinne... After in a lite while Þai be-come dragouns
1763,vile,1320,0,"And all the feasts that thou hast shared erewhile With other kings, to mine shall be but"
1764,vile,1400,0,Sche wolde be more certayn That he schulde here no-wayes be-gile Ne holde here afftir for no
1765,vile,1400,0,They synnyd so sore in þat ylk while that many men wept and cursid þat
1766,vindicate,1650,0,"Prevention of intrusion upon private property is a right which every proprietor may act upon, and use force to"
1767,violet,1400,0,"There are other kindes which they call gilleflowers of the Indies, the which are like to a fine orange tawnie vellet, or a"
1768,virulent,1577,0,"In certain cases it contains specific agents in the causation of disease, and promotes their development or renders them more"
1769,vitreous,1800,0,"Like sulphur, it [ sc. selenium] is capable of existing in various allotropic modifications, one of which is crystalline, the other"
1770,vogue,1571,0,"M c Fadzean that most bloody Rogue, Who for his Villany did bear the"
1771,vogue,1571,0,"While you can find one Factious Rogue, To sway the Poll, and get the"
1772,wade,1400,0,"To wynne the Ioy that is eterne, Fro which go bakward youthe hir made, In vanite to droune and"
1773,waking,1340,0,"To say he hath seen a Vision..is to say, that he dreamed between sleeping and"
1774,warden,1330,0,"My Lord High Constable,..Since I am to lie in ward, I could not have desired a kinder or more courteous"
1775,washer,1530,0,"In these days when washing is made either a fad or a religion, according to the temperament of the"
1776,watery,1595,0,"The tax schemes are jokingly referred to as ‘Bottom of the Harbour Pty Ltd’, by members of the Sydney tax avoidance fraternity, as many of the documents have gone to a"
1777,wearing,1225,0,"The waved water chamelot, was from the beginning esteemed the richest and bravest"
1778,weathering,1739,0,"The measurer takes a line or tape and begins..at the plinth, then stretching the line to the top, bends it into the offset, or"
1779,weave,1831,0,"Weaving ..consists in a motion of the head, neck, and body, from side to side like the shuttle of a"
1780,weighty,1617,0,"If foreigners, who take our money in large parcels only by weight, are suffered to pour in light money upon us, at the same rate as if it were"
1781,weighty,1828,0,"My chief fear of the work is that..it may prove..in some parts heavy. I shall work it up, however, as much as possible, and endeavor to lighten it where it is"
1782,were,1330,0,"Þe Erl..þoughte no feyþ til [him] wold bere, But he in pes his wyf myght"
1783,were,1400,0,Hit is our shilde & our spere a-gainis þe feinde for to
1784,whine,1330,0,"Þe helmes þai seyen briȝt schine, Þe stedes nyen, and togider"
1785,wholeness,1681,0,"Our whole Man will be in Exercise; the Understanding directing, the Will complying and following the Guidance, and the executive Powers moving in obedience to the Will as they ought. This maintains an integrity or"
1786,wholeness,1681,0,"Unity , power , and being are contained in this third triad; but then each of these is multiplied, and so the whole triad is a"
1787,wholeness,1681,0,What shapeless and ragged utterances Englishmen are content to give vent to—without attempting anything like a shape or a
1788,wide,1300,0,"Couetys, hordan, envie, and pride Has spred þis werld on lenth and"
1789,womanhood,1608,0,Notched charts which followed the changing stature and figures of the Misses St. Peter from early childhood to
1790,workmanship,1578,0,"That it might haue 3. hot moneths togither to work it to his ful perfection... I haue thought good..to set downe mine own fansie, for the easier stirring vppe of this Malmesey to his"
1791,workup,1948,1,"He'd been working around the clock for three months to get his ship ready for action, racing through the acceptance trials and conducting continuous"
1792,wrest,1400,0,"Langer slepe ne rest Ne myght I nat, so were my wittis"
1793,wrest,1529,0,"The Earth with dreadful Gripes was sore opprest, Which did its twisted Bowels"
1794,wring,1225,0,Þe bloode a non began out to springe And þan þe watir after to
1795,wrong,1330,0,"Tis the chief Praise that e'er to Kings belong'd, To right with Justice, whom with Pow'r they"
1796,absorbing,1825,0,"The author has a plot and a direct, concise manner of telling his story that makes the book"
1797,academically,1608,0,"I would willingly aduertise the Reader that shall vndertake to iudge of this Worke, to take heed that he fall not into any of these seuen ouersights, as some others haue done; that is: To referre that vnto law and dutie, which is proper vnto action; that vnto action, which is onely to be censured; that to resolution and determination, which is only proposed, consulted of, and problematically and"
1798,academically,1626,0,"Although you can not find the word in the Oxford University English Dictionary, Micropaleontology has come of age both commercially and"
1799,aching,1697,0,"Sadness is prevalent throughout the album, but there is an underlying hope within the often stark beats and with Smith's"
1800,acquiring,1606,0,Grant an understanding heart..that we may have..freedom from the disappointments of empty outreaching toward still emptier
1801,aeration,1828,0,"Various additions are made, either to the bottle before filling, or to the liquid in bulk before"
1802,aerospace,1959,1,The use of acoustic energy to perform all those functions in hydrospace for which electromagnetic energy is employed in
1803,aesthetically,1801,0,"Biography, of which the ancients treated with profound judgement, and which had been totally neglected in the middle age, was gradually revived after the restoration of the sciences, and now was more psychologically and"
1804,afterlife,1598,0,How can we ever succeed in tidying up this life if half our minds are concentrated upon an unproven and most problematical
1805,alcove,1663,0,"Amaranths, and Eglantines, With intermingling Sweets have wove The particolour'd gay"
1806,algal,1846,0,"He refused his assent to the opinion that Lichens are of a dual nature, partly fungal, partly"
1807,alphabetically,1639,0,"We cannot but suspect that the phonetic portion of Hieroglyphics might be too familiarly known to be deemed worth describing; even as we, in speaking of a foreign language, should scarcely mention that it was written"
1808,ambience,1953,1,"Microphone placement in a room, distance from the sound source, and type of microphone, all determine the extent, nature and modification of the"
1809,amorous,1522,0,"Stored with no lesse variety of discourse To delight the Generous, then of serious advice to instruct the"
1810,answerable,1565,0,"Suche a number of bookes..whiche yet not answered, might seeme therfore to be let alone, for that thei were not"
1811,antebellum,1801,0,"The Democratic platform called for suppression of the rebellion and restoration of the Union, as it had been"
1812,antiseptic,1732,0,"In compound fractures there is an irregular wound, which..may therefore contain in its interstices the atmospheric germs which are the causes of decomposition, and these must be destroyed by the energetic application of the"
1813,apiece,1430,0,Sixe water pottes of stone..contaynynge two or thre fyrkins a pece [1611 King James
1814,arbitral,1609,0,The most significant event of the past year in the development of international arbitration has been the virtual establishment..of the New Court of
1815,ascension,1617,0,"To some, there is not a greater vexation, then to be advised by an inferiour. Directions are vnwelcome, that come to vs by"
1816,baboon,1592,0,"Morning finds us marching to the wall Under the direction of some goon Political, some uniformed"
1817,ballot,1603,0,So without any more ado those thirty whose lot it is to have the golden balls go into the Council and
1818,barbecue,1764,0,"A kid that had been cooked in a hole in the ground, with embers upon it... This is called a ‘barbacoa’—a"
1819,betterment,1594,0,A prudent Sire Who little careth what may crosse his childs desire But what may most auaile vnto his
1820,biosphere,1899,0,"Some geographers even bring in the layer of living matter to complete four parts of the physical globe—the lithosphere, hydrosphere, atmosphere and"
1821,blocking,1799,0,"For stiffening of crown, we would recommend ‘Rubber Paste’... Apply lightly with brush inside crown before"
1822,booking,1790,0,There is still a considerable fraction of the traveling public that makes multiple
1823,booking,1880,0,"The managers Dickson, of the Grand Opera-house and Park Theater, have but twenty-one vacant nights at their houses between September 6 and April 14, a thing unprecedented in the matter of amusement-"
1824,boxing,1869,0,"The lessees of the runs through which public roads run, or their employés, are at liberty to post flocks of sheep along the road wherever there is a little grass or a waterhole, often rendering it extremely difficult for the travellers to avoid ‘"
1825,burlesque,1870,0,There are numberless people..who are utterly unable to see any difference between the dancing of a ballet-girl and the caperings of a jigging
1826,buttress,1645,0,The stones of this wall were smaller than the larger masonry blocks of the Fortress II tower and
1827,camouflage,1915,0,Headquarters visited Amiens to visit French..GOC Brig and Div and Gen. Morland..methods of French confluage [ read
1828,camouflage,1945,1,The scene was characterized by elements of rural culture: one girl appeared in an American flag T-shirt; a couple of boys wore
1829,carotene,1861,0,"The author does not attempt to decide whether the crystals formed in this reaction are all xanthophyll or all carotin crystals, or whether these are identical or whether they consist in part of colouring matters nearly related to"
1830,casing,1928,0,Laying out the route of escape before consummating a robbery comes under
1831,catalysis,1836,0,"Many substances..possess the power of exercising upon compound bodies an influence essentially distinct from chemical affinity, an influence which consists in the production of a displacement, and a new arrangement of their elements, without their directly and necessarily participating in it... In defining it a new power..I shall designate it..the catalytic power of bodies; and the decomposition it produces I shall call"
1832,catcher,1564,0,"Holdyng the lappe of his goune abrode, as though he would catche something, and to wardes thesame lappe or spred goun doth falle..a churche. [ Margin ] A"
1833,catcher,1855,0,Brainard and Young getting their runs by stealing in on the pitcher and
1834,catcher,1967,1,"I ain't one of them muthafuckin' faggots. Sure, I have sex with men, but I'm the pitcher not the"
1835,catching,1600,0,"A well-behaved person endeavours to avoid, rather than provoke yawning, which is too often very"
1836,catholic,1567,0,"Jewel stated categorically that the Church of Rome by professing doctrines which had no basis whatever in early apostolic and patristic Christianity, could no longer claim to be a"
1837,catholic,1531,0,"The moste noble lady Catharine, quene of Englande, doughter of the Catholike king Ferdinande [Latin Ferdinandi regis"
1838,centrifuge,1823,0,"It would..shrink inward, if so it might itself remain the One, by recoiling from the One—& find a center by"
1839,cession,1641,0,"When an Ecclesiasticall person is created Bishop, or when a Parson of a Parsonage taketh another Benefice without dispensation or otherwise not qualified..their first Benefices are.. said to become void by"
1840,chairperson,1899,0,"A topic having to do with Mitch getting more power on the board of WiseWomanWorld , of which he is the chairman, oops,"
1841,changeable,1398,0,"One line of enquiry leads to the conclusion that God is changeless, another to the conviction that God must be"
1842,changeable,1612,0,"It was originally a white cat, but..it changed colour every time the house was painted, and at the time of its disappearance was yellow..with a"
1843,changeable,1645,0,"If men have excellencies, they should be humble, and fearing, not boasting and confident, especially when their excellencies are in the number of movables, and"
1844,chloroform,1838,0,"La formule..correspond à un chlorure d'hydrogène carboné, qui est l'équivalent de l'acide formique anhydre..C'est ce qui m'engage à la désigner sous le nom de"
1845,christen,1340,0,"There be thre maner of Baptismes..One in water..another in the Holy gost & fyre wherof Christ was institutoure, the third in his blod wherin the Children that Herod slewe were"
1846,cinder,1530,0,"Johnson: So many bellows have blown the fire, that one wonders he is not by this time become a"
1847,citrate,1788,0,The reverted phosphate..is largely soluble in a neutral solution of ammonium
1848,civility,1644,0,"An inforced uniformity of Religion throughout a Nation or civill state, confounds the Civill and Religious, denies the principles of Christianity and"
1849,clout,1550,0,"As sober as she seemth, fewe dayes come about But she will ones washe her face in an ale"
1850,coaching,1847,0,"[A young, inexperienced coxswain] can know nothing of the practical part of training a crew;..not so, however, the old oarsman: he knows what should and should not be done. He has submitted to"
1851,coaster,1898,0,"We English when we talk about the ‘Coast’ mean only the Gold Coast, whereas it actually includes Gambia, Sierra Leone and Nigeria. Those living there, however, are generally spoken of as ‘"
1852,cockroach,1756,0,Isopods are usually larger shrimp-like crustaceans found on rocks or beach litter on the coast: locally they are known as sea
1853,cocoon,1699,0,"To the artificial coverings..whether of silk, wood, or earth, etc...which have been called by different writers pods, cods, husks, and beans, I shall continue the more definite French term cocon, Anglicized into"
1854,comical,1475,0,"As to the Plot, they deny it to be Tragical, because its Catastrophe is a Wedding, which hath ever been accounted"
1855,comical,1589,0,There is the character dancer who may specialise in the miming of comic rôles or in villainous miming (usually also
1856,consumerism,1915,0,Some of the oldest and most successful consumer enterprises grew independently of the rural impulse that in recent years has been most active in spreading the idea of
1857,cooling,1790,0,The location of a room is one of the determining factors—whether shaded..or light and sunny on the south calling for dainty and
1858,corporal,1579,0,"The word Caporall, which is a meere Italian, and also vsed by the French, we corruptly do both write and pronounce"
1859,cove,1768,0,"Tis mine to rove Through bare grey dell, high wood, and pastoral"
1860,craze,1825,0,"The glaze is every way better,..and scarcely ever liable to"
1861,craze,1825,0,English tile makers tended to use a glaze..less likely to
1862,crowdfunding,2007,1,"The traditional route to market for some entrepreneurs is being turned into a two-way street, thanks to the new trend of"
1863,crowned,1450,0,"It was ordeyned, that their yearely festiuity should be celebrated vpon this day, togeather with the former fiue, vnder the Name of the foure"
1864,damnation,1350,0,"If you do go to this confession, without the mind being pure, and you confess all your sins before God and your confessor, you had better stay away, for this impurity also is"
1865,damping,1870,0,The vibrations of a tuning fork properly constructed and mounted are subject to very little
1866,daze,1386,0,"Whose more than Eagle-eyes Can..gaze On glittring beames of Honour, and not"
1867,debugging,1931,1,"He instanced what had been done in rehousing people in Kennington, and said that some 98 per cent. of the removals required ‘"
1868,decompression,1905,0,The incidence of ‘divers' bends’ may also be reduced appreciably by using a mixture of helium and oxygen to replace the air in the pressure chamber used in
1869,deconstruction,1973,1,"To locate the promising marginal text, to disclose the undecidable moment, to pry it loose with the positive lever of the signifier; to reverse the resident hierarchy, only to displace it; to dismantle in order to reconstitute what is always already inscribed."
1870,defamation,1529,0,"If any dare so much as point at you with their fingers, or call you Cuckold as formerly they did, if they doe, then have you civil Law on your side to punish them there, and an action at the Common law for"
1871,defamation,1529,0,"These honourable Doctors and Sheriffs instigated Mr Watson, the Procurator Fiscal to the Justices, to raise against me a prosecution for blasphemy and"
1872,degeneracy,1925,0,Taking the case of a hydrogen atom..we arrive at the well-known expression for the energy... This last equation corresponds to (3) above and the system is thus seen to possess a one-fold
1873,dent,1325,0,"Plates yrent, Shew'd all his bodie bare vnto the cruell"
1874,devolution,1885,0,You probably come to me thinking that Canadian and American experience may help to solve the Irish question. There is hardly any thing to be learnt from such experience in favour of what Mr. Gladstone speaks of as ‘
1875,devolution,1655,0,"But sometimes the Coefficients of the Inferiour degrees, especially where they be many or great, may so far influence the higher punctations, as that the first, (nor perhaps the second, or third) may not afford a Figure for the Root;..which they call a case of"
1876,dictation,1648,0,"The drift of my Invention for Teaching is, That all Things Necessary to be known may be instilled into Learners without..the ill Custome of"
1877,digging,1843,0,"She won't be taken with a cold chill, when she realises what is being done in these"
1878,diphtheria,1863,0,I have also seen chickens and pigeons which had been inoculated with diphtheritic membrane from a child's throat attacked with a disease which in all respects resemble what I regard as natural fowl
1879,diphtheria,1863,0,"The morbid anatomy is of false membrane formation... The false membrane has a croupous, diphtheritic nature and I suggest that we refer to the disease as ‘Guttural Pouch"
1880,diploid,1908,0,"In plants, where haploidy has been more commonly observed as an abnormality than in animals, the haploid individuals can generally be characterized as being smaller than their"
1881,discernment,1614,0,"To render our Sight perfect, and to remove all Impediments which might obstruct its Vision or any ways hinder its clear"
1882,disclaimer,1623,0,"In Chancery, if a Defendant by his Answer Disclaim the having any interest in the thing in question, this is also called a"
1883,disconcerting,1761,0,"Is there any impropriety in asking, who those many receivers are to whom the part I bore in the service was so extremely disagreeable, and"
1884,discordant,1932,1,"Generally speaking, the partners are concordant when their genotype is the same, as in identical twins, but when their genotype may be different, as in fraternal twins, the partners are more often"
1885,doubling,1743,0,"They..use their next small Wort instead of the first Water for brewing Ale or more Strong Beer from fresh Malt, which they call"
1886,down,1382,0,"Stems reddish brown, rather densely covered with whitish"
1887,down,1819,0,"Take my advice and take the watchhouse for it, and come up town and be fined five bob, like a brick, to take the"
1888,dreaming,1932,1,"‘We don't like to bury our people in town,’ Eddie tells me... ‘Especially the old ones. We bring them out here. To their land. To their"
1889,dryness,1910,0,The platform..ordered the drys to stop measuring candidates for Congress..by their degrees of
1890,earthy,1805,0,"But Lady Betty Bloom assures me she has discovered a new earth, very pretty and white..! What a charming woman! it is a pity she never washes her"
1891,earthy,1429,0,"Frequently her verse takes on the accents of that most ancient of demi-urges, the Mother-goddess, older than morality, unearthly, yet of the earth"
1892,ecologically,1897,0,"Broadly speaking, the order Portulaceae is an American order, and is interesting to the botanist morphologically, as well as"
1893,effectually,1533,0,"Resonating this optimism is the Confession's failure to consider damnation or the ineffectual calling as a likely prospect, directing its attention instead to those who are"
1894,effectually,1418,0,"God, the Fountain of all spiritual Strength and living Mercies, who must teach our Hearts to pray if ever we pray"
1895,egoism,1840,0,He is deprived of every shadow of a plea to impute fanaticism or any form of
1896,elution,1617,0,Experiments dealing with the inactivation of enzymes on adsorption and their reactivation by
1897,empiricist,1832,0,Is one to infer that the American scientist has an antipathy to reflection about the grounds and import of natural objects..? Is he first and last an
1898,empiricist,1867,0,[Einstein] still expected to approach the major questions of physics by observation and experiment... As a natural scientist he was a pure
1899,endgame,1749,0,"Openings are important, but he studies all phases of the game, training in tactics, solving studies, and, of course, working on the"
1900,endoscopic,1923,0,"It has been shown that in Archegoniate Plants there are two opposite types of orientation of this spindle as regards the nursing organ or archegonium, viz. the exoscopic and the"
1901,entreat,1590,0,"A thick Arber..In which she often vsd from open heat Her selfe to shroud, and pleasures to"
1902,ethereal,1590,0,Marchion thought Christes body a phantasticall one... The other [ sc. Manichaeus] as fanatically imagined his body to be aiery and
1903,ethereal,1651,0,"All the substances in nature..may be considered either as solid, fluid, aëriform, or"
1904,eviction,1461,0,"The Title of the Foundation thereof, with the lands thereunto belonging, were..subject to"
1905,eviction,1502,0,"A lot of private tenants..are too scared to complain about terrible conditions, for fear of"
1906,eviction,1599,0,"The Principles of the Prince, clashing with the Constitution in Church and State, are a Cause of"
1907,evocation,1646,0,"We could be content with Plato, that knowledge were but Remembrance; that Intellectual acquisition were but Reminiscentiall"
1908,exciton,1936,1,"Just as the positive hole can be pictured as a collectivized positron, the excited state can be pictured as a kind of particle which we shall call a (collectivized)"
1909,executioner,1578,0,"When nature will govern and punish for us, it is a very miserable ambition to wish to..draw upon ourselves the odium of"
1910,expectant,1588,0,Improper expectation..is such..raised not by the common occurrences of life but by the wants of the
1911,extrude,1570,0,"Others, that all is possible, conclude, To true-styl'd Gods: but, Bacchus they"
1912,fatherland,1680,0,Its [ sc. Tübingen's] famous University..more identified with the spiritual..development of Germany than any other single institution in the
1913,ferric,1789,0,"Bodies can combine in different degrees of intimacy of combination, and in different proportions: such as iron, which is combined much more intimately with the quantity of oxigen, which renders it oxidum ferrosum, than with that which converts the ferreous into the"
1914,ferrite,1875,0,In the Stoddard Mountain area and parts of the other areas the biotite is almost entirely decomposed to
1915,ferrite,1888,0,"Martensite, in essence, is a supersaturated solid solution of carbon in alpha"
1916,figured,1488,0,"Among friends and in the politics of a larger world, safe criticism required an obliqueness that was available through indirect,"
1917,finder,1588,0,"Vnto which Leager it shalbe necessary to ordein or make a calender, otherwise called a Repertory or a"
1918,fired,1807,0,"The paste intended for making the bricks of a glass-house furnace, is prepared by mixing crude with"
1919,fisher,1400,0,"Every person, selling or offering for sale fresh fish at the Fish Market..shall pay to the Clerk thereof a weekly rent of thirty-seven and an half cents for the use of a"
1920,fixing,1820,0,"Said my opposite neighbour, handing me a dish of potatoes..‘will you try some of these"
1921,fixing,1820,0,"She was undeniably an eyeful, being slim, svelte and bountifully equipped with golden hair and all the"
1922,flake,1760,0,Flaky-spar ..the local name given to this spar is very likely due to the manner in which its beautiful rhomboidal prisms sever or
1923,flutter,1910,0,The rapid contraction of the diaphragm (up to 100/min or more) known as diaphragmatic tic may be a feature of encephalitis but more commonly is a hysterical phenomenon... When the rate is faster the term diaphragmatic
1924,flutter,1741,0,"I will treat you with a Letter, but it must be but a short one being as usual like the french prints, all of a"
1925,foil,1591,0,"His toil He took, lest that the English state might"
1926,foil,1380,0,"Ranc'rous enemies, that hourely toil Thy humble votarie with loathsome spot to"
1927,footman,1382,0,"The Ferry-keeper will demand Six-pence of every Horseman, and Two-pence of every"
1928,franchisee,1956,1,Opposer adopted the word slim for vitamin-fortified skim milk in 1949 and by use of franchises extended the sale of its products to 40 dairies in 21 states. Mark is normally used in conjunction with the primary mark of the
1929,fructose,1857,0,Certain bacteria can use sucrose as a substrate for this process without first hydrolysing it to glucose and
1930,functionalist,1930,0,Describing structures independently of the multiple adaptive contexts that constrain both their use and their evolution is a luxury not available to
1931,fundamentalism,1842,0,"Neoevangelicals, such as Billy Graham, accept the basic tenets of conservative Protestantism but reject the extreme anti-intellectualism and sectarianism of"
1932,fused,1906,0,"What they are not agreed about is whether it is also correct to..write ‘the Bill getting a second reading surprised everyone’. If that is a legitimate grammatical construction, the subject of the sentence, which cannot be Bill by itself, or getting by itself, must be a fusion of the two. Hence the name ‘"
1933,gall,1175,0,"His Plenty..shall Be Hony, tasted, but digested,"
1934,gall,1175,0,"I shall omit the Consideration of the particular Reasons of these Differences, because I would not dip my pen in"
1935,gall,1500,0,"I warand you..That he shall soyn yelde the gast, For brestyn is his"
1936,garland,1513,0,"When war beginneth in England, in ten daies or lesse the one or the other getteth the"
1937,geared,1930,0,"Gearing , the proportion of a company's annual income allocated to ‘prior charges’ (interest on debentures and preference dividends), the remainder going to the ordinary shareholders. Where it is high the company is said to be highly"
1938,generalist,1606,0,The specialists tended to perform better in the management of conditions in which they had specialized than did the
1939,glaring,1706,0,"There were some few..incapable of discerning the force of equity, however"
1940,glorification,1549,0,"The enormous mass of human strength, which its [Thebes'] victorious kings had gathered from all nations to toil for its and their"
1941,goblet,1688,0,"A kind of a Drinking Cup..made of the small top of a Bull or Cows Horn, the Tip end Reversed..It is by some Gentlemens Buttlers termed a Souce, or Goglet, or"
1942,going,1275,0,The understanding is like the seeing man that rides upon the shoulders of the blind but
1943,gong,1925,0,He'd been invalided out... There he was..unadorned among all the wings and pips and
1944,governess,1691,0,"The obsession with titles can spill over in unexpected directions, as when the wife of a state governor was addressed in innocent deference as ‘"
1945,grease,1462,0,"The carriage bowls along and all are pleased, If Tom be sober, and the wheels well"
1946,gunpowder,1785,0,"The principal black teas, in ascending order, were Bohea, Congou and Souchong, the green Hyson, Singlo and"
1947,hack,1475,0,Tumbling the potatoes back between his legs..with a single expert motion of the
1948,hack,1550,0,"At football, when charging a back..I deliver a full-blooded"
1949,hacker,1969,1,"Hack , a verb meaning to apply oneself very earnestly to something. Example: a computer"
1950,haploid,1906,0,"The first maturation division is also the reduction division, the 2 n or diploid number of chromosomes (here taken as 6) found in the body-cells being reduced to n , the"
1951,heterozygous,1902,0,"The determination from statistical study of zygotes must be exceedingly difficult, seeing that both resulting forms may be"
1952,hyperbolic,1704,0,"That geometry of three-dimensional space which assumes the Euclidian postulates has been called by Dr. Klein the parabolic geometry of space, to distinguish it from two other varieties which assume uniform positive and negative curvature respectively, and which he calls the elliptic and"
1953,hypertext,1965,1,"Such a congeries of interconnected text may incorporate and have available many chunks of literature on a given subject, or many subjects, purposely assembled and woven together by authors and editors. The name for this new medium is"
1954,hypha,1866,0,"In Usnea barbata the growth in length and thickness and the internal differentiation of the tissue depend entirely on the hyphæ , and..the gonidia behave like foreign bodies in the"
1955,hysteresis,1933,1,Another likely hypothesis is to consider the demand as depending not only on the present price but on all previous prices as well... This is the usual restriction in treating the phenomena of
1956,identically,1625,0,"For they dranke of that spirituall rocke that followed them: and that Rocke was Christ. How was it Christ? not literally, not"
1957,illumine,1499,0,"O ye muses nine Whilom ye were wont to be mine aide & light, My penne to direct, my braine to"
1958,imagining,1430,0,"Bergl created for the garden rooms of the empress a landscape covering walls, doors, and mirrors with exotic trees and flowers which had no reality except in his"
1959,immigrate,1623,0,"I sent a translation of my diploma, saying that I am a qualified pharmacist, to Canberra, and the Immigration Department replied with an authorisation to"
1960,impracticable,1717,0,"The Fiction of a material finite Universe, moving forward in an infinite empty Space, cannot be admitted. It is altogether unreasonable and"
1961,incarnate,1533,0,"We say, that thei [fathers and prophets of the old testament] did eate his body & drink his bloud, altho he was not yet born nor"
1962,incestuous,1532,0,"As the new Queen was Eadwig's kinswoman, the religious opinion of the day regarded his marriage as"
1963,incongruous,1656,0,"Of Crooked Magnitudes, some are Congruous , that is, are coincident when they are applyed to one another; others are"
1964,indistinct,1589,0,"The most laudable languages are alwaies most plaine and distinct, and the barbarous most confuse and"
1965,individualist,1846,0,"In its theoretical form, socialist morality was difficult to critique: cooperation and equality were ideals few would reject, even the most vehement of"
1966,inductor,1903,0,"A number of reduction reactions which take place at ordinary temps. in sunlight, fail to proceed even at more elevated temps. in the dark. The reactions may be induced to take place in the dark by the addition of small amts. of certain oxidizing agents (‘"
1967,ineligible,1896,0,Mothers of marriageable daughters..sometimes lament that eligible men as a class are so much less agreeable than the
1968,infective,1522,0,"The desire of vertue..though it be excessive, yet is it not noisome, yet is it not hurtful, yet is it not"
1969,initialization,1957,1,The programmer sitting at his desk with no more information than the trace may wish to know what happened in an early section of the program which set up the
1970,inning,1721,0,"A Cricket Match in ye Sandfield between Stenning & our parish, the latter won at one"
1971,interception,1598,0,"Interceptio ,..formerly applied to a kind of remedy when the motion of the humours, and especially of the blood was interrupted:"
1972,intern,1827,0,"The assistant medical officers of the Hospitals are the Eleves , who are divided into two classes, the externes and the"
1973,invite,1659,0,"Adepts in every little meanness or contrivance likely to bring about an invitation (or, as they call it with equal good taste, an ‘"
1974,isometric,1891,0,"Whereas a machine only performs mechanical work when a force moves through a distance, muscles consume energy when they are in tension but not moving (doing what is sometimes called ‘"
1975,joist,1379,0,"The Kettle to the Top was hoist, And there stood fastned to a"
1976,keeping,1715,0,"[Parodying art slang] What do you think, Sir, of that head in the corner, done in the manner of Grisoni? there's the true"
1977,kill,1944,1,"Mr H. M. Stephen..examining..parts of a Messerschmitt 109 fighter which, as a pilot officer, he shot down on Nov. 30, 1940, while operating from Biggin Hill. It was the wartime base's 600th ‘"
1978,knower,1382,0,"Like the knowledge of the rocks or the stars, something quite independent of moral conditions in the"
1979,lade,1535,0,Hym semith that the shade Off his offence agayne his force assays By violence dispaire on hym to
1980,languish,1325,0,"Foralsemuche ase schirreuen..weren iwoned to greuen hoere vnderlinges, to puten hoem in assisene, ant in iurees, languissende men, ant krokede men, ant men of lastinde vuel..on þilke manere to nimen of hoere katel to suffri sume atorne. [at"
1981,lash,1573,0,"I will flaunt it and braue it after the lusty swash: Ile deceiue thousandes, what care I who lye in the"
1982,lastly,1823,0,"What should form the ground-work of a clergyman's discourse; viz. a firstly, and a"
1983,liberated,1855,0,"Liberatus ... Bot. Applied to a part which adheres to another, but which is separated to a certain extent, as the filaments of the stamens of a synanthereous flower..."
1984,liposome,1910,0,"In the following discussion, while being aware of the arbitrariness of the choice, the term ‘lipochondria’ will be used as an alternative for ‘lipoprotein bodies’. Their conversion product, the fat droplets, may be termed ‘"
1985,listening,1938,1,"The portrayal of..the jostling and jockeying of the foreign ambassadors, made really good"
1986,livery,1589,0,"My fellow-servants mock my weakness ivery, And bait me so, because I stand at"
1987,lotion,1617,0,"Elution is the preparation of common Bole, Talcum , Crocus Martis , Terra Lemnia , &c. by puluerization, calcination,"
1988,lysine,1892,0,"The structural formula of vasopressin is the same in all mammals except in the pig and the hippopotamus, where the amino acid arginine is replaced by"
1989,machination,1475,0,"She entertained no notion of their general mischievousness, and was wholly unsuspicious of danger to her daughter from their"
1990,magnificence,1390,0,"Born rich and accustomed to the shows of deference, he arrived in Washington..and discovered that not enough people appreciated the true proportion of his"
1991,mannered,1400,0,"I might have spared har the trouble of coming, for a dancing bear from our fair, might have sat for yar likeness, yow are so bad"
1992,marginalization,1940,1,"McGrath reminds his Cambridge undergraduate audience of his position, as a product of the northern English working class; and of the relevance of such reminders when considering questions of assimilation and"
1993,mariner,1300,0,Satellite and submarine electronics..have been hooked up at..TAFE'S Broadwater campus boosting the training of local
1994,masking,1881,0,"If part of the work is coated with an insulating varnish, electrolytic etching will take place only on the uncoated surfaces. This technique [is] often called ‘"
1995,mason,1652,0,"In the main, business men join lodges today for business reasons—a gentile business man of any local standing can hardly afford to stay out of the"
1996,materiality,1570,0,Its interior feels like an endless chamber (it's also connected to a historic monument and is brazen in its concrete and zinc
1997,medially,1856,0,"With the development of the neopallium or neo-cortex, the two more primitive areas are finally pushed"
1998,medially,1856,0,Acoustic neuromas typically develop laterally in the internal auditory canal and expand
1999,meek,1175,0,"Then, for our loue, good hope were not to seek: I mought say with myself, she will be"
2000,mellow,1440,0,"The youngest of the three..showed a marvellous nicety of aim in playing at marbles, or in throwing stones to bring down the"
2001,mellow,1611,0,"For the world, I would not prize her,... Had she in her no good fellow That would drinke till he grew"
2002,mellow,1611,0,"Certain good fellows..finally dragged him away to an illicit vendor of spirits, in whose house the party got gloriously"
2003,meniscus,1830,0,"The articulation between the malleus and incus is a true joint, in which is found a"
2004,meta-analysis,1953,1,"While we cannot analyse further what a philosophical explanation or account consists in, for the acceptability of such an analysis will itself rest on some undefined notion of what is reasonable or makes sense, it does not follow that we must suspend our philosophical activities until such a"
2005,methylene,1835,0,"Even carbon–hydrogen bonds..are ruptured on nearly every encounter with the simplest carbene,"
2006,micelle,1934,1,"In cellulose these units are linked together to give straight chains of different lengths, several of which are aligned parallel to each other,..forming a micellar bundle or"
2007,miller,1890,0,From England comes the description of one [rototiller] which differs radically from the American variety in that the soil is worked by a revolving member called a
2008,minstrel,1300,0,The said John Cooke..shall..the said John Hill..instructe..in the..arte misterie and facultie of a
2009,minstrel,1586,0,"I forgette to tel you what a stirre he keepes against dumbe ministers, and neuer writes nor talkes of them, but hee calleth them"
2010,moderator,1563,0,The Assembly had under consideration various contested commissions to different members who had voted in the election of a
2011,moderator,1589,0,"We temper our sence with wordes of such moderation, as in appearaunce it abateth it but not in deede, and is by the figure Liptote , which therefore I call the"
2012,moderator,1767,0,"The regulators..soon find that their foes organize also; arm themselves, and prepare for systematic resistance, under the denomination of ‘"
2013,moderne,1952,1,"This is a headstock shape that works, I think; it's functional and not overly indebted to its forbears—modern, without being"
2014,mortgagee,1584,0,"Where any such mortgages have made profit of the lands morgaged above countrey charges, yet answer no rent, or other consideration to the"
2015,mother,1863,0,There are more things to cry about in life than going away from home to a farm with..that daft Mrs Willingham to
2016,muse,1582,0,"War..be opposit to learning, bycause it is enemie to the"
2017,mutuality,1852,0,Building Societies not as they are but as they should be. An argument for investors and borrowers based on equity and
2018,nanotube,1992,1,Interest in carbon fibres has been stimulated greatly by the recent discovery of hollow graphitic tubules of nanometre dimensions. There has been much speculation about the properties and potential application of these
2019,nationhood,1843,0,The financial system of the Union under which Ireland has her equal place as a sister-nation is to be broken up under the pretence of gratifying a demand for
2020,nationhood,1843,0,The contact of the White race with the Black has resulted in the emergence of a set of conflicting living conditions and outlooks on life which seriously hamper South Africa's progress to
2021,nationhood,1843,0,"Like the Exodus saga, the Batavian narrative assumed, at least implicitly, that political sovereignty was a precondition of true"
2022,naturalization,1558,0,The Committee for the Protection of Commerce and the Defence of the Country..were instructed to inquire and report whether any and what alterations were necessary in the
2023,naught,1225,0,"A litle hope I caught: That for a whyle my life did stay. But in effect, all was for"
2024,naught,1616,0,"In some dim, random way, explain myself I must, else all these chapters might be"
2025,nihilism,1812,0,"All the creatures of error; as ghosts, monsters, gods, and the more dangerous subtleties of metaphysicians, necessity, optimism, chivalry of virtue, and"
2026,nitrite,1788,0,Nitrous acid can exist only combined with a base. The genus of salts which it forms are called
2027,nitrite,1788,0,"Nitric acid dissolves it [ sc. Mercury] readily, giving oxides of nitrogen and mercurous"
2028,nook,1555,0,"The hasty brook, Struggling, detain'd in many a petty"
2029,nook,1480,0,What vast Regions hold The immortal mind that hath forsook Her mansion in this fleshly
2030,omniscient,1710,0,"Their Zeal inclin'd them to espouse, Believing they had Pow'r sufficient Giv'n 'em long since by the"
2031,ordinary,1607,0,"From Mr. Hope's statement..the Ordinaries fare worse than the Judges of the Inner-House, as they must sometimes read manuscript... I do not know a more laborious life than that of one of the Lords"
2032,organist,1548,0,"Sir Nathanael Brent, and Sir John Lamb, Summoned for laying a Tax upon the Town of Hodsden in the County of Bucks, contrary to Law, for the maintaining a pair of Organs and an"
2033,oscilloscope,1909,0,"The need exists for an oscillograph possessing negligible inertia. Such an instrument is the cathode-ray oscillograph, or"
2034,oscilloscope,1922,0,"There was a device produced in England a few years ago by a Mr. Elverson, designed for visualizing the movements of rapidly oscillating mechanisms. It is purely mechanical and optical in its nature and is now generally known as the Elverson"
2035,ostrich,1250,0,"Estrich wool is the soft down of the estrich, called in French, duvet d'autriche . It lies immediately under the feathers of the"
2036,outermost,1602,0,"Two..Satellites, which revolve about Mars, whereof the innermost is distant from the Center of the primary Planet exactly three of his Diameters, and the"
2037,pacify,1474,0,Our Soveraigne Lord..woll not spare to employe his owne persone in that that may best serve for the pacifieng of the londe inwards. [at
2038,palatable,1683,0,Freud insisted on presenting his theories in the guise of ‘objective’ science in order to render them acceptable and
2039,pallet,1425,0,Such mold marks and other surface roughnesses are removed with a flat-bladed instrument called a
2040,parasympathetic,1905,0,That part of the autonomic nervous system originating in the thorocolumbar portion of the spinal cord is the sympathetic division; that part originating in the other three segments of the central nervous system is the
2041,parentage,1728,0,"This Parage being an Equality of Duty or Service among Brothers and Sisters, some have call'd it Fratrage and"
2042,patchwork,1897,0,"The gentle dip and long slopes cause the outcrops to be widely spaced out and keep each bed near the surface for a long distance, and thus have led to a great development of the system of open-air working known as ‘"
2043,pauper,1631,0,"My Lord Keeper pronounced this order, that the plaintiff should continue"
2044,perforate,1769,0,"Casting a most amorous leer through those beautiful eye-lashes, which penetrated farther than I thought it possible for a single look to"
2045,perforated,1578,0,"Pseudo~spiracles..in Epeira cancriformis ..are dark red spots with an elevated rim and centre exactly resembling spiracles, except that they are not"
2046,perpetuation,1395,0,"Had they made as good provision for their names, as they have done for their Reliques, they had not so grossly erred in the art of"
2047,perpetuity,1715,0,"An annuity may also be for a certain number of years; or it may be without any limit, and then it is called a"
2048,pheasant,1299,0,"A wicked imp..Bewitch'd the children of the peasants,..And suck'd the eggs, and kill'd the"
2049,picking,1402,0,"Sheep..carried away, if above the number seven.. [M'Gregor] styled lifting ; if below seven, he only considered it as a"
2050,pickle,1625,0,"Well, master Pol I'll tickle, For him, at least, I have a rod in"
2051,piece,1430,0,"I pece a thyng, I sette on a pece... If it be broken it muste be peced, sil est rompu il le fault"
2052,pill,1393,0,"These Chymicall Impostors..never surfet, till their mouthes be fill'd With that rich gravell their injustice"
2053,plane,1666,0,"The Fore-Side of this Hole is perpendicular to the upper and lower Surfaces of the Plank, and, together with the Back of the Sheat, makes one"
2054,plane,1400,0,"So haue I plukked at my purs strynges..And hath I-sworne to be my welthes bane, But if releef a-way my sorowe"
2055,plankton,1889,0,"The vast bulk of life in the open sea is composed not of active creatures such as fish or whales, but of microscopic plants, and small animals which drift with the water. They are known collectively as"
2056,plating,1479,0,"Copper may likewise be plated by heating it, and burnishing leaf-silver upon it; so may iron and brass. This process is called French"
2057,plating,1479,0,"It is difficult to apply zinc coatings thinner than about 0·002 in. by hot dipping... For many articles, thinner coatings are adequate and are applied by"
2058,plating,1479,0,"Chrome plated steel pins, which are given a minimum of 2mm coating, are lapped after"
2059,plating,1788,0,"Every attention shall still be paid to the quality and excellence of their [ sc. a Sheffield plate company's] goods, particularly to the strength of"
2060,plating,1788,0,"The alcohol is soon volatilized, and leaves on the varnished body a transparent, resinous"
2061,plating,1599,0,The narrow-gauge armoured train... Two bogie trucks running before the locomotive were completely covered in with
2062,plating,1898,0,"Eight different samples of raw and heated soil were selected for this examination, some samples being plated immediately, others being incubated at 37°C. for 48 hours before"
2063,plating,1898,0,The sample for isolation will usually require a considerable degree of dilution before
2064,plating,1937,1,It is possible to run two threads at once into the knitting machine and arrange that one of these predominates in the back of the fabric whilst the other is mostly seen on the front... This method of knitting is known as
2065,plating,1968,1,The Minister's approval certificate..will eventually obviate the necessity of attending the testing station for
2066,plumbing,1937,1,"The inducing force for geyser activity lies below the surface, in the hot fluids that rise from magma to mingle with the ground water, and without doubt is deeper than the geyser's visible"
2067,plumbing,1942,1,70 American women GIs have returned from Bosnia with the miracle of new life taking place in their
2068,pluralist,1873,0,"Kant never said that the Ding an sich had any objective reality, and he never said that it had none. He was certainly no Idealist in Berkeley's sense. Nor was he a Monist or a"
2069,plutonium,1816,0,"Davy..succeeded in obtaining small quantities of the metal of barytes, to which he gave the name of barium . More lately, Dr. Clarke has decomposed barytes by exposing it to an intense heat... He has given to the metal of barytes the name of"
2070,polishing,1400,0,"My wife..adding, that there was nothing she more ardently wished than to give her girls a single winter's"
2071,polishing,1938,1,"One type of sheet filter composed of 160 sheets, 80 on each side, one side for ‘roughing’ and the other for ‘"
2072,poster,1862,0,If it rises directly over the end of one of the posts it is called a
2073,posthumous,1668,0,"That I can write tragedy, plays of mine (of which envious managers never could be got to see the merit) I think will prove, when they appear in my"
2074,posting,1756,0,"I must give up all help from his Carriage of course... I have been thinking of Triggs and the Chair.., but I know it will end in"
2075,posting,1840,0,Shap had been a place owing all such life as it possessed to coaching and
2076,posting,1843,0,"[He] showed her the way to the post-office, and gave her..information as to the hours of"
2077,posting,1843,0,The British Exchequer would no longer lose the many thousands of pounds..through the carelessness of our own people in not weighing letters before
2078,posting,1843,0,Documents served by post are deemed to be served on the second business day after
2079,posting,1909,0,"Beginning with the Shakespeare set in 1964, special envelopes were..used. Stratford-on-Avon must have had one of their heaviest"
2080,postsynaptic,1937,1,"In general the presynaptic fibre divides up into numerous fine branches which then end in greatly expanded terminals, presynaptic knobs, which make intimate contact with part of the membrane of the cell body or dendrites of the"
2081,potash,1789,0,"Thrown into water, one atom of potassium displaces one of hydrogen from the water, forming potassium hydroxide, or"
2082,potash,1789,0,Since most soils requiring removal are alkali soluble the active base of a machine detergent tends to be sodium hydroxide (caustic soda) or potassium hydroxide ( caustic
2083,predication,1599,0,"In the dog barks ..we have..complete..sentences, in which it is usual to speak of the dog ..as the subject, and of barks ..as the predicate, while the combination is spoken of as"
2084,presenter,1503,0,That persone that..presentith the said cause of forfeitour to the chamberleyn of london for the tyme beyng vpon dew prouf by the
2085,presenter,1559,0,Paid coupons will be marked in respect of the part-payment and will later be returned to the
2086,presenter,1608,0,"But if we ask,..what idea does this word [ thing ] present? we answer, none! There is no creature, no subject of speech or of thought, which can claim the word thing as its"
2087,pretrial,1946,1,"They've already netted us some better, more efficient therapies, many of which are undergoing FDA trials or"
2088,priming,1943,1,Pituitary extracts were administered by a series of subcutaneous injections for the purpose of stimulating the follicles (‘
2089,priming,1625,0,The first grounde or cullor w ch is laid on for others to come over it in Painting the Shippe is called
2090,priming,1625,0,"Grind your Red-Lead with Linseed Oil, and use it very thin for the first Colouring or"
2091,priming,1625,0,"Infrared reflectography, which can disclose carbon-based underdrawing on the white gesso"
2092,prohibitive,1759,0,Hallock's analysis of kinnen must be combined with his statement..that the Conj. III infinitive by anu serves as
2093,promontory,1793,0,"Historically, surgeons have attached suspensory material..most commonly to the anterior longitudinal ligament of the sacrum just inferior to the sacral"
2094,protester,1703,0,"Such a person only may protest for not payment. The design thereof, being to put the Debtor in in mora solvendi , so as to infer Exchange, Re-exchange and Damages; which can never be without an Active Title in the"
2095,protracted,1670,0,"As likewise the Magnitude of the Plain, as well of the Primary Cycloid, as of the Secundary, whether Contracted or"
2096,proving,1850,0,They also had to bring fifteen acres under cultivation and to erect some sort of abode. (Carrying out these obligations and getting title to the land was termed ‘
2097,proving,1851,0,"The simplest method is to cut into the dough, after shaping into individual buns but before the final"
2098,pruning,1548,0,"Lastly, Frondation or the taking off some of the luxuriant branches and sprays, of such Trees..is a kind of"
2099,pruning,1548,0,"Apart from keeping young plants alive, the most important piece of aftercare is"
2100,puddle,1869,0,"As a sea the Mediterranean is a mere swindle. It is, indeed, not a sea at all, but a miserable"
2101,pulsation,1832,0,"Let the flood of ancestral percussion enter your body temple, as your heart beats in synch with the tribal bass"
2102,punk,1926,0,"At least 71, cantankerous Lizzie's trunk had been paralyzed as the result of once having overzealously disciplined a young elephant, or ‘"
2103,purview,1688,0,The Operations Review Unit was formed four years ago..to address problems not normally within Operations Management
2104,quadrupole,1954,1,The electrons and positrons travelled in opposite directions in the beam pipe through hundreds of brown and white bending magnets (dipoles) and blue focusing magnets (
2105,quantization,1947,1,"Representing the signal by certain discrete allowed levels only is called quantizing. It inherently introduces an initial error in the magnitude of the samples, giving rise to"
2106,quarry,1560,0,"I ma no lenger tarry, I must nedis hense go, I here them blowe the"
2107,quell,1579,0,"Then came old Ianuary, wrapped well..Yet did he quake and quiuer like to"
2108,quiescent,1923,0,Attempts have been made to arrange the transmitter in such a way that the speech-current will act as a switch for starting up the continuous waves at the transmitting end. This arrangement of circuit has been called the ‘
2109,quill,1552,0,The harpsichord's future lies in the hands of the few enthusiasts who still strike its strings with
2110,quill,1609,0,"There stood my friend, with patient skill Attending of his trembling"
2111,radiating,1651,0,"Congelation is induced on that portion of the fluid, already cooled down to the freezing-point, which is in immediate contact with the"
2112,radium,1898,0,"Dr. Becquerel has announced to the Academy of Sciences the discovery of a new chemical substance which has a close affinity to barium. Its discoverers, MM. Curie and Bremona, have named it"
2113,radium,1898,0,The most direct evidence for the..disintegration and transmutation theory was the continuous production of helium by
2114,raiser,1588,0,"Of each side of the Yard, one of these Muscles is shorter and thicker than the others are, and they serve to raise the Yard and to make it stand, and are therefore called"
2115,ramp,1405,0,"Fierce Genie of her wondrous lamp, In iron bonds shall snort and"
2116,randomness,1803,0,Many important differences of opinion in the treatment of probability have been due to confusion or vagueness as to what is meant by
2117,reactance,1966,1,"Since this hypothetical motivational state is in response to the reduction (or threatened reduction) of one's potential for acting, and conceptually may be considered a counterforce, it will be called ‘psychological"
2118,readability,1834,0,Printing in heavy color on thin or semi-transparent papers results in a loss of visibility and thereby affects
2119,readability,1834,0,The ragged right margin is easier to read than one that is fully justified because the proportional spacing of the letters slows
2120,rebound,1534,0,He who in louyng hath lot to suche lucke..Shalbe of power euyn as easely to plucke The mone in a momet with a fynger to grounde As of his ioy to enclose the
2121,rebound,1567,0,"The soundes woulde not be conueyed in so well, as they are in places that bend and giue backewarde, where they haue"
2122,rebound,1457,0,"[ a 1500 Lambeth MS. As they redyn by a lowe, Hornes herd they blowe] And houndis make"
2123,rebound,1398,0,"Cries, Murmurs, Clamours, with a mixing Sound, From Woods to Woods, from Hills to Hills"
2124,rebound,1555,0,"Again the war-cry loudly sounded, The mountains murmuring back the call, And glens that well-known shout"
2125,recharge,1658,0,"Being past their levell and danger at the first discharge of their Cannons over against them, and quite out of it ere they can be"
2126,recharge,1774,0,"If the same piece of soap be interposed between the two poles of a pile of equal tension, constructed with a good liquid conductor.., it will not be capable of completely discharging it as fast as it is"
2127,reconstructed,1834,0,"Students of the Romance languages reconstruct a Primitive Romance (‘Vulgar Latin’) form before they turn to the written records of Latin, and they interpret these records in the light of the"
2128,rectification,1941,1,"A fall in the membrane conductance when the membrane current flows from the inside to the outside of the fibre, and rise in conductance when the current is in the opposite direction has been called anomalous"
2129,rectifier,1594,0,"The variation of all the points of the magnetic horizon from the true horizon, will be shewn by inspection; such an instrument is commonly called a"
2130,rectifier,1921,0,"The scale of photographs or images can be suitably altered by a variety of projection equipment, such as a photographic enlarger and"
2131,redden,1648,0,"A maddened expression leaped into Molly's eyes. ‘I drive there every day, but they won't let me see him,’ she said,"
2132,redevelopment,1908,0,"The greater portion of the Estate..having extensive frontages,..together with the benefit of a fully-licensed house, forms a magnificent Building Site immediately available for profitable"
2133,reductive,1633,0,"The important question before us, under what circumstances it may be expedient to employ a palliative plan, and under what a cooling and"
2134,regionally,1854,0,"We have examined the BBC on its allocation of money between its sound and television services, both nationally and"
2135,reinstatement,1782,0,A change of circumstances which might make the continued occupation the cause of loss and to admit of the determination of a sufficient payment to the owner for
2136,relatedness,1674,0,"It clearly expresses the state of the things that we conceive to be related, that is, their related -state, or"
2137,relent,1560,0,If Christians behaved themselves with that eminent Love..as their Lord hath taught them..perhaps the very cruelty and malice of their enemies would abate and
2138,relish,1773,0,"Fish..dipped in the sea and dried in the sun, and eat by the Scots by way of a"
2139,remake,1641,0,"For to talk of a natural power to change the moral constitution, as it existed prior to choice,..is the same as to talk of a natural power to alter one's own nature, or to unmake and"
2140,remediation,1794,0,What people in England wanted to know was whether the German revolution..had gone far enough and deep enough to be a sincere repentance and a sufficient
2141,remediation,1794,0,Iteration as it is construed in early modern women's diary writing also seems to be responding..to a history that is in need of active and continual
2142,rent,1525,0,"By night she went, And, while he slept, surpris'd the darling"
2143,repellent,1776,0,"I have described atonement, the central doctrine of Christianity, as vicious, sado-masochistic and"
2144,repellent,1661,0,"Repercussion , disappearance of a tumor or cutaneous eruption in consequence of the action of a"
2145,repose,1494,0,"Yet must we credit that his hand composed All in sixe Dayes, and that he then"
2146,repose,1567,0,"I doe desire thy worthy company, Vpon whose faith and honor, I"
2147,repose,1817,0,"My life is as a lonely woodland mere, Whose sullen waters without sun"
2148,requisition,1450,0,"[Our] instaunt petition to make an instrument..and the noble men standing about to be witnes [ses, as] we made like"
2149,requisition,1620,0,"The controversies of doctrine [were] intricate, and so many, as they required much time, and learning for their disquisition onely, and I found my self unprovided of both those"
2150,resistive,1903,0,"Since power considerations in a voltage amplifier are minor, the output load may be partly reactive instead of"
2151,resonator,1936,1,All of these terminals may act as more or less sharply resonant systems... They may..be thought of as electromagnetic analogues of the Helmholtz
2152,resonator,1897,0,"This effect of sympathetic vibration is called resonance, and the object activated by it is a"
2153,responder,1897,0,"It involves an exchange of two messages..between the node, which initiates the handshake (poller), and the node, which responds ("
2154,responder,1900,0,"Prof. Bose has suggested 'molecular receiver' as a substitute for ‘coherer’.. [but] there are other forms of ‘molecular receiver’ affected by radiation—a photographic plate, for example... What in the name clinches the apparatus as distinctly Hertzian?.. Response to radiation is the most universal characteristic of coherers of all classes. Might they not be termed ‘"
2155,retainer,1750,0,This is designer-label land where the window boxes have electronic water sprinklers and the cat's manicurist is on a
2156,retweet,2007,1,‘Retwitter’. Is that in the Glossary? That's a good one! Or should it be a
2157,reuse,1838,0,"Because it is costing £4.75bn to collect the LHC data, it would be profligate not to allow"
2158,reverie,1690,0,"‘Everything OK there, mate?’ He jerks back round as though snapping out of"
2159,rife,1275,0,"For in sorwe waned mi life, And mi yheres in sighinges"
2160,rife,1275,0,"Its a hartsome Thing to be a Wife, When round the Ingle-edge young Sprouts are"
2161,rife,1390,0,"Buy thee a knife, else looke for a caruar, not alway to"
2162,rightfully,1325,0,"It is much easier to harm somebody who you do not know and do not respect, especially when you are convinced that you act"
2163,ringing,1965,1,"Elaborate steps are taken by thieves to disguise stolen cars and to hide their tracks, the most typical process being ‘"
2164,riser,1961,1,The attraction of the newly traded issues..results from the rapid rise in prices..and a desire to be in on the ‘ground floor’ of a prospective fast-
2165,rolling,1522,0,"Pilots stationed in Malta tested themselves by ‘walking the plank’, which involved balancing on a short board resting on a"
2166,rosary,1405,0,"Arnoldus de Villa Nova lived in the thirteenth century..and wrote, 1. Rosarium. The"
2167,roster,1889,0,Big noise so far in the after-season is your promotion of two Negro players..from the Kansas City Blues' to the Yankee
2168,rote,1405,0,He..herkned ay the wordes and the note Til he the firste vers koude al by
2169,rote,1405,0,"Singing all her sorrow to the note, As she had learned readily by"
2170,roundabout,1555,0,"Mary had neuer a vardingalle, for she used no such superfluities as our fine damsels doe now adayes: for in the old tyme women were content with honest and single garmentes. Now they haue found out these"
2171,rout,1325,0,"Richard Chomley, and Chiston stout,..Lawrence of Dun with all his"
2172,rout,1439,0,"Who and what are ye, Patriots stout, For freedom, who make such a"
2173,rudiment,1534,0,"He sent to Edinburgh for horn-books, and with them and his big Bible taught his class their"
2174,rump,1475,0,I'll wager long odds He frequently sods Your plump little
2175,rung,1300,0,A young man got upon a ladder..and sat upon the topmost
2176,rust,1225,0,"Were nat proude clothynge, and also flesshely lust All the feters and gyues of Englonde shulde"
2177,rust,1587,0,"O Tract of Tyme, that all consumes to dust,..The fayrest Sword, or mettall thou wilt"
2178,rust,1400,0,"Al þair luf þai gaue to lust, þai did þair sauls all to"
2179,salience,1938,1,The difference between the centrality of an object to an individual and the closely related matter of its
2180,salutation,1585,0,"Saluting with the Flag, is performed Two Ways; either by holding it close to the Staff, so as it can't flutter; or by striking it so as it can't be seen at all, which is the most respectful"
2181,scaffolding,1347,0,"My wish has been to give the results rather than the process by which they were arrived at; to exhibit the building, not the"
2182,scintillation,1903,0,Before very long radioactive substances had been shown to cause another effect which could be used to detect their radiations—
2183,scope,1605,0,I hope you won't lose any patients by my making a little fun of your meters and
2184,scorpion,1541,0,"His correction mought be no lasse than that he being al naked, shuld by his lybertines be fyrst of all whipped throughoute the citie of Rome with whyppes full of ruelles called"
2185,scoundrel,1589,0,"When a woman is married for the sake of her fortune,..the chances are five hundred to one that she marries a villain, or at best a"
2186,scraper,1552,0,"Manner of gilding books on the edges.—The book, being put in the press, between two boards, is scraped with a knife called a"
2187,scraper,1552,0,"Over which the skin..is laid with the hair side up; and he then scrapes the surface strongly from above downward, with the"
2188,seasoning,1771,0,"Instead of thirty-three in the hundred dying, as asserted by the author of the ‘Concise Statement’, not three in the hundred die of the"
2189,sedition,1380,0,"When the Romanes were diuided, one faction labouring to oppresse another..such enimitie was called"
2190,seeding,1541,0,Openings [in the seed-box] which can be graduated to suit the required rate of
2191,seeding,1541,0,"Nora and I each went with a pail of ‘sets’ and laid them along in the furrow, and later Walter came and hitched the horses to the plough and covered them in. For the plough is not quite left out of the spring"
2192,seeding,1909,0,"The best method of manufacturing this compound [ sc. sodium alum] is to dissolve the materials in an amount of water sufficient to give a solution moderately supersaturated at ordinary temperatures, and then cool the solution and induce crystallization by stirring or"
2193,seepage,1825,0,Placing concrete ‘seep collars’ round the pipe reduces the possibility of
2194,servile,1603,0,New Orleans was ruined... Her people were deprived of their inalienable rights and privileges and subjected to a
2195,severance,1422,0,The Law itself makes ever a distinction betwixt the King and his agents: though our Replicant will not allow any such
2196,sexist,1949,1,Apparently anyone who believes in genetic racial differences is a ‘racist’... I suppose by analogy that anyone who believes in genetic sex differences is a ‘
2197,shank,1513,0,"And the dock, and henbane, and hemlock dank, Stretched out its long and hollow"
2198,shaping,1350,0,It was the housekeeper who did teach her those unprofitable exercises of hemming and
2199,shaping,1924,0,"A diode may..be employed with the primary object of exercising amplitude control, or..with the primary object of"
2200,shaving,1647,0,"Theodore Archbishop of Canterbury..placed Bishops over each [diocese] , every one of them being of the right Roman stampe, as himselfe was of the right Roman"
2201,sheathe,1892,0,"With regard to sheaths for the plates—these may be used,..but in the course of several years..no plate has ever been"
2202,shifting,1789,0,"Spectators who watched the champion work out yesterday, gasped in astonishment at his terrific punching power and speed in"
2203,shooter,1843,0,"Another advantage of this mode of holding the Bat close to the ground, is the greater facility the player has in stopping ‘"
2204,shred,1400,0,Allas! Holonde me haþ bitraiede! Ay is in þe rede [? = red-haired man] of somme euel
2205,siding,1603,0,"Nor indeed is there any thing which had bred more Distempers in the Body of Learning, than Factions and"
2206,siding,1825,0,He saw the fleeing driver running towards a signal cabin near the end of the
2207,siding,1852,0,"To increase the carrying capacity of the Canal..in deepening the channel, or by adding"
2208,siding,1896,0,"Voices were singing outside as she awoke, a gang of labourers loading bales of hides into a truck at the"
2209,singlet,1937,1,"For an element of the mass [ formula follows ] certain states in which the neutrons are in the doublet, the protons in the triplet state, exactly coincides [ sic ] in approximation (1) with a state in which the neutrons are in the quartet, the protons in the"
2210,sire,1338,0,A king..þat of þe romani sal Impire Hali lauerd be and
2211,slang,1756,0,"There is a language we [bailiffs] sometimes talk in, call'd"
2212,slang,1801,0,"Ye through the warld that doucely gang, Preferring deeds to pious"
2213,sled,1388,0,Fetching the Water being ready filled in Copper Tubs upon
2214,slider,1877,0,"The ‘Red~bellied Terrapin’, Pseudemys rugosa ,..is also known under the names ‘Potter’, ‘Red-fender’, and ‘"
2215,slider,1795,0,The report next fell under what Burke calls the accursed
2216,slider,1703,0,The wings..of this gnat..make very beautiful objects when mounted under thin glass in
2217,slump,1888,0,"‘Well, I can't go back to Kuala Lumpur.’ ‘Why?’ ‘A thing called a"
2218,sociable,1964,1,"In passing through such a cycle, one of the sums may turn out to equal the original number and then we have an ‘amicable number of a higher order’ or..a ‘"
2219,sociable,1780,0,"This shape is becoming very fashionable in Paris, not only in Broughams, but also in Landaus, Victorias, and"
2220,sociable,1882,0,"Great improvements have been made recently in double tricycles, or, as they are generally called,"
2221,soundly,1593,0,"I never found my self so much inclin'd to reasoning, and, if you please, let's consult"
2222,sour,1390,0,[Johnson:] He cannot find in his heart to pour out a bottle of wine; but he would not much care if it should
2223,southerner,1817,0,The rattlesnake flag represented the ornery get-out-of-my-face liberty that remains particularly strong among
2224,southerner,1873,0,"The question decided which is the better sculler of the two or the better man, the Northerner or the"
2225,southerner,1873,0,There was scarcely a detail in which the northerners were not on the afternoon's play superior to the more famous
2226,speciality,1485,0,"For the subject, this movement backwards involves..its dissolution or rather its generalisation , the cessation of respect for its"
2227,speciation,1906,0,Some of the most spectacular assemblages of fishes and other animals worldwide represent the end-products of explosive
2228,speeding,1908,0,It was decided that everything possible would be done to assist the authorities in enforcing reasonable regulations regarding
2229,speeding,1908,0,The copper... He's been trying to get you all afternoon... I hope you haven't been doing no
2230,squire,1570,0,"Indian Tobacco, when due cause requires; Not the dry Dropsie, of Phantastick"
2231,starting,1398,0,"[He] called to the boatswain to bring a point (a rope doubled with knots at the end), and give the plaintiff a ‘"
2232,starving,1581,0,"They soon picked up on my traits, including the industrial language...‘What's for dinner, Dad?’ Robert asked me when he was about four. ‘I'm fucking"
2233,starving,1845,0,How beneficially all this luxuriance..might be applied to the cravings of the needy and
2234,statehood,1805,0,People forget that the Vatican is a nation-state in its own right and has the usual trappings of
2235,statistician,1800,0,"M. Buggé has published an account of his journey, which will prove a most acceptable present to the mathematician and natural philosopher, to the geographer and"
2236,stator,1892,0,"In describing the parts of polyphase motors.. [we] shall call the rotating part the rotor, and the stationary part the"
2237,stator,1892,0,The rotor conductors are moving faster than the magnetic field of the
2238,stead,1596,0,"[He] though she were with wearinesse nigh dead, Yet would not let her lite, nor rest a little"
2239,stead,1230,0,"Or quite unravel all the reas'ning thread, And hang some curious cobweb in its"
2240,stead,1230,0,"A Lash like mine no honest man shall dread, But all such babling blockheads in his"
2241,stepmother,1357,0,Our needs are underestimated... We [ sc. rural hospitals] are like Cinderella and the hospitals in the metropolitan areas are our stepsisters and the government is our
2242,sternum,1835,0,"These parts are respectively called tergite, pleurite, and sternite, while the upper region of the body is called the tergum, the lateral the pleurum, and the ventral or under portion the"
2243,stewardship,1899,0,The movement..has broadened out into an attempt to recover and to teach the principles of the right Christian attitude towards the use of money. For want of a less archaic word this attitude is called ‘
2244,still,1400,0,"To sla him was he noght in will, Bot for þat wicked wijf to"
2245,stint,1330,0,"Þat warlau him in armes hint, And bar him forth wit-vten"
2246,stoma,1937,1,How often in a lifetime does a patient with an ileostomy have to return to hospital or seek advice from the Ileostomy Association or a
2247,stopper,1852,0,"The stopping is effected by a sort of capsule, similar to the lid of a round brass box, called the"
2248,stopper,1897,0,"That part against which the oar is pressed in rowing is called the ‘thowl’, and the opposite, or after-thowl, is called the ‘stop’, or ‘"
2249,stopping,1566,0,"Stoppe him with Turpentyne and Hogges grease molten together, and layde on with a little toawe or flaxe, and then clappe on the shoe to keepe in the"
2250,stopping,1708,0,"The passage..must be closed up..by a partition of deals, or by a wall built with bricks or stones, to prevent the air passing that way. This building is called a"
2251,strand,1240,0,"He passed the Peel of Goldiland, And crossed old Borthwick's roaring"
2252,strand,1240,0,Rex..concessit.. 2 / 16 partes terrarum..haben. ex australi antiquos muros petarum Jo. Purdie ad lie
2253,stratagem,1576,0,"Attempts to pass rivers by..force, in face of an enemy..have succeeded in an astonishing degree, considering the disadvantage under which the assailants act if they do not resort to"
2254,subcontinent,1845,0,The Antarctic floristic element is of great interest to the plant geographer for its suggestion of early migration paths from an antarctic
2255,subjectively,1450,0,"By the Love of God we should..apprehend either that Love whereby a Man Loves God, taking the Term (God) Objectively, or that Love whereby he is belov'd of him, taking the same Term"
2256,sublimation,1805,0,The ores formed in the beds of mountains exclude entirely all idea of their formation by means of exhalations or a kind of
2257,substructure,1896,0,There is always danger of overlooking the true character of structures. They are almost always composite and consist of what may be called
2258,substructure,1896,0,The 2p subshell is actually composed of three sub-subshells..each capable of holding two electrons; the 3d subshell has a similar kind of
2259,supplication,1443,0,"The common features which are now regarded as essential to a litany, in as far as they consisted of (1) invocations, (2) deprecations, (3) intercessions, (4)"
2260,suppressed,1817,0,Houstonia characteristically have solitary flowers on long erect pedicels; a peduncle may be present or
2261,surveying,1551,0,"A great lott..twelve acrs, paying for the same..three shillings an acr upon the entrance of the platform or bounders thereof, after the"
2262,swerve,1390,0,So that I mihte..Fro suche that mi ladi serve Hire herte make forto
2263,synthase,1954,1,This paper describes an enzyme system synthesizing threonine from homoserine; we have called it threonine
2264,synthase,1954,1,An alternate view is that cystspecific RNA synthesis during encystment is not necessary for the formation of cellulose
2265,telling,1225,0,The genuine offspring of your own unartistic calling..may help him beyond human
2266,ternary,1728,0,"Another interesting instance of modification is that of binary form, which by expansion became"
2267,ternary,1728,0,"Tripartite musical form designated symbolically as ABA . The two elements A and B are often thematically independent and each is generally a ‘closed’ structure tonally, so that the interdependence of the two sections characteristic of binary form is not necessarily evident in"
2268,ternary,1826,0,"The only wonder is, that when they went to the secondary sense, they did not go to the"
2269,thanksgiving,1641,0,"Great as the preparations were for the dinner, everything was so contrived that not a soul in the house should be kept from the morning service of"
2270,thrash,1364,0,Querela Walteri Leneuaunt Capellanum..quod Johannes de Bennebury parsona ecclesie de Grauesend..Robertus Thrasshere & Ricardus Halle ac quidam alij malefactores & pacis nostre perturbatores. [at
2271,throng,1400,0,"The mayden castell stronge,..That on a roche standeth, full hye out of"
2272,throttle,1547,0,"He has a fine Nose that is like to a Bottle, But it bends somewhat downwards and covers his"
2273,tillage,1609,0,Some men will live as prudes in their own village And make the tour abroad for their wild
2274,tine,1300,0,"For þof he proue his freind wit pine, þar-for wil he noght him"
2275,tornado,1589,0,"We crost the Æquator, where we had too many Tornathoes [1638, 355 wee were pesterd with continuall Tornathes; a variable weather, compos'd of lowd blasts, stinking showers, and terrible thunders; ed. 1677, 393"
2276,touchdown,1935,1,"The term landing , when used in a discussion of space flight, actually can be considered as four phases: i.e., the exit from orbit, the reentry, the letdown, and the"
2277,transformational,1894,0,"Corresponding to the level of phrase structure, a grammar has a sequence of rules of the form X → Y , and corresponding to lower levels it has a sequence of morphophonemic rules of the same basic form. Linking these two sequences, it has a sequence of"
2278,trench,1600,0,"The Boy with buttons, and the Basket-wench To vent their wares, into my workes do"
2279,trespass,1455,0,"Thus if a person grants a piece of ground in the middle of his estate; he at the same time impliedly grants a way to it, and the grantee may pass over the land of the grantor..without being guilty of a"
2280,trimming,1696,0,"Having them~selves serv'd all turns, that ever happen'd in their time,..they had the Face to upbraid others for their Changing and"
2281,turnip,1837,0,"He was no fool, Constable Phillis,..a rural patch does not necessarily turn a man into a"
2282,two-step,1874,0,Our Imperial Chain will not be complete or efficient unless it includes long-distance wireless as well as shorter stages—a combination of the one-step and
2283,typhoid,1837,0,Jenner's great contribution to medical knowledge was the differentiation of typhus and
2284,ulnar,1803,0,An aspect..towards the side on which the ulna is situated [is]
2285,uncritical,1868,0,The merits of this picture are not easily enumerated without the use of those technical terms which are so puzzling to the
2286,unfounded,1648,0,"These debts.. [he] at one stroke expunged them all, as utterly irrecoverable; he might have added as utterly"
2287,unkind,1390,0,"Without..loving affection all the kindnesses, which we show to any, are but so many false witnesses to the unbeleeving, and"
2288,unkind,1682,0,Thou would'st teach him how to find..A hope for times that are
2289,unmoved,1390,0,It is..a common practice to move only one half the land..by ploughing each furrow-slice on to its own width of
2290,unrestrained,1764,0,"His gross invectives..were not confined, as my Author would pretend, to the subjects of the warrants, but were very vague and"
2291,unsound,1590,0,Some new phænomenon..Which..From its high summit to the ground Proves the whole edifice
2292,untold,1386,0,Where ye may more neer behold What shallow-searching Fame hath left
2293,unwind,1325,0,"Engendering Heats these one by one unbind, Stretch their small Tubes, and hamper'd Nerves"
2294,usurpation,1626,0,"When an estranger that no right hath presenteth to a Church, and his Clarke is admitted and instituted, hee is said to bee an vsurper, and the wrongfull act..is called an"
2295,vane,1425,0,Be ye not like ne semblable the tortuse ne to the Crane. which..wynde their hede here and there as a
2296,vehement,1548,0,"I obserued and found, that in other Artes there was great concord & agreement betweene them that were the chiefe of those Artes and Sciences: Onely in the Church of God..I saw great &"
2297,veracity,1623,0,"A due conformity between the Words and the Understanding, when I speak as I think; which is moral Truth or"
2298,vicarious,1637,0,"The cry or exclamation..would be consciously reproduced to represent or recal the feeling on another occasion; and it then became a word, or"
2299,vigil,1250,0,Ȝe schulen eten..eueriche deie twie. bute uridawes and umbridawes and ȝoingdawes. and uigiles [? c 1225 Cleopatra MS.
2300,violator,1533,0,"Intrinsically the sacred is inviolable, and so much so that any attempted violation recoils on the head of the"
2301,vocalization,1822,0,"The Oscar Saenger Course in Vocal Training consists of ten double-faced Victor Records, which provide twenty lessons in"
2302,vulgarity,1613,0,"It may well seeme that the Roman tongue became not the vulgar language in any of these parts of the Empire, which yet are specially instanced, for the large"
2303,vulgarity,1637,0,Verses..now admired for that artless simplicity which once obtained the name of coarseness and
2304,wand,1300,0,"Scho tuke in mynd hir sister vpon land, And langit..To se quhat lyfe scho led vnder the"
2305,wand,1412,0,"His ene wes how, his voce wes hes hostand, Wallowit and wan and waik as ony"
2306,wand,1300,0,"First bind it wele wit balk and band, And wind it siþen well wit"
2307,wand,1297,0,"Þe thrid chastiyng..Als wering of haire or oþer thing..þat oþer point to vnderstand, Es kneling and beteing with"
2308,wand,1330,0,"Þai sett a ceptre in his hand, þat man clepes kyngs"
2309,wand,1430,0,"Do shamefull penance,..Rong with a bell, a Taper in my hand, Bare-foot to trudge, before a Beedles"
2310,wand,1407,0,"But first he [ sc. Hermes] grasps within his awful Hand, The mark of Sov'raign Pow'r, his Magick"
2311,wand,1400,0,"This duleful sentence Saturne tuik on hand,..And on hir heid he laid ane frostie"
2312,wandering,1836,0,"Here there was a very threatening array of symptoms..illusions of the sense of hearing, a fiery eye, and incessant mental"
2313,waterproof,1797,0,"A columnist's political orientation..was immaterial; and, so far as their attacks were concerned, he, himself, was ‘"
2314,wellness,1654,0,I feel really very well at present; and could almost persuade myself it were the natural state of
2315,whipping,1577,0,"It must be sene to, that they [ sc. horses drawing together] be euen matched, least the stronger spoyle the weaker, while he dreadeth the rating, and"
2316,whipping,1845,0,"There is no occasion in this case, in unloading a vessel of coals, to be confined to..what is called"
2317,widower,1390,0,The ideal of the monogamous union..is impaired by a great excess of widows compared with
2318,widower,1898,0,Why should there be any such thing as a golf widow? Nobody ever heard of a golf
2319,windmill,1450,0,"An inferior caligraphist [ sic ] making ‘Bill Stumps, his mark’, with a cross, is said to ‘do the"
2320,windy,1398,0,"If the stomach is blown out with wind and indigestion every breath is a labour. Therefore study your diet; eat slowly, avoid"
2321,winning,1330,0,"Allen-a-Dale has no fleece for the spinning, Yet Allen-a-Dale has red gold for the"
2322,wording,1564,0,"They are great gamsters, their play like that of Dice: in which they carrie themselues very patiently without swearing or"
2323,wording,1908,0,"A box..with..the well-known Havana indications, including the lock-label with the Spanish"
2324,worshipped,1656,0,These religions distinguished in the world only one relation..—that between the worshipper and the
2325,wreak,1817,0,The wreathed Serpent..did ever seek Upon his enemy's heart a mortal wound to
2326,yeoman,1387,0,"The Admiral may now turn common Seaman, Or Fer —— s like; from Court to Country"
2327,zest,1704,0,"There you have game, and fowl, and fish, well drest, And neat old Port, to give the whole a"
2328,zest,1818,0,That picture..Is loveliest to my mind of all the show; It may perhaps be also to your
2329,according,1480,0,"This is one hell of a climate anyhow,..you never know what's coming next, so you can't dress"
2330,according,1480,0,"Most folks made God out to be a mean somebody, putting notions in people's heads and sending them to hell if they acted"
2331,active,1605,0,"He [ sc. Ammonius] divides it [ sc. Philosophie] first into..Theoretick, or Contemplative; and Practick, or"
2332,active,1643,0,The failure to accept the fact that teenagers are now in practice sexually
2333,active,1924,0,A passive network is one which contains no internal sources of power. A network which contains one or more such sources of power is called an
2334,active,1504,0,"In English, prepositional verbs..can often occur in the passive, but not so freely as in the"
2335,client,1875,0,"France, which was then the protector of Egypt, gave a gentle encouragement to the proposals of its"
2336,client,1400,0,Until recently pro bono practitioners confined themselves to the representation of individual indigent
2337,client,1907,0,"The social worker cannot often..share in the financial, artistic, political or scientific interests of his"
2338,concentration,1823,0,"The dissimilarity to the model consists in its greater air of candour and bonhommie ; and in the intrusion of inferences, which are less the result of general observation than of personal experience. The first of these differences implies a less portion of brilliancy and pointedness, and the latter of"
2339,concern,1692,0,Concessions to ethnic minority linguistic demands..have not adequately addressed minority
2340,date,1400,0,The spur..is a prick spur of late Saxon or early medieval
2341,definition,1546,0,"As nothing can be proved but by supposing something intuitively known, and evident without proof, so nothing can be defined but by the use of words too plain to admit a"
2342,entire,1596,0,Casting secret flakes of lustfull fire..into their harts and parts
2343,feature,1828,0,Say what other metre is it Than the meeting of the eyes? Nature poureth into nature Through the channels of that
2344,fill,1865,0,"Sometimes the ante-man or the straddler will come in, if there has been no raise, on three to a straight or flush, drawing two cards. Such hands rarely"
2345,fire,1483,0,"Did Shadrach's Zeal my glowing Breast inspire, To weary Tortures, and rejoice in"
2346,fire,1579,0,"Twas holy Flame, I find, that did inspire My Soul's ungovernable"
2347,fire,1579,0,"Britain, awake; a finish'd picture see, Drawn..to inspire With virtuous zeal, and patriotic"
2348,game,1562,0,"Mighty men obscure each others fame, And make the best deseruers fortunes"
2349,game,1735,0,This move produces the opening known by the name of ‘The two Knights'
2350,game,1636,0,The buses and trucks roared and came to a slow crawl when they reached the tractors working overtime to tarmac the road for the Asian
2351,game,1393,0,"Let others tame the wild Norwegian boar, And hunt the savage monarch of the woods: I seek a nobler prey—my"
2352,improve,1461,0,"The Aid your Plan will receive from..the gratuitous Subscribers, will render it..adequate to its own Support, provided the Fund be properly"
2353,independent,1774,0,"An attempt was now plainly intended to force two members upon them: He hoped, therefore, for the sake of their own interest, and to protect the freedom of the county, that they would support him as an"
2354,independent,1932,1,"New ideas to yield beneficial results to the aged... Further development of rehabilitation projects for elderly people, who are now in hospitals or nursing homes, to effect their return to"
2355,independent,1834,0,"The only way Labour can impose real political control over its own local representatives is by suspending all 40 group members, forcing them to sit as"
2356,investment,1615,0,"To these staples, the natives of all the different regions in the eastern parts of Asia brought the commodities which were the growth of their several countries..and with them the ships from Tyre and from Egypt completed their"
2357,latter,1225,0,"I am neither so suspitious to mistrust your good will, nor so sottishe to mislike your good counsaile, as I am therefore to thancke you for the first, so it standes mee vppon to thincke better on the"
2358,literature,1450,0,"Here folowyth oon..worthyest for-to haue reuerence, Rather of men than of womans nature; For men are goven more to"
2359,meaning,1766,0,"If the circulation is $90,000, and the specie reserved is reduced to $10,800, the bank has only to pay out its notes for a New-York draft of $5,000, that draft being gold and silver coin within the"
2360,medical,1676,0,Triage at an early stage can label the patient with coma as surgical or
2361,mile,1275,0,"Þer innen heo runden ane lutle while, ne leaste hit na wiht ane"
2362,name,1384,0,Behold! there came A Thing which Adam had been pos'd to
2363,name,1792,0,Socialist back-benchers are playing a dangerous game of ‘last across’ with Mr. Speaker—just seeing how far they can go at question time without being ‘
2364,name,1384,0,The woes that fear or shame..forbade them once to
2365,objective,1763,0,"A Case, which follows the Verb Active, or the Preposition..answers to the Oblique Cases in Latin; and may be properly enough called the"
2366,objective,1817,0,The last phrase suggests a less positive stand in regard to the non-inferential apprehension of the
2367,pain,1300,0,"Why live I longer, since I know That prayer and penitence are vain; Since hope is dead for me below, And hell can give no ghastlier"
2368,prepare,1728,0,"This class of discords is called by our teachers of harmony essential discords , which they take care to"
2369,reality,1657,0,"All this is more real and more grim than Arcadia, but even Arcadia had its"
2370,related,1671,0,"The Ideas of Relation, may be the same in Men, who have far different Ideas of the Things that are"
2371,share,1343,0,Custuma Nauium batellorum piscancium super mare ibidem [ sc. Winchelsea] vocat'
2372,spirit,1340,0,"She had not the fanatical anguished social snobbery and aspirations of Peter, but she was all the same, and on the quiet, at one with him in"
2373,strength,1580,0,"The straw and the eare, to haue bignes and length, betokeneth land to be good, and in"
2374,style,1400,0,"To ffraunce kyng Edwarde had queryle, Hit was his kynde heritage; And ȝe han þe same"
2375,tradition,1425,0,Higher education..persisted in concerning itself with criticism of sacred usage rather than with the transmission of holy
2376,tradition,1425,0,The Old Church..deliberately set itself apart from the rest of Christendom by demanding rigid conformity to its own absolutisations of
2377,traditional,1872,0,The famous Mandatory Clause of the Covenant..holds the key to the solution of the difficult African problem as a whole and embraces the entire field of the relations of the industrial Powers to ‘backward’ or
2378,weight,1734,0,‘You ride four stone lighter than I.’ ‘Very well; but I am content to carry
2379,weight,1872,0,"We feel profoundly that the latter [ sc. Euripides] , though in some respects a better dramatist [than Æschylus] , was an infinitely lighter"
2380,weight,1500,0,"They bear him back, and whom by Might They cannot Conquer, they oppress with"
2381,weight,1600,0,And it was brought upon my mind..That we on dress and outward things perhaps lay too much
2382,weight,1565,0,"He also sawe, the reasons he hath brought, are very simple, and carrie no"
2383,weight,1565,0,"The conditions, which constitute this right, must be taken together. Separately, they have little"
2384,writer,1443,0,Bettir it is a man to leerne write slowli..and so aftirward bi proces of tyme to growe sobirli into..a swift
2385,writer,1443,0,"They write large, sprawl letters, have difficulty..with connecting letters, and, in general, are messy"
2386,writer,1443,0,The older grades..were expected to improve their handwriting... I set a good example as I was a beautiful
2387,writer,1825,0,"Oil and Water Colours, Prepared Canvas and Pannels,..Tools, Fitches, Camel Hair Pencils,"
2388,writer,1825,0,"The sign painter employs..the point of the lettering brush, or pencil, called also the"
2389,access,1500,0,He insisted on Lord Chesterfield's general affability and easiness of
2390,answer,1733,0,"What draws two individuals of different sex exclusively to each other with such power is the will to live, which exhibits itself in the whole species, and which here anticipates in the individual which these two can produce an objectification of its nature"
2391,close,1393,0,The Romance of the Rose In whiche al the arte of loue I
2392,construction,1884,0,"A generic concept derived from experience, the inner organisation of which can only be represented imperfectly by description, not exactly by"
2393,content,1612,0,The general measurement..by acres proves that such an estimate could not relate to anything of solid
2394,description,1574,0,"The second kind of imperfect definition, in which the name of a class is defined by..attributes which are not included in its connotation..has been termed"
2395,description,1613,0,An all-embrasive discussion..would necessitate entering into long lists of statistical notations that would undoubtedly bore you beyond
2396,device,1400,0,"‘Devils’..are used to catch sea-trout in America, but Mr. Fitch justly regards ‘devils’ as an unsportsmanlike"
2397,employ,1439,0,"The Contemplation of Humane Bodies is doubtless one of the most Diverting and Noble Amusements, in which a Philosophical Mind can"
2398,equation,1656,0,"The very Redundance it self of Mankind seeming by a natural consecution to yield and subminister this Remedy, for its Reduction and"
2399,equation,1666,0,"To the Royal Society, where one Mercator. produced his rare clock, and new motion to perform the"
2400,existence,1610,0,"From this invariable and simple essence of his, they gathered him to bee the vncreated Creator of all"
2401,fine,1440,0,"She view'd the Wine, To see that ev'ry Glass was"
2402,fine,1400,0,"The Neighbours who come here to dine, Admire to hear me speak so"
2403,fine,1469,0,"For being conuerted into French Testons out of ten thousand pounds starling, they did gaine six hundred and fiftie pounds, nothing impairing the goodnesse of the Teston of Fraunce, which holds ten deniers 17 grains of"
2404,freedom,1752,0,"[Appointed to] be equally divided amongst the 48 freemen entitled to daills, and that each of them have a share thereto..to continue to be divided by lot, with the other"
2405,generation,1425,0,"That the very literall sense of the words retayned, and referred to the consecrated chalice, conclude no more then this, that our Sauiour spake of the species of wine; which is properly the propagation or"
2406,generation,1382,0,"In the higher animals, the act of reproduction is accomplished by means of special organs: this is Generative Reproduction, or"
2407,generation,1384,0,"George, son of lairds that awn'd the laund, Sin' Scotland was a nation—And yet ye tak' a higher staund Than that o'"
2408,herself,1439,0,Victim of a somewhat perverse and senseless misdemeanor perpetrated three years ago by none other than
2409,inside,1807,0,"Counting the number of hours worked, the outside men are given an equal amount of employment with the"
2410,interaction,1832,0,"There are four distinct types of force through which the manifold transformations of matter and energy arise. These forces are known as the strong, the electromagnetic, the weak and the gravitational"
2411,internal,1594,0,"Mr. Forbes considerably deepened his conception of what he means by ‘character’, moving from the superficial to the fundamental, from externals to"
2412,location,1772,0,"The acting superintendent propounded..a number of interrogatories, with a view of obtaining reports as to the condition of the mining operations, and subsequently received reports from 20"
2413,location,1772,0,"Surveyors' reports..were found ‘lamentably inaccurate’, with disastrous results for many settlers, who had relied on them for their information relating to"
2414,machine,1901,0,His assistant crouching at his feet out of range of the swift-flying currents of air produced by the mad flight of the
2415,majority,1650,0,"In the house of commons the speaker never votes but when there is an equality without his casting vote, which in that case creates a"
2416,marriage,1870,0,In the early stages of human history propagation..was carried on by means of the institution known as group
2417,mass,1582,0,"Myro's Statues, which for Art surpass All others, once were but a shapeless"
2418,mechanism,1903,0,Lord Macaulay's works..are charged now with a certain amount of mannerism and a certain amount of
2419,negative,1788,0,In hereditary syphilis both parents may give a positive reaction or the father may be positive and the mother
2420,note,1330,0,They coude that seruise alle bye rote; Ther was mony a lovely strange
2421,note,1330,0,The pyat withe the pairtie cote Feynȝeis to sing the nychtingale
2422,note,1350,0,"They've got a chorister and choir, Ag'in' my voice and vote; For it was never my desire, To praise the Lord by"
2423,note,1330,0,"First rehearse your song by rote, To each word a warbling"
2424,note,1616,0,Did you send a verbal or a written message? I wrote a
2425,observation,1547,0,"In distancing myself unconsciously from adult interests and values, I must have weakened my capacity for attention and"
2426,output,1961,1,It is normally stated in the form of rules which may be applied to one of the pair—an input —altering it to produce the other—an
2427,output,1887,0,Each assembly language module can be considered as an object with a specific set of rules for data input and
2428,popular,1425,0,"Declinacioun is when þe membrez falleþ, And þan þe tokenesse ar populer , i. knowen to þe comon pepul [Latin"
2429,ratio,1663,0,"Wishes to appropriate to himself the reputation which he had only a right to share, and that in no great"
2430,reader,1839,0,"The weaving of imitation shawls is executed, as usual, by as many shuttles as there are colours in the designs, and which are thrown across the warp in the order established by the"
2431,reader,1782,0,More children are now learning to read and write in school from commercially available books instead of textbook ‘
2432,sort,1380,0,What pepyll they were that came to that dysport I shall yow declare of many a sondry
2433,sort,1792,0,"A sly old dame, long used to scenes of sport, Cocks her one eye, and snuffles, ‘ That's your"
2434,sort,1400,0,"I shall you tell a full good sport, How gossippis gader them on a"
2435,stock,1474,0,"He will see that it [the bell] is fastened to the under-side of a block of wood, called the ‘"
2436,stock,1639,0,"The block of wood in which the blade or chisel of a plane is fixed, is called the"
2437,union,1603,0,It is in this direction that our Anthropological Society must prove itself to be a philanthropic
2438,union,1774,0,The separation of the States west of the Alleghanies from the
2439,union,1830,0,The bulk of the cotton manufacture was carried on in a region comprised within 27
2440,union,1777,0,"Although the Flag Code does not specify how the flag should be folded, tradition dictates you end up with a triangle with only the blue"
2441,union,1817,0,Mr. Ali has expressed his regret at Sir Roy's resignation and thanked him for his services to the
2442,union,1871,0,"The President took the chair, and opened the business of the meeting with a few introductory remarks on the formation of the"
2443,will,1412,0,At þat orribill I asket angardly myche Of dethe & of deire as destyny
2444,writing,1340,0,"A carrion death, within whose emptie eye there is a written scroule, Ile reade the"
2445,writing,1384,0,You do not lay the necessity of marrying Home enough to her:..our Counsel [might] Have been drawing the
2446,writing,1672,0,"That striving to be Beethoven, without the power to be anything like Beethoven, which is so frequent a characteristic of Schumann in his orchestral"
2447,base,1761,0,Modern development in the use of tapes and wires has tended to increase the length of
2448,board,1923,0,The..steward [at the Cardsharpers' Club] is a well-known criminal famous for his skill with the ‘
2449,board,1923,0,The greatest and most amazingly clever card-sharp that ever handled the ‘
2450,board,1813,0,She did love me once. You might find that hard to take on
2451,brain,1601,0,"These [date-trees] haue in the very head and top, a certain pleasant..marow, which they terme, The"
2452,catch,1967,1,Brovak decided against hasty action. The correct approach was not to ask this fruit fly whether he preferred to pitch or
2453,college,1703,0,"These men acquired the name of Collegiants, from this particular circumstance, that they called their religious assemblies"
2454,connect,1753,0,"We are not entitled to demand faster growth and expect business, and indeed life, to continue as usual. As Mr Forster would say, let us ‘only"
2455,contrast,1873,0,This is proved by a number of experiments contrived to illustrate the effects of
2456,customer,1583,0,"It was better wisdome to begin wt his misteris..& be better armed to endure the groning crone, partly cloied with former pleasure, partly with remembraunce of his first"
2457,defence,1400,0,"It is extreame injustice, that King Richard should be condemned without being heard, or once allowed to make his"
2458,divide,1374,0,"He first expands the glitt'ring Forfex wide T'inclose the Lock; now joins it, to"
2459,division,1880,0,Four types of Cytogenesis may be distinguished: (1) Rejuvenescence; (2) Conjugation; (3) Free-cell formation; and (4)
2460,division,1880,0,The breaking up of lumbriculus or of a planarian into pieces that form new individuals is a typical example of
2461,division,1865,0,"The provisions of this Bill [ sc. the Criminal Justice Bill, 1938] , so far as concerns the prison system, proposed..the abolition of sentences of Penal Servitude and imprisonment with Hard Labour, and of the Triple"
2462,eight,1847,0,Oxford has every right to distinguish her annual inter-college races..as ‘The
2463,employment,1590,0,"Ex-Constituents, ex-Girondins, [etc.] ..served as his state councillors, magistrates, prefects..and in thousands upon thousands of other government"
2464,exercise,1678,0,"These compositions do not rise much above, or sink much below, the ordinary level of such"
2465,facility,1578,0,"The constitution of Curators be not of the Law of Nature, which leaveth all persons of Discretion free, but of Positive Law, whereby a way is provided for the Levity and"
2466,facility,1615,0,"Charles II. died in the arms of his mistress..leaving a name characterized by no good quality, but easy address and careless"
2467,formation,1881,0,"A forming agent is added to the sulphuric acid, which..accelerates the production of the lead dioxide coating when current is passed through the plate during"
2468,identity,1683,0,"How odd, a single hobgoblin's non-entity Should cause more fear than a whole host's"
2469,identity,1830,0,"Such an expression as ( x + 1) 2 = x 2 + 2 x + 1 , where one of the quantities, between which the sign of equality is placed, results from performing the operations indicated in the other, is called an"
2470,input,1902,0,The useful return or ‘output’ at the terminals of a large machine may amount to as much as 95 per cent. of the mechanical energy which forms the ‘
2471,input,1926,0,"Most persons, in using the term ‘productivity’, have meant the physical output obtained for a given physical"
2472,instruction,1654,0,"The accusation was presented to the..Chief Justice, and..second Justice,..and by them laid before the Grand Jury, with"
2473,instruction,1733,0,We have too much respect for the legislature of Kentucky to suppose that they meant to bind the delegation by an
2474,judgement,1608,0,"The money recovered..will be Assets, in their hands, as well as debts recovered upon Bonds or Bills, or Lands, by them taken in Extent, upon Statutes, Recognizances, or"
2475,judgement,1325,0,"Among the boxes of bones found in the caves of the Mount of Olives,..brought from elsewhere, for interment near the expected site of the Last"
2476,king,1325,0,"Sitting between the Queen-Mother, and Maria the young"
2477,king,1829,0,The casting director of Miami Vice..asked me to play a drug
2478,king,1763,0,"The two British officers of Halkett's, Captain Grace and Mr. Waring, both drank the"
2479,king,1672,0,Points were gained by passing the ball through the ‘Port’ or hitting the ‘
2480,king,1867,0,"Princess Victoria is said to believe in the good qualities of a heavier rod, and, for salmon-fishing, a Green"
2481,learning,1950,1,"A character image is not just a collection of random dots and strokes of different orientations, but it has a regularity that we believe we can capture by using a"
2482,learning,1500,0,"That a trust will not be executory merely because the party covenants to do an act , is a distinction clearly deducible from all the cases on this"
2483,light,1432,0,"I made my market long before 'twas night, My purse grew heavy, and my basket"
2484,light,1450,0,She—Before we were married you bought me much handsomer presents. He—My general expenses were
2485,motion,1398,0,"A considerable improvement in vessel rescue capabilities, particularly in stormy conditions when conventional monohull ships experience very severe"
2486,motion,1531,0,The key for collection lies in the skill to ride the half-halt properly..and to use this unique tool in coordination with the horse's
2487,motion,1425,0,Very few individuals can read a map quickly without first orienting it in the direction of
2488,motion,1884,0,In continuum mechanics the [following] transformation..is called the
2489,nearly,1569,0,"O most merciful Redeemer,..May I know Thee more clearly, Love Thee more dearly, And follow Thee more"
2490,option,1701,0,"When a new Suffragan-Bishop is consecrated, the Archbishop..does claim the collation of the first vacant Dignity or Benefice in that See, at his own choice, which is therefore called the Archbishop's"
2491,option,1701,0,"In case the bishop dies, or is translated, before the present incumbent of the promotion chosen by the archbishop shall die or be removed, it is generally supposed, that the"
2492,parameter,1855,0,"If we can find simple expressions for the coordinates of points on a conic in terms of one variable quantity, a point on the curve may be looked on as determined by a definite value of the variable, the variable being usually called the"
2493,peace,1390,0,"There above the conflict, orbed in rays, Is drawn the face Of"
2494,protection,1925,0,"In competition, one tends to bid more aggressively than was normal in the past; this particularly applies in the area that can be generally called ‘"
2495,pull,1625,0,"The world came both with hands and purses full To this great lotterie, and all would"
2496,record,1500,0,"Thair dwelt in Fyfe ane agit Lord, That of this Squyer hard"
2497,refuse,1350,0,By this means they [ sc. poets and orators] will better judge what to chuse and what to
2498,refuse,1787,0,"It sometimes happens, that in passing through, distances must be taken backwards, because one wing is to be fixed, and the other"
2499,regulation,1927,0,Changes in histone proteins permit an estimate of the variety and proportions of histone molecules available for possible gene
2500,sequence,1597,0,"For as in Man, the ripenesse of strength of the bodie and minde commeth much about an age..; So in States, Armes and Learning..haue a concurrence or nere"
2501,shape,1616,0,"And lately, by the Tavern Door agape, Came stealing through the Dusk an Angel"
2502,station,1325,0,The Chair does not recognize the Senator from the Trade Federation at this time. Please return to your
2503,station,1624,0,"To enioyne our ffleete to advance & fight att Sea, much after the maner of an Armie at land, assigneing every shipp to a perticular division, ranke, file, and"
2504,station,1702,0,"An additional character or cypher (0) is necessary..which serves to supply the vacant places, and bring the figures to their proper"
2505,station,1952,1,MI6 ran another intelligence and covert operations network outside of the Warsaw
2506,station,1560,0,A base line is measured..and a network of triangles conveniently arranged by choosing suitable positions for
2507,station,1754,0,Their aft faces represent the correct sectional shape of the boat at each
2508,station,1825,0,It was only eight years since the Victorian Aborigines Protection Board had passed legislation to evict all Aboriginals of part descent from its reserves and
2509,station,1574,0,His sermon..is to consist of some general observations concerning the marriage
2510,station,1651,0,"He [ sc. Hippocrates] first began the Method of carefully observing the Rise, Progress, Height, Declension, and the Manner by which Diseases were carried off at last, and no less accurately observed all the Symptoms which attended them, in each of those Times, or"
2511,suppose,1384,0,"When great treasure is the meede proposed, Though death be adiunct, ther's no death"
2512,suppose,1411,0,Some questions have arisen in whose name Originall and Judiciall Writts and Indictments of Treason and Felony should be made and in such Writts and Indictments contra cujus pacem should be
2513,throw,1600,0,When that in age ye grow Ye haue no heads to cast no skins to
2514,tool,1386,0,We alle desiren..no fool Ne hym þat is agast of euery
2515,tool,1563,0,"What pleasure can the weak Old Doting Fool, Expect from that infirm and Aged"
2516,variation,1595,0,"The divergence of the position of the magnetic needle from the true north-and-south line is called its declination, or by nautical men, its"
2517,variation,1704,0,"The disturbing action of the sun [upon the moon] produces a great number of the other inequalities, of which the largest are the evection and the"
2518,variation,1859,0,"The characters of many of these varieties are perfectly hereditary, and all the organs show the greatest degree of"
2519,vary,1380,0,Knyfe nor staffe may we none cary Excepte we shulde from the gospell
2520,vary,1525,0,My febyl wit I wary My dasyt heid quham lake of brane gart veray [1579 Edinburgh MS.
2521,wave,1590,0,"Say, Father Thames,..Who foremost now delight to cleave With pliant Arm thy glassy"
2522,wave,1984,1,"As if India were not already finding batting hard enough, the crowd started during this final session to behave as they have seen others doing in Mexico, and performing what is apparently called the ‘ human"
2523,wave,1984,1,"There was the uncertainty among us media people about whether to stand when the congregation did. Half of us would rise, a third sit confusedly down again, then a fifth struggle to their feet. The Queen must have thought we were trying out a Mexico"
2524,wave,1761,0,Hitherto we have chiefly considered earthquake vibrations; now we will say a few words about earthquake
2525,wrong,1350,0,"Most by Numbers judge a Poet's Song, And smooth or rough, with such, is right or"
2526,wrong,1425,0,Policy is busied all night long In setting right what faction has set
2527,wrong,1340,0,"The Learn'd..So much..scorn the Crowd, that if the Throng By Chance go right, they purposely go"
2528,assessment,1956,1,Agreement was reported upon the payment of £5 to nurses in non-psychiatric hospitals upon passing the preliminary or hospital examination or
2529,asset,1325,0,"Your seruant Payne, for Legacies hath sued Seuen yeeres. I askt him how his matter passes. He tels how his Testator left not"
2530,call,1400,0,"Six cock-tail'd Mice transport her to the Ball, And liveried Lizards wait upon her"
2531,call,1865,0,"If on your partner's lead of a small card you play the ten and on the next round you drop the nine, it is a"
2532,chemical,1918,0,"If..people's lives..seem to them worth living, there will be a smaller demand for..booze and dope There is no reason, however, to suppose that the need for occasional holidays from self and surroundings will ever be wholly eliminated. This being so, we should..search systematically for the most efficient and least harmful forms of"
2533,dimension,1557,0,"The Quantity produc'd by the Multiplication of Two, Three, etc. Quantities, is said to be of Two, Three, etc."
2534,entry,1405,0,"The self-absorbed, impersonal, vice-filled city was the polar opposite of the intimate, communal, and wholesome countryside. Where one was a foretaste of heaven, the other was the very"
2535,entry,1905,0,These features require that the Centre of Effort..of the sail plan be further forward than if the vessel had a sharp
2536,examination,1810,0,"Between the First and Second Readings, every such Bill shall..be examined..by the Clerks of the Private Bill Office..; and the Examining Clerk shall..sign and date the breviate of such Bill, with the day of such"
2537,external,1615,0,"The essential difference between the picture conception and the conception of Russell, Ogden and Richards, is that it regards recognition as seeing an internal relation, whereas in their view this is an"
2538,formal,1609,0,"When any part of dress has not the excuse of fitness or propriety for its uniformity of parts, the ladies always call it"
2539,glass,1392,0,"Let the toast pass, drink to the lass, I warrant she'll find an excuse for the"
2540,glass,1557,0,"I will wait in the pass Of death, until Time he shall break his"
2541,glass,1660,0,"While ever varying as they pass, To some Contempt applies her"
2542,green,1275,0,"Having once been the saviour of the construction sector, housebuilding is starting to look a bit"
2543,green,1340,0,"A particular porch in Warren County, North Carolina, has been a vital place in my life, from birth well into manhood and now in"
2544,green,1975,1,"One can make the three-quark system totally antisymmetric by introducing a new degree of freedom for the quarks. We paint them red,"
2545,green,1225,0,"In the clear azure Gleam the Flocks are seen, And floating Forests paint the Waves with"
2546,green,1770,0,"What colour should be seen Where our fathers' homes have been, But our own immortal"
2547,green,1250,0,"He once was seen A Squire's Attendant, clad in Keeper's"
2548,green,1450,0,"There is one question that I have been paying a good deal of attention to..in ulcerated bowels and dysentery, and that is feeding patients on turnip"
2549,ideal,1611,0,"The super-ego is the direct representative of the unconscious, of the id, and hence the possibility, indeed, the inevitability of a conflict with the ego, a conflict between what is perceptual and real and what is imaginative and"
2550,ideal,1611,0,"Freedom versus Tyranny,..and midmost, like a Janus-faced phantom in the air, ‘America’, real and"
2551,ideal,1817,0,"A plain, unvarnished tale, showing how I had rejected the real and rabidly devoured the"
2552,island,1814,0,"Suppose I was to take him to Marchmont's grouse shooting place in Scotland, and about among the Highlands and"
2553,justice,1160,0,The Los Angeles Public Defender's Office would protect and fight for my rights as a human and see that I got
2554,maximum,1806,0,"The period..is now known as the hypsithermal interval, rather than by its former but less suitable designations (postglacial climatic optimum, thermal"
2555,mental,1768,0,Safeguards should be introduced to guard against the accidental irradiation of women in the early months of pregnancy when the foetus is particularly vulnerable to
2556,north,1275,0,"I forgot the clouded Forth,..And gray metropolis of the"
2557,notion,1866,0,"He had a jauntier air than usual, and flicked his crop in a dandy fashion on one of his corduroys. Mr. Shiels is surely getting"
2558,notion,1647,0,Ambition hath done much..to bring forth Monarchy out of the wombe of
2559,obvious,1583,0,The gelatinous tubes or sheaths in which the cells are seriated are very
2560,occasion,1761,0,"I write this on Sunday, in full possession of the house, the family being gone to an"
2561,occasion,1670,0,"The Camp is always clean and free from ordure and filth; there being holes digged nere every Tent, which are encompassed about with Canvas for the more privacy and accommodation in mens necessary"
2562,otherwise,1425,0,"Wherein any one most excelled, thereof he tooke a surname, as to be called a Poet Heroick, Lyrick, Elegiack, Epigramatist or"
2563,otherwise,1425,0,"The..Valiant Knight of the burning Pestle, commanded me to enquire, vpon what aduenture your bound, whether to relieue some distressed Damsels, or"
2564,otherwise,1425,0,"I thought he seemed anxious for me to join him; but well knowing what was to follow, I deliberated for a moment whether, in case he invited me, I would comply or"
2565,particle,1533,0,"Conjunctions, prepositions, articles, and such like accessories, passing under the name of"
2566,passage,1747,0,"These are real microhabitat choices, which have rarely been demonstrated for passerines on"
2567,passage,1896,0,The virulence of many organisms may..be permanently or temporarily increased..by passing the organisms through a series of animals (a process which is called ‘
2568,powerful,1651,0,The man..was content to note again how unwilling the powerless became when there was a call for them to resent the
2569,president,1390,0,"Because all meetings of many must be disorderly,..unless there be one to guide and to direct the rest, I shall desire, that in every Shire, over every Presbytery, we may establish one"
2570,press,1938,1,Four slides were used to test for the presence of hostile
2571,press,1932,1,Muslin and lawn dresses usually require a final all-over
2572,principal,1390,0,"For the wele of the kyng & you hertely pray I shall, And for prince Edwarde, my gostly chylde, whom I love"
2573,progress,1443,0,"Even the most difficult of the whole of this class of deafness, that which is termed nervous deafness, may..be arrested in its"
2574,proportion,1884,0,"This was especially Stanley's view, and he took the opportunity to say to Felix: ‘Look here, old man, the thing is, of course, to see it in"
2575,proportion,1387,0,A terminology and notation that would eliminate ambiguities in the relationship between tactus and signs of mensuration and
2576,quantity,1392,0,Up to the beginning of last week herrings had been poor in quality and not very numerous in
2577,quantity,1398,0,"The nocturnal emanations of leaves, and continual evaporations of flowers and of fruits, do not diminish in quality in winter..only in"
2578,reading,1571,0,"The order and course of passing bills in Parliament. Divided into 8. sections, viz. 1. By whom bills are drawne and presented to the Parliament. 2. Orders to bee observed in preferring bills to bee read. 3. Touching the first"
2579,reading,1571,0,The Bill about repairing Churches was thrown out by the Lords..at the first
2580,reading,1724,0,"The intelligent classes in this country, who can read themselves, have little occasion for public"
2581,reading,1225,0,"It may be some will say there is enough of my Playes, to surfeit, as being not delicious, and choyce food for the mind, as pleasant and profitable"
2582,reading,1225,0,"Sir Robert Cordell, whose well-languaged seventeenth-century will..makes interesting"
2583,reading,1225,0,"The history of the RSS ‘fork’ is well documented, and it makes for some interesting"
2584,reading,1630,0,"Two Crownes a moneth his Fencing, as much for Dancing, and no lesse for his"
2585,reading,1624,0,"Iacob saith, Gen. 48. 16. The Angell which redeemed mee (you read, deliuereth mee ) from all euill, blesse these Lads : where, first, you bely your owne"
2586,reading,1624,0,"By Writers of Antiquity, you mean here only some Late Writers of the Fourth and Fifth Centuries; whose Authority in this Case is nothing; and whose manner of understanding the Text, is (as I have shown above) inconsistent even with their own"
2587,reduction,1741,0,"Metals destroyed, and changed into Scoria or Ashes, are, by their Union with the same matter, again restored to their metallick Form. This Operation is called"
2588,reduction,1796,0,"We shall simply collect together as equivalent processes (1) the addition of oxygen, (2) the loss of hydrogen, and (3) the loss of electrons and call them all oxidations, and their converses,"
2589,reduction,1914,0,"He [ sc. Husserl] deals in a most valuable section with the relation of consciousness to natural reality, with the province of pure consciousness, and with the phenomenological"
2590,regular,1653,0,"He found no other resistance but Don Antonio, one of the forementioned pretenders in the head of a popular tumult, rather then a"
2591,regular,1799,0,"The singularities..in the vicinity of which each branch of the function is uniform. [ Note ] These singularities will, for the sake of brevity, be called"
2592,regular,1645,0,"Bishop Andrews, and Sir Henry Martin..declar'd positively that he was not to fall from his dignitie or function, but should still remain a"
2593,relevant,1951,1,"She replied that [in the 1930s] ‘the most important issue at that time was reproduction’, and that lesbianism was therefore seen as ‘not"
2594,representation,1607,0,"The Line of Succession in Moveables, is first, the Nearest Descendents, Male or Female, in the same Degree, equally; whether Sons or Daughters, without Right of"
2595,resistance,1578,0,Some airplanes are designed with landing gears which fold up into the fuselage and hence offer no direct wind
2596,review,1631,0,"The generality of Men are like the generality of Books, which we may often be obliged to..consult, upon particular Occasions, but will not bear several Views and"
2597,rock,1526,0,Will not the sickliest sheep of every flock Resort to this example as a
2598,save,1655,0,"When it [ sc. the corn] was growing and grown, I have observ'd already, how many things I wanted, to Fence it, Secure it, Mow or Reap it, Cure and Carry it Home, Thrash, Part it from the Chaff, and"
2599,save,1591,0,"Right well, deere Gossip, ye advized have, (Said then the Foxe) but I this doubt will"
2600,selection,1857,0,"This preservation of favourable variations and the rejection of injurious variations, I call Natural"
2601,sentence,1340,0,"Se how þat þe worþi prelacie,..Endowyd of profound intelligence, Of al þis land werreyen þi"
2602,sentence,1386,0,Emong theim selfes our lordes for hie prudence Of the bishop asked counsaill and
2603,sentence,1387,0,"This Baggage once in her mad Moods and Tenses Had Lombard read, the Master o' th'"
2604,settle,1591,0,"I dined on Tuesday with Renny, and hope her little head begins to"
2605,sound,1297,0,From Hills and Dales the chearful Cries rebound: For Echo hunts along; and propagates the
2606,sound,1385,0,"Then by thee, [I] was guiltlesse found From ill word, and ill meaning"
2607,speed,1175,0,What idle Progeny succeed To chase the rolling Circle's
2608,store,1300,0,Swine will not be full growen before they be two yeeres old: so the first yeere you can kill but your old
2609,store,1684,0,The sallacious Goat encreases more; And twice as largely yields her milky
2610,store,1410,0,"And arraye ȝow wel þerfore To resceyue god, ȝoure soules"
2611,store,1487,0,"Thresh barley thou shalt, for chapman to malt. Else thresh no more, but for thy"
2612,stress,1535,0,"Not desiring to be brought vnto the peril of persecucion, for it semeth a proude high minde to desire martirdom but desiring help and strength of god, if he suffre vs to come to the"
2613,stress,1682,0,"They [ sc. the muscles] could not keep the Eye steady in discerning afar off, to which is required a greater Firmness of the Muscles..than in viewing an object near hand, to which there is not so much"
2614,stress,1705,0,"The first word, the nominative, is pronounced more rapidly, with less"
2615,substance,1398,0,"A thing with respect to its qualities is termed a subject, or substratum... The..substratum of visible qualities, is termed"
2616,substance,1811,0,"When he [ sc. Brook] first arrived at Westminster School, he recalls being accosted by an archetypal master-race prefect called ‘Brown’..who pronounced the Pirandellian sentence, ‘You're my shadow; I'm your"
2617,whatever,1654,0,"Every bright-faced child on earth is scheduled to die sooner or later, of cancer, legionnaire's disease, swine flu,"
2618,whatever,1654,0,"There's a full-time mechanic in each station who maintains the lifeboats and keeps the place ticking over, doing odd jobs and"
2619,wind,1413,0,"Their Instruments were various in their kind, Some for the Bow, and some for breathing"
2620,wood,1854,0,"You are very good in flannel, Sir. I'll come on Sunday, and see if you are as good in"
2621,yourself,1470,0,"I am so glad of seeing your sentiments, when I cannot hear them, that your letters are only less valuable to me than"
2622,best,1708,0,"To go to fair, I drest Like a great bumkin in my Sunday's"
2623,bond,1325,0,"The frere gaff hym a bow in hond. ‘Jake’, he seyd, ‘draw vp þe"
2624,bond,1325,0,"Moyses..hente ðe cherl wið hise wond, And he fel dun in dedes"
2625,camp,1605,0,"Wherby w'are stor'd with Truch-man, Guide & Lamp To search all corners of the waterie"
2626,charge,1744,0,"The municipality proposed as many as 13 places where public charging stations could be installed—near main roads, shopping centers, hotels, cafes, so that drivers have somewhere to spend time while the electric car battery is being"
2627,comment,1950,1,"Questioned on a press report that ‘a close adviser to President Truman’ was predicting Johnson's resignation, White House Press Secretary Charles Ross issued a perfunctory ‘ no"
2628,commitment,1579,0,"There are several Particulars in Mr. Johnson's Character, as well as that unreverent Behaviour which..was said to be the Cause of his"
2629,composition,1570,0,"As in Mathematicks, so in Natural Philosophy, the Investigation..by the Method of Analysis, ought ever to precede the Method of"
2630,consciousness,1758,0,"The silence of conscience..may be, and very often is, the effect of stupidity; searedness of conscience; hardness of heart; or from the loss of the power of moral"
2631,corner,1548,0,"All..carnall temptacions..ben suppressed, & in maner driuen to a"
2632,creation,1616,0,"There is a subjectivity of the persona , or dramatic character, as in all Shakspeare's great"
2633,creation,1497,0,"Athor, or the night, in the opinion of the Egyptian priests, represented the darkness which enveloped the chaos before the"
2634,creation,1898,0,"As might have been expected after the wild flotation of rubber companies in 1910, the additions in 1911 were comparatively few, while the year has served to disclose the barren prospects of a number of the 1910"
2635,creation,1898,0,The Henley Group Inc. this morning said it has agreed to sell three of its subsidiaries for $141 million cash... Henley has yet to report a net profit since its
2636,deliver,1275,0,"If we can remain constant during the ever-changing tides of life and the unwanted circumstances life brings, we will please God and find that he always"
2637,density,1603,0,"The additional qualities of weight, attraction, impenetrability, elasticity,"
2638,estate,1225,0,I was to congratulate with a friend for his son's arriving to man's
2639,estate,1425,0,"Of this statua, or ymage it is, that men of hyhe power ben cleped ‘ men of"
2640,estate,1445,0,"In the end, the government's role had proved crucial: malgré lui , the state had become one of the main patrons of the scientific"
2641,exception,1413,0,"Generally speaking, everything which one alleges for defending himself, and for eliding the action, is called an"
2642,farmer,1414,0,"Even when a mill was farmed out, the responsibility for the upkeep of its buildings and the associated weir and pond rested with its owner, not with the"
2643,finding,1330,0,‘You speak as though my misfortunes had been of my own seeking’..‘They have been of your own
2644,finding,1390,0,"When a man hath bin labouring..in the deep mines of knowledge, hath furnisht out his"
2645,finding,1390,0,"The Archaeological and Ethnographical Museum, consisting of several rooms devoted to archaeological"
2646,finding,1581,0,The said Labor Commission have considered all the evidence obtained from both sides of the contest and render the following
2647,frame,1325,0,That same..that we the world do call and name Off hevin and yerth with all contentes it is the very
2648,frame,1566,0,A lever of the third sort became most admirably adapted to the animal
2649,frame,1475,0,"When a woman..is passed all drede and shame, She shall haue ynow that woll chepe hir ware And to dresse hir into a croked"
2650,frame,1632,0,"Thou Tharsus, brookes a glorious name, For that great Saint, who in Thee had his"
2651,gold,1798,0,"Our various fortunes are the arrow, Which let careful Prudence hold,..And hit the target in the"
2652,gold,1400,0,"Yet Hens of Guinea full as good I hold [as pheasant] , Except you eat the feathers, green and"
2653,handle,1470,0,"They forget their Inferiours are Men who put their precious Liberty..into their hands as a Pledge, and that they must very skilfully"
2654,imagine,1398,0,Milton's imagination is not strong enough to identify him with the world which he
2655,imagine,1405,0,Perhaps the convert may find that the magic and the taboos of the new religion have far less potency than he
2656,implement,1806,0,"This was an obligation incumbent upon him, which the petitioners were entitled to insist that he should"
2657,impose,1484,0,"In besechynge the herers that they be not euyll dysposed or euyll content of the imposaunt, for he ymagyned to haue power to proue cryme that he"
2658,infection,1398,0,"I have long been of opinion, that the plague itself is caused by the air's being full of invisible animalcula, to which it owes its"
2659,infection,1859,0,The conversion of a semantically indifferent enlargement into a suffix with a well characterized meaning can take place already at the very beginning of the process by what we call
2660,land,1649,0,"Now then, give us your hand; one foot on the box, one on the roller-bolt, and now you're"
2661,live,1600,0,"Eighty-four pounds of powder for guns, made from one hundred and thirty-five pounds of saltpetre, and forty-nine pounds of pure"
2662,live,1909,0,"Soon after the discovery of the causative agent of poliomyelitis, Flexnor and Lewis were able to produce an immune status in monkeys by the parenteral inoculation of"
2663,look,1567,0,"Though such continual zigzags in a book, Such drunken reelings have an aukward"
2664,mainly,1450,0,"And I swear by the rood, I'll be slave to no God. If ye will deal plainly, I will strive"
2665,master,1503,0,"Fire and Water, they cannot be so good Servants, but that they are worse"
2666,master,1752,0,"Would you saunter at some of the small Courts, as Brunswick?.. You are"
2667,master,1500,0,"You require for such a desperate encounter an enchanted and poisoned shaft dipped in a lie too subtle to be found on earth. An enterprise for a dream, my"
2668,minimum,1646,0,"When a Quantity is required to be the greatest or least possible, under certain Conditions, it is called a Maximum or"
2669,mission,1598,0,"Ye continuallie confluence of the rares and bestes [ sic ] wittes of our nation to the Seminaires, and ther constance in following their"
2670,mission,1641,0,That Christ and his Apostles did work..Miracles..and this for a Confirmation of their Divine
2671,mission,1641,0,"Admitting that he [ sc. Novatian] might have had ordination, he could not have had"
2672,mission,1656,0,"Saint Augustine, Bishop and Doctor. A historical study. By a Priest of the Congregation of the"
2673,mission,1812,0,"In countries where the majority of the population is non-Catholic..the priests having charge of souls are not inducted into parishes, but stationed on"
2674,mission,1671,0,"Phæax possessed talents well suited for negotiation,..but..he met with such opposition as to deter him from proceeding further on the business of his"
2675,nuclear,1833,0,There is good evidence that the true nucleus [of a comet] ..was concealed from view by a surrounding nebulous atmosphere sufficiently dense to present a
2676,numerous,1638,0,"Xerxes viewd the innumerable Army he had... At Salamys..his huge Armie melted away, and quickly became"
2677,opposite,1385,0,"Estward ther stood a gate of marbul whit, Westward right swich another in the opposit [ variant reading another in"
2678,opposition,1395,0,"Pompey and Cæsar, two Stars of such a Magnitude, that their Conjunction was as likely to be Fatal as their"
2679,opposition,1704,0,Volsky's Civic Union could theoretically be viewed as a Russian version of that democratic Western institution the loyal
2680,opposition,1860,0,"The King first moving puts an odd number of squares between himself and his opponent, i.e. he takes the"
2681,perception,1690,0,There are several much more complicated cases in which many sensations must concur to furnish the foundation of a very simple
2682,perception,1690,0,A more adequate psychological theory..speaks of the ‘integration’ of the constituent sensations into a
2683,perception,1762,0,"According, as in different senses, the subjective or the objective element preponderates, we have sensation or"
2684,perfect,1350,0,"The nature of this faith consists in the leaping forward to a position still beyond reach for the intellect.., but held with"
2685,perfect,1581,0,"Mrs. Grimley kindly undertook to prompt, as the performers were not all very"
2686,personality,1710,0,"It is this physiological unity of organic functions, which is something deeper than consciousness and constitutes our fundamental"
2687,plate,1450,0,"The man I hate..Who, to complete his dinner, licks his"
2688,plate,1935,1,"We might start by having some sort of social. Nothing elaborate, you know. Just perhaps all the ladies could bring a"
2689,proposal,1932,1,"Any statement of implication, whether formal or material, may be translated into the language of probability by taking the implicans as supposal and the implicate as"
2690,pure,1650,0,"In the formation of the acc. sing. of Masc. and Fem., the true vowel-nature of the stem declares itself, πόλι-ν, πολύ-ν; and the voc. sing...contains the"
2691,pure,1771,0,"The celebrated Englishman who establishes this distinction..supposes the hereditary taint may often be a mixture of scurvy, pox, and stone; as well as a"
2692,pure,1300,0,He..persed his Armure..That it come to his fflesche
2693,recognition,1568,0,I trust by comparison of divers translations..will appear..the circumspection of all such as have travailed in the
2694,recognition,1894,0,"Variables..such as the length of time spent in observation and the level of violence, can influence the accuracy of eyewitness recall and"
2695,regional,1930,0,The National programme already provides one full-length and formal symphony concert on Wednesday which is also broadcast by all transmitters other than London and Midland
2696,regional,1930,0,"Back in the thirties, there had been two nation~wide broadcast programmes, the National and the"
2697,release,1405,0,O save me from distress; My troubles still increase: Behold my sorrow and my pain. And all my sins
2698,reply,1453,0,"If the plaintiff replies to the statement of defence in the main action, the third party claim may be issued within 10 days of the plaintiff's delivering his or her"
2699,resolution,1777,0,"If an inflammation be cured while the state and texture of the part remain entire, the disease is said to be terminated by"
2700,resolution,1545,0,"It having been offer'd to our Consideration, whether the Siege..ought to be undertaken, and the Opinions of every General Officer having been asked, they are come to this unanimous"
2701,secondary,1386,0,"When the word contains two or more syllables there may be a second accent; this, of course, must be subordinate to the first, and is commonly called the"
2702,secondary,1780,0,"Unless..we confine the term ‘primary’ to the reproductive glands, it is scarcely possible to decide which ought to be called primary and which"
2703,secondary,1857,0,"The walls of almost all cells soon exhibit a departure from the original simple condition, arising from the formation of new lamellæ,..all over, or over particular parts of the inside of the primary membrane. These are distinguished as"
2704,secondary,1837,0,"If the ratio of transformation is made too great, the primary circuit may be tuned for quite a different wave-length from the"
2705,secondary,1924,0,In this system a leading term..is a primary; its direct modifier (e.g. an adjective) is a
2706,secret,1387,0,"And aftur þe fyrste orysoun Þer ys an-oþur of gret Renoun Þat to þe sowle ys wonþur swete, Menne calle hit þe"
2707,setting,1621,0,"Dogs, called setters, are now to be met with of all forms, miserably deficient in the most prominent quality,"
2708,setting,1839,0,"Of the remainder he paid the adventurers one-half, or one-quarter, as may have been agreed upon according to the supposed prospects of the mine at the time of"
2709,settlement,1870,0,[The miners] have been unsuccessful in their efforts to be reinstated in their employment in pursuance of the terms of the
2710,settlement,1642,0,"Those that shall be imployed as Officers, or common Souldiers in this present War, after the War shall be ended, may have Lands and Tenements alotted unto them there also, for their future"
2711,severe,1665,0,"To expect that Piety and Vertue were able, by their native charms, so much to endear my dress, as to win themselves adorers in a plain, or even a"
2712,severe,1747,0,"She..watched incessantly by the wounded lad, whose pains were very"
2713,severe,1774,0,De Bœffleurs once more assisted me; though his terms were most
2714,severe,1881,0,"‘Is there any climbing on Bidean?’ ‘I reckon Lilly's route is the best line on this side. About 600 feet,"
2715,shoulder,1596,0,"By these complots.. Wolfe could not choose but bee a huge gainer, a hundred marke at least ouer the"
2716,shoulder,1796,0,When the change [of direction] is to be made to the Pivot hand..the leader of the head division..will give the word (right or left
2717,significance,1888,0,"As before, common sense would feel little doubt that such a difference was significant, but it could give no numerical estimate of the"
2718,slave,1530,0,"Though the deist rave, And atheist, if earth bear so base a"
2719,slowly,1384,0,It is not possible to do the slow foxtrot unless the orchestra plays
2720,smile,1594,0,"Thy soothing strains the pensive heart beguile, And bid the visions of the future"
2721,smile,1759,0,"His face changed—something fleeting, quizzical, but not smiling, his eyes did not"
2722,song,1803,0,"The leadsman chearly tells the depth along, While the whole ship's responsive to his"
2723,song,1698,0,"Some Folks in Grandeur us'd to move along, Now in Thread-bare Coats are seen, not worth a"
2724,spread,1225,0,"Take the Traytor's head, E're in the faultless Flock the dire Contagion"
2725,spread,1382,0,"Blotting Paper, is Paper not sized, and in which therefore ink readily sinks or"
2726,spring,1450,0,"The following Terms are in Use among Wildfowl-shooters:—A flock..of teal, ‘a"
2727,spring,1817,0,"Her spirit..far wandering, on the wing Of visions that were mine, beyond its utmost"
2728,spring,1641,0,As the match unfolded you could see the Croat's long legs were losing their
2729,spring,1683,0,He is getting each year more like an old rubber band that has lost its
2730,spring,1680,0,"When I cut the string with the point of a scissors, the branch flew upwards with a sudden"
2731,spring,1707,0,"I took some of the flies,..and pressing them a little, they quitted several eggs, which they quit one by one, with a sudden"
2732,spring,1799,0,"The boat is high at the bow and stern, being built with what is known as a good"
2733,spring,1537,0,Ferguson..was excluded by name from the general pardon published in the following
2734,spring,1591,0,"Thou still..art the same blithe, sweet thing Thou ever wast, O"
2735,spring,1400,0,"The first thing thou muste set thy werke on grounde syker and good, accordaunt to thy"
2736,spring,1450,0,"That ground..which naturally bringeth forth of his own accord, both elms and wilde young"
2737,spring,1682,0,The seeds when ripe are flung to a distance which is surprising when we consider how small the
2738,spring,1682,0,"The cranesbills do it [ sc. seed-dispersal] by forming a structure like a medieval catapult, which hurls the seed away from the parent plant on a coiled"
2739,straight,1801,0,The human mind can't accept chronic illness. It keeps thinking that the right doctor will set everything
2740,straight,1845,0,The watchman who has as great an aversion to street minstrels at night as a toper has to water
2741,straight,1877,0,"The sixth and seventh, Abe Kleinman won (these were pigeon matches,) and also the eighth with glass balls, making ten"
2742,strike,1565,0,"A passion that fadeth away like the sound of a Lute, when the player ceasseth to"
2743,strike,1750,0,There are no data for determining the..violence of lightning..or for discovering its possible preference for one or another..geological district when it ‘
2744,strike,1733,0,"All spread their Charms, but charm not all alike; On diff'rent Senses diff'rent Objects"
2745,substantial,1550,0,"Neither was there pressure of the grass, nor any other circumstance, to induce him to believe that what he had seen was real and"
2746,surround,1444,0,One complaining against another for letting downe a sea wall soe that not onely his but diverse other men's grounds were
2747,touch,1300,0,You lay so much as a finger on Terry and I'll scratch your eyes out—I will... Don't you dare
2748,touch,1300,0,"It is because potassium chloride has such an affinity for moisture that it can be washed out with water, whereas cleaning with oil will not"
2749,trade,1597,0,All the gaines which I poore Soule had made Of his good Talent lent to mee to
2750,transition,1550,0,The poet should show a masterly skill in returning to the discussion of his subject by an easy and natural
2751,transition,1941,1,The transgender community believes that 40 per cent of people attempt suicide in the years before or during
2752,violence,1393,0,"Wrathe..Which hath hise wordes ay so hote, That all a mannes pacience Is fyred of the"
2753,wage,1338,0,Or thai thar land sul los or vassalage Thai had far levir lay thar lyf in
2754,wage,1400,0,"Ne were that ȝe come in message, Veleyns dethe schulde be ȝoure"
2755,west,1818,0,The biggest increase proportionately will be in the number of people heading
2756,west,1175,0,"Lord, whenne þou comest to deme so Al þe world be fyre, boþe est and"
2757,west,1275,0,Eastern Java there Kneels with the native of the farthest
2758,west,1560,0,"Galloway, Carrik, Niddisdaill, Annanderdaill, with the rest of the Daillis in the"
2759,west,1789,0,"In one brief hour behold him curled and drest, And borne on wings of fashion to the"
2760,worth,1225,0,Of all good frutes the world brought forth. A faithfull frende is thing most
2761,worth,1340,0,"It had nae crupper, nor a girth, And just ae stirrup that was"
2762,academic,1581,0,"Our Academike doctour in divinitie [French Nostre Academique docteur en theologie ; Italian Il Reuerendo Maestro in Teologia, Frate Francesco Coconato nostro"
2763,accord,1180,0,"Who thereupon sends word of it to Charles and Ferdinand, intreating them to assist their aunt, which they"
2764,accord,1400,0,"The Lord Henderland Ordinary..decerned against him, reserving relief to him against the Good Town as"
2765,accord,1400,0,The First Division..remitted the case to the Lord Ordinary to proceed as
2766,actor,1325,0,"Sometimes it is seene, that the Moderator is more troublesome, then the"
2767,address,1855,0,Instead of being in their offices doctors work out of their offices and another chap operates his business out of his
2768,advance,1912,0,"The tension is relieved substantially at the commencement of the film advancing movement of the member 19, and returned prior to completion of film"
2769,alter,1425,0,After the room-breaking episode the attitude of my fellow freshmen towards me
2770,attack,1613,0,"Harris..ends up rowing back to a position not unlike the ‘compatibilists’ who argue that free will can be reconciled with the laws of physics, a notion he has earlier"
2771,attack,1677,0,"The World is Satan's Chess-board; we can hardly move back, or forth, but the Devil sets out one Creature or another to"
2772,average,1802,0,"Where a mean is taken, without any need for arranging the several observations according to their approach to it, it has been called an"
2773,ball,1300,0,"Then did the Archworkmaster of this All, Create this Massy Vniuersall"
2774,bank,1706,0,"When Kings, Queens, Knaves, are set in decent Rank; Expos'd in Glorious Heaps the Tempting"
2775,being,1330,0,Arthour was wel stilly Wiþ his folk neiȝe hem bi—Noiþer baroun no king Nist nouȝt of his
2776,being,1579,0,Let your maide conduct her up Into some faire becomming Chamber Fit for a woman of her
2777,being,1340,0,"Aristotle saith, that nature in one respect is said to be the first & chiefe matter subiect of euery thing that hath"
2778,being,1521,0,Zen in its essence is the art of seeing into the nature of one's own
2779,being,1521,0,"Existential psychoanalysis, the method for discovering an individual's fundamental project of"
2780,being,1393,0,Aristotle laid the foundation for personalism by affirming self-consciousness as the highest
2781,bill,1390,0,What evidence..that will not be sufficient to prosecute the same person against whom the grand jury has found a true
2782,bill,1821,0,We can supply you with building materials that will fill any
2783,brief,1430,0,So 'tis in Books the chief Of all Perfections to be plain and
2784,commonly,1907,0,"I have referred to the Appalachian commons as predominantly agrarian in origin, to the shared use of land individually and"
2785,conception,1650,0,"The specific phenomena of feeling, perception, desire and will, as far as they are known, may be in general described under the name of"
2786,conception,1526,0,"I see two men..the consciousness I have of them is a perception: but the consciousness I have of their relation as father and son, is termed a"
2787,consistent,1902,0,"This property of evaluates, that they approach the true value of the parameter (where such a concept is meaningful) as the sample size increases, is called consistency, and evaluates are said to be"
2788,consumption,1662,0,Taxation and reparation payment will tend to prevent any substantial expansion in the volume of Germany's production and
2789,consumption,1694,0,"In Great-Britain, Taxes are generally of these three Denominations, Land-Tax..Customs or Impost, and Excise or"
2790,conventional,1945,1,The knowledge that all-out war would almost certainly mean the annihilation of organized society of the country initiating it..must enter into the calculations of modern statesmen as a deterrent to war in a way in which the limited horrors of ‘
2791,conventional,1863,0,The instructed player frequently selects one card in preference to another with the sole object of affording information. When the principle is carried thus far the play becomes purely
2792,conventional,1794,0,"As a leading proponent of republicanism during the later years of the July Monarchy, his [ sc. Alexandre Auguste Ledru-Rollin] reputation revolved around his eloquent odes to the"
2793,convert,1837,0,The steel employed for files..undergoes a longer process in the conversion. It is said to be doubly
2794,core,1912,0,"When one electron is much more easily removed than any other, it is reasonable to think of it as a ‘series electron’ and the rest of the atom as a ‘"
2795,critic,1587,0,"To pass a Censure on all kinds of Writings, to shew their Excellencies and Defects, and especially to assign each..to their proper Authors, was the chief Province..of the Ancient"
2796,decline,1541,0,"Your weeping sister is no wife of mine..Farre more, farre more, to you doe I"
2797,democracy,1500,0,"We shall many times see the well governed State of Monarchy overcharged and surfeited with the poyson of Aristocracy, or"
2798,democracy,1803,0,The Republicans in the United States will know how to give credence to the bold assertions of the democrats that this state is fast hastening to join the phalanx of
2799,determination,1644,0,"Every series of concepts which has been obtained by abstraction, may be reproduced in an inverted order, when..we, step by step, add on the several characters from which we had abstracted in our ascent. This process..is called"
2800,determination,1660,0,"When a Body moves any particular way, the Disposition that it has to move that way, rather than any other, is what we call its"
2801,domain,1850,0,If we would gain In the bright fields of fair renown The right of eminent
2802,dominant,1900,0,"When a gene derived from one parent differs from the corresponding gene contributed by the other parent, the effect of only one of the two genes may dominate, covering up the detectable effects of the other. Such genes are called"
2803,dominant,1923,0,A distinction is frequently made between associations in which the position of dominance is shared by two or more species..and those in which a single species is
2804,east,1450,0,Between the rising folds of the Coast Range Mountains on the west and the rising Sierra Nevada fault-block on the
2805,electron,1891,0,"When the atom is considered together with its electric charge it is called an ‘ion’, while the charge, considered in itself, is the ‘"
2806,eliminate,1736,0,"The coefficient a jk ..is called the ‘pivotal coefficient’ or ‘pivot’ for this elimination; it is the coefficient, in the pivotal equation, of the variable to be"
2807,escape,1593,0,"Soft dances lead, although their aery shape All but a quicke Poeticke sight"
2808,ethnic,1863,0,The varied ethnological collections of the Smithsonian Institution..will be found to illustrate many interesting points of comparative
2809,everyday,1798,0,They seem to use Sunday here very much as we use Saturday... Carts and everything go about just as on
2810,everyday,1798,0,"He had white hands that had never worked, and wore beautiful clothes that fitted him like a glove, even on"
2811,everyday,1640,0,"Should they put on their Sunday fineries of cloth skirts, Paisley shawls, wonderful bonnets, and kid gloves? This point was finally settled in favor of their"
2812,evolution,1654,0,"Both these sections have sharply cut rhythms, a powerful onward drive and a diamond-like sparkle in their"
2813,evolution,1832,0,The little bones which transmit acoustic vibrations from the ear drum to the organ of hearing were made up from bones of the lower jaw that had become redundant in the course of
2814,evolution,1850,0,Progradation and dune formation along this coast have not been confined to the present cycle of coastal
2815,exceed,1482,0,"Justice must punish the rebellious deed: Yet punish so, as pity shall"
2816,expose,1477,0,"Hee that hath espide a vermeill Rose, To which sharpe thornes..the way forstall, Dare not for dread his hardy hand"
2817,extension,1934,1,An ‘extended’ position can look beautiful with dancers of the jarreté type who are loose enough to sustain such a position without straining too noticeably and are therefore said to have a good ‘
2818,factory,1890,0,"‘Bring him in for questioning’, returned the inspector... ‘We'll talk back at the"
2819,favour,1605,0,"Was she hoping to get engaged during the year of the tour? ‘Good God, no, do us a"
2820,fellow,1844,0,"Spurgeon..was not only followed and admired, he was trusted and loved beyond his"
2821,flight,1786,0,"Some auld-light herds..Are mind't, in things they ca' balloons, To tak a"
2822,flight,1647,0,"How can I call the lone night good, Though thy sweet wishes wing its"
2823,formula,1888,0,"Although not every Anglo-Saxon poem has a formal introductory passage, there is a type of opening sentence which occurs so often as to allow its being called a"
2824,foundation,1548,0,"Corpus is a very small establishment,—twenty fellows and twenty scholars, with four exhibitioners, form the"
2825,fourth,1832,0,"Crown glass is sold, according to its quality, under four different denominations—firsts, seconds, thirds, and"
2826,functional,1841,0,"These features may include swages, punching-holes, and cast decoration which might possibly have been"
2827,gather,1594,0,"That faire field Of Enna, where Proserpin gathring flours Her self a fairer Floure by gloomie Dis Was"
2828,gender,1474,0,"The women adore you, and call you defender, And friend to the rights of the feminine"
2829,grade,1807,0,Neither trades are (to use an Americanism) of the first
2830,grade,1912,0,Word spread quickly round the village: my cottage had made the
2831,grain,1315,0,"The lab'ring Swain Scratch'd with a Rake, a Furrow for his"
2832,grain,1667,0,The smutty Train With running Blaze awakes the barrell'd
2833,grain,1386,0,My American measures..have a certain unity of colour which has stood wearing for upwards of nine years... It is indeed dyed in
2834,grain,1641,0,The master hardly can restrain Their thrawart humour and cross-
2835,height,1563,0,"They take their Flight Through Plains, and mount the Hills unequal"
2836,hole,1400,0,"Little Robin red breast, Sitting on a pole, Niddle, Noddle, Went his head, And Poop went his"
2837,housing,1861,0,The challenge facing the administrators of the world's mega cities doesn't stop with water and
2838,housing,1627,0,"The amount by which the two sides of a ship are brought in towards the centreline after reaching their maximum beam... The older term, tumbling-home, had an even earlier one,"
2839,housing,1819,0,She was insulated by treading down..snow on the upper deck... The ship's sides were banked with snow to meet the
2840,housing,1829,0,The end thrust of the axle is provided against by receiving its impact upon a steel ball seated in a groove formed in the head of the journal-box or
2841,housing,1829,0,The brakes don't work at all. This is due to a fairly common problem caused by the input shaft seizing up where it enters the
2842,identification,1781,0,"Except as pieces of apparel, bits of jewelry, or something apart from facial or bodily recognition may aid in future work at the wreck, the chances are strongly against further"
2843,impression,1444,0,We ought to bere the crosse of Jhesu cryst..in the mouth by confession..and in the vysage by contynuel
2844,incident,1913,0,"One impotent little man from Clapham, who was insolent to the Maharani, received for his pains a dismissal from the Civil Service for having made an ‘"
2845,incorporate,1530,0,"I heard at Weston that the vice-chancellor of Oxford and Dr. Fell, has denied Oates his incorporating D.D... Oats sent word to the vice-chancellor that ‘he would come and wait on him..for his degree’. But they denied him—that is, if he was Doctor of Divinity at Salamanca they would"
2846,inform,1588,0,"When, first, the first confused Masse Did, from its mish mash medley, passe To those four segregated forms, Whose re-commixture now"
2847,in-line,1929,0,"Wright Flyer III, ca . summer/autumn 1905. Engine : one 20 h.p. (approx.) Wright 4-cylinder water-cooled"
2848,interesting,1724,0,"Her junk drawer is full of pens, paper clips, scraps of paper, receipts, old notebooks—nothing even remotely"
2849,interesting,1893,0,"I, too, reared a pair of very different children... Raising the first was easy; raising the second was, um,"
2850,legislation,1659,0,"South Africa has problems fully as grave as those of the other Dominions before it, and as much need for careful revision of its"
2851,liberal,1859,0,"A Communist in South Africa is often, according to the general usage of the word, a"
2852,limitation,1592,0,"When an estate is so expressly confined and limited by the words of its creation, that it cannot endure for any longer time than till the contingency happens upon which the estate is to fail, this is denominated a"
2853,living,1426,0,"I had recently come to know an old, dirty, gabbling, tragic, Irish parson who had long since lost his faith but retained his"
2854,maintenance,1350,0,"If the Defendant was not privy to the publication of the libel, he was a stranger to the action brought against the Plaintiff, and in undertaking to indemnify the Plaintiff against the costs was guilty of"
2855,maintenance,1389,0,The sum of two thousand dollars was left..in trust for David and Dora Keith until they came of age or married. In the meantime the interest was to be used for their
2856,medicine,1966,1,Direct governmental support of medical students and medical schools were vigorously opposed at one time or another by organized
2857,minister,1300,0,"The glory..was attributed to the Emperours themselues, (the labour, and perill in attempting, and..enuy after victory) remaining onely, as rewardes to their"
2858,minority,1716,0,"In a democracy, the majority of the citizens is capable of exercising the most cruel oppressions upon the"
2859,mixture,1526,0,"Such is the Composition of human Things, that nothing is pure or without"
2860,narrative,1843,0,"Recitative is the means of union between melody and speech, by whose aid, that which is merely dialogue becomes recital or"
2861,necessity,1748,0,"Each man was allowed three half quarterns of brandy or rum,..diluted with a certain quantity of his water,..this composition, was by the sailors not unaptly stiled"
2862,neck,1818,0,When he took a snoose on deck They poured salt water down his
2863,nerve,1742,0,"Nervous enough in some respects, but in others perfectly without"
2864,northern,1598,0,"‘I changed me mind,’ she said. There was a trace of a London accent on top of her broad"
2865,obligation,1719,0,"In England, from the introduction of Christianity till the Participate of Pius VIII. it was devoutly observed as a holy day of"
2866,occupation,1325,0,The particular man whose life has been conditioned by the hot North African sun and the cold chill of the
2867,operator,1828,0,"The main indicator on the Russian stock market..fell by 18%, which seems only to vex optimistical"
2868,painting,1387,0,"He is before all things a poetical painter, blending the charm of story and sentiment, the medium of the art of poetry, with the charm of line and colour, the medium of abstract"
2869,pleasure,1526,0,The failure will inevitably produce great distress among those who are traveling for
2870,poetry,1692,0,"He was..largely insensitive to non-English poetries, and chose to ignore the influence they have exercised on English"
2871,practise,1421,0,"The Numbers of Corn-cutters, Tooth-drawers, discarded Sea-Surgeons, Barbers, and Wise Women, who..plead a Call from within to"
2872,practise,1421,0,"The seal was committed to the earl of Clarendon, who had withdrawn from practice as a lawyer near twenty years; and afterwards to the earl of Shaftesbury, who had never"
2873,prayer,1836,0,These motions are usually in the form of addresses to the Crown praying for the annulment of orders or regulations and are hence commonly called ‘
2874,preference,1864,0,I break silence to ask whether it is too late to fall back upon the solution of home Rule within Home Rule which Mr. Asquith declared was his
2875,preference,1945,1,"This bidding invariably shows a two-suiter... If he prefers the spades, he can bid two spades to indicate his"
2876,presentation,1932,1,"This view does as much violence to the time spirit of the Old Testament as its opposite, the Traditionalist standpoint, and both are to be avoided in a just"
2877,presentation,1849,0,The percept involves the immediate assurance of the presence of the whole object. Hence psychologists commonly speak of percepts in their totality as
2878,print,1608,0,"In Durance, Exile, Bedlam, or the Mint, Like Lee or B—ll, I will Rhyme and"
2879,priority,1475,0,"Rambeau..states that the method was ‘invented’ in 1865... The sarcasm of his observation was possibly due to his familiarity with analogous systems developed in Germany, which could claim"
2880,psychological,1688,0,"The grand drama of the Leipzig Easter-fair is certainly..very attractive and entertaining, whether one belong to the crowd of busy actors, or be only an idle looker-on—whether one have on his nose a pair of statistical, or"
2881,quarter,1300,0,"In 1795, after a severe winter and the failure of many crops,..the price of wheat in London was 108 shillings a"
2882,quarter,1389,0,"I made two false starts at college, flunking out the first time,..then dropping out of college after two"
2883,quarter,1570,0,"After the two armies hadde long remayned one within viewe of an other, they retired into their seuerall"
2884,quarter,1754,0,"If the side of the triangle be supposed to be the diameter at the slings, the several divisions of line BC, from the point B, will be the diameters at the"
2885,quote,1680,0,"Twas counted learning once..what men understood by rote, By as implicit sense to"
2886,race,1563,0,"If I have one to love and rear He shall be delicate in face Strong-limbed and straight, and showing clear The stamp of noble"
2887,race,1590,0,"Piety is no more, she sees her place Usurp'd by Monsters, and a savage"
2888,range,1557,0,"Once haue I seen them gentle, tame, and meke, That now are wild, and do not once remember That sometyme they haue put them selues in danger, To take bread at my hand, and now they"
2889,range,1600,0,"The clodded lumpes to water straight doth change, Making small Brookes, as downe hill it doth"
2890,recall,1585,0,"Aske what thou wilt,..It shall be granted thee, Apollo said... Let me then liue (said I) till I haue told So many yeares, as there are bodies small Lockt in this hand. The god could not"
2891,resident,1790,0,"We mean by ‘partial migrants’ those birds which are never without their representatives in the country under consideration, yet some always migrate while other remain"
2892,resident,1525,0,"The Pulse, which is..raised by the influent Blood, and the Pulsifick or Pulsative faculty, there"
2893,resident,1463,0,"He's shrewdly wrong'd if he be n't Cromwel's Agent for all the Taverns between Kings-street and the Devil at Temple-bar, indeed he's a kind o'"
2894,resident,1821,0,"My sole and immediate directions..were carried into effect by that intelligent and judicious young physician, Dr. Campbell, who was then the medical"
2895,resident,1821,0,"The medical establishment shall consist of not exceeding three honorary medical officers, and one medical"
2896,revolution,1795,0,"A change of great magnitude began, which involved the Appalachian region with the continental border adjoining, and well merits the title of Appalachian"
2897,revolution,1521,0,I doubt they [ sc. the American colonies] border on open rebellion; and..I fear they will lose that name to take that of
2898,revolution,1521,0,The blind tenacity of the reactionaries and the determined fury of their enemies could have no other issue but
2899,revolution,1917,0,"The Bolsheviks have dropped their offensive attitude, considering themselves now in the position of organizers of the defence of the"
2900,ride,1275,0,"Sumeres tide..doþ misreken monnes þonk; Vor he ne recþ noȝt of clennesse, Al his þoȝt is of golnesse..eurich upon oþer"
2901,ring,1911,0,"Through heat retention the unique Multi-Server poaches fish off the hob, as well as cooking rice, pasta, noodles and vegetables, thus freeing cooker"
2902,ring,1513,0,"Carrousel..is, in fact, a kind of superb betailored running at the"
2903,ring,1777,0,"The..spore cases..are mostly minute roundish-oval bodies, containing one cavity, and nearly surrounded by a jointed vertical band called a"
2904,ring,1835,0,"Both men and women shave their heads close, the former leaving only sufficient to attach the issigoko, or"
2905,ring,1934,1,The message is routed into the processor as well as being passed on down the
2906,ring,1785,0,"There was the floor on which..I had played at marbles, a pattern in the carpet serving as the"
2907,ring,1878,0,"Witness the officers of the Imperial gunboat ‘Seiki’, now at Portsmouth, whose dress is exactly like our own, even to the distinguishing"
2908,ring,1868,0,"The present Fourth District of Vienna..was at that time outside the walls of the old town, already overflowing its ancient ramparts, which were demolished in 1859 to make way for the"
2909,ring,1872,0,Mr. Miles effected the winning figure by a hit which sent the ball to the
2910,ring,1872,0,"Colin Wesley, playing in his first test, fiercely hooked a bouncer by Freddie Trueman to the"
2911,ring,1830,0,I have often seen their haunches streaming with blood..before they could get into the
2912,ring,1869,0,"Phthalic acid or its derivatives ensue on the breaking up of the compound, not only from one but from both of the six-cornered"
2913,ring,1869,0,Treatment of pyrrole with hydroxylamine causes a smooth opening of the
2914,ring,1862,0,"He helped foil an effort to ruin the biggest gambling joint in town, which was taking the play away from one owned by the political"
2915,ring,1869,0,"Stocks are what the brokers make them, and their varying rate is determined by a ‘"
2916,ring,1654,0,"Was it to see two boxers, bobbing in a white-roped"
2917,ring,1654,0,"According to boxing tradition, Ali, as challenger, would be first to enter the"
2918,ring,1775,0,Rails' betting thus is often on credit whereas cash rules in the
2919,score,1701,0,The King has just received the copies of the three operas M rs . Delany so obligingly borrow'd for him. He therefore returns the three
2920,screen,1914,0,The anode and cathode are placed in proximity to each other and between them is interposed the
2921,screen,1914,0,"The defect in the tetrode characteristics..is eliminated by the insertion of a third grid, called the suppressor grid, between the anode and the"
2922,screen,1910,0,"If the central block subsides several times.., a number of concentric ring-dikes will form. A remnant of the older country rock left between two ring-dikes is called a"
2923,season,1709,0,"What Numbers one sees, who for that very Reason Come to make such a Figure at Bath ev'ry"
2924,secure,1604,0,"[The sale of cargo] will Lessen the debt so much that they are of Opinion Mr. Tillinhast will then become his Security for the Ballance. If not, they will find a way to"
2925,segment,1870,0,"We find the nervous system formed of a series of centres, each sending fibres to the different organs of its own"
2926,sensitive,1707,0,"When in 1785 he [ sc. Lamarck] divided the plant kingdom into six, serially arranged classes, he noted that it was ‘almost uniquely’ within the class of the greatest complexity, the Polypetala , that the phenomenon of irritability was exhibited ( Mimosa pudica , Oxalis sensitiva , and some other well-known"
2927,servant,1400,0,"I am at your service, doc.—fire away, if it is anything in which I can pull you through I am your humble"
2928,sight,1175,0,"If þat youre eyen kan nat seen aright, Looke þat youre mynde lakke noght his"
2929,sight,1836,0,"She proceeded to place her two hands extended in a right line from the tip of her nose.., after the fashion of what is called 'taking a double"
2930,sight,1384,0,He might well have doubted of success had he walked by
2931,sight,1384,0,"Forward, marching eastward Where the heaven is bright, Till the veil be lifted, Till our faith be"
2932,sight,1175,0,"A fouler vision yet; an age of light, Light without love, glares on the aching"
2933,sight,1275,0,"Fiss on sund, and fouxl on flight, Was broght all fort in his"
2934,sight,1300,0,"He breaks to Light, And pours his specious Miracles to"
2935,sight,1297,0,"On whome my hole delyght Dayly was sette, upon her to have"
2936,sight,1362,0,The first step to a right understanding of the Gospels must be the abandonment of this point of
2937,sight,1619,0,I..bought me two new pair of spectacles of Turlington..And his daughter..doth advise me to very young
2938,sing,1813,0,A marine made it a point of honour to take a flogging in silence—a sailor thought it no disgrace to ‘
2939,southern,1935,1,"I listened to the Governor's lady talking for some minutes to some of her South Delaware friends, and they were talking"
2940,southern,1935,1,"Before there were any dialect surveys in the United States, it was generally believed that there were two main dialects, Yankee (i.e. northern) and"
2941,steel,1275,0,"He would not cease to kneel, Till all were melted, though he were all"
2942,storage,1877,0,Canning and freezing both eliminate the risk of spoilage by moulds and bacteria which are a constant danger in cold
2943,strange,1380,0,"A witty man tacth preued thyng, & change He macth, that lond from lond be not to"
2944,superior,1577,0,"The successive doubling of the differences, places each of the theoretical intermediate planets at a centre of oscillation between the next inferior and the next"
2945,superior,1475,0,Lyke as they were inobedyent to theyr superyor ryght soo theyr membres began to meue ayenst theyr
2946,tear,1582,0,"Like a baited Bear, If he hath Strength enough his Den to"
2947,tension,1685,0,The strain occasioned by pulling timber in the direction of its length is called
2948,tension,1685,0,"A weight being placed on a beam or girder (..resting on the support at each end..), the top is..thrown into compression and the bottom into"
2949,tension,1785,0,On their separation they are found to possess..a certain quantity of free electricity of low
2950,tooth,1386,0,And keep the best o' th' meat (forsooth) For your own Worships dainty
2951,train,1568,0,"To Hunt the Fox is an old sport... They that think all Pleasures vain, Will sometimes follow..the Fox's"
2952,transaction,1665,0,"To reconsider the papers read before them, and select..such as they should judge most proper for publication in the future"
2953,transformation,1571,0,"A Discourse Geometricall of the fiue regulare or Platonicall bodyes.. [with] the manifolde proportions arising by mutuall conference of these solides Inscription, Circumscription or"
2954,transformation,1571,0,"The numerical value of f(t) is unaltered when we replace the variable t by the linear expression t + 1... Thus, the value of the function is invariant under a particular linear"
2955,transformation,1902,0,In each unit of time a certain definite fraction of the total number of the atoms present will disintegrate but there is nothing to indicate the moment at which a given atom will undergo the radioactive
2956,translation,1902,0,Comparison of trading results is distorted by..the reduction in the depreciation charge occasioned by the revised method of currency
2957,trust,1590,0,"Scribling Pamphletors..thrust Lame things upon the world, t'ane up in"
2958,trust,1590,0,The critic..must..take what is set before him on
2959,universal,1393,0,Its purpose is first to affirm the Unity of the Universe and second to argue that this Unity depends upon the existence of an eternal and
2960,universal,1907,0,The victorious Esperantists..poke fun at these new-fangled schemes. A parody in Esperanto verse..narrates the fickleness of Pan-Roman and how it changed into
2961,unknown,1479,0,"With Terrors round can Reason hold her throne, Despise the known, nor tremble at th'"
2962,valuable,1613,0,"It is Your Pleasure (Noble Sir) that I should hold my Fortune from You; like those Tenants, who pay some Inconsiderable Trifle in lieu of a"
2963,vehicle,1699,0,"The Substance of high dry'd Malts, which retain many fiery Particles in their Contexture, and are therefore best lost in a smooth"
2964,vote,1737,0,"That from a Patriot of distinguish'd note, Have bled and purg'd me to a simple"
2965,weapon,1610,0,"That he should put a full stoccado vpon me, and go brag when he had done, that he had beaten a master of defence at his owne"
2966,weapon,1610,0,"We insist so much upon this Philosophy here,..because without the perfect knowledge of it, we cannot deal with the Atheists at their own"
2967,western,1981,1,"With due respect to Southern..the established tradition of ‘geographic’ naming of transfer techniques (‘Southern’, ‘Northern’) is continued; the method described in this manuscript is referred to as ‘"
2968,wild,1300,0,Heo louede so horn child Þat neȝ heo gan wexe
2969,willing,1600,0,"The subject of Hegel's philosophical Psychology is neither soul..nor (self-)consciousness, but an intelligent, knowing and"
2970,willing,1548,0,"With the ‘Old Europe’ chickening out of a fight in Iraq, Secretary of State Colin Powell promises they will be replaced by 45 members of a new ‘Coalition of the"
2971,wine,1398,0,"And tho' she boasts no charms divine, yet she can carve and make birch"
2972,winter,1425,0,"What has been done is not lost; the seed sown may spring up, even after a century of"
2973,wish,1390,0,"A dish Of which perhaps the cookery rather varies, So every one may dress it to his"
2974,acceptance,1569,0,"I must trouble him with the conveyance of this and of the accompanyment, of which I solicit your favorable"
2975,accident,1398,0,"When as such a one at the instante is resident, who with eloquence may blazen out the myraculousnesse of the"
2976,accident,1400,0,"O that torment..must secret passage find To th' inmost mind, There exercise all his fierce"
2977,acquisition,1947,1,A narrow beam antenna suitable for accurate tracking has a very limited field of view and requires additional facilities for target
2978,adjustment,1690,0,"The papers and documents relating to her unfortunate average have been transmitted to me, and are now in the hands of an accountant at Lloyd's for"
2979,alcohol,1590,0,"Alcahol or Alcool , the pure Substance of anything separated from the more Gross. It is more especially taken for a most subtil and highly refined Powder, and sometimes for a very pure Spirit: Thus the highest rectified Spirit of Wine is called"
2980,alive,1884,0,"Trying the first, he found it ‘live’—an electric current was passing on it...Then he tried all the wires, and found every one of them ‘"
2981,arrival,1518,0,The migratory birds generally arrive within a week on one side or other of the average date assigned by naturalists to their respective
2982,aside,1330,0,Whose brazen studs and tough bull-hide Had death so often dashed
2983,attractive,1581,0,"We are neglecting the force of physical attraction, or mass affinity, in which apparently inert materials often possess powerful"
2984,awareness,1839,0,"And, since I own his charm of style, I can't be saddled with unfairness For wishing he had spared those vile New clichés , ‘glimpsing’ and ‘"
2985,beside,1297,0,"Now if the same Behaviour be your Guide, In all the actions of your life"
2986,biological,1904,0,"A report..to consider the effective control of therapeutic substances which cannot be tested by direct chemical means. On the analogy of ‘chemicals’ we propose, for want of a better term, to call these substances ‘"
2987,bridge,1658,0,"Let the Zeal-twanging Nose that wants a Ridge, Snuffling devoutly, drop his silver"
2988,called,1492,0,"In respect both of the..will of the Caller, and obedience of the"
2989,cast,1300,0,"Þe feindes fraistes me ful fast, wele i hope i sal þaim"
2990,cast,1300,0,"Sir Presbyter, ye spur Your speavie mear too fast..Your covenant she'll"
2991,chamber,1769,0,An old mill straddled Lock 3... Notice the exposed timbers at the north end of the
2992,chart,1963,1,"If Mr Stewart is top of the Tory pops, other ministers are also high up in the"
2993,chief,1612,0,"When one, who for his deep belief Was Virtuoso then in"
2994,climate,1393,0,"The Islandes called Fortunate, or Canaria, whose Weste partes be situated in the thirde"
2995,coast,1775,0,"‘Let's run,’ said Polly, as they came into the path after the last"
2996,colonial,1868,0,There will be a heavy bill due to the colonists of Gibraltar for the..cessation of the exports from this country to Gibraltar of British goods and
2997,colony,1384,0,"They [ sc. Roman colonists] ..were subject to be call'd home, if the Romans thought fit to dissolve the"
2998,colony,1550,0,"Dishonouring these debts would undermine..Britain's strategic and moral leadership of the Commonwealth at a time of decolonisation in India, a strategically important"
2999,commission,1513,0,The person who shall be successful in receiving the largest number of votes cast at the election..for that office will go into
3000,committee,1762,0,"If he be found non compos , he [ sc. the Lord Chancellor] usually commits the care of his person..to some friend, who is then called his"
3001,committee,1571,0,"Their report..which, not being liked, the House recommitted it, on the 26th, and added Mr. Dickinson and myself to the"
3002,configuration,1962,1,"Sigma 5's central processor is so powerful and sophisticated that it works even more efficiently with $500,000 worth of memory, peripherals and options than it does in its basic $90,000"
3003,convention,1801,0,DNC [= Democratic National Committee] members are automatically superdelegates with a reserved seat at the party
3004,convention,1422,0,"On 8 February 1677, Crépin Giraud,..Misters Pierre Pelorce, and Pierre Argentier concluded a private"
3005,convention,1767,0,"Now, we are going on a flight of fancy—to see what happens if we abandon the restrictions dictated by"
3006,conversion,1955,1,This depletion of the fuel by burn-up of fissionable atoms is offset to some extent by the production in the fuel elements by neutron absorption and other processes of atoms of new materials which are themselves fissionable; the best known example of this is the production of plutonium 239 from uranium 238. This process is known as
3007,conversion,1635,0,"My subject in this Chapter shall be of Ranks filing, and Files filing, and Ranks ranking, and Files ranking, which are by some called Inversion and"
3008,county,1918,0,"For who, midst all these spongers on his bounty, Save only Jill, is absolutely ‘"
3009,creature,1540,0,Those that come to their meat as to a medicine..shalbe sure not to ioy too much in the
3010,creature,1662,0,This day (at a generall towne meeting) was given to Caleb Carman two hollowes;..he is to secure them from all
3011,dear,1500,0,"The Coast all clear, And Spouse alone, impatient for her"
3012,defend,1275,0,"An hier hil, that wynd that wold offende Let holde of, if no wodis thee"
3013,delivery,1618,0,"If I have sealed my deed, and after I deliver it to him to whom it is made, or to some other by his appointment, and say nothing, this is a good"
3014,delivery,1582,0,"It's not often that I hear somebody sing a Donny track and do it justice, but Shaun tore the tune apart and sent shivers down my spine with his heart breaking"
3015,depression,1879,0,"The Prime Minister has sought to comfort us that there will be no double-dip recession, forecasting that we will quickly bounce back from this"
3016,depression,1930,0,"I know of instances where employes, retained since the war deflation..have been let out now that their employers can say they are letting them go because of the"
3017,depression,1655,0,"Hewling's newly invented Instrument the Land Surveyor... Giving atsight [ sic ] the Radius, Chord, and Perpendicular, of any angular part of a Field... Likewise the distance from hill to hill, with elevation and"
3018,depression,1668,0,"Division is used, either to depress an Equation in Numbers or Quantities, or both, and so reduce them to their least Terms; and therefore is this often called"
3019,discourse,1400,0,"The discerning of that connexion or dependance which there is betwixt several propositions..which is called ratiocination, or"
3020,discourse,1931,1,The domestic implications of this functional ideology were not lost upon the peers who shared its universe of
3021,discrimination,1819,0,Let the very best educational opportunities be provided for both races; and add to this an election law that shall be incapable of unjust
3022,divine,1386,0,The apologies of Jesuit writers for the assassination of tyrants deserve an important place in the history of the doctrine of
3023,dramatic,1870,0,"[This] mode of address was not entirely sympathetic to Mr. Beecher, who deprecated pulpited"
3024,drawing,1753,0,"The late autumn is..good for sketching trees, as you can see their anatomy and"
3025,driver,1769,0,"The weight of a hammer did not contribute so much in driving a nail, as the quickness of the motion given it by the"
3026,driver,1819,0,"A proportioned pinion must be made somewhat smaller for a small wheel than for a large one, and also smaller when driven than when it is the"
3027,driver,1819,0,"The Atlantic engine..had four driving wheels, two rear wheels which are called trailers, and four wheels in front of the"
3028,driver,1925,0,Operation at high levels requires that the Doppler Effect has to be overcome by crossing over to a separate high frequency
3029,essence,1667,0,"I might believe its [a spirit's] Existence, without meddling at all with its"
3030,evening,1587,0,"Our common formes of salutations are commendable: which are of divers sortes: as when one meetes another, God save you :..in the morning, God give you a good morning : after noone, God give you a good"
3031,evening,1591,0,He had seen Evan Davies loitering on the road to Towyn on that terrible
3032,evening,1475,0,"I preached in the Unitarian Baptist meeting-house, morning, afternoon and"
3033,execute,1463,0,"The acknowledgment of the debts by the defunct in his last will, which it is the duty of the executor to"
3034,fall,1575,0,Iup. Shall wee here repose our selues a little? Cal. And loose the honour to be first at
3035,fall,1400,0,"The naturall iudgement of reason, a certayne sparke wherof remayneth yet styll euen in men after the"
3036,fall,1463,0,"Nor shall the present Year Be more tenacious of her human Leaf, Or spread of feeble Life a thinner"
3037,fall,1565,0,"By degrees, remote and small, The Strains decay, And melt away In a dying, dying"
3038,fiction,1605,0,"The scene may appear to us so memorable, as to have afforded temptation for"
3039,fiction,1599,0,The Arabs..enjoy a remarkable advantage over us in the composition of works of
3040,format,1955,1,"Goldberg has developed from the sectional, chopped-up forms of de Kooning to a large centralized"
3041,fraction,1547,0,"When the affections are glewed to the world, Death makes not a Dissolution, but a"
3042,fraction,1609,0,"My primitive intention was, to have presented thee with this..Antipathy intirely at the same instant without"
3043,guard,1574,0,"He sent direction..if they heard that the Enemie was entred at any other part, not to succour, but to continue upon their"
3044,guard,1885,0,A card which accompanies a higher card of the same suit is called a
3045,hard,1300,0,"These be the wayes, by which without reward Liuings in Court be gotten, though full"
3046,host,1490,0,"But here, alas! he found to's cost, He had reckon'd long without his"
3047,hurt,1200,0,"Wit flitt, wit brixil, striue and sturt, Myn euen-cristen haue i"
3048,identical,1688,0,"One of the fundamental principles governing identity is that of substitutivity —or, as it might well be called, that of indiscernibility of"
3049,imagination,1340,0,"I would fain understand how men ever came to be abused with the notion of Religion,..if there were not some faculties in them above those of sense and"
3050,imagination,1582,0,"As soone as it was day, all set forward..imagining that by sun-set they should reach to Villages of the Babylonian Territorie. Neither were they deceiued in their"
3051,innovation,1939,1,It seems impossible to establish scientifically any final conclusion concerning the relation between monopoly and
3052,institutional,1958,1,"A new branch of systemic linguistics dealing with the types of relation that arise in use between tongues, and between them and their users... As its aim is to confront tongues and communities as social institutions, it might be called"
3053,integration,1620,0,"Physical conditions will ever give rise to differentiation in Beings, together with its concomitant phenomenon,"
3054,invest,1578,0,"Thus with the Torrid Zone, am I opprest, And lock't twixt Tropickes Two, which me"
3055,lesion,1640,0,"A neurosurgeon..said that a brain scan had revealed internal bleeding, and injuries including contusions and"
3056,lesion,1561,0,A determination as to whether the contract involved is of a kind that admits of
3057,lesion,1561,0,"There is a question as to whether the deceased could be said to have at least, strictly speaking, suffered"
3058,liberty,1405,0,"The rule where a statuliber was captured and ransomed, and had to pay 10,000 sesterces for his"
3059,liberty,1667,0,"Several other sorts [of bit-mouth] ; all with different Liberties for the Tongue , or without"
3060,lift,1330,0,"His enuious brethrens treacherous drift, Him [ sc. Joseph] to the sterne of Memphian State had"
3061,magnetic,1800,0,To accommodate the crowds who sought the supposed benefits of animal magnetism trees were magnetized by the doctors. About these trees patients sat in rows—holding on to cords that were attached to the trunk—and supposed that through these cords they were receiving the
3062,mark,1536,0,"Sir Humphrey, shooting in the dark, Makes answer quite beside the"
3063,mark,1598,0,"I lay i'th dark, Yet he took such aim that he hit the right"
3064,meat,1564,0,Poor puss shall have a treat For the first time of juicy
3065,meat,1564,0,Behind the whore-house on the hill Where all the boys could get a seat And watch that half-breed brown his
3066,membership,1643,0,Officers will spot these ‘wannabes’ hanging around gang members..and talk to them about the downside of gang
3067,merchant,1886,0,The success of ‘Indiana’ mainly depends upon the extravagant humours of the chief low-comedy
3068,mind,1677,0,"‘Why don't you find a nice attractive understanding housekeeper, about forty, and—’ ‘Really!’ Tarrant expostulated, ‘ Do you"
3069,mine,1862,0,To these fixed torpedoes it is now more usual to give the appropriate name of submarine
3070,modification,1492,0,"The decree of the Teind Court, modifying a stipend to a minister from the teinds of the parish, is called a decree of"
3071,modification,1845,0,"This operation, for which we have no name, is known in Germany by that of Umlaut..: we must content ourselves with the very insufficient rendering ‘"
3072,nice,1400,0,"Tisn't a Virtue, Lucia, but a Vice, To be so very coy! so very"
3073,nose,1387,0,"It's all very well, sir, your scorn to parade Of the high nasal twang of the Yankee maid, But, ah, to my lord when he dares to propose No sound is so sweet as that ‘Yes’ from the"
3074,nurse,1593,0,"Can Wedlock know so great a Curse, As putting Husbands out To"
3075,nurse,1818,0,The nursing function..is really trophallactic... The larva is provided with..an ambrosia greedily lapped up by the
3076,offence,1395,0,Ther saw I helmys and haberiouns..And pavys..ffor folk to make resistence Talle that wolde hem don
3077,opening,1797,0,It was discovered that a daily pint and a half of the water was sufficient to give the King ‘two
3078,opening,1735,0,We placed the chesspieces on the board and started playing. Rab was very keen on the so-called Polish
3079,opening,1752,0,"He had had some training in the iron and steel business, and when I knew him was on the look-out for an"
3080,opening,1986,1,All three techniques are used for salmon; boats using gillnets and seines often catch herring as well during a very short fall
3081,opening,1650,0,The Lord my gracious Preserver..is learning me to depend on and attend to his shuttings as well as his
3082,opening,1650,0,"[Woolman] slowly learned the art of speaking lucidly and concisely in Quaker meetings, rising only when he was convinced he was responding to a divine ‘"
3083,opening,1225,0,"A..hood which covers the face, saving the eyes; for whose use there is an"
3084,opening,1425,0,Endocoscopes—fibre optic viewing tubes linked to television monitors—can be passed through the mouth or other
3085,organism,1925,0,"This doctrine involves the abandonment of the traditional scientific materialism, and the substitution of an alternative doctrine of"
3086,partial,1425,0,"These sometimes extend no farther than to the injury of the private rights of particular classes of citizens, by unjust and"
3087,passion,1200,0,"To proportion my discourse to the season, when we all are..making a Quadragesime, or fortieth, as a parasceue of Christ his death and"
3088,passion,1390,0,"One of the sermons in the collection deals with his experiences during the war, wherein he served as a whooper-up of"
3089,passion,1524,0,These appearances of half-suppressed rage..were obviously caused by a strong effort to temper with discretion an almost ungovernable paroxysm of
3090,passion,1733,0,"He was before everything a colourist, and all the machinery of his art—composition, drawing, tone relation, and touch—was organised in the interests of his ruling"
3091,past,1790,0,"The sounding blast, That, if it could, would hurry"
3092,past,1847,0,"It means I'll have to..put the last increase in pension away every week to cover my own funeral, hoping that I'm spared until such times as I've got enough put"
3093,photograph,1839,0,"A correspondent of the London Times has suggested that the discovery of Daguerre, or Talbot, should be designated Lucigraphs... The proper name would be"
3094,plastic,1877,0,"When a body is subjected to the action of external forces, it undergoes a deformation which is either a deformation which disappears if the load is removed (elastic deformation), or a deformation which remains after the load is removed ("
3095,post,1642,0,"A Race, In which, both do their uttermost, To get before, and win the"
3096,post,1642,0,"The hurdles... The two men were together until almost the very last fence, and then Powell shot out and won on the"
3097,post,1902,0,"Most of the Loudoun County chairs..had acorn finials, decorative elements carved into the tops of the back"
3098,post,1663,0,"He has heard most of the music in the shop, and would rather bring new stuff to work—tapes from friends, bootlegs he has ordered through the"
3099,prison,1225,0,To hem that weren closid to gydere in prisoun he comynge in spirit prechide [1611 He went and preached vnto the spirits in
3100,producer,1692,0,In every prosperous community something more is produced than goes to the immediate support of the
3101,profession,1888,0,"When Father Herman Klein-Hitpass decries prostitution, it's not about the moral pitfall of sex work that drives him to denounce the ‘"
3102,profile,1783,0,"You are appointed to an honourable and profitable place in the Indies; so I expect now soon to hear of the wedding, and to receive the"
3103,profile,1989,1,It didn't matter to the cops that night that he is a professional man... ‘All that matters to them..is that I am a young black male in an old Cutlass—that's their
3104,prominent,1608,0,A few words concerning some of our proposed candidates at the coming election... Why cannot our ears be spared the regular din of the same names of the ‘
3105,prospect,1694,0,"Carriers , a Sett of Rogues..employ'd to look out, and watch upon the Roads, at Inns, &c., in order to carry Information to their respective Gangs, of a booty in"
3106,province,1610,0,"Connecticut claimed lands in western New York and Pennsylvania based on grants originally issued to the Earl of Warwick, Lord Saye and Sele, and others, for land lying between the forty-second and forty-first parallels, and on the subsequent transference of these lands to the"
3107,province,1909,0,"The complete scheme of classification, so far as perfected by the Bureau of Soils, also provides for the grouping of these series..into thirteen great soil"
3108,province,1926,0,"The technique..provides a means of predicting quantitatively the outcome of future drilling, provided sufficient history is available for the"
3109,psychology,1749,0,The conditioned response was called the unit of habit by psychologists to whom habit was the most important concept in
3110,purchase,1450,0,"I did runne ouer all the streetes of Rome, and that I might not bee too troublesome by begging too often in one place..but on Sundayes and Holy-dayes, I was wholly for your Churches..and there I made good"
3111,question,1613,0,"He commanded Sir Panderus to set vpon him with his long sword: which he refused to doe, being daunted with the feare of hauing his profession"
3112,radiation,1802,0,"The rate of combustion increases, until a temperature is reached at which the liberation of heat by combustion exceeds that lost due to conduction and"
3113,radiation,1865,0,"By the action of ultraviolet light, ergosterol is converted to the anti-rachitic vitamin D, which is destroyed by a too prolonged exposure to the"
3114,radiation,1884,0,Such inter-areal topography..appears to be largely independent of functional activity within the thalamocortical
3115,rational,1450,0,"Now the Hebrew Particle.. Vau , which is often considered, and translated, as a Conjunction Copulative, is also a Conjunction Causal, or"
3116,rational,1817,0,"Those a priori conditions which give the necessary and universal laws to experience, and by which intelligence itself is alone made intelligible, are the elements for a higher Psychological Science which we term"
3117,rational,1892,0,"If..electricity stands foremost amongst the exact sciences, it follows that its unit measures should be determined with the utmost accuracy. Yet, twenty years ago very little advance had been made toward the adoption of a"
3118,rational,1662,0,"Permit me as a sincere, hearty friend..to put the following questions..in order that you may be enabled..for the future part of your life to live soberly, righteously, and godly in this present world, which natural religion must tell you is acting"
3119,receptor,1910,0,"The action of curara here must be exerted, not on the end-plate, but on some undegenerated substance, which has been termed receptive substance, or"
3120,recover,1485,0,"The Protestants were every where disconsolate; for the Losses they had received at Rochel, Nismes, and Montpelier, had reduced them to an absolute Dependence on the King's Will, without all possible hopes of ever"
3121,reflection,1439,0,"His Eye could not bear a direct and immediate Vision of divine Objects, he could only see some Glympses of them by"
3122,reflection,1690,0,"This Source of Ideas ,..though it be not Sense, as having nothing to do with external Objects; yet it is very like it, and might properly enough be call'd internal Sense. But as I call the other Sensation, so I call this"
3123,reflection,1636,0,"Our present ambitious Prelates..have lately..resuscitated the violent flames of this contention afresh, by a new ambitious claime of all their Episcopall Soveraignity and Iurisdiction,..for a Booke written onely against the Pope and Italian Bishops, without any"
3124,reserve,1667,0,Southern Australia..has allocated a large part..of the western desert in the north-west of the State for aboriginal
3125,reserve,1915,0,"He [ sc. Ernest Bevin] ..is transferring persons to war work by pressure and persuasion rather than by compulsion. An early example of this was the raising of the reservation age in certain industries while postponing the date, so that men below the new age limit could..transfer into war jobs where they would still be"
3126,resist,1425,0,Þou hast so many cruel fo Of Grekis..Ageyn whos myȝt þou maist þe nat assure To
3127,restore,1325,0,"So great a part of this Town to be Consumed by Fire, and amongst the rest the Publick Buildings, which if the heavy Debts that the War has unavoidably brought upon us will allow us to"
3128,restore,1971,1,"If you've backed up important personal files by storing them on a separate CD, disks or memory stick, it will be easier to"
3129,round,1584,0,Disturber of the peace profound Sighed for through all this earthly
3130,round,1487,0,"Ile Charme the Ayre to giue a sound, While you performe your Antique"
3131,round,1603,0,If a dead man should be found By these same fishers in their
3132,sand,1275,0,"So longe he ferde & þe se sailand, & kynges slow by se &"
3133,sand,1275,0,Borne is newly in this land A kyng that shall weld se and
3134,sand,1557,0,"Deaths impartiall hand Wounds all alike, and death will give no"
3135,sand,1557,0,"Time, that on all things lays his lenient hand, Yet tames not this: it sticks to our last"
3136,scatter,1300,0,"Some spumy, fiery, ignisfatuus matter, Such as the slightest breath of air might"
3137,scope,1562,0,"O!..slipper hope Of mortal men, that swincke and sweate for nought, And, shooting wide, doe misse the marked"
3138,scope,1559,0,"A mortall Man, sinfull as ye, or worser is the Pope, Your Coyne of all his Practises and Pedlaries the"
3139,sensitivity,1863,0,Be careful not to apply too much heat..to the newly sensitized damp paper because that temperature change will cause a loss of
3140,separation,1450,0,"As separating into Parties..exposes the Separatists themselves to great Temptations to Atheism, so it doth those also who..stand ingaged on neither Part of the"
3141,server,1677,0,He took them [ sc. letters] both in to her ladyship on the silver
3142,server,1969,1,A protocol for initial connection specifies how programs desiring services (users) can connect to programs providing service (
3143,shell,1609,0,If you loue an addle egge as well as you loue an idle head you would eate chickens ith
3144,shell,1330,0,I see the prouerbe is true: who wil the curnell of the nut must breake the
3145,sick,1959,1,"Spread it on the butty nice and thick, Swallow it down with a bucket of"
3146,silent,1846,0,It is evident that gears and such like parts will revolve at high speed with reasonable noise; when slowed down they will be very much more
3147,silent,1568,0,"I tooke penne in hand, deuising with my selfe, howe I might..haue all my former silence excused... I confesse, that..muche am I to be blamed, for being so long"
3148,silent,1866,0,"Will bawlings in the street avail?.. They irritate the slumbering dominant party, without strengthening the insurgent. What is being done in the Fortnightly , for instance..does strengthen, while it increases the"
3149,silent,1569,0,"When a committee chairman announced that a measure under consideration shall be considered approved if no objection is heard, he has no way of measuring the dissent diffused among the"
3150,snow,1914,0,"He..walked up and down the room..taking, every now and then, a pinch of cocaine... ‘I didn't know you took"
3151,snow,1914,0,Pangsapa was a narcotics contrabandist and would therefore know people..prepared to kill for a fix of
3152,sound,1300,0,"Sche tok..Of herbes al the beste jus, And poured it into his wounde; That made his veynes fulle and"
3153,sound,1565,0,School-friendships are not always found..permanent and
3154,speaker,1382,0,"There is a great deal of difference between being slow to speak, and being a slow"
3155,spectrum,1887,0,"When the cathode rays are deflected by the electrostatic field, the phosphorescent band breaks up into several bright bands separated by comparatively dark spaces; the phenomena are exactly analogous to those observed by Birkeland when the cathode rays are deflected by a magnet, and called by him the magnetic"
3156,sphere,1300,0,"The Face of Nature shines, from where Earth seems Far-stretch'd around, to meet the bending"
3157,sphere,1380,0,"The principle that each element seeks its own place , led to the doctrine, that, the place of fire being the highest, there is, above the air, a"
3158,spite,1400,0,"It is gret pite, out of drede, For they wole be noon ypocritis. Of hem me thynketh (it) gret"
3159,spite,1615,0,"The modern scribbling kind, who write In wit, and sense, and nature's"
3160,sport,1425,0,"Aside, sequester'd from the vast resort, Antinous sate spectator of the"
3161,sport,1450,0,"In England, if you trust report, Whether in country, town, or court, The parsons daughters make best"
3162,sport,1793,0,"Her room was in a turret over a sort of lumber-room, where the game-keeper kept his nets and his rods, and where Orlando used to deposit his bow, his cricket-bats, and other instruments of"
3163,sport,1440,0,"Of hym they had no Comfort, Ne none of them Cownde other sprot [ a 1500 British Library MS. Add."
3164,stable,1290,0,Thei [pity and justice] ..ben of vertu most vailable To make a kinges regne
3165,stable,1297,0,Therfore hym ought to saye no thynge but yf hit were veritable and
3166,stare,1275,0,"Als wode lyons þai sal þan fare, And raumpe on hym, and skoul, and"
3167,start,1330,0,"Which soden smart, although but small, yet made me giue a"
3168,start,1753,0,I will send a few thickuns to bring you and your tamtart up to
3169,statistics,1839,0,"The logical structure necessary to make historical reconstructions from the surviving debris of past economic life essentially involves ideas of history, economics and"
3170,statistics,1882,0,"The modern atomists have therefore adopted a method which is I believe new in the department of mathematical physics, though it has long been in use in the Section of"
3171,strike,1386,0,"When the Flax is well scutched, take a moderate Handful of it, fold it in the Middle, plet it like a Rope, but loosely... After you have beat it for some time, open the"
3172,strike,1400,0,"Hees no good Husbandman, that will mislike: To sowe a Pynte where he may reape a"
3173,string,1583,0,"But I must own, when you talk of Building and Planting , you touch my"
3174,string,1583,0,"The dear Gentleman makes me spring to his Arms, whenever he touches this"
3175,string,1795,0,My old organist's habit of seeing the cello line as a pedal-board induced me to keep it for long stretches on the C
3176,string,1594,0,Many other useful Practises mecanicks perform by this Theo. as the finding the length of
3177,string,1890,0,"I try to take it in my stride and relax, and not get too nervous about continuing a"
3178,string,1961,1,Fred Harrison failed to win any..prize money in the Ace Bowling Centre's men's open five pin tournament but he..included a perfect 450 game in his 10-game
3179,sustain,1300,0,"Thus happy, I reck not of France nor of Spain, Nor the balance of power what hand shall"
3180,tale,1325,0,"God schilde hise sowle fro helle bale, Ðe made it ðus on engel-"
3181,temporary,1846,0,This might have been possible if my secretary hadn't been on holiday. Instead I was burdened with a pudding-faced ‘
3182,terminal,1837,0,B.U.A. is..also asking the board to vary its London-Barcelona service licence to permit Gerona to be included on the route as an optional stop and alternative
3183,terminal,1858,0,"It is only the peripheric termination of the nerve that is acutely sensitive, the nerve itself being but very partially so; and even when sensitive, referring the sensation to its"
3184,terminal,1867,0,"The cost of collection, loading, covering, unloading, and delivering,..are the chief items included under the denomination of ‘"
3185,thank,1340,0,"Our soldiers were fed luxuriously at the fisheries, for nothing more than"
3186,touch,1450,0,He is like Gold which hath too much allay that feareth the
3187,trace,1381,0,Oure present wor [l] dis lyuys space Nys but a maner deth what weye we
3188,tribe,1609,0,"Folly and vice are easy to describe, The common subjects of our scribbling"
3189,unity,1330,0,A question often involves a real duplicity under a seeming
3190,unity,1696,0,"We can, with no loss in generality, take the length of the road as"
3191,unity,1712,0,"The second quality of a well-arranged sentence, which I termed its"
3192,universe,1589,0,"If the Iliad fell out..By mere fortuitous concourse of old songs, We'll guess as much, too, for the"
3193,valley,1839,0,A deep fissure which proceeds..backwards along the median line..is called the
3194,verse,1715,0,"Sievers showed once and for all the combinations of accentual elements, which might be used to build a"
3195,verse,1560,0,"One single Red-Coat Sentinel..could disperse Whole Troops, with Chapter rais'd, and"
3196,vertical,1834,0,A line drawn tangentially to the apical portion will very nearly coincide with the
3197,vertical,1834,0,In consequence of the continuing curvature..the now erect apical portion becomes bent over out of the
3198,victory,1340,0,Whom [ sc. martyrs] Cryst Jesu eternally in glory Ordeyned hath a palme of his
3199,violent,1425,0,"Crater-like ‘death holes’ cluttered the mid-channel, and the current there was.."
3200,violent,1393,0,"That planete which men calle Saturnus... His climat is in Orient, Wher that he is most"
3201,violent,1450,0,"Those cold wayes, That seeme like prudent helpes, are very poysonous, Where the Disease is"
3202,violent,1430,0,All Lawis excludis þe said governour fra administracion and governance for suspicioun vehement and
3203,visitor,1430,0,The cheerfulness visible in their [ sc. prisoners'] countenances..conspired to excite the..admiration of their
3204,wash,1160,0,"Many times you haue beene fild with trash, Scarce good enough your dirty skins to"
3205,wash,1382,0,"Old Chaucer, Sidney, Spencer, Daniel, Nash, I dipt my finger where they vs'd to"
3206,weather,1825,0,"If they be not carefully trained..I would rather have a goss-hawk on my perch, than the fairest falcon that ever stretched wing to"
3207,wing,1598,0,"A prying eye, a listning eare, and a prating tongue, are all birds of one"
3208,wing,1297,0,Being unable to swim he had made use of a pair of swimming
3209,wing,1600,0,"The seaman's chariots, wandering on the brine With linen"
3210,wing,1482,0,"Fillet ,..a small flat face or band used principally between mouldings, to separate them from each other in classical architecture... When this appendage is..attached to the sides [of the moulding, it is called] its"
3211,wing,1678,0,"The salmon, swimming up the current, come in contact with the bar-net, and turning to pass around it, find themselves opposed by the"
3212,wing,1412,0,"If short Sleeves be worn, she [who pushes fashion to an extreme] will have nothing but"
3213,wing,1523,0,"I found a letter from the Governor of Durham Prison, saying that Uncle William had been admitted to the hospital"
3214,wing,1790,0,Despite vast expenditures on research and development..the videodisc is still hovering diffidently in the
3215,wire,1656,0,"From yonder Puppet-Man inquire, Who wisely hides his Wood and"
3216,yellow,1405,0,"Yet tho' your Kinsman be a jolly Fellow, Am I i'th' least (as Women call it)"
3217,yellow,1975,1,"One popular model has red, white and blue quark triplets. This obviously American model can be expected to be followed by models with other patriotic colors or with equal representation of white, black and"
3218,yellow,1873,0,[ In response to I always say Ima get a dark gal. And then a yella approach. Really just want some chocolate rn mama. So just wait.] U got something against us
3219,absent,1398,0,"The reason is either lost or not lost, that is, wholly present or wholly"
3220,absent,1450,0,"He was strongly affected by whatever was present, and apt to forget the"
3221,absorption,1659,0,"Leaving this poor weather beaten Church, after infinite tossings, like a founder'd ship, in a troubled Sea of confusion, attending one of these two sad fates, either a Schismaticall dissolution, or a Papall"
3222,absorption,1737,0,"Bile, a yellow, bitter fluid..is partly of the nature of a waste-product, but it helps to a slight extent in digestion and in"
3223,accounting,1387,0,"The Jewes may be said to eat the Passeover on the same day..; so it be understood according to their own several mindes and meanings, reckonings and"
3224,accounting,1676,0,"They [ sc. the Tyrolese] have commonly partners..with whom they divide their profits with a probity, from which they have never swerved. The following is their method of"
3225,accounting,1676,0,Accountants are frequently employed by courts of law..to aid those courts in their investigations of matters of
3226,accounting,1676,0,"I pay wages to the sherpas for their months of faithful work, having Tukten explain to Dawa the when, where, and why of the"
3227,accuse,1382,0,"I feel that the cause of staying out of this war has been so badly presented, so unjustly criticized and"
3228,activate,1924,0,"In the Kjeldahl determination of nitrogen, the ammonia formed is led into a solution of lead nitrate that has been radio~actively"
3229,actively,1425,0,"Apart from intuition, knowledge is attained in only two ways: by the intellect contemplatively and by experience"
3230,adaptation,1597,0,"As all things haue proceeded from one, by the meditation of one, so all things haue sprung from this one thing by"
3231,adaptation,1597,0,"In Bats and such like Animals, it is easily seen what parts are of the bird, what of the beast, which we could not discern if there were a commixtion: it is rather an"
3232,adaptation,1663,0,"In total institutions..these [norms] are rigid, detailed and universal, ensuring maximal institutional"
3233,adoption,1384,0,"I thanke thee for his glorious resurrection, and ascension to heauen, and sitting at thy right hand, powring down the haly Spirite according to his promise, vpon me his childe of"
3234,adoption,1878,0,"The fosterers took them in, named them, loved them... Their mission was to ready the dogs for"
3235,advise,1481,0,"If, in my Youth, ev'n these esteem'd me wise, Do you, young Warriors, hear my Age"
3236,affection,1225,0,A bad work of art is the unsuccessful attempt to become conscious of a given emotion: it is what Spinoza calls an inadequate idea of
3237,affection,1683,0,"By this means he shews the number of Roots (real or imaginary) in every Equation, and the Ingredients of all the Coefficients, in each degree of"
3238,aggregate,1683,0,"Such as represent many simple ideas united by nature to form some one determinate composition, as man, horse, tree, castle, &c. These I call"
3239,aggregate,1859,0,He must consult records in which the segregate species of the present day are treated as unit-species under names which are now the names of
3240,aggressive,1888,0,"If the pressure of CO 2 in the atmosphere is now raised, more CO 2 will enter the liquid phase and will start attacking any solid CaCO 3 still present. Such CO 2 is therefore said to be"
3241,allocation,1535,0,"A generall booke, that sheweth the difference betweene their receipts or burden, and their allowances, commonly called ("
3242,allocation,1656,0,"They are so Mist per omnia by the former Experiment of their Condensation, which can not Possibly be only by Aggregation or"
3243,altogether,1894,0,"They wore little underclothing—scarcely anything—or no-thing... Well, in fact, in summer weather, something like the ‘"
3244,amend,1225,0,"Gentyl Redar, haif at me non dispyte, Thynkand y t I presumptuously pretend In vulgair toung, so heych mater to writ Bot quhair I mys, I pray y e till"
3245,amendment,1653,0,"Wherever she went, Mrs. Sipkins had anticipated her; and..my unhappy aunt was obliged to..listen to the whole affair, with numerous additions, alterations, and"
3246,amendment,1653,0,"I would embark upon my mission sooner rather than later,..before the results of these most recent infamies became too set in stone to suffer"
3247,amount,1399,0,"Somme men..have taken myche more by extorsioun..and by mayntenance of quereles, then alle the remenaunt of her owne lyvelod"
3248,anterior,1754,0,"The two outer sepals are so placed that one lies next the axis ( posterior ), and the other remote from it ("
3249,antigen,1905,0,The specific antibodies of the serum are new formed receptors identical in structure with those which..had combined with the homologous
3250,apparatus,1728,0,"Professor W. Ramsay compiled his text very carefully, with apparently all the requisite data and critical"
3251,array,1897,0,"This arrangement, whether of men or any other items in order of size or other value, is called by statisticians an"
3252,assertion,1660,0,The present bill might be looked upon as a bill of concession..At the same time it was a bill of
3253,attraction,1588,0,Many natures..seem to start back from each other by some invincible repulsion. There are others which immediately cohere whenever they come into the reach of mutual
3254,attraction,1603,0,"The really large ones [ sc. snowflakes] ..are probably a conglomeration of two or more smaller flakes which have collided, or been pulled together by electrostatic"
3255,attraction,1653,0,"With gravity there is no selection; no particular atoms choose, by preference, other particular atoms as objects of"
3256,automatic,1904,0,"These beautiful new Packards are truly challenging cars, with the finest proved power features in the industry..and Packard Ultramatic, designed..for use in Packard-built cars, and freely acknowledged by engineers as ‘the finest of the"
3257,bare,1200,0,"For his mete he wold not spare, Burdes in the halle were neuyr"
3258,bath,1386,0,"Sleepe..The death of each dayes Life, sore Labors"
3259,battery,1813,0,On what days did you disembark the artillery?.. On what days did you put them in
3260,bell,1413,0,Of alle the foles I can tell..Ye thre bere the
3261,bell,1600,0,The follie of the Romanes doth well deserue the
3262,blade,1887,0,"Attempts have been made..to devise steam-engines of the turbine class, where rotation of a wheel is produced..by impact of a jet [of steam] upon revolving"
3263,breathe,1300,0,"Puttinge them into a greate yerthen potte..lute it or daube it verie wel aboute, so that it cannot"
3264,canal,1425,0,The duplicature of membrane within the cranium and spinal
3265,canal,1425,0,The polyp..was 4 millimeters in size and was 40 centimeters from the end of the anal
3266,canal,1734,0,"Most predatory and scavenging molluscs can be identified by a hollow at one end of the shell, the siphonal"
3267,cast,1449,0,Thou hast my lyfe restor'd When I was at last
3268,cast,1449,0,"Hauing the plague about him, and being at the last"
3269,ceiling,1917,0,In a long flight it is most economical to climb an aeroplane in the attitude corresponding to the maximum value of the lift-drag ratio until it approaches its
3270,ceiling,1934,1,A blanket acreage-reduction contract between farmers and the Government would have approximately the same ultimate effect in keeping the ‘calory
3271,celebrate,1453,0,"In old time..there was no priuate masse said, that is to say, that one only shuld take the sacrament, that is the priest that"
3272,certificate,1607,0,The Judges certified that Mr. Bromfield took a vested estate in fee simple..The Master of the Rolls decreed in conformity to this
3273,civilization,1811,0,"After a million years or so of bashing in each other's brains..the human animal had finally achieved a fairly uniform, stable, planet-wide"
3274,close,1449,0,Þat he be getyn men suppose In hordome here within þis
3275,cluster,1728,0,"In the sword-handle of Perseus, also, is another such spot, crowded with stars, which requires rather a better telescope to resolve into individuals separated from each other. These are called"
3276,commander,1598,0,Williams . Vnder what Captaine serue you? King . Vnder Sir Iohn Erpingham. Williams . A good old
3277,communist,1850,0,"Though a staunch Marxist, Thompson felt driven to target his most piercing polemics against fellow"
3278,communist,1850,0,"Throughout the tragic history of American intervention in Vietnam, there runs the belief that if you are a pacifist or a neutralist, you can only be"
3279,companion,1684,0,"Women working the most expensive, foreign-owned hotels will only accept hard currency... These prima donnas of the profession prefer to be known as ‘"
3280,companion,1634,0,"Our Author's First Letter..occasion'd the revival of this abortive Piece, and gave Usherance to its"
3281,companion,1621,0,"A Relation of some speciall points concerning the State of Holland, or the Provident Counsellours"
3282,competence,1964,1,"One fundamental factor involved in the speaker-hearer's performance is his knowledge of the grammar that determines an intrinsic connection of sound and meaning for each sentence. We refer to this knowledge—for the most part, obviously, unconscious knowledge—as the speaker-hearer's ‘"
3283,completion,1794,0,"The purchase was to be completed on January 1, 1887. If not then completed the purchaser was to pay to the vendor interest on the residue of the purchase money..until"
3284,compliance,1649,0,"Neither doe bad men hate Tirants, but have been alwaies readiest with the falsifi'd names of Loyalty and Obedience, to colour over their base"
3285,compliance,1934,1,"If voltage be taken to represent force, and current to represent velocity, inductance corresponds to inertia and capacitance to"
3286,complication,1886,0,"These connections of ideas of disparate senses which are referred to the same objects, and so belong closely together, we may term with Herbart"
3287,compute,1964,1,"Bob . Rhoda, you're an electronic genius. Rhoda . I'm an electronic genius. Bob . And so adaptable. One minute the world's greatest secretary and the next..the perfect love machine. Rhoda . Love machine. That doesn't"
3288,consensus,1633,0,"The devill will suggest, and concupiscence will admit, but take away the midwife, consent not. There will be Sensus , let there not be"
3289,conservation,1965,1,"If a gene is working fine for instructing a cell to manufacture a particular protein in a microbe, nature will use the same gene with only slight variations in the order of its code to perform the same task in other species of microbes as well as in humans. This phenomenon is called the ‘"
3290,contract,1894,0,The Trade Union Bill will provide that members of a trade union wishing to contribute to political funds shall
3291,contradiction,1400,0,"As though the naturall facultie of reason were an art of reasoning, which is contrarie to all reason, and includeth in it selfe a manifest"
3292,counterpart,1617,0,"When the several parts of an indenture are interchangeably executed by the several parties, that part or copy which is executed by the grantor is usually called the original, and the rest are"
3293,counterpart,1903,0,"The German Social Democratic Party was the greatest Marxist political organization in the world, far outshadowing its weak Russian"
3294,coverage,1930,0,It [ sc. the electronics industry] covers such a wide range of functions..that the problem is to give a clear definition of its
3295,demonstration,1391,0,"When we talk of infallible Knowledge, and infallible Certainty, we usually mean such as arises from Intuition, or from scientifical"
3296,demonstration,1856,0,We are sufficiently accustomed to the pure and dignified example of our liege lady—sufficiently acquainted with the wise exertions of the Prince for the common weal—to receive both without much
3297,demonstration,1856,0,They..are exuberant and unrestrained because of some conspicuous want which cuts them off from our sympathy. We do not know what to make of so much
3298,demonstration,1856,0,Coyle was there to stir to repeated applause by his lofty vision and deep-souled utterances an audience that was not easily moved to
3299,descend,1475,0,"Þat þing þat by vertues of fier ascendith and distillith wiþinne þe vessel..eftsoones ascendith, & eft"
3300,descend,1475,0,"Distillation per descensum ..is, when the Fire being placed upon the Vessel precipitates, or causes the Spirit to"
3301,differential,1879,0,"The term ‘free trade’ is frequently used loosely in reference to open-door régimes—that is, régimes whose characteristic feature is not absence of duties but absence of"
3302,differential,1879,0,"The rise of Oundle's fees to £435 puts the school within £25 of Eton... What does Eton do now? Does it preserve its status by leaping ahead.., or does it get the Headmasters' Conference to negotiate a national agreement on"
3303,differential,1883,0,"During their subsequent history, characteristics are divisible into two categories: those which become morphological equivalents and are essentially similar in distinct series, and those which are essentially different in distinct series and may be classed as morphological"
3304,diffusion,1871,0,"There existed a connection between beliefs and customs of all sorts, from the Pacific to the Atlantic, from Japan to Ireland. This connection is due to transference; India may be the chief centre of such"
3305,discharge,1534,0,"Oh the charity of a penny Cord..you haue no true Debitor, and Creditor but it: of what's past, is, and to come, the"
3306,discharge,1599,0,"He bade her..Ceasse to molest the Moone to walke at large, Or come before high Ioue, her dooings to"
3307,diverse,1275,0,So that th'old Chäos (wombe of th'Vniverse) Was never made of Members more
3308,document,1711,0,"This City was so often destroyed, her Monuments and Charters lost, that her Original cannot well be"
3309,draught,1200,0,No Poyson is in Earthen Vessels brought; In Gold adorn'd with Gemms beware each
3310,draught,1393,0,"Better to hunt in Fields, for Health unbought, Than fee the Doctor for a nauseous"
3311,drive,1835,0,"Highs and banks at the bends were known as ‘rollaways’ by 19th century loggers who stockpiled each winter's harvest of pine logs on the banks, then pushed them into the river during the spring"
3312,drive,1867,0,"The ball is always endeavoured to be hit with this part of the bat [ sc. about five inches from the bottom of the blade] , which is called the ‘"
3313,elementary,1622,0,"It is possble to develop the theory of the fundamental nuclear properties and the various nuclear reactions..on the basis of..interaction-laws between the nucleons from which the composite nuclei are built. Here lies a convenient,..though not sharply defined, boundary between nuclear physics proper, and the next, as yet rather unexplored, division of the science of matter which can be called tentatively the physics of"
3314,encounter,1967,1,The interaction is best thought of..as a varied tapestry..with certain kinds of trends evidenced in most of these intensive
3315,entrance,1661,0,"They have two performances a day, at 4 and 7, and the men come in batches..and pay 1/2f."
3316,ethical,1626,0,"The Holy Ghost..still chooseth to expresse it [ sc. Repentance] , under some terme of passion (as sorrow, feare, anger, and the like) rather then the other way: Rather in Patheticall then in"
3317,evolve,1689,0,"By the Equable Evolution of a Circle, I mean such a gradual approach of its Periferie to Rectitude, as that all its parts do together, and equally"
3318,execution,1581,0,He may..represse them [ sc. wicked inclinations] ..that they breake not out into any damnable
3319,execution,1503,0,It may be prudent..to be prepared with an examined copy of the writ of possession and return of
3320,explicit,1641,0,"But perhaps he spake distributively of two sorts of Faith, viz. both the Implicite and the"
3321,exploration,1833,0,The onset of jaundice caused by obstruction of the biliary tree is still the only event that will with any certainty bring the patient to abdominal
3322,facing,1566,0,The stuff having yellow Spots..with a little Silver Edging across the
3323,facing,1586,0,"Venus shell ..The first I shall name is that with Blobbed-lips, or having as it were a white thick"
3324,fate,1598,0,"So perttaunt like would I ore'sway his state, That he should be my foole, and I his"
3325,fever,1894,0,Nearly every point on the dice is named. Four is called ‘Little Joe’; five is called ‘Phœbe’ or ‘
3326,finance,1840,0,"In November, 1867..Mr. Disraeli, who was Chanceller of the Exchequer, asked the House to vote the necessary"
3327,finite,1832,0,"To us, the notion of infinity is subsequent rather than prior to the"
3328,fishing,1542,0,"When he [ sc. the devil] gits you, there is one consolation, he won't be gitting much, and when he sees you in hell he will say: ‘Well, sir, did I do all that"
3329,fishing,1840,0,"The Deputy Sheriff..soon returned with the report that these parties had turned the key of their room, turned everything over to the foreman, and gone"
3330,fishing,1840,0,The world had hung a sign where its business shingle should have been: GONE
3331,fishing,1427,0,"He had some land at Drishaig and presumably would require to ferry stock or feed or produce to and from Inveraray, in addition to pursuing a living at the"
3332,follower,1805,0,"In a combination of wheels, that which is acted upon by the power..is called a leader ; and the other wheel on the same axis is called a"
3333,forever,1833,0,"My five-year-old dawdles constantly. She's her class slowpoke. Whenever she's asked to tidy up, brush her teeth, or get ready for school, it takes"
3334,formulation,1958,1,The preparation of the liquid mix from which plastic tools are moulded is said to be simplified by a new series of pre-measured
3335,funding,1735,0,The resulting ownership would make it easier for the Treasury to spread out the excessive amount of one-year debt over a somewhat longer period of up to five years and this would give it more elbow room for other longer-term
3336,gate,1918,0,"‘I wanna speak to you in private, Jeanne,’ I says to her. ‘Give this hick the"
3337,glory,1646,0,"Her own glorious golden hair, which hung round her lovely face like a"
3338,grace,1250,0,"For ilk man sal hafe þar a place To wone ay in ioy, þat here has"
3339,grace,1384,0,"May we..Thy sacred Truth embrace, With strength of Faith, and Stablishment in"
3340,grace,1300,0,"She struck him in the face with it until it became red. Finally, amid general laughter, he begged for"
3341,grace,1325,0,"Ye must..ryde through many a peryllous place, As a venterous man to seke your"
3342,grace,1500,0,"Nomina domorum et rerum ecclesiasticarum ... Hec gracia , a"
3343,grace,1340,0,"Giue me a looke, giue me a face; That makes simplicity a"
3344,grace,1607,0,"Then forth they goe after the drunken pace, Which God he knowes was with a reeling"
3345,grace,1382,0,"He..considereth..Þe goodlyhed of hir fresche face, So repleuished of bewte & of"
3346,grace,1382,0,With brightnesse of beaute in her face ffulfilled of largesse and of al
3347,grand,1526,0,"Columbus stepped ashore on the island of San Salvador with an Arabic interpreter, hoping to be shown the way to the stone city of the"
3348,grand,1622,0,"The aboriginal owners of the land, except during the dispersing seasons, were about as happy as the kangaroos before a"
3349,grand,1622,0,You stand up to toast your dead comrades; the moment is solemn and
3350,grand,1728,0,In fact dare I say that England is overstocked with the
3351,grand,1747,0,She offered that she was a ‘member in good standing in the Rebekah lodge’ where she and her husband had served as ‘
3352,grand,1915,0,‘ I lose twenty-five thousand dollars !’.. Twenty-five
3353,greater,1576,0,"The Pouder or dried Leavs of the Blue bottle, or Cornflower is given with good success..being taken in the Water of Plantane, Horstail, or the"
3354,guilt,1726,0,"He was a Greek, and on his isle had built..A very handsome house from out his"
3355,hell,1310,0,"Aske any how such newes I tell, Of Woodstreets Hole or Poultries"
3356,hell,1557,0,"Love, Reason, Hate, did once bespeak Three mates to play at barley-break..Love coupled last, and so it fell That Love and Folly were in"
3357,hell,1589,0,"No farther..draw his Breeches from their darksome Cell; There, like their Master, let them find Repose, not dread the Horrors of a Taylor's"
3358,holiday,1818,0,"The whole [store] to be illuminated for the first time, on Tuesday Evening, the 22d inst. and continue so every evening during the"
3359,humour,1340,0,To þe bodye of man comeþ alle eueles uor þe destempringe of þise uour qualites oþer of þise uour
3360,humour,1340,0,"You'll find, when you dissect it, the Arteries empty; and the Veins full of an Ashy-colour'd watery"
3361,humour,1398,0,The..globe of the eye consists of four coats..these coats enclose three
3362,illusion,1774,0,"You may paint a picture in which rocks, trees, and sky are never mistaken for what they seem, yet produce all the emotion which real rocks, trees and sky would produce. This is"
3363,inclusion,1949,1,"If A ⊂ B , the transformation i : A → B defined by i ( a ) = a is a one–one transformation called an"
3364,indirect,1869,0,"In ancient times iron was extracted from the ore as malleable iron. This is called the direct, in contra-distinction to the present method of producing cast iron and afterward malleable, which latter is called the"
3365,indirect,1880,0,"In discussing the changes undergone by the nucleus in cell-division, Professor W. Flemming distinguishes two methods of division which have been described by various observers, the direct and the"
3366,induced,1900,0,"With the power of a radio-active element to produce a radio-active emanation is bound up its power to impart radio-activity to objects in the neighbourhood. Rutherford discovered this property for the thorium emanation, and designated it the excited activity. M. and Mme. Curie..called it the"
3367,infinite,1871,0,The forms of the verb proper are often called collectively the Finite Verb; the verbal nouns above named are sometimes called the
3368,inflation,1835,0,The opinion that the priests and priestesses of the oracular temples were nothing more than involuntary subjects of the divine
3369,inherent,1588,0,There is some difficulty in ascertaining how much of the effect is derived and how much
3370,innocent,1811,0,"The other conveyances can, in their nature, pass no more than the grantor might lawfully transfer. For this reason, they have received, by way of distinction from a feoffment, (and others now abolished of the like nature,) the appellation of"
3371,integrate,1948,1,The Americans intend to make the scheme permanent..but we advised the experiment to see how well they
3372,intelligent,1676,0,"These written characters rouse in their place in the brain the ideas, and form the automatic groupings of memory. For it is such a process going on within us that makes the printed pages"
3373,intensive,1836,0,"Hearing is, however, much less extensive in its sphere of knowledge or perception than sight; but in the same proportion is its capacity of feeling or sensation more"
3374,intensive,1608,0,"These Comparatives..seem sometimes to part with their relative Nature, and only retain their"
3375,interference,1887,0,"Two messages were sent, one in English and one in French. Both were received at the same time on the same wire at Poole..without the least"
3376,interference,1914,0,Contact will have taken place between the tip of the driven tooth and the radial flank of the driving-gear tooth. Since the latter is not the conjugate involute of the former the two curves will not run together and
3377,interference,1916,0,"In a sense, then, the occurrence of one crossing-over interferes with the coincident occurrence of another crossing-over in the same pair of chromosomes, and I have accordingly termed this phenomenon ‘"
3378,invasion,1591,0,"The Tygre, and the Bore..raged sore In bitter words, seeking to take occasion Upon his fleshly corpse to make"
3379,invasion,1905,0,The colonization of new unoccupied land by plant disseminules may be either by centrifugal or by marginal
3380,isolated,1763,0,"When groups of animals become so far differentiated from each other as to represent separate species, they remain"
3381,isolation,1854,0,Whether the hypothetical compound ammonium can exist except in combination is unknown. Chemists have failed to accomplish its
3382,isolation,1926,0,Another mechanism of defense prevalent in compulsion neuroses and of very general significance for psychopathology is
3383,isolation,1913,0,"If foreign hereditary elements are mixed in a population, correlations will be established, partly through polymery, partly through"
3384,known,1737,0,"The condition of clear thought upon metaphysical subjects, is the separation of the two elements of knowledge, the knowing and the"
3385,known,1737,0,Knowledge is of course wholly within the sphere of the
3386,known,1737,0,The knower is still somehow marked off by otherness from the
3387,known,1973,1,"It'll be hours before we know whether there are even any latent prints, much less matching them with Todd's"
3388,label,1392,0,The user of the astrolabe hangs it from his thumb and lets the sun shine through the smaller pair of holes on the
3389,lead,1303,0,How just his grief? one carrys in his head A less proportion of the father's
3390,lead,1340,0,"Instead of gold and silver, you took it in cold"
3391,lead,1875,0,"The steam-port is open a very small amount when the crank is in this condition [on the dead centre] , the amount that the steam-port is then open being termed the"
3392,lecture,1425,0,Where as the Greke and the olde awncient authours reade the prayer of oure lorde in the xi. Chapter of Luke after one maner..I folowe their
3393,lecture,1536,0,"But now Readings..haue lost..their former authorities: for now the cases are long, obscure, and intricate..liker rather to Riddles than"
3394,loose,1726,0,"We sometimes think we could a speech produce Much to the purpose, if our tongues were"
3395,lord,1653,0,Thou i'th' mean while (it is an honourable word Amongst the Hunch-backs ) shalt be call'd my
3396,lover,1382,0,"He [ sc. God] ..promiseth to pardon me, and never to upbraid me of my other"
3397,mail,1713,0,To-day I saw the dragon-fly... From head to tail Came out clear plates of sapphire
3398,making,1621,0,I charge myne executors that the same [money] bee payed according to my
3399,making,1599,0,"Rown's theory that the internal trigger-pulling stimulus of the migratory activity is to be found in the reproductive organs, and particularly in their endocrinal or hormone-"
3400,match,1450,0,"But, that a Petti-fogging prating patch..Should be so prowde as if he had no"
3401,matter,1848,0,"A very good cricketer, Eton and Trinity College, Cambridge; he knew everyone who"
3402,mean,1225,0,Pretendin some unlucky wramp or strean For Cursty's kind guid-natured heart to
3403,medication,1425,0,"Jim Henson..died recently after developing a ‘superbug’ throat infection, which totally failed to respond to"
3404,merit,1494,0,Lord Justice Salmon..held that service of the writ..was undoubtedly regular so that it would be necessary to see whether there was a proper affidavit on the
3405,metre,1838,0,"The metrum, which may best dispute with the Asclepiad the honour of giving rise to the Alexandrine rhythmus, is the Trochaic Dimeter wanting half a"
3406,migration,1527,0,"The natural history of the human species, its typical forms, primaeval distribution, filiations and"
3407,mill,1560,0,"The result will be a sulphate of lead of a beautiful whiteness, and exceedingly fine, if it be washed in a large quantity of water, and then carefully mixed in a"
3408,mill,1848,0,"That same old weary tale that..he will tell till he dieth, every time he hath gotten his barrel full and feeleth his exaggeration-"
3409,mining,1598,0,"Homeowners should look for..cracking bark that is soft underneath, sap bleeding, and sawdust-like insect"
3410,ministry,1560,0,The coming in by this door..is..a proof of..sinistrous designs in entering upon the holy office of the
3411,mobility,1528,0,"All that the former [ sc. the tarsus] has gained with respect to size and solidity, it appears to have lost with reference to"
3412,mobility,1895,0,"The conductivity of a solution of a binary electrolyte is greater in accordance as it contains more free ions, and according as these have a greater"
3413,moderate,1531,0,"John Tuckfield..was pleased to accommodate the Governors with a Plot of Ground near Southernhay, without the City-walls, at a very"
3414,module,1585,0,"Epistylium , Vitru [vius] , capitulum, modulus... The head or chapter of the piller: the"
3415,mood,1646,0,"Others that have..fashionably observ'd the English Scene, Say, (but with lesse hope to be understood) Such titles unto Playes are now the"
3416,moon,1387,0,By far the best political-satire cartoon I've seen in many a
3417,morality,1390,0,"They [ sc. the Jews] had the purity of his ordinances,..whereas all others, they thought, served God only with their own Inventions, or placed their Religion in dull"
3418,morality,1680,0,"He soon experienced, that the principles of honour and integrity, which might regulate the ordinary conduct of Constantius, were superseded by the loose doctrines of political"
3419,morality,1765,0,A wind of insecurity blew through the theatre that night. The actors seemed like figures in a
3420,mount,1400,0,"Bring then these Blessings to a strict account, Make fair deductions, see to what they"
3421,musical,1449,0,"Owr voyce armonicall Reysownyng owt, ymmortall god on live, En hansyng the with twnes"
3422,musical,1589,0,"Plato..intending to declare harmonically the harmony of the foure elements of the soule..in each interval hath put downe two medieties of the soule, and that acording to"
3423,mystery,1629,0,Ara. : Can't you apprehend the reason why I study to make a breach betwixt my sister and yourself? Wor. : It is all a
3424,mystery,1629,0,Where the thousands upon thousands of bad sailors that swarm in every ship hide themselves when they are on land is a
3425,objection,1837,0,"‘Objected to’ Mason said, ‘as calling for a privileged communication, as betraying the confidential relationship existing between a doctor and a patient.’ Judge Ashurst thought for a minute, then he said, ‘the"
3426,oblige,1325,0,"In nomina , while one, by making an entry to the other's debit, lays him under obligation, it is only the latter that is"
3427,occasional,1687,0,"Both poems [sc. Deor and Widsith ] ..contain passages describing what purport to be personal experiences of the authors, and which—at least in the case of Deor —approximate to ‘"
3428,online,1959,1,The steam indicates that the electrical system in the turbine building is being prepared to come
3429,operative,1901,0,"In regard to the Front Office men in Chicago, the detectives from headquarters, an experience of a friend of mine..will throw light on the policy of the Front Office, as represented by at least three of its"
3430,operative,1901,0,The word ‘detective’ became so offensive..that it was dropped by some successful [detective] agencies. The word chosen by the Pinkertons to take its place was ‘
3431,opponent,1588,0,"When Members of different Colleges happen to meet, their Disputes sometimes rise so high, that for want of a Moderator at Hand, the Respondent is run thro' the Body by the"
3432,opponent,1588,0,"Latin theses (generally on subjects of moral philosophy)..are propounded by the student who is candidate for the degree of B.A. (the respondent), and answered by others, styled ‘"
3433,opponent,1588,0,The arguer must explain how his or her argument refutes or accounts for that of the
3434,over,1568,0,If any of 'em should come to life again—they'll never hold it long—we shall soon have the burying of 'em
3435,overlook,1579,0,"Women that haue double apples in theyr eyes, or strales: do euery where hurt with their looking (Which is called of some ouerlooking ). [at"
3436,partnership,1616,0,"I Propose Shiping you Somthing in Every Vessel from hence, If you give me Proper Encouragement. I with you boath Success in your"
3437,partnership,1746,0,"If..you're not able to take bereavement leave if your partner dies, then you're not..receiving the same benefits..as you would in a heterosexual"
3438,passenger,1450,0,She..reached the wynd by the narrow lanes... But even these comparatively lonely passages were now astir with
3439,passive,1577,0,For nothing can make ane air active bot a retour; bot a seruice (albeit not retoured)..will make him air
3440,penetrate,1953,1,"Deep penetration must not be aimed at for a number of sessions, and when the woman is ready for it she will move her body in such a way that the penis will"
3441,pension,1400,0,"Users can find..full identification of each ecclesiastical benefice, together with a breakdown of its constituent values, for example the values of any vicarage, prebend, chapel,"
3442,pension,1652,0,"Most of La Plagne's accommodation is in apartments, but there are some hotels as well as"
3443,peripheral,1962,1,This technique can also be extended to include several main programs as well as the smaller subroutines used for controlling
3444,petition,1463,0,"Divorce and matrimonial suits, and suits instituted under the Legitimacy Declaration Act, are commenced by"
3445,platform,1862,0,Charges formed out of Home Mission efforts and not yet admitted on the equal dividend
3446,platform,1572,0,"Nothing in the Church could be ‘pure’, in their estimation, unless it conformed itself to the Genevan ‘"
3447,portrait,1956,1,"The book is in fact taller than it is wide, and by analogy with the painter's method these proportions are sometimes called"
3448,posterior,1534,0,Aristotle explicitly remarks that the matter of a thing is in one sense prior to the thing and in another sense
3449,praise,1330,0,"Thou dost my wonder, wouldst my envy raise, If to be prais'd I lov'd more than to"
3450,prevention,1678,0,"Jurisdiction and courts are comprehended in barony... But all jurisdiction is cumulative with, and not exclusive of the superior's jurisdiction, so that there is place of"
3451,pride,1330,0,"Deck'd with fresh garlands, like a rural bride, And with the crimson streamer's waving"
3452,pride,1275,0,"If thou wilt fight, fight by thy Fathers side, And commendable prou'd, let's dye in"
3453,pride,1300,0,"Ther were, In that on side, Sixti kynges and dukes of"
3454,pride,1330,0,Þat hors..wente in to þe kourt wel kof And neide & made miche
3455,pride,1330,0,"You taught me artfully to swim, To dive for Pearls..You taught to hunt the Shark, and boldly stride The flouncing Horse, and quell his foamy"
3456,primitive,1779,0,"The crystalline, massive, and unstratified rocks, which seem to form the bases or foundations upon which the others have been deposited..have therefore been called primary or"
3457,prince,1225,0,Some confessed they owed their Greatness and Wealth to Sodomy or Incest..others to the betraying of their Country or their
3458,probable,1638,0,It would give a possible base for the possible erection of two or three possibles. Lots of possibles. No
3459,probable,1705,0,That Venn's keen eye had discerned what Yeobright's feeble vision had not—a man in the act of withdrawing from Eustacia's side—was within the limits of the
3460,probable,1705,0,A reintroduction of Nimrod production has moved from the realms of the possible to the
3461,productive,1776,0,"There is one sort of labour which adds to the value of the subject upon which it is bestowed: There is another which has no such effect. The former, as it produces a value, may be called"
3462,projection,1550,0,"These are the twelve gates of Ripley's Compound of Alchemy ..by which Ripley referred to twelve alchemical processes—calcination, dissolution, separation, conjunction, putrefaction, congelation, cibation, sublimation, fermentation, exaltation, multiplication, and"
3463,projection,1652,0,"Any figure, plane or in space of three dimensions, may be projected to any surface from any point which is called the centre of"
3464,projection,1867,0,"In order to plot the faces strictly according to their angular relations and without regard for shape or size, we may use the spherical"
3465,projection,1909,0,"The psychoanalytic definition of ‘paranoia’ and ‘paranoid’ focuses on a single defensive mechanism, namely"
3466,promotion,1914,0,Mr. Rowland has been with the Chrysler organization for the past two years as Director of Sales
3467,promotion,1944,1,The early events in the pathway leading from the first exposure to carcinogenic or mutagenic agents to a frank tumor are thought to involve a two-step process of tumor initiation and tumor
3468,proposition,1382,0,"There shal ryse a king vnshamfast in face and vnderstondynge proposiciouns or resouns [ a 1425 L.V. proposisiouns, ether resouns set forth; Latin"
3469,proposition,1874,0,"All I know is that I've got to find her. The question is, how? And it won't surprise you to hear that it appears to me to be a pretty stiff"
3470,proud,1300,0,"Nou Putifar ssrudeþ Iosep mid dereworþe ssroud & ȝiueþ him Pharaon, þe king; mid him he is"
3471,provincial,1676,0,"A few wrote important works of colonial history, the focus of which was not restricted to any single colony but ranged extensively throughout the"
3472,pulse,1398,0,If an artificial blush be made with the nail on the skin and this be watched it may be seen to grow red and pale with every pulsation; this is known as the ‘capillary
3473,quotation,1646,0,"By the quiddity of my Knight-hood, I was as innocent of any intentional injury, or injurious intention, But con licenza , that figure must not laps"
3474,race,1440,0,"Euryalus was third, but with some space, Whom Helymus pursu'd with rapid"
3475,race,1400,0,"As with a faster, or slower Pace, The Blood ferments, and quickens in its"
3476,rating,1534,0,Council revalued every rate notice by having different categories for different areas of
3477,rating,1871,0,"Before replacing a blown fuse, be sure that you have a replacement fuse of the same"
3478,realistic,1843,0,"The philosophers who overthrew Realism..retained long afterwards, in their own philosophy, numerous propositions which could only have a rational meaning as part of a"
3479,rear,1716,0,"Pull in thy Horns, and kiss the Rod, And while thou canst, retreat, for fear They fall once more upon thy"
3480,rear,1716,0,"Whose Author,—as some folks will tell-ee, Has got no brains but in his belly; Or,—as some other people fear, His brains are all lodg'd in his"
3481,receiver,1873,0,"The compound engine has settled down to the least objectionable type it can assume, a pair of inverted cylinders high and low pressure standing over a right-angled crank shaft, and fitted with an intermediate"
3482,recording,1898,0,"Male voices generally come out more true to the singer's timbre than ladies', the delicate overtones of these latter being more altered in"
3483,regression,1583,0,"The evolution of the series composed of Crateraster quinqueloba ... There is a stage of elaboration, both of height and ornament, followed by"
3484,rejection,1943,1,The aim of the..project was to grow an assortment of foolproof human-tissue organs in a transgenic knockout pig host—organs that would transplant smoothly and avoid
3485,remedy,1225,0,Such a Defect in the Government as stands in need of the most speedy
3486,remedy,1405,0,"To me it seemed all wrong, and I began an investigation to see if there was no legal"
3487,removed,1766,0,Removing..children or elders from their home and family environment may sever their other relationships if..other members of the family..cannot maintain contact with the
3488,repair,1613,0,"Exhaustad [ sic ] teares May mittigate compunction, not despaire A losse vnmatch'd well worthy of"
3489,replacement,1794,0,"He..sold little, I think, but jam-pots and preserving jars to the gentlemen's houses round about, and occasional..table glass and"
3490,reporter,1895,0,"[Setters in America] When a point was obtained, and the birds were fairly located,..the dog took his master right back to where the covey still lay crouched... Such animals are called ‘"
3491,reproduce,1650,0,"The drug AZT disables a specific gene that produces reverse transcriptase, a protein that is the key to its ability to infect the body's cells and"
3492,reproduction,1713,0,"Without limiting our research to the generation of man, or of any particular animal, let us contemplate the general phaenomena of"
3493,reproduction,1713,0,The so-called sex instruction which is given by parents and schools usually consists of a certain amount of information concerning the anatomy and mechanics of
3494,reservation,1719,0,"The present author is of opinion that the recommendation of Pisa, as a residence for patients labouring under consumption, ought to be adopted with some considerable"
3495,respective,1454,0,"In the text we have God the Word existing in a beginning with respect to God, i.e. God existing and God inexisting, God absolute and God"
3496,rest,1518,0,"She ceas'd her timid quest, But in her tone and look he read the"
3497,rest,1561,0,"You're Fortune's sporting Footballs at the best, Few are his Joys, and small the Gamester's"
3498,rest,1932,1,What seems to emerge from the encounter of historical materialism with the two anthropological structuralisms is a distinction between the West and the
3499,resume,1565,0,"To make this a Bill..providing machinery for the resumption of land for public purposes, but not giving the power to"
3500,retire,1647,0,You before might turn to earth and mire What into ancient air so quickly doth
3501,retire,1647,0,"The grounds which on the right aspire, In dimness from the view"
3502,retirement,1679,0,"She was not able to stay at the Queen's Lodgings; but went home, though long before her usual hour of"
3503,retirement,1625,0,"Mrs. Didier..has retired from the mimic scene, after a service of forty years, to enjoy the fruits of her long labour in a happy"
3504,retirement,1625,0,"Others contain ‘grace and favour’ apartments, for rewarding distinguished servants of the country in their"
3505,revelation,1384,0,Aristotelian rationalism..threatened the authority of the Old Testament..the belief in miracles and
3506,revise,1626,0,Every revising barrister is required to notify his appointment to the clerk of the peace of the county..which he has been appointed to
3507,reward,1382,0,"Lik a theeff he made hem [ sc. the cattle] go bakward, That no man sholde the tracis off hem knowe, Nor off ther passage haue no"
3508,reward,1371,0,"Every one that did any thing towards the Inning, must now have some"
3509,ring,1566,0,Neuer so much as mentioning them: whereof..so many Authours..doe so much
3510,ring,1885,0,"There were even days when the Joneses questioned whether they were not running a public telephone, so often did the bell"
3511,ring,1885,0,"We have a daily paper to keep us in touch with land, but the crowning charm is the presence, at my bedside, of a telephone that never"
3512,ring,1885,0,"He spent an hour getting himself reconnected, and after that he waited for the telephone to"
3513,rotation,1656,0,Large sheep stations usually have their sheep shorn by organized shearing gangs who travel the districts shearing at each station in an arranged
3514,rotation,1757,0,"The Potatoes, Turnips, or Cabbages..to be succeeded by Pease, Beans, or Tares, any of which leads back to Barley, Clover, Wheat, and Pease again in a Round or"
3515,rotation,1757,0,The best husbandry in Mr. Hill's opinion is the alternate use of the five and of the six crop
3516,rotation,1935,1,"It can capitalize on chance considerably by introducing high obliqueness (i.e., high intercorrelations among factors) in the process of"
3517,round,1569,0,"The hail-stones..being measured, were found to be many of them fourteen inches"
3518,round,1405,0,"Clausulæ rotundæ , full and perfitte clauses of sentenses fallyng"
3519,ruler,1382,0,"By heauen thou shalt rule no more O're him, whom heauen created for thy"
3520,ruler,1382,0,India was content to be ruled patriarchically by a succession of brilliant
3521,sacrifice,1250,0,"Þere sacrifises shulden not be ȝoven to him, but taken fro him,..and anoþer trewe man..shulde be ordeyned to resceyve siche"
3522,sake,1250,0,"Heo mai hire guld at-wende arihte weie þurh chirche-bende, an mai efte habbe to make hire leof-mon wiþ-ute"
3523,sake,1250,0,"And siþen sal ilk hus in-take A clene he lambe, wit-vten"
3524,sake,1225,0,"Adam, husband, I red we take thes figg-leaves for shame"
3525,sake,1340,0,"Some of hem her deth schal take, Er it be nyȝt, for that wounde"
3526,sake,1375,0,"Aye me I fell, and yet do question make, What I should doe againe for such a"
3527,satellite,1796,0,"The upper wings of this moth have a very striking characteristic; that is, the yellowish lunar mark within two small spots: from this character it has been aptly named Satelliti [ sic ] ; and in English, the"
3528,satisfactory,1531,0,"For to punish a man that hath forsaken synne of his awne accorde, is not to purge him, but to satisfie y e lust of a tirant. Nether ought it to be called purgatory, but a Iayle of tormentynge and a"
3529,saving,1965,1,"It provides for operations on files, such as selection, merging, sorting, appending,"
3530,scale,1450,0,"His syght shall neuer fale, And heles of torne-seke, and of"
3531,scale,1594,0,"If your teeth be verie scalie, let som expert Barber first take off the"
3532,score,1400,0,Have a thing therfore Made like a swerde this folk [ sc. the testicles] away to
3533,score,1400,0,"When I was Maid, with Chalke behind our doore, Some fiue and forty Suitors I did"
3534,score,1400,0,"Such were the tools; but a whole Hydra more Remains, of sprouting heads too long, to"
3535,sensation,1557,0,He [ sc. Avicenna] also assumed nine animal faculties; five of which corresponded to the number of the external senses from which the mind receives its
3536,shallow,1571,0,The Shyriffes..shall..cause..the saide newe Cut..to be suffyciently clensed of all the Shelfes and
3537,sheep,1920,0,"When restless nights distract her brain from sleep She may as well write poetry, as count"
3538,sheep,1573,0,"They noted that although the Virgin were somewhat shrewish at the first, yet in time shee might become a"
3539,sink,1400,0,"Quat bote for-bere bath mete and drink, And saul in sulwines to"
3540,sink,1663,0,Fools..think All Wit and Valour is to damn and
3541,slavery,1849,0,The apparent differences in raiding behavior in the three closely related slavemaker species point to divergent co-evolutionary outcomes of
3542,slavery,1549,0,All Government without the Consent of the Governed is the very Definition of
3543,slide,1374,0,"The Fall Of Edens olde Prince, whose luxurious pride Made on his seed his sinne for euer"
3544,smoke,1390,0,"Whan every thing was fulli spoke, Of sorwe and queint was al the"
3545,so-called,1837,0,Rose Macaulay noticed a tendency to prefix ‘so called’ to almost any adjective when it was used of those the speaker hated; the final absurdity being reached when people referred to the Germans as ‘these
3546,specification,1633,0,"‘Animal’, for example, is a general form that is never realized in itself; for the beings we encounter are all specific kinds of animal, never pure ‘animalness’ without further"
3547,specification,1768,0,"This only was the kind, on which, he bestowed the title of brassica radice caulescente orbiculari foliis sessilibus , he added, as a synonim, the name of brassica radice napiformi ..which, as appears from the above description.., is a different plant, in his view of"
3548,spouse,1200,0,"Go..to þe Abbesse of þe house, Dame Aldred þat clene Maide, þat is godes"
3549,spread,1584,0,"A fine head of horns which..the steel tape gave as 29 inches, with a grand"
3550,spread,1584,0,"The diffracted beam therefore has a finite angular breadth, or"
3551,spread,1698,0,"These Boats are as large as one of our Ware-Barges,..but padling with Paddles instead of"
3552,square,1557,0,"Plato iudged the yeare eightie one, which is compounded of nine times nine, to be the Climactericall yeare,..which hee calleth the"
3553,stain,1569,0,"The doctrine of escheat upon attainder,..is this: that the blood of the tenant, by the commission of any felony..is corrupted and"
3554,stain,1450,0,The busie soul thus doth her reason strain To write or speak what envious tongue may never
3555,stair,1649,0,My bones ake this morning as if I had lain all night on a pair of Dutch
3556,stand,1400,0,Siþen efter alþernest hand þe meke beistes sal haue þair
3557,stand,1551,0,Ilk land..haiffand flesche on stokkis or buirdis in the merkit to sell to pay ilk Mononday a half penny for detching of thair
3558,stand,1814,0,"Foxtrot, cha cha, and rumba steps will turn the dance floor into a ballroom when Joe Battaglia and The New York Big Band hit the"
3559,stand,1591,0,"He..Liues like a Gentleman, by sleight of hand; Can play the Foist, the Nip, the Stale, the"
3560,standing,1672,0,Knuckling over: Fault structure of corpus (wrist) joint allowing it to flex forward under the weight of the
3561,standing,1754,0,"But if the timber is not hewed square.. [and] if a square be applied to it, there will be wood wanting either at the upper or lower side... When the wood is deficient at the under side, it is called under bevelling; and when it is deficient in the upper side, it is called"
3562,static,1894,0,"[In a continuous current transformer] some part of the machine must revolve, whereas in the alternating current transformer all parts are stationary; hence the former is generally called a rotary transformer, and the latter a"
3563,storm,1880,0,Even the sea-worm having failed at the end of that long continued
3564,strain,1622,0,To study what those Sayings should contain That speak to us in such a Cloudy
3565,stranger,1633,0,No man..would willingly change a business to which he has been accustomed..for one to which he would be a
3566,stroke,1436,0,"Before the howre of ix of the cloke, at which time ther shalbe a bell to be towlde by the officers ther by xx ti"
3567,subjective,1836,0,Among the characteristic symptoms [ sc. of neurasthenia] is the pronounced introspective tendency... The mental attitude is excessively
3568,subtle,1340,0,"There's not place, To gi' you demonstration of these things. They are a little to"
3569,succession,1405,0,"By reflecting on the appearing of various Ideas, one after another in our Understandings, we get the Notion of"
3570,succession,1449,0,"Tis as clear as any Demonstration can be, that it must..touch one part of the Flesh first, and another after; and so in"
3571,suffering,1577,0,"Lyke as the Renet of the Cheese hath by him selfe the way or vertue of working, so hath the mylke by way of"
3572,supervision,1893,0,The subject [of the mathematics dissertation] is usually chosen in consultation with some member of the department..and is prepared under his
3573,supporter,1888,0,"In any school sport, it's embarrassing to hear chuckles and giggles as you keep tugging at a slipping, squirming, old-style"
3574,surprising,1665,0,"They can present you with a thousand Abrahams, and as many Josephs, whose adventures were so strange, that fiction is not able to invent any thing so"
3575,suspend,1290,0,A bisshopp þat suspent a certan preste in his dioces..þis is þe bisshopp þat tuke fro vs our preste &
3576,sword,1384,0,"Justice to merit does weak aid afford; She trusts her Ballance, and neglects her"
3577,target,1964,1,"Each missile launches a ‘bus’, which has on board a large number of reentry missiles, each of which can be accurately and independently"
3578,thesis,1398,0,"(Fōrtūnātĕ sĕnēx, ērgō tŭă rūră mănēbūnt!) He [Wagner] adds, that the emphasis should therefore be on tua , and not on manebunt . But this was not possible to a Roman, for tua here (like mea ix. 4) is in the"
3579,thesis,1398,0,"Each simple Foot has two parts, one of which is said to have the ictus upon it, and is called arsis..; the other part is called"
3580,thesis,1398,0,Syllables with this secondary accent are necessary in certain cases as links between the arsis and the
3581,throat,1711,0,"In fastening the knees, care should be taken to let one bolt pass exactly through the middle of the"
3582,ticket,1828,0,"We hear nothing else but of matches at cricket, Regattas, and Funny Club bats— that's the"
3583,tight,1661,0,"Old Chaucer and Drayton I found in good plight, And Shakespear and Spencer appear pretty"
3584,tight,1697,0,"They wear good Cloaths, and take delight to go neat and"
3585,tight,1379,0,A crane sufficient and able to take vp from the water of thamis the weight of a tonne
3586,tour,1320,0,The Driller is responsible for his crew and the running of the rig during his eight or twelve hour ‘
3587,trace,1656,0,With Oblivions silent stroke deface Of foregone Ills the very
3588,tragedy,1400,0,"The first part of [Chaucer's] Troylus may be called a comedy, the latter a"
3589,tragedy,1425,0,The piece..is tragic enough: it could hardly fail to be so in the hands of such a master of
3590,trust,1382,0,For Lordis and Lairdes ar nather Just Nor ȝit the commounis to be
3591,trust,1450,0,"Pictagoricus..boght a payr of shone..of a sho-maker, bod he had not money enogh to pay for þaim; & so he frustid [ read"
3592,uncertain,1609,0,"To make the more certain Guess at what Weather will after ensue, especially if the Glass be at Changeable and"
3593,uncertainty,1804,0,"Where the words of a deed are so uncertain, that the intention of the parties cannot be discovered, the deed will have no effect. Thus, a gift..to one of the children of J. S., he having four, is void for the"
3594,unlike,1300,0,"There is a parallel between the two great heroes, more like than"
3595,unlike,1387,0,"The Circumference of a Circle is the Sum of a Multitude of convex Arches of like Curvity, but cannot be an Aggregate of Straight Lines or of Cubic Bodies or of Arches of"
3596,unlike,1678,0,"If it have a positive Sign, the two Roots have like Signs, but if a Negative one,"
3597,unlike,1678,0,"Take the algebraical sum of it and the one below, that is their sum if the signs are like , and their difference if the signs are"
3598,unlike,1400,0,"A felt is made for a definite purpose, to operate under certain and often peculiar conditions..and like grades of felts will not give like results operating under"
3599,unlike,1330,0,A single uniform organism implies an integrated union of the like and
3600,unlike,1588,0,"All things free to move..tend to come together when they are likes, and to be separated when they are"
3601,unlikely,1450,0,"Braun could not win unless support is so fragmented..that the party's nominee ultimately emerges from a ‘brokered’ convention, which most Democrats regard as a highly"
3602,unlikely,1859,0,"A man of legal acumen, with a mind well-trained to discriminate between the true and the false, the likely and the"
3603,unlikely,1859,0,"Social values, political power.. [etc.] ,..these define the possible and impossible, the likely and the"
3604,valve,1802,0,"The sternal region of segment nine is shifted.., thus bringing the bases of the dorsal and inner valvulæ into the same transverse plane with those of the ventral"
3605,variance,1918,0,It is..desirable in analysing the causes of variability to deal with the square of the standard deviation as the measure of variability. We shall term this quantity the
3606,vegetable,1676,0,"Though the Earth be not animated with a Sensible Soul, yet it is possible that it may be a great Immortal"
3607,violation,1513,0,"Diuinity teacheth Christians, that Princes Edists [ sic ] ..are propounded to alacrity of subiection, not variety of construction, much lesse to contempt by"
3608,violation,1506,0,The law [of treason] has been held to apply to a criminal connection by consent as well as to a forcible
3609,voluntary,1745,0,"Primary and secondary schools maintained by a local education authority, not being nursery schools or special schools, shall, if established by a local education authority..be known as county schools and, if established otherwise than by such an authority, be known as"
3610,volunteer,1744,0,"Remainders limited in Settlements, to a Man's right Heirs, etc. are deemed Voluntary in Equity, and the Persons claiming under them are called"
3611,wake,1450,0,Leste for þe penaunce sake Wo & wraþþe by-twene hem
3612,warning,1250,0,"There we all stood, watching this revolving light upon the rock at Holyhead, and praising it for its brightness and its friendly"
3613,waste,1400,0,"And with swift current to those joys they haste, That do as swiftly"
3614,waste,1385,0,So long they flew with inconsiderate haste That now their afternoon began to
3615,wave,1605,0,"Give a child as long as he will crave, and a dog as long as his tail will"
3616,witness,1582,0,"Others enclustred about him to dispatch him of his life, more enuious against him now, through his Noblenesse which they"
3617,wonder,1597,0,"Hack their bones assunder, Whose life was Englands glory, Gallia's"
3618,wonder,1220,0,"With strengthe he [ sc. Nebuchadnezzar] putte kinges under, And wroghte of Pride many a"
3619,wonder,1297,0,"Isider..seiþ þat þis stoon [ sc. Gete] is ytend in water and yquenched in oyle, and þat is"
3620,wound,1572,0,"Seuen signes, or tokens whiche are figured in Armes round..7. Is of Purpre, and is to be called a"
3621,abide,1275,0,"Long did their numerous offspring live, Their country's boast, and pride, And still shall live, while love, and truth, And honour, shall"
3622,abundance,1384,0,"I have no Taste of..the Pleasure of Plenty, since she [ sc. a mistress] is not to be Copartner in my.."
3623,abuse,1592,0,"Jamaican men, possibly because they associated his love of plants with an effeminate nature,"
3624,acceleration,1533,0,"It was not long before certain occurrences..alleviated her sufferings, and suspended her dissolution, although the excitement they produced, seemed to threaten its"
3625,access,1978,1,The University of California at Berkeley..announces the hours during which its business office ‘may be
3626,accessible,1425,0,The gnawing..forceps are necessary for the removal of the edges of bone and of diseased parts not otherwise
3627,acting,1590,0,"Since hanging up his boots in 1997, the philosophising French fruitcake Eric Cantona has employed his charisma in the field of"
3628,activist,1915,0,"For some, neutrality simply means a passive aloofness. For others, neutrality should be active, and these are divided, in the current jargon, with active and passive ‘"
3629,adhere,1799,0,They [ sc. the representatives of the King of Wirtemberg] were evidently not sufficiently aware of the numerous advantages secured to Wirtemberg by the treaties to which they were the last to
3630,advertisement,1426,0,If any of þe said lordes of þe counsail here anything þat may charge any of my said lordes..þat he come and advertise þaim by way of
3631,adviser,1536,0,"Without strong evidence both for the necessity of its application, and the probability of its success, virtue requires the suppression of the advice, and the abstention of the"
3632,adviser,1879,0,"The Sultan has been ‘advised’ into a sort of pensioned retirement, the Resident levying, collecting, and expending the taxes. Sir Andrew Clarke was very fortunate in his selection of the Sultan's first"
3633,adviser,1879,0,The Sultans..had to ask for and accept advice from the British Resident or British
3634,affinity,1847,0,The Perfectionists..in their community at Oneida..indulged an elaborately eugenical promiscuity under the guise of ‘spiritual
3635,aggression,1630,0,A 21-nation United Nation General Assembly Committee has voted to delay for three years an attempt to define
3636,allowance,1931,1,A single eight-ounce serving of plain low-fat yoghurt will give you over half of your daily calcium
3637,altitude,1543,0,"Danes great multitude His seruise had, and made the lande to enclyne To his lord shyppe and to his"
3638,ambiguity,1661,0,"It was not a supper, but an ambigu ... It is supper and dessert both on the table at once, and this makes the"
3639,analogous,1646,0,"Parts which correspond in their real nature—(their origin and development)—are termed homologous ; those which agree merely in appearance, or office, are said to be"
3640,apple,1939,1,Many of the city's most creative people in the 1970s (as now) were high IQ boys and girls from Smalltown who fled to the
3641,arrest,1386,0,An irous man is lik a frentik best In which ther is of wisdom noon
3642,assurance,1622,0,"To haue a regard what winde must serue, and the true season of the yeare, which maketh a difference in the price of"
3643,authentic,1387,0,"The instrument..had all the force, and was entitled, under the facts, to all the faith given to instruments"
3644,authentic,1645,0,"Tertullian, and several other Writers..mention this Letter, and argue upon it; which they durst not have done had it not been..unquestionably"
3645,balanced,1902,0,The ‘Balance’ radiator is so called in that the air inlet and combustion products outlets are made continuous and ‘
3646,banking,1765,0,"This brings the fork and escape wheel into the positions shown at B , which happens as the fork c is returning to the"
3647,banking,1794,0,Ships arriving on the coast..to be employed for some time in fishing on the banks (called
3648,baseball,1853,0,"In order to let him know that I recognized his skill as a ball player despite the opprobrium attached to his name, I asked him to autograph a"
3649,bearing,1674,0,"The time of parturition will evidently appear by the springing of her udder and the dropping of her belly, together with a discharge from the"
3650,bearing,1852,0,"When we come upon a perplexing ganglion of paths, [we have to] wait patiently and take our"
3651,bearing,1852,0,"You do feel so strange and stuffy, like somebody else..that has been..struck by lightning..and hasn't quite fetched around, yet,..and can't just get his"
3652,bearing,1717,0,"Collingwood signalled to some of his ships to spread out.., the result being a partial resemblance to what is called a line of"
3653,bearing,1698,0,"The departure from strict tuning in the several consonances, being called temperaments or"
3654,believer,1596,0,"But if then you find no cause to believe all the other Outcries which were at the time of Clifford's Fall, hold on still, if you can, the humour of believing all the other Devices of his little Lordship; till he at length serve you, as he hath served all the rest of his"
3655,bench,1250,0,From Luciferis prude þat he [ sc. Adam] sulde blenchen & wonien in paradis oppon blisful
3656,bench,1822,0,"The plants were grown in 4-inch clay pots, which occupy a space 4½ inches square on the"
3657,beneficial,1591,0,"How to a Benefice he might aspire. ‘Marie, there (said the Priest) is arte indeed..For that the ground-worke is, and end of all, How to obtain a"
3658,biology,1799,0,"Those who..view with extreme aversion, any attempt to introduce the phraseology and mode of thought of an obsolete and scholastic realism into"
3659,biology,1853,0,"Having thus gone over the various morphological and developmental conditions of the Protococcus , the author proceeds to its"
3660,birthday,1384,0,"Today, more and more Aussies are choosing to have international parties to celebrate milestone"
3661,birthday,1556,0,"On Friday, the esteemed NYC-based remixer and DJ Francois Kevorkian helps celebrate house night Content's third"
3662,bladder,1661,0,"Rotifera ..In the hinder part of the body..is a sac or vesicle, which is termed the ‘contractile"
3663,blanket,1882,0,"As to the old contracts,..the exact quantity required to fill them will be closely watched, in order to do away with the opportunity to sell coal in the open market under what has been termed a"
3664,bold,1300,0,"Coffee..sold at 69 s . to 72 s . 6 d ., for good to fine ordinary"
3665,breathing,1398,0,"I'm on the edge of the Cliffs of Hyperventilation, my mind mile-a-minuting, pulse pounding, trying to focus on my"
3666,cake,1434,0,"Of Oates in Wales, and some of the Northerne shires of England, they make bread, especially in manner of"
3667,cake,1396,0,"Whiche sope..ȝe schal take and gadre clene vp from þe canevas and put hit in moldes whiche ben ordeyned for þe same þynges, and þan late hit drie so vp in fayre"
3668,causal,1656,0,"That the term cause and effect was loosely or gratuitously applied to what we know only as consecutive, not at all as"
3669,celebration,1529,0,"For, as Thomas was the last, that beleeved the Resurrection, among the Apostles: So hath the Church..set his memory last, in the Catalogue of their"
3670,charity,1175,0,"Their Temperance and Gratitude, their Justice and Fidelity, their Humanity and"
3671,coalition,1715,0,Nick Clegg..should have demanded proportional representation as the price for Liberal Democrat participation in a
3672,coherent,1902,0,"If two sources are to produce interference, their phases must always be either exactly the same or else have a constant difference. Such sources are called"
3673,coherent,1902,0,"This light was different from that in the flash since the tripping action of the first light to be produced ensured that all subsequent quanta were produced with light waves in synchronism with it. In other words, the light produced from the laser was ‘"
3674,collar,1728,0,"That at bottom is peculiarly call'd Apophyges; as if the Pillar took its height hence: and that at top Colarin, or"
3675,collar,1888,0,"The ampullæ [of a sponge] are lined by cylindrical granular endoderm cells—about sixty to each ampulla—with a basal nucleus, single cilium surrounded by a hyaline protoplasmic"
3676,collision,1654,0,"When a negative ion moves through a gas under the action of an electric field, it collides with a number of neutral molecules, some of which become ionized as a result of the"
3677,collision,1652,0,"Perfection..may much more strongly be concluded from those more perfect operations, exercised in comparing severall things together, and working out the truths, striking forth the light from those"
3678,comedy,1530,0,"The term Interlude was loosely used as a general name for any kind of play, Mystery or Mortality, Tragedy or"
3679,comic,1668,0,"A kind of tragic Frown..that so ill-beseem'd, (Say all the Critics physiognomic) His Face, insuperably"
3680,commentary,1547,0,"The Commentaries of Sir Francis Vere, being Diverse pieces of service wherein he had command, written by himself in way of"
3681,communal,1851,0,"It consolidates one's position..to stand well with the [Jewish] Community... But..you will find a good many meetings of all sorts, which are not"
3682,compromise,1726,0,"The third Form of an Election was that of a Compromissum, viz. when some certain Clergymen qualified by Law, had a power granted to them of electing by a"
3683,computation,1586,0,"In the year 1700, it was computed, that there were about five thousand able, effective men in Canada;..some judicious people think it is a pretty round"
3684,computation,1953,1,"The lab's electrical bill for computers has swelled to more than $10 million a year,..says..its deputy associate director for"
3685,conductor,1787,0,"The programmes of the Philharmonic Society (founded 1813) for the first seven years always end with..‘Leader Mr. —— , Pianoforte Mr. —— ’..With the second concert of 1820 (March 20) the announcement changes to ‘Leader, Mr. Spagnoletti;"
3686,conform,1622,0,May yt therefore please your good lordship to take the state of this your diocese into your ffatherly consideration..to enforce these irregulars to
3687,congregation,1526,0,"This matter hath been under the Consideration of a synod, orderly called, the result whereof our last general court commended to the several"
3688,congregation,1526,0,"Wherever God erects a House of Prayer, The Devil always builds a Chappel there: And 'twill be found upon Examination, The latter has the largest"
3689,contraction,1655,0,In the main Parts of the Poem..no Translator can prejudice it [ sc. the chief characteristic of the original] but by wilful Omissions or
3690,corruption,1340,0,"If we would keepe a body long, the dissection must be begun at those parts which are most subiect to"
3691,counter,1428,0,They..brake vp the prison of newgate and drafe oute al the prisoners and of both countours..and destroyed alle the bookes of bothe
3692,craft,1578,0,"The term ‘vessel’ shall include any..skiff, dingey, shallop, punt, canoe, raft, or other"
3693,creditor,1543,0,"Here ensueth a profitable treatyce called the instrument or boke to learn to knowe the good order of the kepyng of the famouse reconyng, called in latyn, Dare & Habere, and in Englyshe, Debitor and"
3694,crown,1175,0,John Cabot..obtained a..commission..to discover unknown lands and annex them to the
3695,crown,1873,0,On the next page are shown the various pieces of apparatus used in the operation of setting the diamonds in the drill
3696,crown,1330,0,"When lawyers are teasing some scatterbrain'd clown, Who stammers and splutters Each sentence he utters, With scarcely five bob's worth of sense in his"
3697,crown,1588,0,Like columns that had toppled down From temple dome or tower
3698,crown,1611,0,"The great room ceiling to be cover'd 4 feet down,..with a plain impost moulding of 9 inches at foot, and a colloss of 8 inches on the"
3699,crush,1610,0,And at my state with her proud hornes did push In hope my fame.. to
3700,cultivate,1766,0,"When they reached the field where the cultivator was, he hitched Nell to the traces, and left Kate to drive... In a few hours the field was"
3701,cultivation,1793,0,"The Queen and her affectionate daughter..introduced her to the Chevalier and his rejoicing family, as an acquaintance worthy their"
3702,cure,1400,0,Noe..ȝaf wriȝtes her mesure And him self dude his
3703,cutting,1864,0,[They] took third prize for a dramatic style using red and black colours and sharp
3704,cutting,1921,0,Photographing the same scene from different positions and changing them in the
3705,cutting,1937,1,Would these courts be in any way responsible for the carrying out of female genital mutilation? Would they at some level be concerned with arranging the
3706,cylinder,1697,0,"He had tended..to undernourish his spiritual self. He had given it the short end, and it was missing, he knew, on several"
3707,dealer,1719,0,"Much of the work of the Stock Exchange account is carried out by a department of that institution corresponding to the bankers' clearing house. Its function is to bring into direct communication the ultimate buyer and the ultimate seller as represented by their respective brokers, thus eliminating, for the purposes of the settlement, the middleman known as the ‘"
3708,decisive,1658,0,"The only way to undeceive 'em, is not to reject their Opinion with Contempt, and to dress up the Authors in Fools Coats, nor to speak huffingly, and with a"
3709,deduction,1546,0,"For subtraction your nombers are sette downe after the common maner, firste the totall, and then the"
3710,defeat,1657,0,The correlative of the highest rate statutes is the provision found in many states for taxing defeasible possessory interests as if there were no possibility of defeasance and then making a refund in accordance with the actual diminution or
3711,degradation,1752,0,"A Table of the Spectators, Tatlers, and Guardians, distinguished by figures into six degrees of value, with notes, giving the reasons of preference or"
3712,degradation,1799,0,"When..a stream cuts downward to establish or maintain grade, it is said to degrade; and the process is termed"
3713,delegate,1577,0,The case against [Dr.] Free..was..delayed while legal technicalities were resolved in the secular courts of King's Bench and the House of Lords and in the ecclesiastical Court of
3714,delegation,1581,0,"If this iurisdiction spiritual be alwaies of right a sequele of the crowne.., assuredly Christ nor none of his Apostles could otherwise enter to conuert Countries, preach, and exercise iurisdiction spiritual, without Cæsars and others the kings of the Countries licence and"
3715,deposition,1399,0,"If [they] evere be adheraunt to Richard that was Kyng and is deposed, in counsel, helpe, or comfort agayns that"
3716,depress,1616,0,"He pressed and pulled and pushed, but still without result: no knob would slide, no panel"
3717,descent,1718,0,"The formation of such adhesions between the bowels and testis before birth, may also sometimes prevent..its"
3718,descent,1485,0,"The Kranzberg proved to be a superb viewpoint, with a narrow summit ridge, just skiable for half of its length, and an excellent"
3719,descent,1566,0,He found rational thinking difficult as he was humiliatingly escorted along linking corridors to the basement
3720,descriptive,1593,0,"Titles..which expresse the subject matter handled respectively in them [ sc. tracts or books] , whether handled in an astructive and assertive way, or in a destructive and confutatory way, or in an explicatorie or"
3721,determinant,1893,0,"I shall designate the cells or groups of cells which are independently variable from the germ onwards as the ‘hereditary parts’ or ‘determinates’, and the particles of the germ-plasm corresponding to and determining them, as the ‘determining parts’ or ‘"
3722,developer,1855,0,The chemical agents which are utilized in order to allow the development of the latent image to take place..are technically called
3723,developer,1870,0,The state is prepared to support investment in a new machine tool but not in the latest upper-body muscle
3724,developing,1861,0,Bourgeois economists once talked about the economically ‘backward’ countries; then ‘underdeveloped’ was felt to be a kinder adjective. They now prefer to refer to poor capitalist countries as ‘
3725,devil,1681,0,"A War of Profit mitigates the Evil, But to be tax'd, and beaten, is the"
3726,dirt,1893,0,A bloke 'ud be a dawg to kid a skirt Like 'er. An' me well knowin' she was square. It 'ud be
3727,disagree,1513,0,"We have neither a very clear Conception in our selves of the two Ideas contained in the Words, nor how they agree or"
3728,disclose,1440,0,"Thy Myrtle, Orange, and the blushing Rose, With bending heaps so nigh their blooms"
3729,discrete,1398,0,The parts of an animal form a concrete whole; but the parts of a society form a whole that is
3730,discrete,1398,0,"If there be no infinitesimal substitution, then the group is said to be discontinuous, or"
3731,discrete,1851,0,"This formation of symbolic conceptions, which inevitably arises as we pass from small and concrete objects to large and to"
3732,discrete,1851,0,"The study of the causal relations is plant ecology; the application of such causal relations is plant geography. The one is concrete, the other"
3733,discretion,1485,0,"Confirmation,..administered to the young often simultaneously with the Sacrament of Baptism or at the very beginning of a child's attaining"
3734,distortion,1879,0,The susceptibility of such a medium for a state in which the two sets of grains are in conditions of opposite
3735,dominance,1923,0,The measurement of the cubic volume of standing timber by the forester may be considered as a determination of
3736,dull,1440,0,I had three large Axes..but with much chopping and cutting..they were all full of Notches and
3737,elastic,1674,0,An electromagnetic interaction between the electron and the nucleus can cause the electron to veer off in its path at some angle while the interacting nucleus recoils in a different direction. This phenomenon is called ‘
3738,electricity,1734,0,"The experiment of Galvani on muscle contraction was the first in electrophysiology and among the first in dynamic, or galvanic,"
3739,elevate,1509,0,"For riche mennes goodes I muste ofte translate, Unto the poore, them for to"
3740,elevate,1886,0,"The first step is to brainwash the pop audience of its pirate-induced distrust of the Corporation..then, slyly and imperceptibly,"
3741,elevation,1526,0,"We sometimes find the higher tracts to be formed by what was..a depression, while tracts originally elevated have been converted into..‘Valleys of"
3742,endorse,1637,0,"I cannot ride—there's something in a horse That I can always honour, but I never could"
3743,entertain,1706,0,"If any are so arrogantly Vain, To think they singly can support a Scene, And furnish Fool enough to"
3744,estimation,1400,0,"The distance of the nearest threads became a very visible space, answerable to one minute each, and therefore capable of a much further subdivision by"
3745,evolutionary,1810,0,"It is most probable that they [ sc. two gases] are liable to mutual penetrations, which are produced in a greater degree when worked upon by an active agency, and..lessened in the absence of an"
3746,exclusion,1614,0,"There were 32 Cardinals in the Conclave for the Election of that person, and twenty for his"
3747,exile,1400,0,"Wit all þou sal bi halden vile, Quar-sa þou wendes in"
3748,explosion,1866,0,"[In pronouncing phrases with a final explosive stop,] a British speaker ordinarily articulates the vowel of the final syllable, lifts his tongue to make the closure for the final consonant (applosion), holds it there..(occlusion), and then breaks the closure with a sharp downward snap of the tongue which produces a clear ‘pop’ ("
3749,explosion,1866,0,"With the opening of two oral closures, a bilabial implosion occurs simultaneously with a velar"
3750,explosion,1953,1,Those sudden institutions of learning that had been springing up..to handle the products of the wartime copulation
3751,extract,1879,0,"The latter [cotton in worn-out fabrics] is destroyed by a chemical process, leaving the wool intact, which is then called ‘"
3752,faction,1509,0,"When Men of the first Rank for Reputation and Fortune endeavour to check the arbitrary Designs of Persons in Power,..such ought not to be called a"
3753,faction,1699,0,Opposition to home rule was voiced occasionally on social grounds. A titled Irish lady of Dublin..told me that she was against it ‘because of the violence of Irish
3754,faithful,1542,0,"Male vanity, however, is so intense that a man will willingly marry a light woman, believing in all sincerity that the most faithless of women cannot but be"
3755,fancy,1665,0,I'll undertake my little Nancy In Flounces has a better
3756,fashion,1528,0,"The poem is conceived as a battle for the possession of a fundamental concept, ‘truth’, which its author recognizes may not even exist, an admission which irrevocably undermines the designs the work has of"
3757,feminine,1390,0,"Grammatically, Hebrew is a gendered language; every noun and its corresponding verb form is either masculine or"
3758,feminine,1450,0,"Certain Intersections of the Spheres..of which two are termed Oriental, and counted Masculine; the other two being Occidental and"
3759,feminine,1592,0,Herbert Fuller looked round..with distaste... The dining-table was cluttered up with a sewing machine and a disorderly pile of
3760,fence,1637,0,That shrewd critic and experienced professor of Parliamentary
3761,financially,1795,0,Though the right honourable gentleman had prepared the plan of competition..he deserted it when it answered both constitutionally and
3762,fine,1300,0,Þis stalwarde cristine volc þis worre broȝte to
3763,flood,1666,0,"Others that have the good fortune of..being delivered, escape by means of their"
3764,foreigner,1422,0,"There is a Custom within the City of L. to elect..six Freemen of the Company of Bakers, to be Foreign Takers to supervise all Spiced Cakes and Bread brought to the common Markets by any"
3765,frame,1330,0,The carpenter is wurthi blame That into shippis wil weet tymbour
3766,frame,1609,0,"The beautie of this sinfull Dame, Made many Princes thither"
3767,fulfilment,1904,0,"Game development is like engineering—you're creating something, so when it's done, you get a sense of"
3768,fusion,1710,0,"A Decoction of Burdock..keeps the blood in a due mixture, and hinders its"
3769,fusion,1892,0,The classical instance of the qualitative perception is the tonal
3770,gallery,1630,0,"My voice was heard distinctly in every part of the building, up to the western"
3771,gallery,1699,0,"J'ay mis sa Balle dans le petit trou, ou dans la Galerie. I put his Ball into the Hazard, or the"
3772,generator,1879,0,"A small experimental breeder reactor near Arco, Idaho, was the world's first nuclear electricity"
3773,generous,1581,0,"Or if domestical testimonies be in this kind suspicious, yet that the sayings of these ancient fathers void of affection, feare, flattery, partiality, may find place in so"
3774,genius,1387,0,"Thair is na thing may be so odius To man, as leif in miserie and wo Defraudand god of nature"
3775,geometry,1330,0,"The same cannot be said for different geometries; for example, the sum of the angles in a triangle is 180 degrees only in Euclidean"
3776,graduate,1610,0,Those superior and general Laws of Nature whereby Heat and Cold in every Climate are commonly understood to be chiefly governed and
3777,handling,1850,0,Every piece of genuine..ruby and sapphire jewelry..for as little as $3 plus $2 shipping and
3778,hazard,1836,0,He heard the stall-women at the railway station. He smelt the shit of the horses at the
3779,heel,1769,0,"Talon de la quille , the after-end of the keel, into which the foot of the stern-post is tenanted: this is also called the ship's"
3780,heel,1769,0,"Cut the mirror with its pondrous keel, Leaving a ruffled track behind its"
3781,heroic,1873,0,"They [ sc. Venetians] could be heroes when driven to extremities, but they never liked"
3782,horn,1483,0,"How she, all patient, both at Eve and Morn, Her Needle pointed at the guarding"
3783,imaging,1648,0,"‘Imagination’ sometimes means the forming and contemplating of mental images, visual, auditory or other; this is more appropriately called ‘"
3784,immigration,1869,0,"Where the proliferating cells become..separated either from one another or from the proliferating region itself, we may note first, instances of actual cell migration. This may be either emigration or"
3785,immigration,1869,0,"The mechanism by which the presumptive mesoderm and endoderm cells of the epiblast reach their internal locations has been variously called ingression, involution, or"
3786,impairment,1649,0,"The white-glass Whirlpool cooktop has front controls and staggered placement of cast iron solid elements, useful features for anyone with a visual"
3787,imperial,1480,0,A slave unto the Emperor [ sc. the Sultan] ..durst very well advance himselfe to come too the estate
3788,imperial,1857,0,If you are social..you are beckoned by a graceful hand to the library to look at Papa's ‘
3789,implicit,1641,0,The multivariate ways in which we express..ideas..: both the said and the unsaid; the explicit and the
3790,inability,1441,0,"In case the impediment during the time foresaid flow from the Titular by reason of his Minority, or other"
3791,incline,1425,0,"An embracing vine, Whose bounches hanging downe..Did them selues into their hands"
3792,induction,1490,0,"The incitacyons moeued by naturell dylection, whiche commen of thy self, with out ony othre"
3793,induction,1380,0,The method of becoming a parson or vicar is much the same. To both there are four requisites necessary: holy orders; presentation; institution; and
3794,induction,1440,0,[This] is an inference of that particular character which is called an Inductive Inference or an
3795,induction,1928,0,Experimental studies..have yielded extraordinarily interesting information as to the way one part of a developing embryo may influence the differentiation of other parts. When this occurs it is spoken of as
3796,induction,1951,1,"In 1950, Lwoff, Siminovitch and Kjeldgaard showed that..irradiation of cultures of lysogenic Bacillus megatherium with ultraviolet light greatly increased the proportion of bacteria producing phage... This phenomenon is called"
3797,induction,1801,0,"To produce a succession of effects both conductors must be brought near bodies connected with the ground, which gain the opposite state, in consequence of what may be called"
3798,induction,1861,0,"The unit cells in this case are portions of space in which unit of magnetic quantity is produced by unity [ sic ] of magnetizing force. The length of a cell is therefore inversely as the intensity of the magnetizing force, and its section is inversely as the quantity of magnetic"
3799,induction,1861,0,"It is of some importance..to inquire what happens when the polarisation is not proportional to the electric force. We now require two vectors, P, E, not in general parallel to each other, to express the state of the medium at any point... If we define a vector D = E + 4πP, div D = o. The vector D is called the electric"
3800,induction,1857,0,"The act by which the resistance to combination is diminished, and the combining power thus brought into greater activity, we call Chemical"
3801,inhibition,1902,0,The inhibitory power of water in the esterification of acids in alcoholic solutions..represents a complex case of the Titoff type of
3802,inhibitor,1902,0,The hydroid may contain a substance which inhibits its nematocysts from discharging and stinging other members of the colony. An occasional hydroid may provide Pagurus with such an
3803,inhibitor,1911,0,"A fifth factor, I , when present, prevents any color from appearing, no matter what other factors are there. It is called an"
3804,inhibitor,1914,0,In many instances the inhibition of an enzyme can be regarded as the result of chemical combination between the enzyme and the
3805,injure,1492,0,"Of the cases of injury from causes beyond the passengers' own control, all but twenty-seven were occasioned by collisions between trains, and mostly great numbers were"
3806,insure,1635,0,"Authorising your petitioner to ensure all your majesty's subjects whatsoever for soe much of their estates combustible as they themselves shall conceive in danger of Fire, not taking above 12 d . per centum yearly for soe much soe"
3807,intimate,1884,0,"Writers like Mr. Henry James, Mr. Howells, and Miss Wilkins, students and observers only of the minute, the delicate, and the"
3808,intimate,1915,0,"The new method is to build a smaller house, or théâtre intime , allowing of an auditorium with limited capacity so that no seat will be very far from the stage. Among these theatres may be mentioned..the Maxine Elliott, one of the first of the"
3809,invisible,1561,0,"The doctrine of Christ, the profession whereof constitutes the visible church, the belief and obedience the"
3810,irregular,1483,0,"If the Base and Treble doe rise together in thirds, then the first Note of the Treble is regular with the other part, but the second of it is"
3811,irregular,1619,0,"The multitude of practitioners scattered over this country, are comprehended in two classes:— regulars and"
3812,junction,1924,0,Two entirely different classifications are involved: (1) an assignment of importance within the frame of a sentence..(2) a scrutiny of subordination within a group (‘
3813,junction,1949,1,"Silicon and germanium may be either n -type or p -type semiconductors... If, in a single sample, there is a transition from one type to the other, a rectifying photosensitive p-n"
3814,landing,1784,0,"Major Cameron and Capt. Salmon with Mr. Barnwell and, later, Mr. Knight up behind, put in large number [ sic ] of straights each making very good flights and"
3815,lasting,1375,0,"Some modern glazes are created by baking or calendering resins onto the fabric, and these are more"
3816,latest,1447,0,"Younger Regiment or Officer , in Military Affairs, that Regiment is counted Youngest, which was last rais'd, and that Officer youngest, whose Commission is of the"
3817,lease,1595,0,"[Thou] That to give the world encrease, Shortned hast thy own lives"
3818,lease,1595,0,"My Lady Lloyd's Case.., who when the vital Flame was even blinking in the Socket,..had a new Life put into her"
3819,leather,1465,0,"A Currier, being present, said..If you have a Mind to have the Town well fortified and secure, take my Word, there is Nothing like"
3820,leather,1883,0,"It started off as a pretty little bout, though neither knew much about the"
3821,liberation,1798,0,Those in the struggle have to deal with black separatists because they stand today as a potent obstacle to full black
3822,liberation,1532,0,"Totalitarian states make assassination sound better by calling it liquidation, and aggression by calling it"
3823,light,1413,0,"If an immodest thought, or low desire Inflam'd my breast, since first our Loves were"
3824,lighting,1300,0,"I was a Boy Scout at this time, and..every Wednesday evening I was sent out of the manse for a couple of hours..to be tested on my proficiency in map-reading, knot-tying and the"
3825,lighting,1956,1,A number of discrepancies exist between the job requirements set by the industry and the training provided by the schools for a job in
3826,lion,1785,0,"I did not excel in any of my academical exercises, save that of circumambulating the colleges and public buildings with strangers..; in this branch of learning I gained such general reputation as to be honoured with the title of Keeper of the"
3827,locality,1621,0,"Where a determinate quantity of stipend..is modified to a minister out of the tithes of the parish..the decree is called of modification : but where that quantum is also localled or proportioned among the different landholders liable in the stipend, it is styled a decree of modification and"
3828,locality,1771,0,"Those cultures..that claim to be universal are, in fact, local, but aspire to hide their"
3829,lock,1563,0,"Sergesthus, eager with his Beak, to press Betwixt the Rival Gally and the Rock; Shuts up th' unwieldy Centaur in the"
3830,lucky,1450,0,You will find in this Good-Luck Ring the combination of all those elements which are considered most
3831,magnificent,1530,0,"Aristotle's fifteenth-century Italian translators provided dynasties like the Medici with an explanation of how magnificence could represent the public good, as a sign of the authority and fine judgement of the"
3832,manipulation,1796,0,"The Greek χυμεία, pouring, infusion, used in connexion with the study of the juices of plants, and thence extended to chemical"
3833,manipulation,1817,0,"It is for the purpose..of supplying the defect of friction to such muscles as we cannot reach, together with the endeavour to return the displaced vertebræ to their natural situations, that I make use of"
3834,manipulation,1817,0,"An attempt will be made..to point out the underlying pathology of those chronic affections of the knee-joint following injury that may be cured or markedly alleviated by that valuable and often brilliant therapeutic measure,"
3835,mate,1488,0,The danger quite forgot wherein they were of late; Who halfe so merrie now as Maister and his
3836,maternal,1481,0,"These crysten men ought for to knowe the Pater noster, the Aue maria, & the Credo in theyr langage"
3837,mature,1928,0,The structure of the working force changed in ways which increased..the proportion of the population..aware of and anxious to acquire the consumption fruits of a
3838,meditation,1603,0,They [ sc. the Carlists] find little inspiration in the obscurities with which the more wayward Falange writers overload their
3839,merger,1650,0,"The Plaintiff..insisted that the Term was merged in the Daughter, as being also Heir at Law. The Court upon the Hearing relieved against the"
3840,metabolic,1881,0,Change in shape in unicellular organisms is referred to by the somewhat confusing term ‘metaboly’ and organisms which exhibit it are termed ‘
3841,meter,1832,0,"The sale of water, by the different companies in London, might also, with advantage, be regulated by a different kind of"
3842,meter,1832,0,Wherever water-power is sold it is customary to use the turbines as
3843,migrant,1795,0,Education and ‘suitable’ marriage..are perhaps the most important vehicles for the social and economic
3844,modelling,1706,0,"Lessons included life drawing, draped life, drawing out-of-doors, memory exercises and clay"
3845,moisture,1398,0,"In the Earth are ingendred the foure first qualities of Heate, Cold, Drouth, and"
3846,momentum,1699,0,"In fundamental physical theory, first place is still occupied by the conservation laws for electric charge and for"
3847,monastery,1425,0,They have nothing of the freedom of the Hindú monastic orders..and seem never allowed to leave the
3848,motif,1874,0,"Other highly chosen sentiments include ‘serving the community’, ‘promoting pleasure for others’, ‘self-sacrifice’, and ‘duty’, all of which in operation together form a ‘service to others’"
3849,mutation,1398,0,"A review of the chief forms of life in the several regions and sub-regions, with the indications they afford of geographical"
3850,mutation,1542,0,"In the be no alteration But that we men, like as our sellffes we say, Mesuryng thy Justice by our"
3851,mutation,1610,0,"Pillars of stone, whereon they inscribed the distances from the regal Cities, Stations, and"
3852,mutation,1883,0,To such recognisable steps in the evolution of organisms W. Waagen gave the name
3853,mutation,1894,0,Bateson's results..emphasize strongly the difference between variation and that steady advance along certain definite lines which Waagen called
3854,mutation,1901,0,"Quite distinct from these are those abrupt..variations..which sometimes occur, and of which de Vries records a remarkable instance in the genus Œnothera . For such variations de Vries proposes the term"
3855,mutually,1739,0,"To be drawn up correctly, our list of probabilities must be such that if any one event occurs, this automatically rules out the possibility that any other event in the same list could also occur. The events will then be"
3856,naked,1300,0,Þe pride es slaked Of þam þat war so stout on stede And sum of þam es leuid all
3857,nest,1614,0,"And yet, ye offer your protest, Ye never herried Maggy's"
3858,nest,1614,0,"The sheet flew from the rest of her, revealing her big hairy"
3859,nest,1390,0,Ches anoþer which þe likþ best to be oure hord broder and dedliche sennes
3860,neural,1976,1,"A neuropad at the top of each leg matched up to a neuropad on the body, and when the animal entered its exoskeleton, it simply reestablished"
3861,nowhere,1755,0,"There is no funding any longer. On the nation's priorities, animals come"
3862,nutrition,1425,0,"A Putrefaction of the stagnated Juices, whence the Parts are essentially deprived of all manner of"
3863,nutrition,1903,0,I therefore thought that it would be of interest for the reader to have available the brief biographies of twenty-five or so scientists who have made notable contributions to what we now know as
3864,observed,1604,0,"As it proceeds from the Heart of the Observer, so it dives into the Heart of the"
3865,obstruction,1533,0,Airway remodeling in asthma thus may predispose persons with asthma to asthma exacerbations and even death from airway
3866,offensive,1887,0,"It would certainly have been better if the French army at the outset had been established in rear, at some days' march from the frontier, covered with a defensive line, and some places capable of resistance. It would then have had a good base from which to conduct the"
3867,offering,1483,0,Issuers should think about insurance and premium payment during the early planning phases of a bond
3868,onion,1356,0,"Who wou'd ask for her Opinion Between an Oyster, and an"
3869,oppression,1556,0,"The darkenynge or hidynge of the starre, whiche chaunce happeneth commonly to any starre being within 15 degrees of the Sonne..is called of many men Combustion. Other [s] contract the name of combustion to syxe degrees, and call this"
3870,optimum,1848,0,"Goldratt believes an organization should focus on systemwide optimization, not the achievement of local"
3871,outlet,1275,0,He wuneþ at portes hom At one tune ine dorsete Bi þare see in ore utlete [= by the sea in an
3872,outward,1475,0,"Þe colour of his face chaungiþ..To whitnesse as þe hete and þe spiritis fleen in to þe ynward of þe pacient, To þe grenesse as whanne þe spiritis goon aȝen to þe"
3873,overhead,1865,0,An air intercept routine..began with one example departing on dry thrust into a climbing turn while the other followed with re-heat to meet head on in the
3874,pack,1887,0,The chief business of the half-back then became to snap up the ball..as soon as it came away from the
3875,pack,1929,0,They kept their 3-liter Ferrari well back in the
3876,packet,1887,0,The next dealer passes the new pack to the last dealer who cuts it with at least five cards in each
3877,painter,1240,0,We are compelled to call both the President of the Royal Academy and the man who paints our carts and hot-bed frames by the common name of
3878,parliament,1560,0,"In France, those high Courts of Justice..are called Sedentary Parlements; and their Assembly of States General is onely equivalent to our"
3879,parliament,1400,0,No sooner had my ideas for gingering up Formula One been printed..than I get a chance to present them to the one man who might push them through racing's
3880,partition,1450,0,"When Man or Human Body is divided into its three Regions and Limbs; or the Year into 12 Months... It is a Definition of the Integrate, or Mathematical, and is called"
3881,partition,1450,0,"When Man is divided into Body and Soul, it properly comes under this Part of the Doctrine of integral Division, as well as when the Meer body is divided into Head, Trunk, and Limbs. This Division is sometimes called"
3882,partition,1450,0,"In physical division , we distinguish the parts of which an individual thing or aggregate is composed: as in a man head, limbs, and trunk... This process is called"
3883,partition,1486,0,"Whensoeuer there is a separation of common charges..by reason of the Interposition of some..Ordinaries, then they are not termed Ordinaries, but most worthy"
3884,partition,1941,1,To sideline the Kashmir issue just as a normal dispute between nations I leave..to historians and the scholars of ‘Indian
3885,partition,1850,0,"The determination of the number of ways in which a given amount of energy can be shared out among the different possible states of an assembly, is essentially a problem of the same type as that of the determination of the number of"
3886,partition,1905,0,"Let α be any number of ℜ; we can use it to throw all numbers of ℜ into two classes A, B . In A we put all numbers < α; in B all numbers > α. The number α we may put in A or B . This division of the numbers of ℜ into two classes we call a"
3887,phosphate,1885,0,See the following list of syrups that are dispersed at Johnson's drug store: Chocolate with cream..Lemon
3888,physics,1715,0,These motions come under the same laws of dynamics and analysis as any other branch of
3889,picture,1490,0,"Wee haue seen and eaten of many more [foul] , which for want of leasure..coulde not bee"
3890,pitch,1895,0,The International football match was made..memorable by..the collapsing of a portion of the terracing flanking the
3891,plain,1330,0,"We now send you per Captain Hooghteling 1 piece fine Corduroy, 1 piece yard wide Cotton Check, 1 dozen Blue printed linen Handkerchiefs, 1 double Gross flowered Metal Buttons, 1 Double Gross"
3892,plantation,1429,0,"Some vegetables ben by bowes, some by seedes, and some ben with-out seedes or plantacion [ a 1500 Lambeth MS. plantyng; Latin"
3893,plantation,1655,0,"Divers persons..who were in the late Rebellious Insurrection, [were to] be sent away to the Foreign"
3894,pointing,1899,0,"This type of setting is typical for light air conditions, when building boat speed is more of an issue than"
3895,pointing,1860,0,"That it shall not be lawful..to fish for trout or other fresh water fish..with any net,..or by striking the fish with any instrument, or by"
3896,pointing,1860,0,"Fishing for trout..by what is known as double rod fishing, or cross line fishing, or set lines,..or by striking the fish..or by"
3897,pointing,1900,0,"Rubbed spots on the rumps are judged according to the damaged area, which, in the Silver Fox, can be somewhat restored to its original appearance by the process of"
3898,pole,1575,0,"For lyke as in heauen are two poynts immoueable..vpon the which the whole frame of heauen is turned..euen so the stone Magnes reduced into a globous or rounde forme, laying thereon a needle, then which way so euer the needle..turneth and resteth, thereby is shewed the place of the"
3899,poorly,1330,0,"A poor labouring Man..; if he has a Wife and three or four Children to feed, and who get little or nothing for themselves, must fare hard, and live"
3900,post,1598,0,"You see, before the Gate, what stalking Ghost Commands the Guard, what Centries keep the"
3901,posture,1580,0,"Some day..one will discover a hominid of small stature, and almost erect"
3902,precision,1529,0,Whispering lunar incantations Dissolve the floors of the memory And all its clear relations Its divisions and
3903,present,1425,0,"The secular movement,..whose children had become hedonists living in the"
3904,presume,1450,0,I would go near thee—but I cannot press Into thy presence—it helps not to
3905,printer,1859,0,"The apparatus comprises two essential mechanisms, the ‘Transmitter’ or ‘Compositor’, and the ‘Receiver’ or ‘"
3906,printer,1946,1,The static outputs of a total of 80 decade counters and 16 PM counters are connected to the
3907,printing,1701,0,"[He] came up with the range as a means of diversifying from the firm's main market, commercial ceramic"
3908,printing,1853,0,"The first element, of 12 weeks, teaches basic theory of light..before moving on to camera handling, defect photography, processing and"
3909,probe,1664,0,"At his [ sc. the flea's] snout is fixed a Proboscis, or hollow trunk or"
3910,processor,1893,0,Any program that runs on the system can access any information physically accessible to the (central)
3911,prohibition,1843,0,"We have considered the statute in question, as it truly is, a law regulating the sale [of liquor] . It is not a statute of"
3912,prose,1390,0,"Now þis schal beo þe parclose, No more to speken of þis"
3913,prosecution,1879,0,Warrants of this kind would be normally executed by special branch officers acting under the directions of the Director of Public
3914,prospective,1599,0,His gloomy meditations began to give way to more agreeable pictures..enlivened by that sunshine with which the Goddess [ sc. Hope] ..so successfully gilds her
3915,prospective,1954,1,"Further retrospective studies of that same kind would seem to us unlikely to advance our knowledge materially... If, too, there were any undetected flaw in the evidence that such studies have produced, it would be exposed only by some entirely new approach. That approach we considered should be ‘"
3916,quantum,1913,0,"Whatever the alteration in the laws of motion of the electrons may be, it seems necessary to introduce..a quantity foreign to the classical electrodynamics, i.e. Planck's constant, or as it often is called the elementary"
3917,queen,1945,1,The first clang of metal sounded like a mid-Atlantic collision between the two
3918,quest,1393,0,"Alle þat þey take now to frest, Þerof shal God take a"
3919,quest,1393,0,"Thought comes creeping in anon, And, in his deserted nest, Sits to hold the crowner's"
3920,race,1853,0,There was a taut look of excitement that she had never seen before in his face. Her own pulses began to
3921,reach,1546,0,The internationalization of finance and business caused law firms to react by expanding their own
3922,reactor,1890,0,"For actors involved in BIPs [= behavior interchange patterns] , each has..one negative path of length 4 and one negative path of length 5 for each BIP in which she or he occupies the ‘"
3923,realism,1817,0,"It is only so far idealism, as it is at the same time, and on that very account, the truest and most binding"
3924,realism,1817,0,"Chita's dream was no more and no less than that of most young women, but her sisters in the West would temper that romanticism with a large pinch of"
3925,realism,1856,0,"My underlying contention, that there is an inherent contradiction between art and vulgarism (or, to confine ourselves to æsthetic terms, between art and"
3926,rebellion,1409,0,"A Parliament like to continue, The Irish tugging for a blood-shedding Religion, but not in their way: wee by Petition and Parliament, not by sword and"
3927,rebellion,1541,0,It happeneth that some vlceres and diseases are contumacy and rebellyon to heale. Howbeit indicacyon curatyfe is nat taken of this contumacy and rebellyon [French
3928,reception,1607,0,"His [ sc. Roger of Bellegarde's] Pattent was read in the Parliament of Dijon, the Cittie receiued him with all sorts of honours, and went to fetch him at the Carthusians where he made his abode, attending the preparation for his"
3929,reception,1843,0,At that time television was only just getting off the ground..and many areas still did not have
3930,reception,1985,1,I cannot see the Congregation's advisers and consultants being ready to accept what the hierarchy has said about ‘
3931,reconstruction,1784,0,"All the women were free to return to their interrupted training, to resume their pre-war occupation or to help with the gigantic task of"
3932,reconstruction,1866,0,"The successful candidate will ideally..have..post qualification experience in corporate and commercial law, including acquisitions, mergers and"
3933,reference,1971,1,"The initialization function adds symbols to the Perl symbol table that refer back to the other glue routines, along with an index to be passed to the routine when it is called so that it knows which C subroutine or variable is being"
3934,refine,1582,0,"Selling their Sugars unextracted from the Cane to the Venetians, and buying it againe from them after it is"
3935,refine,1582,0,"Now the Table was furnished with fat things, and with Wine that was well"
3936,regiment,1393,0,The planetis aspectis and complexiounis..of nature ar wonder different [And ar] not all vnder ane
3937,regiment,1393,0,"I shall decore and maintein thesame, to the glory of hym, honor of my bloud, and to the publique wealth, aswell of you all here present, as of all the poore commons and subiectes, of this kyngdom and"
3938,regiment,1569,0,"It was an old, withered man, who had served the Government in the days of the Mutiny as a native officer in a newly raised cavalry"
3939,regiment,1569,0,The government has disbanded the five battalions under the Territorial Army 300th series and replaced them with the Border
3940,rehabilitation,1483,0,"A publicke declaration that the Churches makes to receaue them [ sc. heretics] into her communion with the exercise of their charges, which serues them for a generall"
3941,relaxation,1708,0,"David Reubeni..eventually fell into the hands of the Spanish Inquisition, which condemned him in 1538 to"
3942,rent,1335,0,"Þer beþ iiii . willis in þe abbei: Of triacle and halwei, Of baum and ek piement, Euer ernend to riȝt"
3943,rent,1300,0,"He is comen to parlement, Forto ȝelde þee þi"
3944,rent,1300,0,"The plant, equipment and vehicles you need are bought by the lessor (who may be a finance company) and then leased to you for an agreed"
3945,rent,1422,0,He lived in a rambling tenement in the Bishop of London's
3946,repetition,1579,0,"If the Psalmes..deserue to be oftner repeated then they are, but that the multitude of them permitteth not any oftner"
3947,repetition,1774,0,"The portrait of the Archduke was catalogued as an original by the National Gallery in 1925 and 1929, while the Infanta was considered to be a studio"
3948,reprint,1570,0,"Thys boke (gentle reader) was fyrst corruptly printed in Fraunce and after that at the cost and charges of Rycharde Pynson, newly translated and"
3949,reprint,1570,0,"The Gazet was printing with the Satturday's account, but this relation being brought on Sunday, it was wholly"
3950,residue,1923,0,"Thus, if you strip from the theory its variable part you are left with a residuum. This is the constant element and Pareto therefore calls it a"
3951,resistant,1548,0,"A very small degree of resistance, indeed, is necessary to throw off a body which strikes obliquely on the"
3952,resonance,1833,0,A tuning-fork at one end of a room will respond to another of the same pitch..at the other end of the room. But the least difference of pitch destroys the
3953,resonance,1854,0,"If then a sunbeam..be incident upon a medium so constituted that its particles are capable of vibrating in unison..with some or other of the ethereal vibrations of the incident beam, it must necessarily happen that one system of vibrations will be called into existence by the other according to the laws of"
3954,resonance,1854,0,"Spectroscopy inside an external resonator, which is synchronously tuned with the laser frequency..in order to be always in"
3955,restoration,1725,0,"The doctrine of the future life of souls issues in a trilemma—eternal punishment of the wicked and everlasting happiness of the saved, conditional immortality, universal"
3956,restoration,1668,0,"Beaum. But since Drinking is so unnatural a Vice, how comes it so much in fashion amongst us? Freem. Why some witty Men, they say, introduced it upon the"
3957,restoration,1638,0,"The spirits and ayre without are the chiefe causes of consumption, and the generall progresse of Nourishment is the cause of"
3958,retention,1425,0,Children older than 6 years..are asked if they can inhibit urination for an hour to teach bladder
3959,retention,1425,0,"Organic Se [= selenium] in the form of Se yeast increased plasma and milk concentrations.., which indicates improved Se absorption and"
3960,retention,1475,0,The fuel needle is bored centrally for a needle extension and is fitted with a grub screw for
3961,retention,1655,0,"In pecuniary dispensations to his Favourites he was excessive liberal, yea though the exigence of his own wants pleaded"
3962,retention,1540,0,Our client is continually striving to raise awareness of its services to increase customer acquisition and
3963,retention,1551,0,"Before the introduction of the term lien into Scotch legal phraseology, the right to retain the property of a debtor was recognised under the name of the right of"
3964,retreat,1916,0,"Yesterday was a day of great oscillation in the markets, but it was encouraging to find that on balance there was no"
3965,reverse,1775,0,"In looking at the fair tapestry of human Life..he dwells not on the obverse alone, but here chiefly on the"
3966,reverse,1529,0,"Buonaparte, great as he was in prosperity, was never able to bear up against a"
3967,right,1823,0,"Miss Hazel Carlin, of Hucknall, said she saw about eight youths shouting and swearing. They overturned a car then"
3968,romance,1745,0,"Round thy shrine a thousand youths advance, Warm with the gentle ardors of"
3969,rotate,1841,0,"After a few years of successful rotation, the office commonly ceases to"
3970,round,1300,0,"He accepted it [ sc. the Looking-Glass] with a smiling countenance, and looking in it, found himself fat, and almost"
3971,round,1405,0,"If sentiment were sacrific'd to sound, And truth cut short to make a period"
3972,round,1524,0,They often found it difficult to make a Council of State do what was necessary for carrying on the Service; which oblig'd the Conference sometimes to be
3973,round,1440,0,"In the harde if that thow make a wounde, Adownward sumdel lenyng most hit"
3974,rubber,1577,0,I have been in the habit of recommending to patients..the rubbing of the skin with a coarse crash towel or Turkish
3975,rubber,1876,0,"Remember the S-M ads: ‘seeks discipline’, ‘seeks uniforms’, ‘seeks leather and"
3976,sanction,1570,0,"The breach or violation of any humane lawe, ordinance, constitution, statute, or"
3977,sanction,1681,0,"A Review of the principal Questions and Difficulties in Morals. Particularly Those relating to the Original of our Ideas of Virtue, its Nature, Foundation, Reference to the Deity, Obligation, Subject-matter and"
3978,screening,1806,0,They will generally order him to be excluded from the hall..and direct that the order for such exclusion be affixed to the screen of the hall; hence this mode of punishment is called ‘
3979,screening,1806,0,"Publication involves notices being put up in the hall, in the Bencher's rooms and in the undertreasurer's office of the barrister's Inn, a process known as ‘"
3980,secretion,1882,0,"In a true concretion, the material at the centre has been deposited first, and has increased by additions from without... Where, on the other hand, cavities..have been filled up by the deposition of materials on their walls, and gradual growth inward, the result is known as a"
3981,secure,1954,1,"The security regime..makes it clear that not only are the workers not privy to any sensitive information, but also that the U.S. Navy does not regard them as"
3982,secure,1578,0,The Structure may still stand..by vertue of..such Foundations which still stand
3983,sense,1661,0,Art can be considered..the creation of the sensible or what can be
3984,sensible,1502,0,"The fourth is vnto y e regarde of lytell chyldren y e whiche ben deed in orygynall synne, The whiche shall be in y e fyre of hell w t out suffrynge payne sensyble [French peine"
3985,sensible,1500,0,All the ancient theologists..affirmed that the soul was of a certain middle nature and condition between intelligibles and
3986,sensor,1959,1,Present resolution is limited by the number of light-sensitive elements on the image
3987,shame,1647,0,"Another, and another Night she came; For frequent Sin had left no Sense of"
3988,shame,1230,0,The name of her sister Drusilla had been already stained with a thousand
3989,shame,1586,0,"Erasmus, that great, injur'd Name, (The Glory of the Priesthood, and the"
3990,shelf,1839,0,"Mamma, who praises her own self, Instead of Jane or Ann, And lays ‘her girls’ upon the"
3991,shooting,1464,0,"Wall's-end coals, 47 s …free of expence, except the trifling expence for metage and"
3992,sixteen,1616,0,"Several of sixty tripped it with almost as much glee and airy lightness, as those of"
3993,slide,1692,0,Reply was made that I was not able to go nor ride; at which he ordered them to bring me on a
3994,smell,1939,1,"Things..wouldn't always get past the sharp-eyed QC. If a case smelt, he would"
3995,socialism,1833,0,The betrayals and ‘ministerialism’ of various Left-Labour MPs..were perhaps nothing new in the history of parliamentary
3996,sociology,1842,0,"Thus Comte arrives at the five following great divisions of science: astronomy, natural philosophy, chemistry, physiology, and"
3997,sociology,1842,0,Resistance to the idea of a causal capacity of emotion in social life and social processes follows fairly directly from the present state of
3998,softly,1375,0,"The other, Subekto, evidently a Javanese like Sumitro, laughed"
3999,sooner,1890,0,Governor Campbell..thinks it altogether too soon to talk of 1892... The Governor is quite right in declining to be regarded as a
4000,sovereign,1565,0,"The postulant must have proved his ability to maintain civil government, and to fulfil within and without the obligations which attach to every civilized nation, before it can be recognized as an independent"
4001,spare,1225,0,"Esau ai he dred ful sare, For he was fel and wald noght"
4002,spare,1390,0,"Whan Somer hath lost al his grene And is with Wynter wast and bare, That him is left nothing to"
4003,speculation,1575,0,"In every art and science, practitioners complain how often they are deceived by specious theories and delusive"
4004,spell,1400,0,"Oh she knew well Thy loue did read by rote, and could not"
4005,spell,1400,0,"She taught the child to read, and taught so well, That she herself, by teaching, learn'd to"
4006,spine,1721,0,[In star-fish] the edges of a groove are bordered immediately by a series of fine moveable
4007,spring,1405,0,Commerce! beneath whose poison-breathing shade No solitary virtue dares to
4008,stance,1678,0,"Their sad Misfortunes, and unlucky Chance,..had put their Measures to a"
4009,statutory,1937,1,Mr. A. P. Herbert..moved an amendment to delete the provision that at least one independent member of the Advisory [Films] Council should be a woman. He said that he hoped they would abolish from the clause and the Bill..what was called the ‘
4010,stick,1832,0,"‘Domestic altercation, Via Tasso.’ ‘Someone giving his wife a bit of"
4011,stick,1577,0,"The fragrant pea with blooms so thick, That curls her tendrils round a rotten"
4012,stick,1707,0,"He came upon them in the nick, and found her having the drummer's"
4013,strain,1609,0,So we have had but too just cause to complain of the like out-rages committed by some of the Zelots of that
4014,strain,1575,0,"Nor nearer might the dogs attain, Nor farther might the quarry [ sc. stag]"
4015,submission,1439,0,They..received us with much salaaming and offerings of chapatis and ghee in signification of their
4016,subsidiary,1608,0,"Mr. Pitt..asserted in the House of Commons, that his Prussian Majesty had properly co-operated with his subsidised troops up to September, when he thought proper to withhold the"
4017,substitution,1711,0,Sheriffs and Stewarts depute have a power to name a substitute or substitutes..within such a particular district as shall be mentioned in the
4018,substitution,1694,0,"By substituting successively a , b , c , d for e in that Equation of y , one of the Values of y will vanish in every"
4019,substitution,1854,0,"If an integral function of the elements x 1 , x 2 ,.. x n is not symmetric, it will be changed in form, and consequently, if the x λ 's are entirely independent, also in value, by some of the possible interchanges of the x λ 's. The process of effecting such an interchange we shall call a"
4020,superficial,1579,0,"If in the rest of the Jewish Law he perceives any Errors, he blames the Men that introduced them, and distinguishes the essential from the"
4021,supplement,1891,0,"Meat-meal tankage, next to milk and milk products, was the best for supplying a protein-mineral-vitamin"
4022,supplement,1600,0,"That pretended instrument..is so defective..for..it is made at his dwelling-house; whereas..at the time of the date of the instrument he wes out of the country, and so it should have been done by letters of"
4023,suspension,1635,0,You may exercise his attention by your manner of telling this story: you may employ with advantage the beautiful figure of speech called
4024,swell,1616,0,"The husbandman, if that his crops proove well, Hath his heart fild with joy 'cause his barnes"
4025,swing,1545,0,"On the 9th of April, annually, at Bengal the natives undergo a very uncommon kind of penance:..In a large plain about a mile from Calcutta, there are erected about thirty Bamboos, at least twenty feet high; on the top of these they contrive to fix a swivel, and another bamboo of thirty feet or more crosses it, at both ends of which hangs a rope. One end of this rope, the people pull down, and the devotee placing himself under it, the Brahmin pinches up a large piece of skin under both the shoulder blades,..and thrusts a strong iron-hook through each... When this is done, the people haul down the other end of the bamboo, by which means the devotee is immediately lifted up..from the ground, and then run round as fast as their legs will carry them. This throws the devotee out to the full length of the rope, where as he"
4026,swing,1957,1,"Still I am just one cat in a world of cool cats, and everything interesting is crazy, or at least so the Squares who do not know how to"
4027,swing,1964,1,"As for the mystery that still surrounded Robin Aseltine's death, the police had picked up and questioned several former girl and boy friends, Robin having been found to"
4028,taste,1290,0,"This noble clerk, with alle haste Began the veines forto"
4029,taxation,1447,0,A new valuation of all private property had been made with a view to a more equable system of
4030,tear,1832,0,"The smaller and rounder the eyes, the better the cheese is reckoned. They should contain a clear salt liquor, which is called the"
4031,termination,1934,1,We suggest that these codons [ sc. UAG and UAA] are the normal recognition signals in messenger RNA for chain
4032,territorial,1748,0,"Because this kind of jurisdiction was incident to, and followed the lands or territory to which it was annexed,..it got the name of"
4033,terror,1864,0,They had neither the inclination nor the need to..safeguard the territory behind the lines by the application of methods of
4034,textile,1888,0,"There are classes for designing, clay modeling, architecture, ceramics, tiles, and"
4035,texture,1622,0,"The invaluable sumptuousness of the Temple..the curious celatures, and artificial"
4036,texture,1625,0,The Allure collection is hand tufted of a blend of wool and high-sheen art silk in a soft chenille
4037,thereof,1388,0,"The chare of Israel, and the charietere therof [1382 of it; Cov. and his horsmen; Genev ., 1611, and R.V. and the horsemen"
4038,thereof,1388,0,"Ignavus ..He runneth up trees, and his desire is to sit there on the tops"
4039,thereof,1200,0,"If there be any particular that may more nearly relate to your affaires, you will be pleas'd to consider"
4040,thinker,1835,0,"I have been in a sexless marriage for more than 14 years, and I definitely do not have a ‘clinker in my"
4041,throne,1548,0,Regular living has done its part in maintaining the veteran on his championship
4042,tide,1390,0,His faithful troops from every side Are brought to turn the rapid
4043,tightly,1601,0,"An' ay on Sundays duly nightly, I on the questions [ i.e. catechism] targe them"
4044,tomb,1559,0,He that form'd me in the Womb He shall guide me to the
4045,transient,1911,0,An instrument that is to be used in studying speech should have high damping as well as a high natural frequency in order to reduce distortion due to
4046,triangle,1615,0,The Servians..in the first half of the 14th century..formed the strongest power of the Illyrian
4047,trunk,1610,0,Why say you not that Munday will bee drunke Keeps all vnruly wakes & playes at
4048,trustee,1641,0,"Yes, I admit I am exacting when it is a case of ‘earnest well wishers’ and trusted"
4049,trustee,1945,1,"History will be made if the people in the Trust Territories..vote to come under the wing of the United States, their"
4050,tune,1387,0,"A hidden brook In the leafy month of June, That to the sleeping woods all night Singeth a quiet"
4051,unhappy,1533,0,Numa schewe in his Calendar sic dayis as wer happy and sic dayis as war
4052,unstable,1904,0,"Most elements exist naturally as a mixture of several isotopes... The diagram shows all of the stable isotopes, and many of the"
4053,vacation,1500,0,"And can you not from your Precation, And your as daily Club-Potation, To think of an old Friend find some"
4054,vegetation,1450,0,The intercellular air-spaces of the cortical parenchyma are in open communication with the external air at the time of active
4055,viable,1871,0,A seed entombed for thirty centuries with Egyptian mummies is still capable of germination; we state that during this period it has been
4056,vibration,1666,0,"When the particles of elastic bodies are suddenly disturbed by an impulse, they return to their natural position by a series of isochronous"
4057,vice,1297,0,In wham al þe tresor of malice Sal be hidde with alle maner of
4058,virtual,1760,0,"The circumference of the wheel, 75 inches, multiplied by 86 turns, gives 6450 inches for the velocity of the water in a minute; \(\displaystyle \frac{1}{60}\) of which will be the velocity in a second, equal to 107,5 inches, or 8,96 feet, which is due to a head of 15 inches; and this we call the"
4059,virtual,1443,0,"Nor can [a mortal sin] be forgiven without repentance, either actual or"
4060,virtual,1882,0,We must know what phase of the act is being used by thought to change the actual into the
4061,vulnerable,1616,0,"[Alligators having] plates or scales, said to be impenetrable..except about their heads and just behind their fore legs, where they are"
4062,ward,1586,0,"On a Souldier. The souldier fights well and with good regard, But when hee's lame, he lies at an ill"
4063,ward,1400,0,Sendeþ ymagu wyt ȝoure standard And Archillaus in þe first
4064,ward,1377,0,"In ev'ry Street a City-bard Rules, like an Alderman his"
4065,watch,1725,0,This afternoon a batch of telegraphists due on duty refused to attend. The batch then on duty declared that they would go out on strike when their
4066,well-being,1643,0,"The twirling, twinkling displays in shop windows acting as some sort of hypnotic lighthouse for spendaholics does make me fear for all our fiscal"
4067,working,1827,0,"Having now described the parts of the foot separately, we shall attempt as concisely as possible, to explain his ideas of their combined action: his plan, his"
4068,worst,1425,0,"His practis'd eye perceiv'd, from first, That Harry might defy his"
4069,yours,1250,0,"‘It shall [be done] , sir,’ said Sampson. ‘Then give me your hand,’ retorted Quilp. ‘Sally, girl,"
4070,yours,1430,0,"I depend on your mighty Talent,..and on that Score, remain, Most Lovingly"
4071,over,1917,0,"It has never been finally worked out which system is the more disappointing, but it is generally admitted that each has something"
4072,through,1460,0,"Though Buffett is clearly not a fan of the deal, he may have helped push it"
4073,through,1849,0,"‘This man has passed,’ he thought, ‘and I have failed!’..‘Good bye, Spavin,’ said he. ‘I'm very glad you are"
4074,even,1580,0,"Jackson, you haven't been getting any rest for days. Weeks,"
4075,people,1425,0,Abraham..was deed in a good elde..and he was gaderyd to his puple [1611 was gathered to his
4076,same,1362,0,"Her lute-string gave an echo of his name, She spoilt her half-done broidery with the"
4077,before,1325,0,"For there have been more Revolts, Defections, and Secesses made in Europe, than for many Centuries"
4078,call,1460,0,"I have stuck to that very strictly, not to admit any witnesses that are not in the brief. We are totally in the judgement of the court, whether she shall be"
4079,call,1564,0,"Meanwhile, I shall carry on, resolved to go wherever danger or necessity"
4080,call,1488,0,"The hors thai tuk for awentur mycht befall, Laid on thar sowme, syne furth the way couth"
4081,great,1398,0,"This rapid motion of the humours, produces heat and rarefaction of the blood, dilates the vessels, and gives rise to a full and"
4082,large,1883,0,"They managed to capture the rollicking beat of a ditty that was a current favorite with the crew. ‘Oh-h, the cap-t'n he rides in his lit-tle gig, The ad-mir'l he rides in his barge, It don't go a goddamn bit fas-ter, But it makes the old bas-tard feel"
4083,large,1413,0,On me he leieth a pitous charge Bi cause his tunge was to
4084,part,1382,0,"And in those strains with all my heart, May I forever bear my"
4085,part,1382,0,Be liklynes the mast cowart Semyt till do richt weill his
4086,part,1450,0,The man of pure and simple heart Through life disdains a double
4087,part,1529,0,"Thou my hart [MSS B, K, χ : harp] the consort make, My self will beare a"
4088,problem,1543,0,"They the kyng then had in gouernaunce..And made good rule and noble ordynaunce..For worshyp of the kyng and of his realme, Without doubte or any other"
4089,provide,1425,0,"When she has calv'd, then set the Dam aside; And for the tender Progeny"
4090,provide,1425,0,"Thus hath the wisdom of the nation..been employed for ages, in providing properly for the poor, and yet they are not properly"
4091,state,1450,0,"It seems generally believed, that, as the eye cannot see itself, the mind has no faculties by which it can contemplate its own"
4092,state,1384,0,"His sun his wisdom es, þat wat All thinges þat haldes stat [ Göttingen MS. For all þe werld he haldis in"
4093,state,1677,0,A Participle doth participate With Noun and Verb in all degrees and
4094,state,1773,0,"A word is still needed to describe changes made before any publication takes place. These changes may be made while the entire edition is still in the publisher's hands, they may take place at the printer's, at the binder's, or even at a stage intermediate between the issue of some of the review copies and the actual date of publication. Any differences that may arise before that time will be referred to as ‘"
4095,state,1300,0,"Þe archbisshop Stigand, of Inglond primate, Þat tyme was suspended, þe pape reft him þe"
4096,state,1300,0,"Tis Envy, or, 'tis worse, tis hate, Denies due honour to his"
4097,state,1572,0,To contemporate the Government of the Church to that of the
4098,state,1538,0,"And by these Methods did at once translate The Monarchy, t'an Oligarchick"
4099,under,1482,0,"Courser [hangings] ..your Honour may be served with from Flanders, att 18 s . per stick or"
4100,country,1691,0,"Counterscarp , is properly the declining of the Moat on that side next the"
4101,down,1612,0,"What happen'd at the busy town, That makes blyth William look so"
4102,effect,1856,0,"Café-bars reflective surfaces and floors will reflect the sun, the heat of which will be trapped by tall city buildings in what is known as the urban ‘heat island’"
4103,effect,1390,0,"Monkynde þat was mad Parfyt, he fonde infecte, Causes of sikenes þen he forbad And eke þerof þe efecte [Latin"
4104,example,1475,0,Alexaundre..made alle the bookis of astronomy..to be translatede in-to Greke and..did brenne the exaumples [ a 1460
4105,hand,1534,0,A petition..from the Cittie of London accompanied with fifteene thousand
4106,hand,1489,0,For yar na hors is in yis land Sa swytht na ȝeit sa weill at
4107,hand,1552,0,Obliged to buy house land servants and stock at the worst
4108,important,1444,0,And affter I had declarid my sayd abstinens from Importunyng hym In his busines my matters being not so muche
4109,leave,1544,0,"Leaving this [black beacon] to port we see..ahead a red beacon, to be left to starboard, and again heading about S. by E,½E, run for a black beacon a mile ahead and"
4110,order,1844,0,"Consider the function U = x (αξ + βη +..) +.. x ′ (α′ξ + β′η +…) + ( n lines, and n terms in each line) ... The determinant..may be expressed as a determinant of the n th"
4111,order,1225,0,The murderer was a tertiary lay brother of the Dominican
4112,place,1250,0,"Heil Marie, ful of grace, þe lavird þich þe in hevirilk"
4113,place,1392,0,Satourn old with his frosty face In virgyne taken had his
4114,place,1375,0,Janus with his double face In his chaiere hath take his
4115,place,1836,0,"A cutter race was pulled off by crews from the three cruisers on Thanksgiving Day,..which was won by the Maryland's crew, the ‘Prune Pickers’ capturing third"
4116,point,1838,0,This..method of locking is wholly inadequate for a bolted joint that experiences powerful vibrations every time a train crosses the
4117,point,1390,0,"A chilling Fear surprizes all his Joints, And makes him ready to untruss his"
4118,power,1393,0,"Within the infant rinde of this small flower, Poyson hath residence, and medecine"
4119,process,1626,0,"They [ sc. the higher animals] also require a good many special substances which they cannot manufacture in their own bodies, and yet which are necessary for their vital"
4120,small,1398,0,"Q [uestion] . What do you light your fire with in the morning?.. [Hampshire, Wiltshire, Dorset, Cornwall]"
4121,small,1500,0,The better therfore shall be solucon Then iff y u dyd w t water
4122,small,1695,0,"The six Shilling upon the Pint of Brandy, shall hereafter be payable onely by Toppers and Retailers in"
4123,study,1300,0,In the upstairs office he looks like a student hard at
4124,tell,1160,0,"Qua-sa will of hy [r] fa [y] rnes spell, Find he sal inogh to"
4125,tell,1596,0,"You haven't much faith in my love, after all, Elsie. Ah, well! Never mind, dear; the future will"
4126,thing,1906,0,Thousands of kids were moving into San Francisco for a life based on LSD and the psychedelic
4127,thing,1936,1,You know how it is. I'm not into ironing. It's not my
4128,thing,1734,0,"[ Johnson ] Why, Sir, a Bishop's calling company together in this week [ sc. Passion Week] , is, to use the vulgar phrase, not the"
4129,thing,1734,0,"Should sorrow o'er thy brow Its darkened shadow fling, Go buy a hat of Jiggles—You'll find it just the"
4130,thing,1748,0,"The Grand Messiah chiefly we will sing, Thy tunes bring home the test, and that's the"
4131,thing,1868,0,"She drew a picture of Mr. Davis, with..the words ‘Young ladies, my eye is upon you!’ coming out of his mouth in a balloon"
4132,thing,1405,0,"So I began kissing her,..and caressing her—her sides and hips, and legs..and finally, her"
4133,thing,1589,0,The human being was sacrificed; the person was given up for the
4134,thing,1589,0,"Tylor's theory was that the primitive man thought the anima was capable of leaving the one body for another, be it animal, person or"
4135,thing,2000,1,He had his goons arrest them accusing them of ‘hooliganism’. Is that even a
4136,thing,2000,1,The bet that [they] ..made at the time was that smartphones are going to be a
4137,thing,2000,1,"I'll hear about an award-winning show..and think, ‘Oooh, brilliant, I'll watch that, what side is it on?’ Amazon, that's what side. How can that be a"
4138,want,1530,0,"Tabacco that excellent plant, the vse whereof (as of fift Element) the world cannot"
4139,within,1275,0,"A messenger went with the summons to the house of the Duke of Leeds, and was there informed that the Swiss was not"
4140,within,1388,0,"I think you ought to be well informed how much your Husband's Revenue amounts to, and be so good a Computer as to keep"
4141,within,156,0,"When, upon joining blades with your adversary, you find your sword in a line between his sword-arm and the left side of his body..it is termed being"
4142,without,1300,0,"Is not God's Universe within our head, whether there be a torn scull cap or a king's diadem"
4143,without,1400,0,"Though you should take the four [thousand pounds] , still I shall have enough"
4144,write,1275,0,"Of no sentement I þis endite, But out of latyn in my tunge it"
4145,action,1572,0,"The phrases to be read right after the words of consecration, at the very climax of the whole"
4146,action,1814,0,"Maupertuis..asserted, that in all the changes which take place in the situation of a body, the product of the mass of the body by its velocity and the space which it has passed over is a minimum. This he called the principle of the least"
4147,action,1405,0,"Every Plant has a peculiar..and infallible Stint or Term, for the Beginning and Duration of its"
4148,action,1530,0,A frequent characterization of fεla as an auxiliary verb is that it indicates completion of the verbal
4149,action,1845,0,"This lever is secured in position by the screw and washer to a pivot passing through the lever, the said pivot being solid with the"
4150,activity,1907,0,We shall find it desirable to introduce besides the fugacity..another quantity which has the dimensions of concentration. This quantity we will call the
4151,activity,1907,0,"As the concentration increases positive cations tend to congregate in the vicinity of the negative anions, and vice versa... Instead of talking in terms of the concentration of ions it then becomes more significant to talk in terms of their effective concentration, or"
4152,among,1275,0,"Þat plait was stif & starc & strong, Sum wile softe & lud"
4153,among,1275,0,"The lytill suete nyghtingale..song..now soft, now lowd"
4154,around,1425,0,"He first enclos'd for Lists a level Ground, The whole Circumference a Mile"
4155,around,1390,0,"The hell-hounds, Murder, Want and Woe, For ever hungering flocked"
4156,around,1550,0,"Where Church and all, laid leuell ground, Wilde Deere or Satyr's dance"
4157,around,1596,0,When I found I was becoming drowsy I rose to my feet and moved
4158,book,1885,0,You might ring up a number for me now. Look it up in the
4159,bring,1602,0,"What is worth in any thing, But so much money as 'twill"
4160,case,1536,0,A net..That Charles himself might chase To Caresbrook's narrow
4161,cell,1530,0,"Shapes which dwell Still unimpair'd, though old, in the soul's haunted"
4162,cell,1577,0,"Deep cavern'd vaults, where tuneless night-birds dwell, Or lurks the bandit—in the Lion's"
4163,cell,1230,0,"Then vnto this let him applie his witte with all his might, To finde the chiefest seede to sowe... Canst thou not truly tell, What Garner for to seeke for this, or in what secrete"
4164,cell,1300,0,The Chartreux wants the warning of a Bell To call him to the duties of his
4165,cell,1728,0,"In common Persons so much Roguery is learn'd among Numbers, that I think 'twere well, if, as In the Inquisition..every one, at least of the most notorious ones, had a Box or"
4166,condition,1817,0,"It is very common to single out one only of the antecedents under the denomination of Cause, calling the others merely"
4167,control,1564,0,It [ sc. the Latine Seruice] hath ben auctorised by continuance almost of a thousand yeres without
4168,course,1350,0,"O're th' Elean Plains, thy well-breath'd Horse Sustains the goring Spurs, and wins the"
4169,course,1330,0,"Every man may put in his horse, mare, or gelding at his pleasure, 'tis the Liberty of the Subject, and so his that sets up the"
4170,course,1330,0,The finest racehorse..is never seen to less advantage than when walking over the
4171,create,1475,0,"A constitutiue Instrument creating ..whereby any estate, propertie, power or obligation, not hauing any essence or being before, is newely raysed and"
4172,create,1848,0,"La Truffi has taken the town by storm in the part of Borgia: her acting is incomparable..and not inferior to the great French actress, Mlle. George, who"
4173,function,1858,0,"In the nomenclature here proposed, the root of the name of any substance denotes the group to which it belongs, the termination, its place in the group, and its chemical"
4174,function,1946,1,The design and implementation of a program involves the integration and concatenation of a set of
4175,hold,1297,0,"The starre that bids the Shepheard fold, Now the top of heav'n doth"
4176,home,1594,0,"Some have long believed that life-bearing spores, somehow guarding the vital spark of life within them, escape occasionally from their"
4177,however,1623,0,"Clinique Chubby Stick Moisturising Lip Colour Balm..is super-hydrating and glossy, but never leaves the lips sticky. It isn't long-lasting,"
4178,individual,1582,0,"The usual Division in Logic is made into Genera, or Genus's, those Genera into Species, and those Species into"
4179,individual,1582,0,"We may begin with a genus which has no class above it, and hence is called summum genus ; and we may end with a species which cannot be further subdivided except into"
4180,information,1937,1,"In a long molecule many different permutations are possible, and it therefore seems likely that the precise sequence of the bases is the code which carries the genetical"
4181,interest,1600,0,"They..now intended civil proceedings against the officers and the police force, for damages and"
4182,last,1340,0,"That Sun..Which from the first has shone on Ages past, Enlights the present, and shall warm the"
4183,last,1557,0,"When the day of hope is past, Geue vp thy sprite and sigh the"
4184,line,1611,0,She pours a sensibility divine Along the nerve of every feeling
4185,line,1733,0,"The Spider's touch, how exquisitely fine, Feels at each thread, and lives along the"
4186,line,1733,0,Spun as fine As bloated spiders draw the flimsy
4187,line,1616,0,First impressions of..the 27 fine portraits..all beautifully engraved in
4188,line,1912,0,He has a fine classical technique and excellent
4189,line,1588,0,"Cold frozen Loves with which I pine, And parched Loves beneath the"
4190,line,1330,0,Þurch þe wombe & þurch þe chine Þe spere ȝede euen bi
4191,line,1330,0,"Virgin, daughter of Locrine Sprung of old Anchises"
4192,line,1854,0,"Moreover, he [ sc. the wolverine] will follow the tracks of the trapper from one to another, until he has destroyed the whole"
4193,long,1475,0,It was a mery song! I dar say that he broght Foure and twenty to a
4194,long,1275,0,Martha hadde an iuel strong Þat hir hadde holden seuen ȝer
4195,long,1839,0,Come all you Golfers stout and strong Who putt so sure and drive so
4196,member,1535,0,"I have..cast the Text according to the number of the verses, into three plain and conspicuous"
4197,name,1594,0,These shall then be Towns of mighty Fame; Tho' now they lye obscure; and Lands without a
4198,name,1594,0,"Into the dark she glides, a silent shame, And a veil'd memory without a"
4199,patient,1425,0,"I can symbolize my thought by using the name of any creature..because every creature is man agent, or"
4200,patient,1550,0,"Baptism is a crucial act of surrender performed by the baptized, who is agent, not"
4201,political,1644,0,Blacks and whites were held to be so fundamentally different that they could not successfully assimilate culturally or biologically into a single
4202,question,1549,0,"The Speaker,..when it has been seconded, proposes it to the House, and then the House are said to be in possession of the"
4203,question,1607,0,"This cunning and curious Composer of Bookes, and Contriuer of cases, doth in this his chiefe proposition, worke himself quite out of the"
4204,question,1607,0,"As to the second Objection, it was Answered and Resolved, That that was from, or out of the"
4205,question,1623,0,"The Iudges here are the Chancellor of the Duchy, assisted by his Maiesties Atturney of the Court, and two Iudges of the Common Law, who advise them for matter or"
4206,remain,1425,0,"The former Division Two outfit..are certain to go down, even if they win the league fixtures that"
4207,right,1275,0,The tend and the last is that we yerne noght..othir catell That we have no gode title ne no
4208,right,1822,0,"The object, therefore, of the eighth section is to extend to living writers the benefit of their unexpired"
4209,right,1694,0,By 10:30 Lieutenant McAlester was back with the word that it might be possible to get around the enemy's
4210,school,1519,0,"The lawless street boys, who teased the scholars and threw stones at the windows of the"
4211,service,1393,0,"Livere..lunge..galle..splen..alle unto the herte ben Servantz, and ech in his office Entendeth to don him"
4212,service,1450,0,"Even at this day throughout Spaine, the manner is to serve up acorns and mast to the table for a second"
4213,service,1450,0,It has become the general practice to give at large dinners a sorbet..between the two
4214,service,1903,0,"In the second set, Lendl was serving so perfectly that he lost only two points during his"
4215,side,1330,0,The King's vindictive pride Boasts to have tamed the Border-
4216,side,1300,0,[N] ou crist ous lete so bitide [Þ] at we ne wallen in þar
4217,student,1936,1,"Joy-popper , a person, not a confirmed addict, who indulges in an occasional shot of dope. However, joy-popping is usually the beginning of a permanent addiction. If the joy-popper has trouble establishing the desire and pleasure from indulging it, he is called a"
4218,water,1225,0,"Butter..my own invention, melted from salt beef and washed in many"
4219,water,1325,0,"The River Dee..springs in Merionnith-shire, & as it runs toward Chester, it runs through Pemble-Mere, which is a large"
4220,account,1715,0,"No one perhaps in Greene County bears a better reputation than Mr. Evans, as a bookkeeper or expert in"
4221,account,1400,0,"Teares that all teares of Passion shall surmount, Till Londons Sinne giue vp her last"
4222,analysis,1611,0,"On the other hand, synthesis..was indeed a matter of logical deduction from principles arrived at by"
4223,analysis,1756,0,"The making of objects distinct belongs to the synthesis, the making of conceptions distinct, to the"
4224,analysis,1898,0,It is very difficult to examine a case of neurosis before it has been subjected to a thorough
4225,business,1913,0,"Bids of 1-Heart cannot be purely informatory, and it is unsafe to reckon them as meaning less than"
4226,business,1524,0,The vaccinator should..see his patient at least four times during the progress of the
4227,carry,1614,0,"Affirming that Doves will make Haggards carrie : which is not so, for that is idlenes and want of skill in their keepers, that causes them to"
4228,change,1764,0,"The arrangements of the railway make it indispensible that travellers shall expose themselves to the chance [of being run over] , at least in passing Malines, where they"
4229,character,1761,0,The handwriting was of that form of scripture which attracts; refined yet energetic; full of
4230,community,1713,0,This ‘clone mentality’..has come under increasing attack in the last several years from members of the gay
4231,company,1330,0,He felt the same Compunction with a Bawd when some poor innocent..falls into Fits at the first Proposal of what is called seeing
4232,company,1590,0,"That the Dragooners be put into Companies , And that one hundred and twelve be allotted to a"
4233,company,1405,0,"Many Souldiers, and Commanders..provided their owne accommodations at Kingston,..still so used for the over-plus of"
4234,cost,1330,0,"Some of þaire felawschip þai lost, And of þair bydyn all þair"
4235,decision,1490,0,This deciding by refusing or neglecting to decide is apt to be just as fatal as hasty
4236,decision,1467,0,It is hard at times to decide what sort of thing one should choose..and still harder to abide by one's
4237,either,1810,0,"All right, isn't he?, but rather argumentative without a lot of critical equipment. Not fond of drinking or Bohemianism,"
4238,event,1794,0,"The arrival of Lord Uxington's family in that country, from whence they had been absent so many years, was quite an"
4239,event,1892,0,"Psychodometer , an instrument for measuring the rapidity of psychic"
4240,evidence,1550,0,So evident that we require no grounds at all for believing them save the ground of their own very
4241,evidence,1450,0,The court is satisfied that compliance with [the rule] ..would not be likely to maximise the quality of the witness's
4242,experience,1405,0,"Kyng Alisaundre..Set nat his trust in no gret multitude, But in his knihtis, which longe in his presence Hadde had in armis longe"
4243,face,1390,0,This were a popet [ variant reading pepet] in an arm tenbrace For any womman smal and fair of
4244,face,1386,0,His duellyng place Ameddis the heuen in the thrid
4245,factor,1864,0,"The bewildered doctors in intensive care struggled for days to staunch the bleeding... Finally, they decided to try an expensive clotting agent called"
4246,fall,1400,0,"This Vault of Air, this congregated Ball, Self-centred Sun, and Stars that rise and"
4247,fall,1325,0,"To remayne..in the manor house of Thirlwall, untill Newbiggen"
4248,fall,1175,0,He coude..daube a wall With all thynge that to husbondry dyde
4249,father,1600,0,"He goes on still and without interruption, till he came to Who giveth this woman to bee married, &c. and holding her by the hand, looking ever when some one or other would doe the office of a"
4250,father,1855,0,"‘I'll be back for you in a couple of hours, Mother.’ ‘I'll be right here,"
4251,field,1325,0,"The Spaniard now, and now the Britons yield, And in their turn they win, and lose the"
4252,field,1325,0,"To adverse fate must victors sometimes yield, Turenne has fail'd, and Condé lost the"
4253,field,1405,0,"A scutcheon this, a helm-surmounted shield, Three griffins argent on a sable"
4254,future,1859,0,"What was the use of going in to look at this crazy, futuristic stuff with the view of seeing whether it had any"
4255,head,1642,0,Do not let anything I may have said lead you to believe that my friend Briggs has not a great financial
4256,head,1704,0,"How much pleasanter to be out of doors, tweaking off dead rose"
4257,head,1450,0,"As that great host, with measured tread..Rolled slowly towards the bridge's"
4258,head,1570,0,"The tide [in the River Parrot] instead of rising gradually, flows in in a"
4259,head,1642,0,"Confound thee! thou always goes to the gate heel, instead of the"
4260,heart,1557,0,"With ev'ry pleasing, ev'ry prudent part, Say what can Cloë want?—She wants a"
4261,heart,1557,0,He had overheard someone saying that he talked about business all the time because he had no
4262,history,1937,1,"Soon, like the brown leather boots of the early cold war, the Vietnam-era pickle suit and the chocolate chip Desert Storm camo, the B.D.U. [ sc. Battle Dress Uniform] will be"
4263,hour,1616,0,"You must come in earlyer a nights: your Cosin, my Lady, takes great exceptions to your ill"
4264,image,1896,0,The challenge is to minimize damage to this tissue by reducing the intensity of X-rays needed to form a useful
4265,kind,1225,0,"Th' associate of a mind Vast in its pow'rs, ethereal in its"
4266,kind,1225,0,O ye who sought to find Unending life against the law of
4267,kind,1393,0,"We men, doe loue to see our selues vp-raisd And Iocond are, to heare our own selues praisd But (oh you springes of Wisdome) I doe find That is a thing most hatefull to your"
4268,kind,1393,0,"In..Men we sev'ral Passions find, In Women, two almost divide the"
4269,language,1525,0,It was the curiosity born of this pluri-lingual heritage that led me..to..a special interest in
4270,language,1917,0,"This rigid system, the subject-matter of ‘descriptive linguistics’, as we should say, is la langue , the"
4271,local,1605,0,"Distinguished by some common appellation, either patronymical or"
4272,market,1880,0,"The resignation of Rolf Kullberg, governor of Finland's central bank,..triggered a run on the markka and caused chaos in the currency"
4273,mind,1325,0,"The Cavern-mouth alone was hard to find, Because the Path disus'd was out of"
4274,mind,1325,0,They..set their wit at work to find What the prophet had in
4275,mind,1658,0,Surely these knowing times and you scarce find A man that rightly knoweth his own
4276,mind,1496,0,"And, by the Tyrant's Murder, we may find That Cato and the Gods were of a"
4277,mind,1325,0,"Fro lond ortigie cam a wind, And brogte turles michel"
4278,mind,1398,0,"If we find the answer to that [ sc. why it is that we and the universe exist] , it would be the ultimate triumph of human reason—for then we would know the"
4279,mind,1384,0,"He did the utmost Bounds of Knowledge find, He found them not so large as was his"
4280,mother,1439,0,"I had much rather have your approbation than your censure, and enjoy the favour of my dear"
4281,mother,1934,1,"Talk about one thing, talk about an other; But ef you talk about me, I'm gwain to talk about your"
4282,mother,1398,0,"By the candle light they wer neere a color bot by the daylight the stonne somewhat whytter, nather was ther any color of"
4283,movement,1393,0,"The hevin..movis fra the orient to the occident..Bot the thingis yat ar corporale jn this erde..movis nocht with the moving of jt,..bot ȝit haue thai othir naturale"
4284,movement,1773,0,"They are nobly negligent of the constituent parts, and trust for the effect to the"
4285,movement,1966,1,"I spent a lot of time buying coffee and doughnuts and rolling joints, and I spent some time on my back, too—the only position for a woman in the"
4286,national,1792,0,One favors the Execution of the Fugitive Slave Law and goes for distribution of the offices among the
4287,national,1845,0,"They issued permanent berats or protections to natives, whereby the latter were placed upon the same footing as foreign"
4288,nature,1387,0,"He had placed a spell on her by means of a cunjer bag... Its effect was to rob her of connubial allure—in her words, ‘it stole her"
4289,night,1525,0,What glory might not any lady..acquire for herself were she..to succeed in getting up a Masque..on one of her
4290,night,1908,0,The hope that the Atlantic Pact would ‘turn out all right on the
4291,night,1908,0,"Penny may fly off the handle, but she's always all right on the"
4292,night,1908,0,Eliminate the problem of promising rehearsals turning into shows that are not ‘ all right on the
4293,night,1803,0,Dish washers earn NIS [= New Israeli Shekel] 30 (plus a meal) for an eight-hour
4294,nothing,1583,0,"And now he had fought his duel, and was back in town,—and the thing seemed to have been a thing of"
4295,nothing,1425,0,"Describing the sorrows which their almost vnpeopled Citty felt, who from the height of multiplication were substracted, almost to"
4296,nothing,1567,0,So lookes the chafed Lyon Vpon the daring Huntsman that has gall'd him: Then makes him
4297,nothing,1577,0,"Life..sometimes rich in excellent results of practical value, sometimes only resolving itself into a flutter of delicious"
4298,nothing,1581,0,Mistresses that must have each day two or three Houres spent in speaking to them
4299,nothing,1855,0,"My version's graceless—but not for lack of uncles & aunts reposing out there, Catholic, Protestant, Mason &"
4300,object,1651,0,"Every thing we perceive, whether a being or a quality,..is with respect to the percipient termed an"
4301,offer,1425,0,"Friends would not suffer them to put their hands to a handspaik, tho' they"
4302,operation,1395,0,"If the latitude found thus differs considerably from the latitude by account, it will be proper to repeat the"
4303,operation,1425,0,"I went with the Dr to a patient who was to be tap'd for a dropsy under his inspection, but..I did not care to see the"
4304,operation,1893,0,"A century before Herbart arose, they set aside and condemned the hypostatisation of mental forces under the influence of ‘universal’ names, which served only to obliterate from view the individualised and concrete"
4305,operation,1749,0,"The Fair One..determined on a short Cessation of Arms. Which Interval she employed in making ready every Engine of Amorous Warfare for the renewing of the Attack... No sooner then was the Cloth removed, than she again began her"
4306,operation,1938,1,Note to sub-editors and others: please cooperate in killing..the most overworked of current clichés—the whimsical application to a variety of topics of the military locution ‘
4307,organization,1873,0,"Check-off System , a system whereby initiation fees, fines, and dues of union employees are deducted from their wages by the employer and periodically remitted to the district union"
4308,paper,1612,0,I should like to express my gratitude to government departments..who have given me assistance or advice in acquiring source material. In particular:..the Foreign and Commonwealth Librarian and Keeper of the
4309,paper,1704,0,"Without..feeling—as he puts it—that he is ‘a pawn with a breech-loader on an open-air chess~board, to be moved at the bidding of a despotic keeper who only takes"
4310,parent,1670,0,[In Aphides] a single sexual intercourse is sufficient to impregnate..the female
4311,parent,1450,0,"Marie..went forto uisite her cosyn seint Elizabeth, and..thei reuerenced and obeyed eche to other, as louyng cosynes and"
4312,parent,1646,0,The fact that the chief expressive movements are the same throughout the world he regards as affording an argument that we are descended from a single
4313,party,1682,0,"For all politicians use suppressio veri and suggestio falsi as part of their trade, minimising their own faults and maximising those of the opposite"
4314,party,1387,0,"A bench, which..one might appropriate to the entire and unparticipated use of oneself and"
4315,party,1585,0,"He had two parties to take; either to keep within the town,..or to march out... He resolved on the latter"
4316,pass,1330,0,Low-emissivity glass..is specially coated with metal oxides to contain indoor heat..and yet allow visible light to
4317,pattern,1425,0,"A house-wife in bed, at table a slattern; For all an example, for no one a"
4318,personal,1651,0,"If the Church be not one person, then it hath no authority at all,..nor has any will, reason nor voice: for all these qualities are"
4319,place,1855,0,"I observed..a very busy little woman..whose face was familiar to me, but whom I found myself unable to"
4320,position,1883,0,"Using the slight undulations of the desert to get hull down and so present the smallest target, they manoeuvred for"
4321,position,1580,0,"And soothly..yf thee coniunction, And , were made common in English, yt were not amisse, althogh yt bee long by"
4322,position,1580,0,"An indication of changes in the old system of syllable weight might be seen..in the..increasing preference, among quantitatively exact poets, for syllables long by nature..over syllables long by"
4323,position,1829,0,An association of..plot-owners has been formed for the purpose of improving their
4324,practice,1425,0,"The distinction is after all a relative one; because even purely theoretical activity is indeed activity—that is to say, a"
4325,present,1340,0,"Ryght so, thogh that hir forme were absent, The plesaunce of hire forme was"
4326,present,1395,0,Lord Scarborough being generally splenetic and absent; Lord Chesterfield always cheerful and
4327,present,1585,0,"She went in perill, of each noyse affeard, And of each shade, that did it selfe"
4328,present,1664,0,"Those subsequent revelations to the law of nature, began the same as human traditions have ever done, in very small circumferences,..and made their progress as time, chance and opportunity"
4329,present,1393,0,"Whanne I this Supplicacioun..Hadde after min entente write Unto Cupide and to Venus, This Prest..It tok on honde to"
4330,price,1382,0,"Wisely make that kind of Food thy Choice, To which Necessity confines thy"
4331,production,1450,0,The aim of the agreement is to initiate enhanced cooperation in agricultural biotechnology research and development to help improve the quality and quantity of farm
4332,production,1786,0,The scene-specific commentary by Redford answers just about every question one might have about the film's
4333,property,1393,0,"The iiiior masters answere and say that there be certenn thingis that be resceived for proprete and nat for the vse, and this ys forbiddyn to the bretherne, for they may resceive nothing for"
4334,quality,1530,0,"There is no difference in grammatical use between..an adverb of quantity, and an adverb of"
4335,quality,1537,0,Classifying existence as a category of modality rather than a category of
4336,quality,1804,0,"The alteration in the particular estate which would destroy a contingent remainder, must amount to an alteration in its quantity, and not in its"
4337,reach,1576,0,"Nameless Graces which no Methods teach, And which a Master-Hand alone can"
4338,real,1440,0,Effective publicity to deal with questions of public relations and to consider the molding of public opinion by the presentation of
4339,receive,1330,0,Thei alle of on acord Him preiden..That he the lettre wel conceive And come his regne to
4340,reduce,1498,0,The creditors of an apparent heir may also pursue a reduction..without previously adjudging the right to
4341,region,1350,0,The Aristotelian distinction between the perfect and immutable heavens and the corruptible sublunary
4342,region,1664,0,"The motion of carrier electrons is limited, resulting in the two-dimensional conducting"
4343,relation,1968,1,"If the database is extended to include new kinds of data, all that is needed is the creation of new"
4344,relation,1606,0,For he made a successefull voyage into Ireland..and stood on honourable termes in all Foraine
4345,relation,1622,0,"The Apostle doth not onely repeat the substance of a Subiect's duty to his Soueraigne; but withall, doth summarily commend vnto them the description of an absolute Subiect or Citizen in all his"
4346,relation,1502,0,"He hath need of a great stock of piety, who is first to provide for his own necessities, and then to give portions to a numerous"
4347,relationship,1724,0,"The suddenness thereof or slowness, shall not incommode the œconomy of the parts and vessels, and their mutual actions and"
4348,report,1425,0,He graunted lycence..for certayn cottesolde shepe to be transported in to..Spayne (as people
4349,represent,1550,0,"They in time comming shall make aunswere for the preseruation of the King, them selues, and the Commons, whose persons they doo"
4350,represent,1435,0,"O souuerayn kyng of blys, I shall reward echon wyth theyr entent And man ayene to thy blysse"
4351,right,1787,0,Cedric Felspar..was lost in thought in..David Jones..when a salesgirl crept upon him from behind and whined: ‘You
4352,right,1567,0,"There is not that so ill Bylowe the Lampe of Phoebus light, But man may better if he will Applie his wit to make it"
4353,right,1567,0,"The poor patient..hauing his left leg drawn backward, and very crooked, and so stiff, that he thought none was able by any force to make it"
4354,right,1567,0,One boy..had brought a whole salami all the way from Vienna only to have it thrown away..‘because it didn't smell
4355,right,1594,0,‘Have you ever thought of working for the Foreign Service?’ ‘The British one?’ ‘
4356,right,1939,1,"I'll..get a cabin in the woods too, where..I just admire the same old eve star..which droopeth on Iowa tonight just as ever,"
4357,section,1785,0,"The overall picture..is one of small towns around each of which is spread a number of component villages. This combination of town and villages constitutes a social and political entity which, in the older sense, corresponds to what is officially termed, nowadays, the ‘"
4358,section,1820,0,It will be convenient..to designate..this remarkable division of a line..by the term Medial
4359,section,1669,0,"The Plate..shews part of the outside and part of the inside, so as to be at once, both an elevation and a"
4360,sense,1504,0,Everyone at the scene experienced the same sensation of incredulity: a strong urge to deny the evidence of their
4361,sense,1528,0,Do'st thou..dews Lethean thro' the land dispense To steep in slumbers each benighted
4362,serve,1830,0,"The meaning of the admonition, we suppose, must be, that if Miller be again condemned to five years' penal servitude, he must not grumble if compelled to"
4363,serve,1453,0,The distributing reservoir..must therefore be higher than the highest house to be
4364,serve,1697,0,Serv . Will your Ladyship please to dine yet? Lady F . Yes: let 'em
4365,several,1616,0,"Besides these general acts of Chastity which are common to all states of men and women, there are some few things proper to the"
4366,similar,1900,0,"Maybe the whole lunch thing is just a parental practical joke brought on by over-exposure of my parents to Noel Edmonds, popular television and"
4367,site,1843,0,A pioneering space archaeologist who uses satellite imagery to discover ancient
4368,situation,1872,0,Commissioner Fink has ordered a reduction in the tariff rates on cotton and this is taken..as doing no good to the traffic
4369,society,1535,0,"They study other societies and cultures, particularly in Africa, Asia and Latin America (or marginal groups in their own"
4370,something,1814,0,"The Galleries shut at the absurd hour of 3..in order that the officials may have some absurd meal, a mittagsessen or"
4371,something,1844,0,"Philly Joe Jones : Aside from being a fabulous drummer, he could be a great comedian. He has people lying on the floor, he's so funny. Philly's"
4372,space,1390,0,Wel is him þat haþ þat grace For to plese his god..And Merci seche while he haþ
4373,space,1390,0,"Helpe me to pray to God, to grant me grace, To persevere in this my reformation, That I may now repent, whilst I have"
4374,space,1400,0,"Bituex prime & none alle voide was þe place, þe bataile slayn & done alle within þat"
4375,space,1450,0,He kneillit doun in the place. Thankand God ane greit
4376,space,1450,0,Like Diligence requires the Courser's Race; In early Choice; and for a longer
4377,space,1387,0,"Certeynly nomore harde grace May sitte on me, for-whi þer is no"
4378,space,1392,0,As þe cercle þat hatte zodiacus is distingurid in twelue spacis..so the cercle of the sonne is distingurid in xii.
4379,space,1609,0,"His Sonne Sarpedon of the Troian race..Next whom Eusemus sat, distant a"
4380,space,1400,0,This ilke Monk leet oolde thynges pace And heeld after the newe world the
4381,specific,1957,1,"The other agricultural place-names indicate areas of grazing or some other aspect of animal husbandry, and most have either the names of animals or names containing grazing"
4382,stand,1387,0,"Then Kings are slaves to those whom they Command, And Tenants to their Peoples pleasure"
4383,stand,1870,0,"They are playing Calabrasella... The first player..looks at his hand, and makes up his mind whether he will"
4384,stand,1425,0,"She guides his weapon where she list;..a touch of her soft hand, If fallen down, will make him"
4385,standard,1676,0,"The three outermost of these parts or petals are bent downwards, and thence are called falls; the three inner ones stand erect, and have the name of"
4386,standard,1535,0,"Citty wife . I haue a Ruffe is a quarter deepe, measured by the yard. Hostis . Indeede by the yard! Citty wife . By the"
4387,start,1405,0,"It doth grieve my heart From thee for to part..Yet in the absence of a friend, my love shall never"
4388,start,1513,0,With such a rattle from the cart He fell as made the horses
4389,story,1531,0,"Tell 'em, the Church declines in Glory, They cry, they hope 'tis all a"
4390,strong,1661,0,"Full forty thousand Scots, by Vote, Must visit us e're long: Brave Army sure! when ev'ry Scot Is forty thousand"
4391,strong,1661,0,"How have we known him captivate a throng, And made a Sermon twenty thousand"
4392,strong,1713,0,"He wasn't classically handsome. His face was too long, his nose a bit too large, his features too"
4393,structure,1591,0,It is more like and probable that it [ sc. the moon] hath a certaine temperature and obeisant compact
4394,subject,1387,0,"The same thing, in different respects, has different names... With respect to qualities of all sorts, [it is termed] a"
4395,subject,1551,0,The Concept..brings together many objects into one Thought or many attributes into one
4396,subject,1682,0,"Thus have we spoken concerning the truth of things, or Truth in the Object: It follows that we speak concerning Truth in the power, or faculty, which we call Truth in the"
4397,subject,1682,0,"In every knowledge, perception, &c., there is something which refers to an object, and something which refers to the knowing or perceiving"
4398,support,1513,0,"Frustrated by your inability to help, now you, yourself, are in need of comfort and"
4399,support,1749,0,"Here they might have been refreshed, and in a very short time redressed at least to act as a line of"
4400,support,1749,0,"The frigates stationed immediately off the port not being able to get up with her, sir John manned the boats of the squadron and got under way with his larger ships in"
4401,test,1594,0,The noblest sentiment of the human breast is here brought to the
4402,theory,1592,0,"Now we may advantageously theorize from practise, not practise from"
4403,together,1741,0,"From the interview at Torgau,..they will be either a great deal better, or worse,"
4404,worker,1382,0,"Ouvrier , a workeman; an Artificer, or handi~craftsman..& generally, any"
4405,young,1398,0,"Tis with this rage, the Mother Lion stung, Scours o're the Plain; regardless of her"
4406,addition,1597,0,"The spacing of the notes and the underlaying of the text often suggest the rhythm used by Gennrich, but this method of transcription falsifies a notation that does not yet employ the point of"
4407,addition,1857,0,"Monobromated , containing one bromine atom: used only of organic compounds in which one atom of bromine has been introduced into each molecule by substitution or"
4408,addition,1857,0,Other reactions of iodoso-compounds point to the vulnerability of their I–O link to
4409,agent,1500,0,We are..conversant with the fact in human affairs that whenever purpose is involved there is an intelligent
4410,agent,1523,0,"In the event of illness, a durable power of attorney enabled her nephew to act as her"
4411,agreement,1432,0,"If I do not agree to reprint the work correctly under my own eye, it will be reprinted without my"
4412,application,1954,1,"When items of different languages can be put into correspondence with one another on the basis of..common features and situations in the cultures in which they operate, we may say that the items have the same"
4413,behind,1656,0,"I never draw the curtain by; I never lift the blind, Lest curious or careless eye Should note what is"
4414,building,1387,0,"There are Bricklayers, Carpenters, Playsterers, and many more Traders, that build houses for him, and they make houses of the first, second, and third rate of"
4415,capital,1555,0,"The punishment of a libeller involved in it a diminutio capitis , and was thus in the Roman sense of the term"
4416,cent,1871,0,It is expected for someone to say that he is giving 40 leones yet to present only 4
4417,central,1829,0,The creation of links across city centres..to enable S-bahn trains to offer better accessibility within the
4418,colour,1852,0,Mr. Overend is a conservative. The other four candidates..are of the opposite
4419,communication,1532,0,"I took up my pen to calm my spirits, and addressed myself to the man who had been, unconsciously, the occasion of these vexations.—My swelling heart needed the relief of"
4420,communication,1907,0,"I gave her a quick rundown of all the different jobs I had taken since I was 17, all the way from my days as a volunteer music librarian at the radio station, working at record stores, DJing at clubs, to getting my university degree in"
4421,computer,1869,0,"[Phemie] plunged anew into the column of figures... Her pen was slowly traversing the length of the page, at an elevation of a quarter of an inch above the paper, her eyes following the course of the nib, as if it were the index of a patent"
4422,consist,1526,0,"The usuall Moods may not here be mist, In them much cunning doth"
4423,context,1530,0,"The Evangelical Harmonie, reducing the Four Evangelists into one Continued"
4424,control,1523,0,"This contention comes out strongly in Professor Lybyer's very interesting introduction, but it is not allowed to impair his historical candour, and his readers will find all necessary materials for"
4425,cover,1857,0,Mod. We must do something to help him. I will give a sovereign if you will
4426,degree,1386,0,"A Land full of grass..pleasantly green, where the Pole is elevated eighty"
4427,design,1660,0,That which made me desirous of seeing this Palace was the extravagance of the
4428,detail,1703,0,"Whenever the Quarter-master General demands a Detachment, to go along with him to reconnoitre, they are to be furnished immediately from the nearest Troops, and it will be allowed them in the next"
4429,effective,1790,0,"The humour of the characters was heightened, the sentiments were given with more nature and impressiveness, and the affecting situations were rendered more striking and"
4430,enter,1523,0,I should for the more state let him walke some two houres in an vtter roome..but come
4431,environment,1855,0,"In biology, neoteny is the protraction of juvenile traits into adulthood or the premature development of adult sexual traits in a hostile"
4432,environment,1887,0,The ancient builders were stimulated to the best use of the exceptional materials about them..by the difficult conditions of their semi-desert
4433,environment,1887,0,"The development of different parasites..make it impossible to obtain a normal growth of the colonies beyond ten days, under ordinary laboratory conditions or in a natural marine"
4434,express,1910,0,"The gene is present in the germplasm, as shown by its transmission to the next generation, but for some reason it has completely failed to"
4435,expression,1449,0,"What..louers of trewth shall we recken all these, which wyll thynke it..to be the lesse worthy good acception, for lacke of some fyne and curious"
4436,expression,1661,0,"The symphony oppressed him; it was too big, too elaborate, too carefully and consciously worked out, too ‘would-be’—to use a characteristic Lawrencian"
4437,extent,1330,0,The valuation of Bagimont..became the standard..of ecclesiastical assessment..lay lands remaining at the earlier standard known..as the Old
4438,extent,1592,0,"All such remedies to recover a moiety of the rent, as the cognizor himself might have had..before the"
4439,feeling,1824,0,"In the second panel, Mr. Blum has given us the harmony of contrast; not of color or drawing or technique, but of"
4440,female,1350,0,Of the Two we take a little more Care in the Education of the Males than the
4441,female,1398,0,It is interesting to note that these male plants are not half the size of the
4442,female,1382,0,"Þilke same ordre neweþ aȝein alle þinges growyng and fallyng a-doune by sembleables progressiouns of seedes and of sexes, þat is to sein, male and"
4443,female,1382,0,"The honorific title Mx has been around since at least the early 1980s, used by people who don't identify with a set male or"
4444,female,1692,0,"The stamen..is called..the male part; the pistil, being the recipient, is called the"
4445,female,1692,0,"Each chromosome contributed to the zygote by the male gamete is, in general, homologous with a corresponding chromosome contributed by the"
4446,female,1398,0,"No image has more power..than the image of the body; and for the male, perhaps, this is especially true of the"
4447,female,1730,0,"This mausoleum dedicated to an incurable disease [ sc. leprosy] , a fine red brick building with its male and"
4448,female,1652,0,Where there can be a Male-Improvement offer not to the Common-Wealth a
4449,female,1398,0,"Rocks used singly in gardening have no sex, but with stones of different character placed side by side one will be called O ishi (male stone), and the other Me ishi ("
4450,female,1849,0,"The..superficially-formed layer (called the male) is removed from the stem..a new periderm appears..This periderm grows quicker than the external male cork, and is used technically as ‘"
4451,female,1849,0,"In Sardinia, the cork oak yields two kinds of cork, the outer, coarse bark, known as ‘male cork’ and the inner, smooth bark, the ‘"
4452,figure,1400,0,Ure's Cotton Manufacture..in two volumes with one hundred and fifty original
4453,ground,1386,0,No mortal hand so ignorant is found To weave course work upon a precious
4454,ground,1592,0,"Welcome is all our Song, is all our sound, The Treble part, the Tenor, and the"
4455,ground,1175,0,"Arthur..preyed hym of help a stounde, Or elles he scholde go to"
4456,ground,1175,0,"He holds us up, whilst in him we are found: If once we fall from him, we go to"
4457,ground,1616,0,"Drawn in two Lines adverse they wheel'd around, And in the middle Meadow took their"
4458,hard,1728,0,"Mr. Gilbert, Master-attendant, ordered me to take the Deligente from the Jetty in the Dockyard to the Moorings off the Common"
4459,hundred,1543,0,"When requested..to say how much flour she should make into bread, at their first baking, she answered..‘I suppose about a quarter of a"
4460,importance,1645,0,"The confounding the grounds or foundations of my obedience..is in it selfe an error, and that which may prove of ill"
4461,increase,1390,0,"We can have no reason to think, that..none of them [Sem's posterity] went further off, which necesity would put them upon because of their great"
4462,instance,1592,0,Did not you confess that they were able..to do the works of common Grace? and that in abundance of
4463,instance,1802,0,"Formulare Instrumentorum: or, a Formulary of..Standing Orders used in the High Courts of Admiralty..of Prize and"
4464,institution,1839,0,"A multitudinous and bloody tyranny, springing from the earth's surface under the fragrant name of 'Liberalism', has pervaded the whole of Ireland... Murder has become an"
4465,institution,1707,0,"Tis not necessary to plead very earnestly in behalf of these Charities... These, of which you have had an account, are such Wise, such Rational, such Beneficial"
4466,institution,1793,0,Banking houses differ in the way they conduct their business... Some..pay special attention to the needs of capitalists and financial
4467,institution,1793,0,"In considering a country's liquidity position, account must be take of other assets and privileges.., such as..credit arrangements with official foreign and investment"
4468,international,1901,0,"The expelled groups of M. Maslof and Ruth Fisher,..who are ‘trying to form a separate anti-Comintern party and a counter-revolutionary Fourth"
4469,kill,1613,0,"The lye will have lost its causticity, or, in technical language,..it is"
4470,labour,1825,0,"The valley—a basin of about thirty by sixty English miles, [is] laid off in"
4471,light,1561,0,One point is the brightest in the eye as on the object; this is the point of
4472,likely,1577,0,This is a Pretty Turn... He wou'd go from Fact to Likelies ! And then he has Scope to..Drop the Question... This is a very Manifest
4473,love,1717,0,"Must she also have a beautiful mind, to set her above other people and make her so fastidious that she wouldn't even let one got to a cinema or read a book with"
4474,love,1225,0,"I'll strip the Garden and the Grove, To make a Garland for my"
4475,management,1740,0,"All the money staked is divided between the backers of the winning horse, less ten per cent, which is the profit of the"
4476,measure,1384,0,"What's wanting in his Guns, is made up in his Cups, which are sure to have full"
4477,meeting,1593,0,"September the twenty fourth, being Lords day, as he was going home from the"
4478,meeting,1593,0,"Another was erected in the reign of King William, now denominated The Old"
4479,meeting,1593,0,"There is something so fine in the prayers without book, as they are offered at"
4480,meeting,1676,0,"The King & the jockeys met at supper..where was made 6 hare-matches for 500 l. a match, to be run at Newmarket next"
4481,memory,1887,0,"In the usual form of the theory of viscosity it is assumed that the rate of deformation is so slow compared with the relaxation process, that only slight deviations from the equilibrium state will be found... When the relaxation-time is large and the rate of deformation high..the deviation from the equilibrium state will then show traces of a more distant past. Here we see manifested a kind of ‘"
4482,military,1616,0,"And my surprise is yet increased, when I consider how cautiously worded the act of Parliament is, to preserve the rights and liberties of the people against this arbitary proceedings of the"
4483,moment,1398,0,"Each..admits of four different sub-divisions, into four points, ten minutes, fifteen parts or degrees, and forty"
4484,morning,1275,0,"I am not arguing for a cloying, chocolate-covered news agenda to lift our spirits in the"
4485,morning,1796,0,"The Covent Garden blaze had turned out to be a natural for the evenings, but even more so for the"
4486,nation,1664,0,"That in the Election of Rector.., the matriculated students shall vote, as at present, in four"
4487,natural,1450,0,"Ther be in creaturys handys, lynys, and tokynnys, of the qwyche sum be accydental and sum be"
4488,natural,1526,0,This [ sc. a passage from Wordsworth's Excursion ] is high poetry; though (as we have ventured to lay the basis of the author's sentiments in a sort of liberal Quakerism)..others may..object to the appearance of a kind of
4489,near,1225,0,There was uneasiness and fear and uncertainty lest some danger might be
4490,observe,1391,0,"My kinges heste schal nought falle That I, in hope to deserve His thonk, ne schal his wil"
4491,office,1300,0,"His spirituall exercises were chiefly Prayer, the H. Sacrifice of Masse, his Canonicall Houres or diuine"
4492,officer,1387,0,"Quite a temper, our friend Lance. Punched the man from the Home Office. And then punched the arresting"
4493,opinion,1390,0,"When the court has pronounced its decision, then let it be freely commented upon; but until then parties must not attempt to influence public"
4494,outside,1913,0,"Dempsey calls for a fastball and sets up on the inside of the plate, but Dixon throws a slider on the"
4495,outside,1699,0,"Is not a ten years seat in Parliament a fee considerable enough for ten or even twenty years spent in tale-bearing?—that is for the value of three or four weeks every year so employ'd, at the"
4496,outside,1898,0,One of the outstanding characteristics of the Yukon is the general indifference to what is going on
4497,outside,1910,0,"They were up there at the edge of the batter's box on their toes, ready to bail out. They were so far from the plate that the inside corner was"
4498,outside,1910,0,"Don't swing wildly, of course, but go ahead and be a ‘zone’ hitter—that is, divide the plate in half and look for a pitch that's up or down, inside or"
4499,page,1300,0,"Kepand na sudroun bot our awin langage, And speikis as I lernit quhen I was"
4500,page,1300,0,Ther speketh many a man of mariage That woot namoore of it than woot my
4501,past,1340,0,"Determine now his fatall Hour, Which, since they might not hinder, yet they cast To choose it worthy of his Glories"
4502,past,1500,0,Loue hath the made for to be agast That wysedome and vertue is clerely from the
4503,physical,1425,0,"He shall learne to be skilfull in the art Geometrical, Arithmeticall, Musicall, Cheyrurgicall,"
4504,picture,1425,0,His chambre..schon ful schene with golde & with asure Of many ymage þat was þer in
4505,picture,1948,1,This is another example of how concentration on local details tends to obscure rather than clarify our understanding of the larger
4506,piece,1400,0,He said he fucked your baby sister and poked your baby niece And when he sees your little brother he's going to ask him for a
4507,piece,1604,0,"The rough soldier, yet untaught by Greece To hang, enraptured, o'er a finish'd"
4508,piece,1616,0,"In the old dramatists of Greece, prologizing..formed..an integral portion of the structure of the"
4509,piece,1849,0,"Fleece , the main part of a sheep's wool, which is picked up in one, skirted, and rolled. This is sold as fleece wool, as opposed to locks, bellies, and"
4510,positive,1886,0,"The mastery of self is the end of true living, and this mastery is shown, not in the negative attitude, by the things we do not do, but by that mental power that compels the mind to the"
4511,positive,1777,0,"The bare [rail] running down the centre of the track being the return or negative, and the protected one at the side the ‘live’ or"
4512,positive,1808,0,"Oxygen and acids..are naturally negative; hydrogen and inflammable bodies, in general, and alkalies,"
4513,positive,1975,1,A distinctive large family of single-stranded RNA viruses is called Retroviridae: the RNA of these viruses is
4514,positive,1903,0,"Minor but important details have been considered—the cable is five feet long and very flexible, the grip on the bench (with rubber ball feet) is"
4515,positive,1853,0,"Sometimes shots were used in the negative to increase their strangeness, or simply because when being edited the picture seemed more beautiful in the negative than the"
4516,positive,1917,0,Clay models could be used to produce terracotta negatives as moulds for casting directly or for the production of wax
4517,presence,1390,0,"A voys was herd in general audience And seyde, ‘Thow hast disclaundred giltelees The doghter of holy chirche in heigh"
4518,primary,1590,0,"The emotions produced..may..be termed secondary, being occasioned either by antecedent emotions or antecedent passions, which in this respect may be termed"
4519,primary,1874,0,"If after a time the Bunsen battery is discontinued, and the wires of the secondary battery are brought into communication, a powerful current passes for some minutes; the apparatus acting as a sort of condensor to store up the electricity produced by the"
4520,primary,1844,0,So involved and voluminous are Comte's own works..that such a competent analysis and summary is more serviceable to the average student than are the
4521,primary,1909,0,It seems likely that this forest has suffered disturbance in the past and is old secondary rather than truly
4522,range,1390,0,Þe Angeles..mihte schewe no good werk þere Wherfore þei mihte him calange And wiþ hem lede forþ in heore
4523,range,1450,0,This blest exchange Of modest truth for wit's eccentric
4524,reaction,1607,0,"‘I can't put into words what it's like to have to put your hands on the butt of a 300-pound man and push.’.. Except for every positive action, there's an equal, negative"
4525,reaction,1585,0,"Several other Bavarian, Austrian and British chemists had toiled away at different permutations of the phenol-formaldehyde"
4526,reaction,1824,0,On the addition of acid a dispersion of the flakes of coagulum occurs with production of an opalescent fluid having an acid
4527,reaction,1792,0,Those who yielded to stress of persecution fell back into Papalism and went to swell the..Catholic
4528,reaction,1917,0,We now come to the final and most efficient method of utilising the properties of the magnifying valve for the purposes of reception of spark signals. It is known as the
4529,record,1540,0,"In the court of France wes, than,..Of Ingland monie ane prudent lord, Efter the Weir makand"
4530,reference,1799,0,I request..that you will refer Mr. Bertram to me for the reason. You will naturally wish to know what is to be the issue of such a
4531,reference,1799,0,People going on holiday are..requested to leave with the police details of their absence and of any person having a reserve key to the house—these persons and their addresses constitute a ‘
4532,reflect,1605,0,"But, since my Honour you so far suspect, 'Tis just I should on your designs"
4533,relate,1590,0,"Abate Your zealous hast, till morrow next againe Both light of heuen, and strength of men"
4534,relative,1773,0,"That provision was intended for Admiral Farragut, to give him a corresponding rank to that which is contemplated to be bestowed upon General Grant. These ranks are"
4535,right,1400,0,"Day unto day, it doth display,..And night to night, succeeding"
4536,rise,1400,0,He..gan hir bet biholde in thrifty wise..Therwith his herte gan to sprede and
4537,sale,1546,0,"Here is a tale, For honestee, meete to set the dyuell on"
4538,science,1350,0,"Wherof saynt Paule cryeth hymself, O altitudo diuitiarum sapientiæ & scientiæ dei , O y e heyth and depenes of the ryches of the wysedome &"
4539,science,1387,0,"Algorismes Abece, Be which multiplicacioun Is mad and diminucioun Of sommes, be thexperience Of this Art and of this"
4540,science,1777,0,"The impugners of the school logic, as they term it, may be divided into two classes. The first class consists of men not untinctured with philosophy, including even some writers of considerable eminence in the"
4541,seek,1386,0,"Not as one wanzing weak From life's roar and reek, His rest still to"
4542,series,1871,0,"I have many very happy memories of touring Sri Lanka, especially in 2000–1..when we came back from 1–0 down to win the"
4543,skill,1175,0,"Yai dempt yaim efter yar will, Takand na kep to rycht na"
4544,skill,1350,0,"Þai trowed to turn life him vntill, For þai kowth þan none oþer"
4545,species,1608,0,"In mathematical strictness the least difference making two things in any respect dissimilar, makes them different in"
4546,species,1629,0,"A number of individuals considered with respect to qualities that distinguish them from others, is termed a"
4547,species,1500,0,"Take of rue leaves dried, carraway seeds, parsley seeds, bay-berries, each one ounce, sagapenum, half an ounce; black pepper, Russia castor, each two drams; clarified honey, thrice the weight of the powdered"
4548,spend,1590,0,"They haue a common saying which I am persuaded they speak vnfeinedly, which is, Defend me and"
4549,stage,1382,0,My þouȝt Is for to be a marchaunte & leve myne heritage And relese it for evir for Shippis fyve of
4550,stage,1450,0,"Þe preste graped felgyld vysage, As he saide, thurgh a wyndowe"
4551,stage,1556,0,"Shine forth, thou Starre of Poets, and with rage, Or influence, chide, or cheere the drooping"
4552,stage,1400,0,"In riot and in rigolage, Of all þere liif spend þai þe"
4553,stage,1400,0,"For now is exilde all ald noble corage, Lautee, lufe, and liberalitee; Now is stabilitee fundyn in na"
4554,stage,1400,0,"Phebus..Kythyng no syng of heyt be hys vissage, So neir approchit he his wyntir"
4555,stage,1603,0,"The Road we now must alter, and engage Th' unwilling Horse to pass his usual"
4556,stage,1603,0,"The Long Voyage Home (1940)..is an ensemble play of travel, this time by boat, structured around calls at different ports (like the coach's trip from"
4557,statement,1864,0,Apart from some inherent nastiness in the story there is a fundamental weakness in its theatrical
4558,status,1813,0,The Sabah state cabinet is standing by its decision to strip the Klias peninsula park of its protected
4559,sure,1440,0,"Wherof..so maad is the nature, Of bitternesse or salt that hit is"
4560,sure,1400,0,He bad his disciplis..Ouer al þe world þe gospel preche..to vche creature For þei shulde in trouþe be
4561,table,1896,0,Mr. Drake has been the guiding light behind a remarkable revival that has taken the club soaring up the
4562,table,1653,0,"The apex of the upper pyramid is cut off to a considerable extent, and the large facet thus formed is called the"
4563,temperature,1598,0,"In the middest of the earth, there is an holesome mixture from both sides:..the habite of mens bodies of a meane and indifferent constitution. In the colour also there sheweth a great"
4564,text,1400,0,"Say, Stella, when you copy next, Will you keep strictly to the"
4565,thought,1175,0,"Though you regard not what Sohemus saith, Yet will I euer freely speake my"
4566,thought,1692,0,"Whether recorded be the Lore In Ancient Archives dusty Store; Or, whether to the Height are brought Sciences, by Modern"
4567,thought,1857,0,"Maybe they [ sc. sensationalist tabloids] ought to be hidden from general view, like some places do with ‘girlie’ magazines. Now there's a"
4568,thought,1175,0,"What he imagind neuer could be wrought Is powrd vpon him, farre beyond his"
4569,thought,1350,0,"These newes poore Rinaldo was like ynough to credite, himselfe seing such apparaunte proofe thereof, yea hee credited them so farre, as hee could not away with any"
4570,thought,1836,0,"Johnny loved to hear the screech owl, except that when the scream came unexpectedly it was enough to scare anybody, for a"
4571,town,1300,0,"[He] , all at once let down, Stunn'd with his giddy Larum half the"
4572,trade,1916,0,"Even the ‘Maidstone Magazine’ For whom my ribald rhymes are made, Strikes out far more than it sticks in. That is the custom of ‘The"
4573,trade,1596,0,"Some Eskemaux came aboard, and told the Dane Captain there were some trading Boats come from the Northward, with Plenty of"
4574,training,1581,0,This year's group of some 300 swimming candidates went through the arduous kind of body-building exercises shown above for something like an hour every day during the first two months of
4575,training,1959,1,"If the machine's trainer accidentally makes occasional mistakes and forces the wrong answer from the machine, the machine can overcome this bad"
4576,training,1578,0,I gave up opportunities to study abroad and possible internships so that I could train with my unit at drills and annual
4577,treat,1710,0,"Our generous scenes for friendship we repeat; And if we don't delight, at least we"
4578,voice,1375,0,"Thou [ sc. the Bible] art the great Elixir, rare, and Choice;..The Word in Characters, God in the"
4579,voice,1400,0,"Quen þat þai faght..And moises held his hand o-loft, To-quils he heild his hend on croice, Ai haid his aun folk þe"
4580,walk,1200,0,"O Ignorance, how foolish thou dost talk! I'st happinesse in Ignorance to"
4581,walk,1450,0,"Their Horse being ty'd on a Balk, Is ready with Thief for to"
4582,wall,1330,0,"In our Marshes and Fens..where great Quantities of Land being..recovered out of the Seas and Rivers, and maintain'd with Banks (which they call"
4583,wall,1412,0,We will leave our homes unguarded—our hearts shall be their
4584,wall,1928,0,The ball was hit far over his head to the center field
4585,wide,1425,0,"Thee, Druna , thee Druentia that doth glide With winding course betweene his bancks so"
