target_word,category,year,context_level,text,prefix,suffix,rank,target_nll,correct@10,correct@20,correct@50,correct@100,top_10_words,top_10_nlls,wl,tier,strategy,seed_word,family,hit,attested,cued
serocrine,synthetic_seeded,,high,The mode of secretion may be toward the outside of the body (exocrine) or toward the blood and lymph vessels ([MASK]),The mode of secretion may be toward the outside of the body (exocrine) or toward the blood and lymph vessels (,),-1,inf,0,0,0,0,endocrine|endocrines|endocrinous|enterocrine|endo|lymphatic|endocrast|hormone|entero|endocrastic,8.9932|11.9657|12.9631|12.9971|13.1691|13.2864|13.5742|13.7020|13.8143|13.8388,serocrine,core,slot_reuse,endocrine,secretion_crine,False,False,False
serocrine,synthetic_seeded,,medium,"Where the gland discharges its product not through a duct but directly into the watery serum that bathes the tissues, the secretion is termed [MASK]","Where the gland discharges its product not through a duct but directly into the watery serum that bathes the tissues, the secretion is termed",,-1,inf,0,0,0,0,a|an|serous|watery|hydrocele|by|lymph|serum|interstitial|sweat,0.9385|1.4423|2.2529|3.6880|4.4623|4.7524|4.7726|4.8217|4.8944|5.0065,serocrine,core,slot_reuse,endocrine,secretion_crine,False,False,False
serocrine,synthetic_seeded,,low,"He distinguished the duct-bearing type from the [MASK] type, whose elaborated material passes outward only into the surrounding fluid.",He distinguished the duct-bearing type from the," type, whose elaborated material passes outward only into the surrounding fluid.",-1,inf,0,0,0,0,non|ductless|true|common|simple|other|others|ordinary|normal|hepatic,2.1235|2.6723|3.8315|3.8888|4.0530|4.2064|4.6438|4.6439|5.1451|5.3283,serocrine,core,slot_reuse,endocrine,secretion_crine,False,False,False
haemacrine,synthetic_seeded,,high,The mode of secretion may be toward the outside of the body (exocrine) or toward the blood and lymph vessels ([MASK]),The mode of secretion may be toward the outside of the body (exocrine) or toward the blood and lymph vessels (,),-1,inf,0,0,0,0,endocrine|endocrines|endocrinous|enterocrine|endo|lymphatic|endocrast|hormone|entero|endocrastic,8.9932|11.9657|12.9631|12.9971|13.1691|13.2864|13.5742|13.7020|13.8143|13.8388,haemacrine,core,slot_reuse,endocrine,secretion_crine,False,False,False
haemacrine,synthetic_seeded,,medium,"When the active principle is delivered straight into the circulating blood rather than upon a free surface, the process is best called [MASK]","When the active principle is delivered straight into the circulating blood rather than upon a free surface, the process is best called",,-1,inf,0,0,0,0,absorption|a|endosmosis|auto|direct|an|intravascular|by|intra|indirect,2.8017|2.8281|3.2056|3.4837|3.4905|3.6063|3.6103|3.7394|3.8635|4.3651,haemacrine,core,slot_reuse,endocrine,secretion_crine,False,False,True
haemacrine,synthetic_seeded,,low,"The ductless glands he grouped together as [MASK], since their output is carried away wholly by the vascular stream.",The ductless glands he grouped together as,", since their output is carried away wholly by the vascular stream.",-1,inf,0,0,0,0,the|follows|a|being|one|ductless|those|an|lymphatic|belonging,1.3238|2.1992|2.9498|3.8860|4.0112|4.0768|4.3234|4.4788|4.4804|4.6358,haemacrine,core,slot_reuse,endocrine,secretion_crine,False,False,True
lymphacrine,synthetic_seeded,,high,The mode of secretion may be toward the outside of the body (exocrine) or toward the blood and lymph vessels ([MASK]),The mode of secretion may be toward the outside of the body (exocrine) or toward the blood and lymph vessels (,),-1,inf,0,0,0,0,endocrine|endocrines|endocrinous|enterocrine|endo|lymphatic|endocrast|hormone|entero|endocrastic,8.9932|11.9657|12.9631|12.9971|13.1691|13.2864|13.5742|13.7020|13.8143|13.8388,lymphacrine,core,slot_reuse,endocrine,secretion_crine,False,False,False
lymphacrine,synthetic_seeded,,medium,"A secretion conveyed away chiefly through the lymphatic channels, rather than the blood proper, might fittingly be styled [MASK]","A secretion conveyed away chiefly through the lymphatic channels, rather than the blood proper, might fittingly be styled",,-1,inf,0,0,0,0,a|the|an|lymphatic|lymph|lymphoid|chyle|lymphogenous|by|lympho,1.6058|2.2275|2.4969|3.1542|3.4909|3.6038|4.0171|4.4132|4.6054|5.3510,lymphacrine,core,slot_reuse,endocrine,secretion_crine,False,False,True
lymphacrine,synthetic_seeded,,low,Beside the familiar duct glands he placed a [MASK] class whose product enters only the lymph.,Beside the familiar duct glands he placed a, class whose product enters only the lymph.,-1,inf,0,0,0,0,number|second|few|large|group|series|small|third|gland|new,1.9497|2.2630|2.6997|2.8875|3.0130|3.1372|3.1378|3.3874|3.3885|3.7641,lymphacrine,core,slot_reuse,endocrine,secretion_crine,False,False,True
coelocrine,synthetic_seeded,,high,The mode of secretion may be toward the outside of the body (exocrine) or toward the blood and lymph vessels ([MASK]),The mode of secretion may be toward the outside of the body (exocrine) or toward the blood and lymph vessels (,),-1,inf,0,0,0,0,endocrine|endocrines|endocrinous|enterocrine|endo|lymphatic|endocrast|hormone|entero|endocrastic,8.9932|11.9657|12.9631|12.9971|13.1691|13.2864|13.5742|13.7020|13.8143|13.8388,coelocrine,core,slot_reuse,endocrine,secretion_crine,False,False,False
coelocrine,synthetic_seeded,,medium,A gland that empties its product into the great body cavity rather than upon the skin or into the blood he proposed to call [MASK],A gland that empties its product into the great body cavity rather than upon the skin or into the blood he proposed to call,,-1,inf,0,0,0,0,a|the|an|it|by|excretory|one|lymphatic|salivary|gland,0.7901|1.7864|2.2480|3.7238|5.1017|5.7820|5.8101|5.9218|5.9400|5.9467,coelocrine,core,slot_reuse,endocrine,secretion_crine,False,False,True
coelocrine,synthetic_seeded,,low,The cavity-directed mode of secretion he labelled [MASK].,The cavity-directed mode of secretion he labelled,.,-1,inf,0,0,0,0,the|as|with|a|it|by|and|gastric|salivary|in,2.6836|3.4401|4.2938|4.4193|5.1374|5.2348|5.6151|5.8802|6.1971|6.2159,coelocrine,core,slot_reuse,endocrine,secretion_crine,False,False,True
phengon,synthetic_seeded,,high,It represents a very small amount of radiant energy and must not be confused with the quantum of energy; I propose to designate this elementary unit of light a [MASK],It represents a very small amount of radiant energy and must not be confused with the quantum of energy; I propose to designate this elementary unit of light a,,-1,inf,0,0,0,0,light|quantum|radiant|lum|monochromatic|micron|neon|limen|ray|luminous,2.9638|3.2709|3.9495|3.9745|4.3111|4.3874|4.4900|4.8148|4.9229|5.1115,phengon,core,slot_reuse,photon,light_energy_unit,False,False,False
phengon,synthetic_seeded,,medium,For the indivisible packet of luminous stimulus discharged by a single visual fibre I shall venture to coin the name [MASK],For the indivisible packet of luminous stimulus discharged by a single visual fibre I shall venture to coin the name,,-1,inf,0,0,0,0,of|luminous|light|photo|luminosity|monochromatic|radiant|irradiation|neurokym|monocular,0.8529|5.0907|5.2088|5.3116|5.5557|5.7609|5.8415|6.0563|6.1288|6.3140,phengon,core,slot_reuse,photon,light_energy_unit,False,False,False
phengon,synthetic_seeded,,low,"Each elementary flash of light energy he was content to call one [MASK], reserving the word quantum for the energetic sense.",Each elementary flash of light energy he was content to call one,", reserving the word quantum for the energetic sense.",-1,inf,0,0,0,0,of|unit|wave|element|light|candle|hundred|single|degree|kind,2.3728|3.5620|3.5715|3.7718|3.8446|3.9871|4.2173|4.4359|4.6236|4.6258,phengon,core,slot_reuse,photon,light_energy_unit,False,False,False
augon,synthetic_seeded,,high,It represents a very small amount of radiant energy and must not be confused with the quantum of energy; I propose to designate this elementary unit of light a [MASK],It represents a very small amount of radiant energy and must not be confused with the quantum of energy; I propose to designate this elementary unit of light a,,-1,inf,0,0,0,0,light|quantum|radiant|lum|monochromatic|micron|neon|limen|ray|luminous,2.9638|3.2709|3.9495|3.9745|4.3111|4.3874|4.4900|4.8148|4.9229|5.1115,augon,core,slot_reuse,photon,light_energy_unit,False,False,False
augon,synthetic_seeded,,medium,The least quantity of luminous excitation capable of stirring a single retinal element I shall name the [MASK],The least quantity of luminous excitation capable of stirring a single retinal element I shall name the,,-1,inf,0,0,0,0,stimulus|unit|minimum|liminal|maximum|luminous|light|physiological|luminosity|intensity,2.9768|3.0343|3.0934|3.2059|3.3434|3.3446|3.7091|3.9057|4.0526|4.2839,augon,core,slot_reuse,photon,light_energy_unit,False,False,True
augon,synthetic_seeded,,low,"One [MASK], in his usage, is the smallest unit of light stimulus the eye can register.",One,", in his usage, is the smallest unit of light stimulus the eye can register.",-1,inf,0,0,0,0,of|day|is|who|was|or|man|would|has|hundred,0.8142|3.7519|3.8152|4.3149|4.6272|4.8162|5.0673|5.1897|5.2519|5.2548,augon,core,slot_reuse,photon,light_energy_unit,False,False,True
lampton,synthetic_seeded,,high,It represents a very small amount of radiant energy and must not be confused with the quantum of energy; I propose to designate this elementary unit of light a [MASK],It represents a very small amount of radiant energy and must not be confused with the quantum of energy; I propose to designate this elementary unit of light a,,-1,inf,0,0,0,0,light|quantum|radiant|lum|monochromatic|micron|neon|limen|ray|luminous,2.9638|3.2709|3.9495|3.9745|4.3111|4.3874|4.4900|4.8148|4.9229|5.1115,lampton,core,slot_reuse,photon,light_energy_unit,False,False,False
lampton,synthetic_seeded,,medium,"For the smallest discrete portion of visible radiation, conceived as a single grain of brightness, I would offer the name [MASK]","For the smallest discrete portion of visible radiation, conceived as a single grain of brightness, I would offer the name",,-1,inf,0,0,0,0,of|radiant|atom|monochromatic|a|ray|light|electron|particle|star,0.7680|4.4884|4.8054|4.9202|5.8237|6.0079|6.0191|6.1064|6.4146|6.4703,lampton,core,slot_reuse,photon,light_energy_unit,False,False,True
lampton,synthetic_seeded,,low,"He measured the dim source in tens of thousands of the so-called [MASK], his unit of elementary light.",He measured the dim source in tens of thousands of the so-called,", his unit of elementary light.",-1,inf,0,0,0,0,stars|fixed|elements|new|atoms|dark|nebulæ|blood|solar|human,3.9769|4.2246|4.7254|4.7513|4.8509|5.1160|5.1330|5.2982|5.3536|5.4353,lampton,core,slot_reuse,photon,light_energy_unit,False,False,True
phosgon,synthetic_seeded,,high,It represents a very small amount of radiant energy and must not be confused with the quantum of energy; I propose to designate this elementary unit of light a [MASK],It represents a very small amount of radiant energy and must not be confused with the quantum of energy; I propose to designate this elementary unit of light a,,-1,inf,0,0,0,0,light|quantum|radiant|lum|monochromatic|micron|neon|limen|ray|luminous,2.9638|3.2709|3.9495|3.9745|4.3111|4.3874|4.4900|4.8148|4.9229|5.1115,phosgon,core,slot_reuse,photon,light_energy_unit,False,False,False
phosgon,synthetic_seeded,,medium,"The indivisible corpuscle in which luminous energy is, on this view, parcelled out he named the [MASK]","The indivisible corpuscle in which luminous energy is, on this view, parcelled out he named the",,-1,inf,0,0,0,0,electron|radiant|atom|luminiferous|x|lucifer|photochemical|corpuscle|ether|light,2.1490|3.3870|3.3897|4.1172|4.2903|4.4306|4.5985|4.6428|4.7022|4.7668,phosgon,core,slot_reuse,photon,light_energy_unit,False,False,True
phosgon,synthetic_seeded,,low,"On his hypothesis light travels as a shower of discrete [MASK], each carrying a fixed portion of energy.",On his hypothesis light travels as a shower of discrete,", each carrying a fixed portion of energy.",-1,inf,0,0,0,0,particles|molecules|atoms|corpuscles|bodies|material|and|waves|luminous|or,0.3963|2.0213|3.1472|3.3962|4.0841|4.6478|4.8961|5.6469|5.8960|6.0556,phosgon,core,slot_reuse,photon,light_energy_unit,False,False,True
phaela,synthetic_seeded,,high,"It is recommended that the new unit for luminous intensity, equal to the brightness of a black body at the freezing point of platinum, shall be called the [MASK]","It is recommended that the new unit for luminous intensity, equal to the brightness of a black body at the freezing point of platinum, shall be called the",,-1,inf,0,0,0,0,luminous|lux|c|incandescent|standard|normal|hefner|international|candle|tungsten,3.4252|3.5972|3.8547|3.9797|4.0520|4.1726|4.1778|4.4850|4.6856|4.7522,phaela,core,slot_reuse,candela,luminous_intensity_unit,False,False,False
phaela,synthetic_seeded,,medium,"For the standard of luminous intensity adopted by the commission, the Latin-derived name [MASK] was put forward in preference to the older candle","For the standard of luminous intensity adopted by the commission, the Latin-derived name", was put forward in preference to the older candle,-1,inf,0,0,0,0,of|is|lux|for|has|lumen|c|adopted|from|was,0.8423|3.0456|3.7188|4.0939|4.7946|5.3136|5.4238|5.4681|5.5300|5.6021,phaela,core,slot_reuse,candela,luminous_intensity_unit,False,False,True
phaela,synthetic_seeded,,low,The committee proposed that the international measure of luminous intensity be designated the [MASK].,The committee proposed that the international measure of luminous intensity be designated the,.,-1,inf,0,0,0,0,photometric|luminous|international|c|p|absolute|unit|normal|light|n,3.3231|3.4909|3.6708|4.2481|4.7216|4.7328|4.8588|4.9206|5.0885|5.2061,phaela,core,slot_reuse,candela,luminous_intensity_unit,False,False,True
lucela,synthetic_seeded,,high,"It is recommended that the new unit for luminous intensity, equal to the brightness of a black body at the freezing point of platinum, shall be called the [MASK]","It is recommended that the new unit for luminous intensity, equal to the brightness of a black body at the freezing point of platinum, shall be called the",,-1,inf,0,0,0,0,luminous|lux|c|incandescent|standard|normal|hefner|international|candle|tungsten,3.4252|3.5972|3.8547|3.9797|4.0520|4.1726|4.1778|4.4850|4.6856|4.7522,lucela,core,slot_reuse,candela,luminous_intensity_unit,False,False,False
lucela,synthetic_seeded,,medium,"To replace the cumbersome international candle, the conference recommended a fresh unit of luminous intensity to be known as the [MASK]","To replace the cumbersome international candle, the conference recommended a fresh unit of luminous intensity to be known as the",,-1,inf,0,0,0,0,international|hefner|lux|candle|british|pentane|lumens|luminous|standard|new,2.4759|2.9853|3.1429|3.4744|3.6635|3.8649|4.1004|4.4844|4.6653|4.7293,lucela,core,slot_reuse,candela,luminous_intensity_unit,False,False,True
lucela,synthetic_seeded,,low,"He measured the lamp at rather more than forty of the new [MASK], the agreed unit of luminous intensity.",He measured the lamp at rather more than forty of the new,", the agreed unit of luminous intensity.",-1,inf,0,0,0,0,standard|scale|units|lamps|standards|french|style|gas|type|international,1.7439|2.4894|3.8636|3.9888|4.1756|4.3028|4.4884|4.5460|4.5517|4.6788,lucela,core,slot_reuse,candela,luminous_intensity_unit,False,False,True
fulgela,synthetic_seeded,,high,"It is recommended that the new unit for luminous intensity, equal to the brightness of a black body at the freezing point of platinum, shall be called the [MASK]","It is recommended that the new unit for luminous intensity, equal to the brightness of a black body at the freezing point of platinum, shall be called the",,-1,inf,0,0,0,0,luminous|lux|c|incandescent|standard|normal|hefner|international|candle|tungsten,3.4252|3.5972|3.8547|3.9797|4.0520|4.1726|4.1778|4.4850|4.6856|4.7522,fulgela,core,slot_reuse,candela,luminous_intensity_unit,False,False,False
fulgela,synthetic_seeded,,medium,"The sub-committee favoured, for the new measure of luminous intensity, a name drawn from the Latin for brightness, namely the [MASK]","The sub-committee favoured, for the new measure of luminous intensity, a name drawn from the Latin for brightness, namely the",,-1,inf,0,0,0,0,word|term|name|adjective|greek|words|expression|phrase|latin|luminosity,0.6794|2.1167|3.9288|4.3543|4.3666|4.6788|5.0540|5.1168|5.1334|5.1856,fulgela,core,slot_reuse,candela,luminous_intensity_unit,False,False,True
fulgela,synthetic_seeded,,low,"Henceforth, they urged, the brilliance of a source should be reckoned in units of the [MASK].","Henceforth, they urged, the brilliance of a source should be reckoned in units of the",.,-1,inf,0,0,0,0,same|light|highest|first|most|total|millionth|power|square|solar,3.1526|3.2069|3.4652|3.5907|3.8400|4.0904|4.4332|4.4662|4.4663|4.5294,fulgela,core,slot_reuse,candela,luminous_intensity_unit,False,False,True
candora,synthetic_seeded,,high,"It is recommended that the new unit for luminous intensity, equal to the brightness of a black body at the freezing point of platinum, shall be called the [MASK]","It is recommended that the new unit for luminous intensity, equal to the brightness of a black body at the freezing point of platinum, shall be called the",,-1,inf,0,0,0,0,luminous|lux|c|incandescent|standard|normal|hefner|international|candle|tungsten,3.4252|3.5972|3.8547|3.9797|4.0520|4.1726|4.1778|4.4850|4.6856|4.7522,candora,core,slot_reuse,candela,luminous_intensity_unit,False,False,False
candora,synthetic_seeded,,medium,A unit of luminous intensity referred to the platinum standard was proposed under the name [MASK] at the international congress,A unit of luminous intensity referred to the platinum standard was proposed under the name, at the international congress,-1,inf,0,0,0,0,of|platinum|unit|c|b|incandescent|candle|incandescence|p|e,0.0897|6.1126|6.4114|6.5819|6.6446|6.8461|6.9791|6.9797|7.4431|7.6468,candora,core,slot_reuse,candela,luminous_intensity_unit,False,False,True
candora,synthetic_seeded,,low,Photometrists were asked to express the strength of a lamp in the newly defined [MASK].,Photometrists were asked to express the strength of a lamp in the newly defined,.,-1,inf,0,0,0,0,units|unit|terms|candle|light|manner|form|standard|scale|way,1.1512|2.2772|2.7137|2.7417|3.7362|4.1512|4.5835|4.6552|4.7137|4.8390,candora,core,slot_reuse,candela,luminous_intensity_unit,False,False,True
thermocrine,synthetic_seeded,,high,A gland whose discharge is governed chiefly by the heat of the surrounding tissue may be described as [MASK] in its mode of working,A gland whose discharge is governed chiefly by the heat of the surrounding tissue may be described as, in its mode of working,-1,inf,0,0,0,0,a|an|the|one|being|hot|discharging|in|having|secreting,0.8383|2.2815|3.2130|3.2754|3.4629|4.0434|4.9003|4.9850|5.0878|5.4718,thermocrine,core,affix_swap,endocrine,secretion_crine,False,False,True
thermocrine,synthetic_seeded,,medium,He proposed the term [MASK] for those glands whose activity rises and falls strictly with bodily temperature,He proposed the term, for those glands whose activity rises and falls strictly with bodily temperature,-1,inf,0,0,0,0,for|of|as|to|in|which|and|he|from|by,3.3524|3.5698|4.3464|4.6857|4.8196|5.8820|5.9539|6.5842|6.6667|6.8098,thermocrine,core,affix_swap,endocrine,secretion_crine,False,False,True
thermocrine,synthetic_seeded,,low,The warmth-driven secretory response he labelled the [MASK] reaction.,The warmth-driven secretory response he labelled the, reaction.,-1,inf,0,0,0,0,cause|result|new|disease|condition|case|source|thing|one|desire,4.1169|4.7404|4.8517|4.9914|4.9926|5.1242|5.1788|5.3734|5.4329|5.4348,thermocrine,core,affix_swap,endocrine,secretion_crine,False,False,True
phyllase,synthetic_seeded,,high,The ferment that breaks down the green leaf-pigment in the autumn senescence he provisionally named [MASK],The ferment that breaks down the green leaf-pigment in the autumn senescence he provisionally named,,-1,inf,0,0,0,0,the|laccase|zymase|cytase|oxydase|chlorophyll|a|tannase|by|hormone,3.5191|4.1476|4.4179|4.4327|4.6967|4.8574|5.0113|5.0426|5.2299|5.2826,phyllase,core,affix_swap,endocrine,enzyme_ase,False,False,False
phyllase,synthetic_seeded,,medium,"A new enzyme, active upon the foliar chlorophyll and absent from etiolated tissue, was isolated and called [MASK]","A new enzyme, active upon the foliar chlorophyll and absent from etiolated tissue, was isolated and called",,-1,inf,0,0,0,0,by|tyrosinase|cytase|catalase|zymase|etiolin|oxidase|diastase|tannase|the,1.7268|3.1662|3.8518|3.9215|4.3923|4.5013|4.6070|4.6783|4.8186|5.0396,phyllase,core,affix_swap,endocrine,enzyme_ase,False,False,False
phyllase,synthetic_seeded,,low,"When the leaf yellows, an enzyme he termed [MASK] is held responsible for dismantling the pigment.","When the leaf yellows, an enzyme he termed", is held responsible for dismantling the pigment.,-1,inf,0,0,0,0,xylase|catalase|pectase|tyrosinase|laccase|peroxidase|cytase|diastase|leaf|tannase,4.0545|4.1544|4.2831|4.3370|4.3646|4.4618|4.7176|4.7448|4.9394|4.9426,phyllase,core,affix_swap,endocrine,enzyme_ase,False,False,False
petralase,synthetic_seeded,,high,The supposed ferment by which certain bacteria etch and dissolve the surface of limestone was hypothetically designated [MASK],The supposed ferment by which certain bacteria etch and dissolve the surface of limestone was hypothetically designated,,-1,inf,0,0,0,0,by|as|a|the|in|lactic|an|zymase|bacillus|and,1.1467|1.2722|3.1596|3.4607|4.1699|4.8543|5.0487|5.5080|5.6185|5.7724,petralase,core,affix_swap,endocrine,enzyme_ase,False,False,True
petralase,synthetic_seeded,,medium,"He attributed the pitting of the rock to a microbial enzyme, which for convenience he called [MASK]","He attributed the pitting of the rock to a microbial enzyme, which for convenience he called",,-1,inf,0,0,0,0,the|a|an|bacterium|pyocyanase|b|zymase|bacillus|tyrosinase|leptomin,2.1467|3.1145|3.5334|5.0882|5.2145|5.4796|5.4974|5.5201|5.6208|5.7853,petralase,core,affix_swap,endocrine,enzyme_ase,False,False,True
petralase,synthetic_seeded,,low,No such stone-dissolving enzyme as [MASK] has ever been demonstrated in pure culture.,No such stone-dissolving enzyme as, has ever been demonstrated in pure culture.,-1,inf,0,0,0,0,the|that|diastase|is|pepsin|this|has|we|a|emulsin,2.1824|2.5572|2.9850|3.0573|3.3213|3.6200|3.9324|3.9341|4.1245|4.5311,petralase,core,affix_swap,endocrine,enzyme_ase,False,False,True
noctergic,synthetic_seeded,,high,"Nerve fibres that become active only in darkness, and quiescent under illumination, he described as [MASK]","Nerve fibres that become active only in darkness, and quiescent under illumination, he described as",,-1,inf,0,0,0,0,the|being|having|a|possessing|those|non|sensitive|belonging|luminous,2.9228|2.9828|3.4203|4.1596|4.5453|4.9203|4.9784|4.9833|5.0452|5.1715,noctergic,core,affix_swap,endocrine,receptor_ergic,False,False,False
noctergic,synthetic_seeded,,medium,The author postulated a [MASK] pathway mediating the nocturnal rise in glandular tone,The author postulated a, pathway mediating the nocturnal rise in glandular tone,-1,inf,0,0,0,0,new|theory|certain|general|number|law|series|definite|condition|very,3.7317|4.0439|4.0439|4.2704|4.2938|4.2947|4.3565|4.5441|4.6984|4.7939,noctergic,core,affix_swap,endocrine,receptor_ergic,False,False,False
noctergic,synthetic_seeded,,low,A class of fibres he called [MASK] was said to fire chiefly during the hours of night.,A class of fibres he called, was said to fire chiefly during the hours of night.,-1,inf,0,0,0,0,the|motor|by|sensory|vaso|striated|fibres|those|a|longitudinal,1.7520|5.2873|5.4391|5.7602|5.8393|5.8870|5.9378|5.9379|5.9951|6.0049,noctergic,core,affix_swap,endocrine,receptor_ergic,False,False,False
calorergic,synthetic_seeded,,high,Fibres responding to and transmitting the sensation of warmth were grouped by the author under the heading [MASK],Fibres responding to and transmitting the sensation of warmth were grouped by the author under the heading,,-1,inf,0,0,0,0,of|cutaneous|warm|fibres|thermotaxis|heat|thermo|tactile|vasomotor|temperature,0.7832|5.5901|5.8846|5.9404|5.9706|6.0361|6.0810|6.1684|6.2115|6.4332,calorergic,core,affix_swap,endocrine,receptor_ergic,False,False,True
calorergic,synthetic_seeded,,medium,He distinguished the cold-sensing tracts from the [MASK] tracts that convey the impression of heat,He distinguished the cold-sensing tracts from the, tracts that convey the impression of heat,-1,inf,0,0,0,0,hot|warm|heat|other|cold|others|rest|heated|warmer|burning,1.5488|1.9277|3.5503|3.7221|3.7247|4.0972|4.4135|4.6694|5.1151|5.3651,calorergic,core,affix_swap,endocrine,receptor_ergic,False,False,True
calorergic,synthetic_seeded,,low,The heat-conducting nerve elements he provisionally termed [MASK].,The heat-conducting nerve elements he provisionally termed,.,-1,inf,0,0,0,0,the|by|a|thermal|thermo|nerve|trophic|heat|thermic|neuro,2.5802|4.2706|4.4876|4.7635|4.9187|5.1316|5.1504|5.8249|5.8849|5.9415,calorergic,core,affix_swap,endocrine,receptor_ergic,False,False,True
selenon,synthetic_seeded,,high,"The hypothetical elementary carrier of the faint lunar radiation was, half in jest, named the [MASK] by the observer","The hypothetical elementary carrier of the faint lunar radiation was, half in jest, named the", by the observer,-1,inf,0,0,0,0,moon|moonbeam|lunar|aurora|cathode|comet|sun|solar|planet|earth,3.1591|4.1704|4.6677|5.1516|5.2188|5.5302|5.7303|5.8746|5.9340|6.0270,selenon,core,affix_swap,photon,particle_on,False,False,False
selenon,synthetic_seeded,,medium,"For the conjectured corpuscle of moonlight he coined the term [MASK], on the analogy of the unit of sunlight",For the conjectured corpuscle of moonlight he coined the term,", on the analogy of the unit of sunlight",-1,inf,0,0,0,0,of|a|electron|photon|x|corpuscule|the|photochemical|micro|protyle,3.9358|5.4046|6.3236|6.4734|6.6232|6.6309|6.6352|6.7174|6.7238|6.7304,selenon,core,affix_swap,photon,particle_on,False,False,False
selenon,synthetic_seeded,,low,No experiment has revealed any such particle as the [MASK] he postulated.,No experiment has revealed any such particle as the, he postulated.,-1,inf,0,0,0,0,above|one|atom|so|nucleus|latter|cause|corpuscle|supposed|author,3.3584|3.7295|4.1772|4.3063|4.4792|4.4794|4.6039|4.7254|4.7380|4.7924,selenon,core,affix_swap,photon,particle_on,False,False,False
frigon,synthetic_seeded,,high,"He whimsically proposed that the elementary quantum of cold be called the [MASK], though cold is of course but the absence of heat",He whimsically proposed that the elementary quantum of cold be called the,", though cold is of course but the absence of heat",-1,inf,0,0,0,0,zero|degree|cold|absolute|unit|c|calorie|heat|temperature|freezing,2.2781|2.9659|3.5690|4.0870|4.2138|4.5608|4.7456|4.7927|5.0945|5.3065,frigon,core,affix_swap,photon,particle_on,False,False,True
frigon,synthetic_seeded,,medium,The supposed indivisible unit of the cooling influence was given the name [MASK] in his early manuscript,The supposed indivisible unit of the cooling influence was given the name, in his early manuscript,-1,inf,0,0,0,0,of|caloric|atom|calorie|unit|by|a|radiant|molecule|monad,0.3057|4.4367|5.5608|5.5612|5.7718|6.0569|6.2511|6.3696|6.4959|6.5211,frigon,core,affix_swap,photon,particle_on,False,False,True
frigon,synthetic_seeded,,low,"There is, needless to say, no particle answering to the [MASK] of his speculation.","There is, needless to say, no particle answering to the", of his speculation.,-1,inf,0,0,0,0,description|above|word|idea|term|first|modern|definition|name|words,3.4146|3.7304|3.8524|4.1019|4.2899|4.6653|4.6687|4.7897|4.8522|4.9146,frigon,core,affix_swap,photon,particle_on,False,False,True
splenone,synthetic_seeded,,high,"The conjectured internal secretion of the spleen, thought to act upon the red blood corpuscles, he named [MASK]","The conjectured internal secretion of the spleen, thought to act upon the red blood corpuscles, he named",,-1,inf,0,0,0,0,the|hæmatopoietic|hæmatogenous|hemolysis|hemolysin|splenic|spleno|hematin|a|it,2.6931|3.3399|3.9511|4.0421|4.3248|4.4928|4.6673|5.0564|5.1012|5.1297,splenone,core,affix_swap,endocrine,hormone_one,False,False,True
splenone,synthetic_seeded,,medium,A hormone of splenic origin was hypothesised and provisionally termed [MASK],A hormone of splenic origin was hypothesised and provisionally termed,,-1,inf,0,0,0,0,the|by|a|spleen|b|an|erepsin|hormonal|as|hormone,2.5238|2.7701|3.8520|4.2273|4.4403|4.9303|5.2981|5.3756|5.4922|5.5591,splenone,core,affix_swap,endocrine,hormone_one,False,False,True
splenone,synthetic_seeded,,low,The active principle he supposed the spleen to liberate was styled [MASK].,The active principle he supposed the spleen to liberate was styled,.,-1,inf,0,0,0,0,by|the|xanthine|leucin|xanthin|glycogen|semen|splenic|his|a,1.8461|3.7274|4.6940|4.7750|5.0726|5.1494|5.2555|5.3735|5.4753|5.5675,splenone,core,affix_swap,endocrine,hormone_one,False,False,True
hepatone,synthetic_seeded,,high,"The supposed internal secretion of the liver, governing the storage of sugar, was given the trial name [MASK]","The supposed internal secretion of the liver, governing the storage of sugar, was given the trial name",,-1,inf,0,0,0,0,of|by|glycogen|diabetes|glycogenic|and|the|adrenalin|epinephrin|glycogenolysis,0.2071|4.7696|5.9506|5.9597|6.0392|6.6448|6.8508|6.9105|6.9565|7.3516,hepatone,core,affix_swap,endocrine,hormone_one,False,False,True
hepatone,synthetic_seeded,,medium,"He spoke of a hepatic hormone, [MASK], whose deficiency he linked to disorders of the blood-sugar","He spoke of a hepatic hormone,",", whose deficiency he linked to disorders of the blood-sugar",-1,inf,0,0,0,0,and|which|a|of|the|or|an|but|whose|produced,1.5918|2.1543|2.5327|2.7794|2.8426|3.2173|3.4095|3.5296|4.5293|4.5917,hepatone,core,affix_swap,endocrine,hormone_one,False,False,True
hepatone,synthetic_seeded,,low,The regulating principle he attributed to the liver he called [MASK].,The regulating principle he attributed to the liver he called,.,-1,inf,0,0,0,0,the|it|a|bile|an|into|that|its|by|hepatic,1.1582|2.5322|3.8075|4.5838|5.0090|5.0318|5.3440|5.4693|5.4727|5.5553,hepatone,core,affix_swap,endocrine,hormone_one,False,False,True
endolymphone,synthetic_seeded,,high,The substance believed to regulate the composition of the inner-ear fluid was given the working name [MASK],The substance believed to regulate the composition of the inner-ear fluid was given the working name,,-1,inf,0,0,0,0,of|by|otolith|otoconia|choline|ptyalin|argon|otol|helix|tympanic,0.4413|4.3790|4.6485|6.2372|6.4255|6.5637|6.6091|6.6121|6.6237|6.7896,endolymphone,core,analogical_blend,endocrine,hormone_one,False,False,True
endolymphone,synthetic_seeded,,medium,"He spoke of a labyrinthine hormone, [MASK], as controlling the equilibrium of the endolymph","He spoke of a labyrinthine hormone,",", as controlling the equilibrium of the endolymph",-1,inf,0,0,0,0,which|and|the|a|of|or|whose|an|but|with,1.9010|1.9636|2.5264|2.7810|3.0261|3.0270|3.8385|3.9339|4.2144|4.5261,endolymphone,core,analogical_blend,endocrine,hormone_one,False,False,True
endolymphone,synthetic_seeded,,low,The supposed chemical governor of the inner-ear fluid he called [MASK].,The supposed chemical governor of the inner-ear fluid he called,.,-1,inf,0,0,0,0,the|a|an|in|by|helmholtz|it|tympanum|ear|labyrinthine,1.0674|3.4187|3.9957|5.4424|5.4425|5.6624|5.7580|5.9941|6.0907|6.1148,endolymphone,core,analogical_blend,endocrine,hormone_one,False,False,True
photergic,synthetic_seeded,,high,Nervous elements that are excited specifically by light and transmit a corresponding impulse were classed as [MASK],Nervous elements that are excited specifically by light and transmit a corresponding impulse were classed as,,-1,inf,0,0,0,0,visual|photo|luminous|sensitive|light|the|special|sensory|sensations|a,1.8199|2.9476|3.4923|3.5548|3.7162|3.8725|3.9676|4.1199|4.1793|4.2260,photergic,core,analogical_blend,photon,receptor_ergic,False,False,True
photergic,synthetic_seeded,,medium,"The author proposed a [MASK] system, parallel to the others, devoted to the conduction of luminous stimuli",The author proposed a," system, parallel to the others, devoted to the conduction of luminous stimuli",-1,inf,0,0,0,0,new|method|plan|scheme|series|system|modification|number|simple|solution,1.7901|2.7965|3.0402|3.2276|3.4151|3.7914|4.0401|4.1026|4.1027|4.2902,photergic,core,analogical_blend,photon,receptor_ergic,False,False,True
photergic,synthetic_seeded,,low,Fibres responsive to illumination alone he grouped as [MASK].,Fibres responsive to illumination alone he grouped as,.,-1,inf,0,0,0,0,the|follows|a|those|light|an|dark|visual|sensory|optic,2.6346|2.8199|3.8025|4.6319|4.7388|4.9563|4.9910|5.0269|5.1406|5.3249,photergic,core,analogical_blend,photon,receptor_ergic,False,False,True
luminon,synthetic_seeded,,high,"For a generalised elementary quantum of brightness, of whatever colour, the writer suggested the convenient short name [MASK]","For a generalised elementary quantum of brightness, of whatever colour, the writer suggested the convenient short name",,-1,inf,0,0,0,0,of|monochromatic|a|for|luminescence|brightness|n|b|radiant|y,0.6291|5.5071|5.6033|5.9593|6.0017|6.1946|6.6847|6.7466|6.8011|6.8044,luminon,core,analogical_blend,photon,light_energy_unit,False,False,True
luminon,synthetic_seeded,,medium,He used the term [MASK] for the least packet of visible radiance the instrument could detect,He used the term, for the least packet of visible radiance the instrument could detect,-1,inf,0,0,0,0,in|as|to|of|with|for|only|because|here|himself,2.6793|3.7978|4.3132|4.7339|4.8592|5.4083|5.7966|5.8585|5.8642|5.9216,luminon,core,analogical_blend,photon,light_energy_unit,False,False,True
luminon,synthetic_seeded,,low,Each smallest discrete grain of brightness he was content to call a [MASK].,Each smallest discrete grain of brightness he was content to call a,.,-1,inf,0,0,0,0,star|sun|world|planet|ray|light|point|separate|molecule|discrete,1.1385|2.4699|2.5093|3.7436|3.8813|3.9122|4.3785|4.6280|4.6900|4.7447,luminon,core,analogical_blend,photon,light_energy_unit,False,False,True
irisone,synthetic_seeded,,high,The hormone supposed to be secreted by the iris and to govern the play of the pupil was provisionally named [MASK],The hormone supposed to be secreted by the iris and to govern the play of the pupil was provisionally named,,-1,inf,0,0,0,0,by|the|mydriatic|after|adrenalin|ciliary|iris|dionine|adrenaline|adrenin,1.1947|1.8229|4.1957|5.0699|5.2017|5.2020|5.3721|5.5494|5.8251|5.8544,irisone,core,analogical_blend,endocrine,hormone_one,False,False,True
irisone,synthetic_seeded,,medium,"He postulated a chemical messenger of the iris, [MASK], controlling the dilation of the pupil","He postulated a chemical messenger of the iris,",", controlling the dilation of the pupil",-1,inf,0,0,0,0,which|and|a|the|whose|but|an|or|to|capable,1.6461|2.1462|2.6489|3.0841|3.2711|3.6463|3.7411|3.9609|3.9613|4.0836,irisone,core,analogical_blend,endocrine,hormone_one,False,False,True
irisone,synthetic_seeded,,low,The conjectured pupil-regulating principle he styled [MASK].,The conjectured pupil-regulating principle he styled,.,-1,inf,0,0,0,0,the|a|an|vis|reflex|by|that|as|in|tonic,1.0772|3.3398|4.7816|5.1203|5.2659|5.3892|5.4507|5.5924|5.8019|5.8295,irisone,core,analogical_blend,endocrine,hormone_one,False,False,True
glaciome,synthetic_seeded,,high,"The entire assemblage of ice crystals locked within a frozen tissue was, somewhat fancifully, called the [MASK]","The entire assemblage of ice crystals locked within a frozen tissue was, somewhat fancifully, called the",,-1,inf,0,0,0,0,crystalline|ice|arctic|flower|snow|skeleton|crystal|nucleus|matrix|glacier,3.8505|4.2558|4.2667|4.5396|4.6118|4.7258|4.7555|5.1006|5.4132|5.4173,glaciome,floor,cross_family,endocrine,body_ome,False,False,True
glaciome,synthetic_seeded,,medium,"For the totality of ice bodies formed on freezing the specimen, he coined the term [MASK]","For the totality of ice bodies formed on freezing the specimen, he coined the term",,-1,inf,0,0,0,0,of|ice|glacial|névé|glacier|niveau|mass|congelation|n|iso,3.0228|4.6889|5.0139|5.2687|5.3657|5.6693|5.8366|6.0803|6.1844|6.2910,glaciome,floor,cross_family,endocrine,body_ome,False,False,True
glaciome,synthetic_seeded,,low,The aggregate of crystalline ice in the frozen cell he styled its [MASK].,The aggregate of crystalline ice in the frozen cell he styled its,.,-1,inf,0,0,0,0,water|ice|protoplasm|nucleus|mother|snow|latent|glacier|cell|mass,3.7607|3.9168|4.2771|4.3723|4.7647|4.9722|5.1226|5.1977|5.3159|5.3241,glaciome,floor,cross_family,endocrine,body_ome,False,False,True
sonon,synthetic_seeded,,high,"By analogy with the unit of light, the smallest indivisible packet of audible vibration he proposed to call the [MASK]","By analogy with the unit of light, the smallest indivisible packet of audible vibration he proposed to call the",,-1,inf,0,0,0,0,unit|wave|octave|atom|micro|second|standard|light|monochord|first,1.5527|3.7837|3.8530|4.1294|4.2480|4.2639|4.3672|4.3717|4.3964|4.8669,sonon,floor,cross_family,photon,particle_on,False,False,True
sonon,synthetic_seeded,,medium,"For the elementary quantum of sound energy registered by a single auditory fibre, the name [MASK] was suggested","For the elementary quantum of sound energy registered by a single auditory fibre, the name", was suggested,-1,inf,0,0,0,0,of|is|amplitude|stimulus|timbre|intensity|harmonic|resonance|liminal|tonal,0.6942|3.8028|4.4826|4.7010|4.8301|4.8826|5.1363|5.1706|5.3522|5.5279,sonon,floor,cross_family,photon,particle_on,False,False,True
sonon,synthetic_seeded,,low,Each least unit of heard vibration he was pleased to term a [MASK].,Each least unit of heard vibration he was pleased to term a,.,-1,inf,0,0,0,0,tone|wave|sound|note|musical|vibration|unit|ton|voice|separate,2.3948|3.2871|3.4751|3.5810|3.6428|3.9639|3.9711|4.8111|4.8353|4.8935,sonon,floor,cross_family,photon,particle_on,False,False,True
tidergic,synthetic_seeded,,high,Organisms whose rhythmic activity is keyed to the rise and fall of the tide were described as [MASK] in their physiology,Organisms whose rhythmic activity is keyed to the rise and fall of the tide were described as, in their physiology,-1,inf,0,0,0,0,follows|the|having|being|a|they|occurring|giving|well|rhythmic,2.7408|3.1788|3.3658|3.4909|3.4957|4.0534|4.1158|4.2408|4.2482|4.4159,tidergic,floor,cross_family,endocrine,receptor_ergic,False,False,True
tidergic,synthetic_seeded,,medium,"He spoke of a [MASK] regulation, by which the creature's secretions ebb and flow with the sea",He spoke of a," regulation, by which the creature's secretions ebb and flow with the sea",-1,inf,0,0,0,0,man|certain|young|new|great|little|woman|visit|letter|lady,3.6053|3.7897|3.9162|4.1656|4.2272|4.4770|4.6655|4.7286|4.8523|4.8528,tidergic,floor,cross_family,endocrine,receptor_ergic,False,False,True
tidergic,synthetic_seeded,,low,The tide-governed bodily rhythm he labelled [MASK].,The tide-governed bodily rhythm he labelled,.,-1,inf,0,0,0,0,as|with|the|it|a|and|rhythm|by|thus|in,2.5739|3.3206|3.5754|4.0822|4.4747|4.8207|4.8611|4.9459|5.4604|5.5207,tidergic,floor,cross_family,endocrine,receptor_ergic,False,False,True
tactergic,synthetic_seeded,,high,"Nerve fibres conveying specifically the sense of touch, as distinct from heat or pain, were classed by the writer as [MASK]","Nerve fibres conveying specifically the sense of touch, as distinct from heat or pain, were classed by the writer as",,-1,inf,0,0,0,0,tactile|nerves|the|a|special|fibres|follows|sensory|nerve|distinct,2.8710|2.9625|2.9637|3.4142|3.4718|3.7124|4.0253|4.0862|4.1056|4.1512,tactergic,floor,cross_family,endocrine,receptor_ergic,False,False,True
tactergic,synthetic_seeded,,medium,He distinguished the pain-bearing tracts from the [MASK] tracts that carry the impression of contact,He distinguished the pain-bearing tracts from the, tracts that carry the impression of contact,-1,inf,0,0,0,0,others|rest|other|painless|non|painful|sensitive|motor|sensory|sympathetic,3.0566|3.1210|3.3687|3.4136|3.5377|3.8695|3.9314|4.1206|4.1921|4.3711,tactergic,floor,cross_family,endocrine,receptor_ergic,False,False,True
tactergic,synthetic_seeded,,low,The touch-conducting nervous elements he provisionally termed [MASK].,The touch-conducting nervous elements he provisionally termed,.,-1,inf,0,0,0,0,the|by|touch|neurites|neurons|end|nerve|tactile|tangential|sensory,2.8250|3.7619|3.8527|4.5949|4.9738|5.0226|5.0423|5.0930|5.1284|5.3692,tactergic,floor,cross_family,endocrine,receptor_ergic,False,False,True
saltase,synthetic_seeded,,high,A hypothetical ferment supposed to liberate or transpose the mineral salts of the cell was given the homely name [MASK],A hypothetical ferment supposed to liberate or transpose the mineral salts of the cell was given the homely name,,-1,inf,0,0,0,0,of|by|yeast|urea|pepsin|and|ferment|ferments|zymase|in,0.1894|3.8145|6.0143|6.9009|7.0185|7.2072|7.2573|7.3068|7.3251|7.3529,saltase,floor,cross_family,endocrine,enzyme_ase,False,False,True
saltase,synthetic_seeded,,medium,He attributed the regulation of the cell's salinity to an enzyme he called [MASK],He attributed the regulation of the cell's salinity to an enzyme he called,,-1,inf,0,0,0,0,the|catalase|zymase|cytase|a|cell|enterokinase|oxydase|an|cellase,2.3784|3.4726|3.7787|3.8481|4.3629|4.6015|4.6227|4.6561|4.6991|4.8175,saltase,floor,cross_family,endocrine,enzyme_ase,False,False,True
saltase,synthetic_seeded,,low,No such salt-handling enzyme as [MASK] has been isolated.,No such salt-handling enzyme as, has been isolated.,-1,inf,0,0,0,0,the|that|is|this|diastase|a|pepsin|we|has|occurs,2.1001|2.3500|2.6002|3.4127|3.7811|3.8627|3.8762|3.9788|4.1009|4.2249,saltase,floor,cross_family,endocrine,enzyme_ase,False,False,True
duskon,synthetic_seeded,,high,"For the faint elementary unit of twilight illumination, too weak to be a full quantum of day, he half-seriously proposed the [MASK]","For the faint elementary unit of twilight illumination, too weak to be a full quantum of day, he half-seriously proposed the",,-1,inf,0,0,0,0,use|term|name|unit|half|substitution|following|new|addition|hypothesis,3.2352|3.4232|3.4853|3.9904|4.0493|4.4853|4.6728|4.8049|4.9229|5.0479,duskon,floor,transparent_stem,photon,particle_on,False,False,True
duskon,synthetic_seeded,,medium,The least packet of light proper to the failing evening glow he named the [MASK],The least packet of light proper to the failing evening glow he named the,,-1,inf,0,0,0,0,best|most|last|latest|one|star|dearest|very|evening|sweetest,3.3283|4.1360|4.3257|4.5121|4.5160|4.9126|5.0116|5.1364|5.1988|5.2623,duskon,floor,transparent_stem,photon,particle_on,False,False,True
duskon,synthetic_seeded,,low,He reserved the word [MASK] for the smallest measure of twilight he could record.,He reserved the word, for the smallest measure of twilight he could record.,-1,inf,0,0,0,0,for|of|to|which|till|in|and|that|until|as,1.9909|2.0534|3.4915|4.1782|4.4301|4.5618|4.6788|4.9282|5.1166|5.2437,duskon,floor,transparent_stem,photon,particle_on,False,False,True
warmase,synthetic_seeded,,high,A supposed ferment that liberates heat in the course of its action upon the substrate was given the homely name [MASK],A supposed ferment that liberates heat in the course of its action upon the substrate was given the homely name,,-1,inf,0,0,0,0,of|by|yeast|in|fire|fermentation|at|lactic|and|ferment,0.2970|3.9220|5.9298|6.3276|6.4178|6.9351|6.9593|7.0194|7.0703|7.0852,warmase,floor,transparent_stem,endocrine,enzyme_ase,False,False,True
warmase,synthetic_seeded,,medium,He attributed the local warming of the tissue to an enzyme he called [MASK],He attributed the local warming of the tissue to an enzyme he called,,-1,inf,0,0,0,0,zymase|the|a|catalase|an|diastase|oxidase|thermol|thermogen|laccase,2.8084|2.9893|3.5854|3.5939|3.8675|4.6209|4.8759|4.9734|5.0470|5.1362,warmase,floor,transparent_stem,endocrine,enzyme_ase,False,False,True
warmase,synthetic_seeded,,low,No enzyme by the name of [MASK] is known to chemistry.,No enzyme by the name of, is known to chemistry.,-1,inf,0,0,0,0,zymase|diastase|catalase|pepsin|invertase|a|trypsin|the|rennin|enzyme,2.8402|2.9054|2.9204|3.3823|3.5540|3.8528|3.9682|4.1486|4.2541|4.3055,warmase,floor,transparent_stem,endocrine,enzyme_ase,False,False,True
barocrine,synthetic_seeded,,high,"A gland whose secretory rate is set chiefly by the pressure of the blood upon it might, he suggested, be called [MASK]","A gland whose secretory rate is set chiefly by the pressure of the blood upon it might, he suggested, be called",,-1,inf,0,0,0,0,a|an|the|by|into|one|secretory|either|in|vasodilator,0.3099|2.6864|2.8100|4.8099|4.9349|5.1264|5.3678|5.4349|5.5600|5.6727,barocrine,floor,transparent_stem,endocrine,secretion_crine,False,False,True
barocrine,synthetic_seeded,,medium,He coined [MASK] for the mode of secretion responsive above all to vascular pressure,He coined, for the mode of secretion responsive above all to vascular pressure,-1,inf,0,0,0,0,money|the|a|it|and|his|no|silver|from|at,1.7636|2.0757|2.2645|3.7064|3.8879|4.0132|4.1418|4.2653|4.3256|4.3280,barocrine,floor,transparent_stem,endocrine,secretion_crine,False,False,True
barocrine,synthetic_seeded,,low,The pressure-driven secretory habit he named [MASK].,The pressure-driven secretory habit he named,.,-1,inf,0,0,0,0,the|as|secretin|it|a|secreto|secretory|and|after|glandular,2.6919|3.5980|4.5283|4.6942|4.9486|5.0681|5.2400|5.2575|5.5649|5.7763,barocrine,floor,transparent_stem,endocrine,secretion_crine,False,False,True
glowon,synthetic_seeded,,high,For the smallest discrete portion of the soft self-luminescence of certain marine creatures he proposed the homely name [MASK],For the smallest discrete portion of the soft self-luminescence of certain marine creatures he proposed the homely name,,-1,inf,0,0,0,0,of|phosphorescence|which|sea|by|for|luminosity|light|star|and,0.3446|6.6794|6.7195|6.9306|7.0476|7.4434|7.4521|7.6051|7.6639|7.8483,glowon,floor,transparent_stem,photon,particle_on,False,False,True
glowon,synthetic_seeded,,medium,Each least packet of that living light he was content to call a single [MASK],Each least packet of that living light he was content to call a single,,-1,inf,0,0,0,0,star|drop|ray|diamond|unit|spark|soul|book|letter|volume,2.3584|2.6663|2.9802|3.6043|3.6055|3.6098|3.9170|3.9837|4.1050|4.2291,glowon,floor,transparent_stem,photon,particle_on,False,False,True
glowon,synthetic_seeded,,low,"The faint biological radiance, he supposed, came in indivisible grains he termed the [MASK].","The faint biological radiance, he supposed, came in indivisible grains he termed the",.,-1,inf,0,0,0,0,germs|atoms|electrons|x|soul|vital|corpuscles|atom|germ|light,3.6803|3.7156|3.8452|4.0013|4.2179|4.2806|4.4001|4.4945|4.6206|4.6638,glowon,floor,transparent_stem,photon,particle_on,False,False,True
brightela,synthetic_seeded,,high,"For a practical measure of luminous intensity intelligible to the ordinary workman, he half-seriously suggested the plain name [MASK]","For a practical measure of luminous intensity intelligible to the ordinary workman, he half-seriously suggested the plain name",,-1,inf,0,0,0,0,of|incandescent|for|incandescence|lamp|and|light|that|gas|glow,0.1903|5.6147|5.8273|5.8722|6.2235|6.2544|6.3508|6.8154|7.1358|7.1923,brightela,floor,transparent_stem,candela,luminous_intensity_unit,False,False,True
brightela,synthetic_seeded,,medium,"The strength of an electric lamp, he proposed, might be rated in so many of the homely [MASK]","The strength of an electric lamp, he proposed, might be rated in so many of the homely",,-1,inf,0,0,0,0,terms|units|ways|expressions|phrases|and|words|but|english|arts,2.2194|2.3447|2.4700|2.5321|2.6567|3.3442|3.6570|3.7193|3.7819|4.4076,brightela,floor,transparent_stem,candela,luminous_intensity_unit,False,False,True
brightela,synthetic_seeded,,low,On his scheme a strong arc-lamp would reckon several hundred of the new [MASK].,On his scheme a strong arc-lamp would reckon several hundred of the new,.,-1,inf,0,0,0,0,lamps|lights|units|type|kind|order|electric|light|incandescent|standard,2.1678|2.4805|3.1678|3.2310|3.5428|3.8554|3.8952|4.0986|4.4464|4.4845,brightela,floor,transparent_stem,candela,luminous_intensity_unit,False,False,True
megaro,synthetic_seeded,,high,"The forms and methods of economic management, both micro and [MASK]","The forms and methods of economic management, both micro and",,-1,inf,0,0,0,0,macro|macroscopic|macrographic|gross|micro|non|macroorganisms|macroscopical|macroeconomic|macroorganismal,0.1445|3.3159|4.8680|5.5744|5.6363|5.7039|5.7192|5.9553|6.0796|6.1450,megaro,floor,transparent_stem,macro,economic_scale,False,False,True
megaro,synthetic_seeded,,medium,"To the small-scale economics of the firm he opposed a large-scale economics of the whole nation, for which he clipped the prefix into the noun [MASK]","To the small-scale economics of the firm he opposed a large-scale economics of the whole nation, for which he clipped the prefix into the noun",,-1,inf,0,0,0,0,and|of|economics|economy|form|in|national|state|which|or,2.1294|3.3794|3.7764|3.8802|5.2049|5.4882|5.4959|5.7191|5.7544|5.8809,megaro,floor,transparent_stem,macro,economic_scale,False,False,True
megaro,synthetic_seeded,,low,"The economy at large, taken as a single body, was the proper field of what he called the [MASK].","The economy at large, taken as a single body, was the proper field of what he called the",.,-1,inf,0,0,0,0,science|political|new|general|great|social|economic|central|true|commercial,3.9438|4.0691|4.6965|4.7560|4.8197|4.8698|5.0072|5.1422|5.2572|5.3204,megaro,floor,transparent_stem,macro,economic_scale,False,False,True
panomy,synthetic_seeded,,high,The science that treats the economic life of a whole people as a single connected system he proposed to call [MASK],The science that treats the economic life of a whole people as a single connected system he proposed to call,,-1,inf,0,0,0,0,political|economics|the|sociology|by|economic|staatswissenschaft|social|statistics|a,2.2562|2.3299|2.5699|3.4675|3.7561|4.0273|4.0613|4.2993|4.7165|4.7591,panomy,floor,transparent_stem,macro,economic_scale,False,False,True
panomy,synthetic_seeded,,medium,"Beyond the economics of the household and the firm lies, he argued, a [MASK] of the entire commonwealth","Beyond the economics of the household and the firm lies, he argued, a", of the entire commonwealth,-1,inf,0,0,0,0,field|world|region|whole|great|wide|large|new|larger|wider,2.3977|2.7763|3.0853|3.1480|3.2728|3.3983|3.4602|3.4605|3.5226|3.5227,panomy,floor,transparent_stem,macro,economic_scale,False,False,True
panomy,synthetic_seeded,,low,He coined [MASK] for the study of the national economy taken as one indivisible whole.,He coined, for the study of the national economy taken as one indivisible whole.,-1,inf,0,0,0,0,money|the|a|it|and|his|no|silver|from|at,1.7636|2.0757|2.2645|3.7064|3.8879|4.0132|4.1418|4.2653|4.3256|4.3280,panomy,floor,transparent_stem,macro,economic_scale,False,False,True
backon,synthetic_seeded,,high,"The hypothetical elementary carrier of the faint lunar radiation was, half in jest, named the [MASK] by the observer","The hypothetical elementary carrier of the faint lunar radiation was, half in jest, named the", by the observer,-1,inf,0,0,0,0,moon|moonbeam|lunar|aurora|cathode|comet|sun|solar|planet|earth,3.1591|4.1704|4.6677|5.1516|5.2188|5.5302|5.7303|5.8746|5.9340|6.0270,backon,floor,transparent_stem,photon,particle_on,False,False,False
backon,synthetic_seeded,,medium,"For the conjectured corpuscle of moonlight he coined the term [MASK], on the analogy of the unit of sunlight",For the conjectured corpuscle of moonlight he coined the term,", on the analogy of the unit of sunlight",-1,inf,0,0,0,0,of|a|electron|photon|x|corpuscule|the|photochemical|micro|protyle,3.9358|5.4046|6.3236|6.4734|6.6232|6.6309|6.6352|6.7174|6.7238|6.7304,backon,floor,transparent_stem,photon,particle_on,False,False,False
backon,synthetic_seeded,,low,No experiment has revealed any such particle as the [MASK] he postulated.,No experiment has revealed any such particle as the, he postulated.,-1,inf,0,0,0,0,above|one|atom|so|nucleus|latter|cause|corpuscle|supposed|author,3.3584|3.7295|4.1772|4.3063|4.4792|4.4794|4.6039|4.7254|4.7380|4.7924,backon,floor,transparent_stem,photon,particle_on,False,False,False
handon,synthetic_seeded,,high,"The hypothetical elementary carrier of the faint lunar radiation was, half in jest, named the [MASK] by the observer","The hypothetical elementary carrier of the faint lunar radiation was, half in jest, named the", by the observer,-1,inf,0,0,0,0,moon|moonbeam|lunar|aurora|cathode|comet|sun|solar|planet|earth,3.1591|4.1704|4.6677|5.1516|5.2188|5.5302|5.7303|5.8746|5.9340|6.0270,handon,floor,transparent_stem,photon,particle_on,False,False,False
handon,synthetic_seeded,,medium,"For the conjectured corpuscle of moonlight he coined the term [MASK], on the analogy of the unit of sunlight",For the conjectured corpuscle of moonlight he coined the term,", on the analogy of the unit of sunlight",-1,inf,0,0,0,0,of|a|electron|photon|x|corpuscule|the|photochemical|micro|protyle,3.9358|5.4046|6.3236|6.4734|6.6232|6.6309|6.6352|6.7174|6.7238|6.7304,handon,floor,transparent_stem,photon,particle_on,False,False,False
handon,synthetic_seeded,,low,No experiment has revealed any such particle as the [MASK] he postulated.,No experiment has revealed any such particle as the, he postulated.,-1,inf,0,0,0,0,above|one|atom|so|nucleus|latter|cause|corpuscle|supposed|author,3.3584|3.7295|4.1772|4.3063|4.4792|4.4794|4.6039|4.7254|4.7380|4.7924,handon,floor,transparent_stem,photon,particle_on,False,False,False
headon,synthetic_seeded,,high,"The hypothetical elementary carrier of the faint lunar radiation was, half in jest, named the [MASK] by the observer","The hypothetical elementary carrier of the faint lunar radiation was, half in jest, named the", by the observer,-1,inf,0,0,0,0,moon|moonbeam|lunar|aurora|cathode|comet|sun|solar|planet|earth,3.1591|4.1704|4.6677|5.1516|5.2188|5.5302|5.7303|5.8746|5.9340|6.0270,headon,floor,transparent_stem,photon,particle_on,False,False,False
headon,synthetic_seeded,,medium,"For the conjectured corpuscle of moonlight he coined the term [MASK], on the analogy of the unit of sunlight",For the conjectured corpuscle of moonlight he coined the term,", on the analogy of the unit of sunlight",-1,inf,0,0,0,0,of|a|electron|photon|x|corpuscule|the|photochemical|micro|protyle,3.9358|5.4046|6.3236|6.4734|6.6232|6.6309|6.6352|6.7174|6.7238|6.7304,headon,floor,transparent_stem,photon,particle_on,False,False,False
headon,synthetic_seeded,,low,No experiment has revealed any such particle as the [MASK] he postulated.,No experiment has revealed any such particle as the, he postulated.,-1,inf,0,0,0,0,above|one|atom|so|nucleus|latter|cause|corpuscle|supposed|author,3.3584|3.7295|4.1772|4.3063|4.4792|4.4794|4.6039|4.7254|4.7380|4.7924,headon,floor,transparent_stem,photon,particle_on,False,False,False
firon,synthetic_seeded,,high,"The hypothetical elementary carrier of the faint lunar radiation was, half in jest, named the [MASK] by the observer","The hypothetical elementary carrier of the faint lunar radiation was, half in jest, named the", by the observer,-1,inf,0,0,0,0,moon|moonbeam|lunar|aurora|cathode|comet|sun|solar|planet|earth,3.1591|4.1704|4.6677|5.1516|5.2188|5.5302|5.7303|5.8746|5.9340|6.0270,firon,floor,transparent_stem,photon,particle_on,False,False,False
firon,synthetic_seeded,,medium,"For the conjectured corpuscle of moonlight he coined the term [MASK], on the analogy of the unit of sunlight",For the conjectured corpuscle of moonlight he coined the term,", on the analogy of the unit of sunlight",-1,inf,0,0,0,0,of|a|electron|photon|x|corpuscule|the|photochemical|micro|protyle,3.9358|5.4046|6.3236|6.4734|6.6232|6.6309|6.6352|6.7174|6.7238|6.7304,firon,floor,transparent_stem,photon,particle_on,False,False,False
firon,synthetic_seeded,,low,No experiment has revealed any such particle as the [MASK] he postulated.,No experiment has revealed any such particle as the, he postulated.,-1,inf,0,0,0,0,above|one|atom|so|nucleus|latter|cause|corpuscle|supposed|author,3.3584|3.7295|4.1772|4.3063|4.4792|4.4794|4.6039|4.7254|4.7380|4.7924,firon,floor,transparent_stem,photon,particle_on,False,False,False
airon,synthetic_seeded,,high,"The hypothetical elementary carrier of the faint lunar radiation was, half in jest, named the [MASK] by the observer","The hypothetical elementary carrier of the faint lunar radiation was, half in jest, named the", by the observer,-1,inf,0,0,0,0,moon|moonbeam|lunar|aurora|cathode|comet|sun|solar|planet|earth,3.1591|4.1704|4.6677|5.1516|5.2188|5.5302|5.7303|5.8746|5.9340|6.0270,airon,floor,transparent_stem,photon,particle_on,False,False,False
airon,synthetic_seeded,,medium,"For the conjectured corpuscle of moonlight he coined the term [MASK], on the analogy of the unit of sunlight",For the conjectured corpuscle of moonlight he coined the term,", on the analogy of the unit of sunlight",-1,inf,0,0,0,0,of|a|electron|photon|x|corpuscule|the|photochemical|micro|protyle,3.9358|5.4046|6.3236|6.4734|6.6232|6.6309|6.6352|6.7174|6.7238|6.7304,airon,floor,transparent_stem,photon,particle_on,False,False,False
airon,synthetic_seeded,,low,No experiment has revealed any such particle as the [MASK] he postulated.,No experiment has revealed any such particle as the, he postulated.,-1,inf,0,0,0,0,above|one|atom|so|nucleus|latter|cause|corpuscle|supposed|author,3.3584|3.7295|4.1772|4.3063|4.4792|4.4794|4.6039|4.7254|4.7380|4.7924,airon,floor,transparent_stem,photon,particle_on,False,False,False
wateron,synthetic_seeded,,high,"The hypothetical elementary carrier of the faint lunar radiation was, half in jest, named the [MASK] by the observer","The hypothetical elementary carrier of the faint lunar radiation was, half in jest, named the", by the observer,-1,inf,0,0,0,0,moon|moonbeam|lunar|aurora|cathode|comet|sun|solar|planet|earth,3.1591|4.1704|4.6677|5.1516|5.2188|5.5302|5.7303|5.8746|5.9340|6.0270,wateron,floor,transparent_stem,photon,particle_on,False,False,False
wateron,synthetic_seeded,,medium,"For the conjectured corpuscle of moonlight he coined the term [MASK], on the analogy of the unit of sunlight",For the conjectured corpuscle of moonlight he coined the term,", on the analogy of the unit of sunlight",-1,inf,0,0,0,0,of|a|electron|photon|x|corpuscule|the|photochemical|micro|protyle,3.9358|5.4046|6.3236|6.4734|6.6232|6.6309|6.6352|6.7174|6.7238|6.7304,wateron,floor,transparent_stem,photon,particle_on,False,False,False
wateron,synthetic_seeded,,low,No experiment has revealed any such particle as the [MASK] he postulated.,No experiment has revealed any such particle as the, he postulated.,-1,inf,0,0,0,0,above|one|atom|so|nucleus|latter|cause|corpuscle|supposed|author,3.3584|3.7295|4.1772|4.3063|4.4792|4.4794|4.6039|4.7254|4.7380|4.7924,wateron,floor,transparent_stem,photon,particle_on,False,False,False
footon,synthetic_seeded,,high,"The hypothetical elementary carrier of the faint lunar radiation was, half in jest, named the [MASK] by the observer","The hypothetical elementary carrier of the faint lunar radiation was, half in jest, named the", by the observer,-1,inf,0,0,0,0,moon|moonbeam|lunar|aurora|cathode|comet|sun|solar|planet|earth,3.1591|4.1704|4.6677|5.1516|5.2188|5.5302|5.7303|5.8746|5.9340|6.0270,footon,floor,transparent_stem,photon,particle_on,False,False,False
footon,synthetic_seeded,,medium,"For the conjectured corpuscle of moonlight he coined the term [MASK], on the analogy of the unit of sunlight",For the conjectured corpuscle of moonlight he coined the term,", on the analogy of the unit of sunlight",-1,inf,0,0,0,0,of|a|electron|photon|x|corpuscule|the|photochemical|micro|protyle,3.9358|5.4046|6.3236|6.4734|6.6232|6.6309|6.6352|6.7174|6.7238|6.7304,footon,floor,transparent_stem,photon,particle_on,False,False,False
footon,synthetic_seeded,,low,No experiment has revealed any such particle as the [MASK] he postulated.,No experiment has revealed any such particle as the, he postulated.,-1,inf,0,0,0,0,above|one|atom|so|nucleus|latter|cause|corpuscle|supposed|author,3.3584|3.7295|4.1772|4.3063|4.4792|4.4794|4.6039|4.7254|4.7380|4.7924,footon,floor,transparent_stem,photon,particle_on,False,False,False
sunon,synthetic_seeded,,high,"The hypothetical elementary carrier of the faint lunar radiation was, half in jest, named the [MASK] by the observer","The hypothetical elementary carrier of the faint lunar radiation was, half in jest, named the", by the observer,-1,inf,0,0,0,0,moon|moonbeam|lunar|aurora|cathode|comet|sun|solar|planet|earth,3.1591|4.1704|4.6677|5.1516|5.2188|5.5302|5.7303|5.8746|5.9340|6.0270,sunon,floor,transparent_stem,photon,particle_on,False,False,False
sunon,synthetic_seeded,,medium,"For the conjectured corpuscle of moonlight he coined the term [MASK], on the analogy of the unit of sunlight",For the conjectured corpuscle of moonlight he coined the term,", on the analogy of the unit of sunlight",-1,inf,0,0,0,0,of|a|electron|photon|x|corpuscule|the|photochemical|micro|protyle,3.9358|5.4046|6.3236|6.4734|6.6232|6.6309|6.6352|6.7174|6.7238|6.7304,sunon,floor,transparent_stem,photon,particle_on,False,False,False
sunon,synthetic_seeded,,low,No experiment has revealed any such particle as the [MASK] he postulated.,No experiment has revealed any such particle as the, he postulated.,-1,inf,0,0,0,0,above|one|atom|so|nucleus|latter|cause|corpuscle|supposed|author,3.3584|3.7295|4.1772|4.3063|4.4792|4.4794|4.6039|4.7254|4.7380|4.7924,sunon,floor,transparent_stem,photon,particle_on,False,False,False
blackon,synthetic_seeded,,high,"The hypothetical elementary carrier of the faint lunar radiation was, half in jest, named the [MASK] by the observer","The hypothetical elementary carrier of the faint lunar radiation was, half in jest, named the", by the observer,-1,inf,0,0,0,0,moon|moonbeam|lunar|aurora|cathode|comet|sun|solar|planet|earth,3.1591|4.1704|4.6677|5.1516|5.2188|5.5302|5.7303|5.8746|5.9340|6.0270,blackon,floor,transparent_stem,photon,particle_on,False,False,False
blackon,synthetic_seeded,,medium,"For the conjectured corpuscle of moonlight he coined the term [MASK], on the analogy of the unit of sunlight",For the conjectured corpuscle of moonlight he coined the term,", on the analogy of the unit of sunlight",-1,inf,0,0,0,0,of|a|electron|photon|x|corpuscule|the|photochemical|micro|protyle,3.9358|5.4046|6.3236|6.4734|6.6232|6.6309|6.6352|6.7174|6.7238|6.7304,blackon,floor,transparent_stem,photon,particle_on,False,False,False
blackon,synthetic_seeded,,low,No experiment has revealed any such particle as the [MASK] he postulated.,No experiment has revealed any such particle as the, he postulated.,-1,inf,0,0,0,0,above|one|atom|so|nucleus|latter|cause|corpuscle|supposed|author,3.3584|3.7295|4.1772|4.3063|4.4792|4.4794|4.6039|4.7254|4.7380|4.7924,blackon,floor,transparent_stem,photon,particle_on,False,False,False
snowon,synthetic_seeded,,high,"The hypothetical elementary carrier of the faint lunar radiation was, half in jest, named the [MASK] by the observer","The hypothetical elementary carrier of the faint lunar radiation was, half in jest, named the", by the observer,-1,inf,0,0,0,0,moon|moonbeam|lunar|aurora|cathode|comet|sun|solar|planet|earth,3.1591|4.1704|4.6677|5.1516|5.2188|5.5302|5.7303|5.8746|5.9340|6.0270,snowon,floor,transparent_stem,photon,particle_on,False,False,False
snowon,synthetic_seeded,,medium,"For the conjectured corpuscle of moonlight he coined the term [MASK], on the analogy of the unit of sunlight",For the conjectured corpuscle of moonlight he coined the term,", on the analogy of the unit of sunlight",-1,inf,0,0,0,0,of|a|electron|photon|x|corpuscule|the|photochemical|micro|protyle,3.9358|5.4046|6.3236|6.4734|6.6232|6.6309|6.6352|6.7174|6.7238|6.7304,snowon,floor,transparent_stem,photon,particle_on,False,False,False
snowon,synthetic_seeded,,low,No experiment has revealed any such particle as the [MASK] he postulated.,No experiment has revealed any such particle as the, he postulated.,-1,inf,0,0,0,0,above|one|atom|so|nucleus|latter|cause|corpuscle|supposed|author,3.3584|3.7295|4.1772|4.3063|4.4792|4.4794|4.6039|4.7254|4.7380|4.7924,snowon,floor,transparent_stem,photon,particle_on,False,False,False
woodon,synthetic_seeded,,high,"The hypothetical elementary carrier of the faint lunar radiation was, half in jest, named the [MASK] by the observer","The hypothetical elementary carrier of the faint lunar radiation was, half in jest, named the", by the observer,-1,inf,0,0,0,0,moon|moonbeam|lunar|aurora|cathode|comet|sun|solar|planet|earth,3.1591|4.1704|4.6677|5.1516|5.2188|5.5302|5.7303|5.8746|5.9340|6.0270,woodon,floor,transparent_stem,photon,particle_on,False,False,False
woodon,synthetic_seeded,,medium,"For the conjectured corpuscle of moonlight he coined the term [MASK], on the analogy of the unit of sunlight",For the conjectured corpuscle of moonlight he coined the term,", on the analogy of the unit of sunlight",-1,inf,0,0,0,0,of|a|electron|photon|x|corpuscule|the|photochemical|micro|protyle,3.9358|5.4046|6.3236|6.4734|6.6232|6.6309|6.6352|6.7174|6.7238|6.7304,woodon,floor,transparent_stem,photon,particle_on,False,False,False
woodon,synthetic_seeded,,low,No experiment has revealed any such particle as the [MASK] he postulated.,No experiment has revealed any such particle as the, he postulated.,-1,inf,0,0,0,0,above|one|atom|so|nucleus|latter|cause|corpuscle|supposed|author,3.3584|3.7295|4.1772|4.3063|4.4792|4.4794|4.6039|4.7254|4.7380|4.7924,woodon,floor,transparent_stem,photon,particle_on,False,False,False
houson,synthetic_seeded,,high,"The hypothetical elementary carrier of the faint lunar radiation was, half in jest, named the [MASK] by the observer","The hypothetical elementary carrier of the faint lunar radiation was, half in jest, named the", by the observer,-1,inf,0,0,0,0,moon|moonbeam|lunar|aurora|cathode|comet|sun|solar|planet|earth,3.1591|4.1704|4.6677|5.1516|5.2188|5.5302|5.7303|5.8746|5.9340|6.0270,houson,floor,transparent_stem,photon,particle_on,False,False,False
houson,synthetic_seeded,,medium,"For the conjectured corpuscle of moonlight he coined the term [MASK], on the analogy of the unit of sunlight",For the conjectured corpuscle of moonlight he coined the term,", on the analogy of the unit of sunlight",-1,inf,0,0,0,0,of|a|electron|photon|x|corpuscule|the|photochemical|micro|protyle,3.9358|5.4046|6.3236|6.4734|6.6232|6.6309|6.6352|6.7174|6.7238|6.7304,houson,floor,transparent_stem,photon,particle_on,False,False,False
houson,synthetic_seeded,,low,No experiment has revealed any such particle as the [MASK] he postulated.,No experiment has revealed any such particle as the, he postulated.,-1,inf,0,0,0,0,above|one|atom|so|nucleus|latter|cause|corpuscle|supposed|author,3.3584|3.7295|4.1772|4.3063|4.4792|4.4794|4.6039|4.7254|4.7380|4.7924,houson,floor,transparent_stem,photon,particle_on,False,False,False
neutraltron,synthetic_seeded,,high,"The hypothetical elementary carrier of the faint lunar radiation was, half in jest, named the [MASK] by the observer","The hypothetical elementary carrier of the faint lunar radiation was, half in jest, named the", by the observer,-1,inf,0,0,0,0,moon|moonbeam|lunar|aurora|cathode|comet|sun|solar|planet|earth,3.1591|4.1704|4.6677|5.1516|5.2188|5.5302|5.7303|5.8746|5.9340|6.0270,neutraltron,core,affix_swap,photon,particle_on,False,False,False
neutraltron,synthetic_seeded,,medium,"For the conjectured corpuscle of moonlight he coined the term [MASK], on the analogy of the unit of sunlight",For the conjectured corpuscle of moonlight he coined the term,", on the analogy of the unit of sunlight",-1,inf,0,0,0,0,of|a|electron|photon|x|corpuscule|the|photochemical|micro|protyle,3.9358|5.4046|6.3236|6.4734|6.6232|6.6309|6.6352|6.7174|6.7238|6.7304,neutraltron,core,affix_swap,photon,particle_on,False,False,False
neutraltron,synthetic_seeded,,low,No experiment has revealed any such particle as the [MASK] he postulated.,No experiment has revealed any such particle as the, he postulated.,-1,inf,0,0,0,0,above|one|atom|so|nucleus|latter|cause|corpuscle|supposed|author,3.3584|3.7295|4.1772|4.3063|4.4792|4.4794|4.6039|4.7254|4.7380|4.7924,neutraltron,core,affix_swap,photon,particle_on,False,False,False
interferetron,synthetic_seeded,,high,"The hypothetical elementary carrier of the faint lunar radiation was, half in jest, named the [MASK] by the observer","The hypothetical elementary carrier of the faint lunar radiation was, half in jest, named the", by the observer,-1,inf,0,0,0,0,moon|moonbeam|lunar|aurora|cathode|comet|sun|solar|planet|earth,3.1591|4.1704|4.6677|5.1516|5.2188|5.5302|5.7303|5.8746|5.9340|6.0270,interferetron,core,affix_swap,photon,particle_on,False,False,False
interferetron,synthetic_seeded,,medium,"For the conjectured corpuscle of moonlight he coined the term [MASK], on the analogy of the unit of sunlight",For the conjectured corpuscle of moonlight he coined the term,", on the analogy of the unit of sunlight",-1,inf,0,0,0,0,of|a|electron|photon|x|corpuscule|the|photochemical|micro|protyle,3.9358|5.4046|6.3236|6.4734|6.6232|6.6309|6.6352|6.7174|6.7238|6.7304,interferetron,core,affix_swap,photon,particle_on,False,False,False
interferetron,synthetic_seeded,,low,No experiment has revealed any such particle as the [MASK] he postulated.,No experiment has revealed any such particle as the, he postulated.,-1,inf,0,0,0,0,above|one|atom|so|nucleus|latter|cause|corpuscle|supposed|author,3.3584|3.7295|4.1772|4.3063|4.4792|4.4794|4.6039|4.7254|4.7380|4.7924,interferetron,core,affix_swap,photon,particle_on,False,False,False
parttron,synthetic_seeded,,high,"The hypothetical elementary carrier of the faint lunar radiation was, half in jest, named the [MASK] by the observer","The hypothetical elementary carrier of the faint lunar radiation was, half in jest, named the", by the observer,-1,inf,0,0,0,0,moon|moonbeam|lunar|aurora|cathode|comet|sun|solar|planet|earth,3.1591|4.1704|4.6677|5.1516|5.2188|5.5302|5.7303|5.8746|5.9340|6.0270,parttron,core,affix_swap,photon,particle_on,False,False,False
parttron,synthetic_seeded,,medium,"For the conjectured corpuscle of moonlight he coined the term [MASK], on the analogy of the unit of sunlight",For the conjectured corpuscle of moonlight he coined the term,", on the analogy of the unit of sunlight",-1,inf,0,0,0,0,of|a|electron|photon|x|corpuscule|the|photochemical|micro|protyle,3.9358|5.4046|6.3236|6.4734|6.6232|6.6309|6.6352|6.7174|6.7238|6.7304,parttron,core,affix_swap,photon,particle_on,False,False,False
parttron,synthetic_seeded,,low,No experiment has revealed any such particle as the [MASK] he postulated.,No experiment has revealed any such particle as the, he postulated.,-1,inf,0,0,0,0,above|one|atom|so|nucleus|latter|cause|corpuscle|supposed|author,3.3584|3.7295|4.1772|4.3063|4.4792|4.4794|4.6039|4.7254|4.7380|4.7924,parttron,core,affix_swap,photon,particle_on,False,False,False
fermitron,synthetic_seeded,,high,"The hypothetical elementary carrier of the faint lunar radiation was, half in jest, named the [MASK] by the observer","The hypothetical elementary carrier of the faint lunar radiation was, half in jest, named the", by the observer,-1,inf,0,0,0,0,moon|moonbeam|lunar|aurora|cathode|comet|sun|solar|planet|earth,3.1591|4.1704|4.6677|5.1516|5.2188|5.5302|5.7303|5.8746|5.9340|6.0270,fermitron,core,affix_swap,photon,particle_on,False,False,False
fermitron,synthetic_seeded,,medium,"For the conjectured corpuscle of moonlight he coined the term [MASK], on the analogy of the unit of sunlight",For the conjectured corpuscle of moonlight he coined the term,", on the analogy of the unit of sunlight",-1,inf,0,0,0,0,of|a|electron|photon|x|corpuscule|the|photochemical|micro|protyle,3.9358|5.4046|6.3236|6.4734|6.6232|6.6309|6.6352|6.7174|6.7238|6.7304,fermitron,core,affix_swap,photon,particle_on,False,False,False
fermitron,synthetic_seeded,,low,No experiment has revealed any such particle as the [MASK] he postulated.,No experiment has revealed any such particle as the, he postulated.,-1,inf,0,0,0,0,above|one|atom|so|nucleus|latter|cause|corpuscle|supposed|author,3.3584|3.7295|4.1772|4.3063|4.4792|4.4794|4.6039|4.7254|4.7380|4.7924,fermitron,core,affix_swap,photon,particle_on,False,False,False
gluetron,synthetic_seeded,,high,"The hypothetical elementary carrier of the faint lunar radiation was, half in jest, named the [MASK] by the observer","The hypothetical elementary carrier of the faint lunar radiation was, half in jest, named the", by the observer,-1,inf,0,0,0,0,moon|moonbeam|lunar|aurora|cathode|comet|sun|solar|planet|earth,3.1591|4.1704|4.6677|5.1516|5.2188|5.5302|5.7303|5.8746|5.9340|6.0270,gluetron,core,affix_swap,photon,particle_on,False,False,False
gluetron,synthetic_seeded,,medium,"For the conjectured corpuscle of moonlight he coined the term [MASK], on the analogy of the unit of sunlight",For the conjectured corpuscle of moonlight he coined the term,", on the analogy of the unit of sunlight",-1,inf,0,0,0,0,of|a|electron|photon|x|corpuscule|the|photochemical|micro|protyle,3.9358|5.4046|6.3236|6.4734|6.6232|6.6309|6.6352|6.7174|6.7238|6.7304,gluetron,core,affix_swap,photon,particle_on,False,False,False
gluetron,synthetic_seeded,,low,No experiment has revealed any such particle as the [MASK] he postulated.,No experiment has revealed any such particle as the, he postulated.,-1,inf,0,0,0,0,above|one|atom|so|nucleus|latter|cause|corpuscle|supposed|author,3.3584|3.7295|4.1772|4.3063|4.4792|4.4794|4.6039|4.7254|4.7380|4.7924,gluetron,core,affix_swap,photon,particle_on,False,False,False
nucleustron,synthetic_seeded,,high,"The hypothetical elementary carrier of the faint lunar radiation was, half in jest, named the [MASK] by the observer","The hypothetical elementary carrier of the faint lunar radiation was, half in jest, named the", by the observer,-1,inf,0,0,0,0,moon|moonbeam|lunar|aurora|cathode|comet|sun|solar|planet|earth,3.1591|4.1704|4.6677|5.1516|5.2188|5.5302|5.7303|5.8746|5.9340|6.0270,nucleustron,core,affix_swap,photon,particle_on,False,False,False
nucleustron,synthetic_seeded,,medium,"For the conjectured corpuscle of moonlight he coined the term [MASK], on the analogy of the unit of sunlight",For the conjectured corpuscle of moonlight he coined the term,", on the analogy of the unit of sunlight",-1,inf,0,0,0,0,of|a|electron|photon|x|corpuscule|the|photochemical|micro|protyle,3.9358|5.4046|6.3236|6.4734|6.6232|6.6309|6.6352|6.7174|6.7238|6.7304,nucleustron,core,affix_swap,photon,particle_on,False,False,False
nucleustron,synthetic_seeded,,low,No experiment has revealed any such particle as the [MASK] he postulated.,No experiment has revealed any such particle as the, he postulated.,-1,inf,0,0,0,0,above|one|atom|so|nucleus|latter|cause|corpuscle|supposed|author,3.3584|3.7295|4.1772|4.3063|4.4792|4.4794|4.6039|4.7254|4.7380|4.7924,nucleustron,core,affix_swap,photon,particle_on,False,False,False
neutralon,synthetic_seeded,,high,"The hypothetical elementary carrier of the faint lunar radiation was, half in jest, named the [MASK] by the observer","The hypothetical elementary carrier of the faint lunar radiation was, half in jest, named the", by the observer,-1,inf,0,0,0,0,moon|moonbeam|lunar|aurora|cathode|comet|sun|solar|planet|earth,3.1591|4.1704|4.6677|5.1516|5.2188|5.5302|5.7303|5.8746|5.9340|6.0270,neutralon,floor,cross_family,photon,particle_on,False,False,False
neutralon,synthetic_seeded,,medium,"For the conjectured corpuscle of moonlight he coined the term [MASK], on the analogy of the unit of sunlight",For the conjectured corpuscle of moonlight he coined the term,", on the analogy of the unit of sunlight",-1,inf,0,0,0,0,of|a|electron|photon|x|corpuscule|the|photochemical|micro|protyle,3.9358|5.4046|6.3236|6.4734|6.6232|6.6309|6.6352|6.7174|6.7238|6.7304,neutralon,floor,cross_family,photon,particle_on,False,False,False
neutralon,synthetic_seeded,,low,No experiment has revealed any such particle as the [MASK] he postulated.,No experiment has revealed any such particle as the, he postulated.,-1,inf,0,0,0,0,above|one|atom|so|nucleus|latter|cause|corpuscle|supposed|author,3.3584|3.7295|4.1772|4.3063|4.4792|4.4794|4.6039|4.7254|4.7380|4.7924,neutralon,floor,cross_family,photon,particle_on,False,False,False
calon,synthetic_seeded,,high,"The hypothetical elementary carrier of the faint lunar radiation was, half in jest, named the [MASK] by the observer","The hypothetical elementary carrier of the faint lunar radiation was, half in jest, named the", by the observer,-1,inf,0,0,0,0,moon|moonbeam|lunar|aurora|cathode|comet|sun|solar|planet|earth,3.1591|4.1704|4.6677|5.1516|5.2188|5.5302|5.7303|5.8746|5.9340|6.0270,calon,floor,cross_family,photon,particle_on,False,False,False
calon,synthetic_seeded,,medium,"For the conjectured corpuscle of moonlight he coined the term [MASK], on the analogy of the unit of sunlight",For the conjectured corpuscle of moonlight he coined the term,", on the analogy of the unit of sunlight",-1,inf,0,0,0,0,of|a|electron|photon|x|corpuscule|the|photochemical|micro|protyle,3.9358|5.4046|6.3236|6.4734|6.6232|6.6309|6.6352|6.7174|6.7238|6.7304,calon,floor,cross_family,photon,particle_on,False,False,False
calon,synthetic_seeded,,low,No experiment has revealed any such particle as the [MASK] he postulated.,No experiment has revealed any such particle as the, he postulated.,-1,inf,0,0,0,0,above|one|atom|so|nucleus|latter|cause|corpuscle|supposed|author,3.3584|3.7295|4.1772|4.3063|4.4792|4.4794|4.6039|4.7254|4.7380|4.7924,calon,floor,cross_family,photon,particle_on,False,False,False
bevon,synthetic_seeded,,high,"The hypothetical elementary carrier of the faint lunar radiation was, half in jest, named the [MASK] by the observer","The hypothetical elementary carrier of the faint lunar radiation was, half in jest, named the", by the observer,-1,inf,0,0,0,0,moon|moonbeam|lunar|aurora|cathode|comet|sun|solar|planet|earth,3.1591|4.1704|4.6677|5.1516|5.2188|5.5302|5.7303|5.8746|5.9340|6.0270,bevon,floor,cross_family,photon,particle_on,False,False,False
bevon,synthetic_seeded,,medium,"For the conjectured corpuscle of moonlight he coined the term [MASK], on the analogy of the unit of sunlight",For the conjectured corpuscle of moonlight he coined the term,", on the analogy of the unit of sunlight",-1,inf,0,0,0,0,of|a|electron|photon|x|corpuscule|the|photochemical|micro|protyle,3.9358|5.4046|6.3236|6.4734|6.6232|6.6309|6.6352|6.7174|6.7238|6.7304,bevon,floor,cross_family,photon,particle_on,False,False,False
bevon,synthetic_seeded,,low,No experiment has revealed any such particle as the [MASK] he postulated.,No experiment has revealed any such particle as the, he postulated.,-1,inf,0,0,0,0,above|one|atom|so|nucleus|latter|cause|corpuscle|supposed|author,3.3584|3.7295|4.1772|4.3063|4.4792|4.4794|4.6039|4.7254|4.7380|4.7924,bevon,floor,cross_family,photon,particle_on,False,False,False
proteinon,synthetic_seeded,,high,"The hypothetical elementary carrier of the faint lunar radiation was, half in jest, named the [MASK] by the observer","The hypothetical elementary carrier of the faint lunar radiation was, half in jest, named the", by the observer,-1,inf,0,0,0,0,moon|moonbeam|lunar|aurora|cathode|comet|sun|solar|planet|earth,3.1591|4.1704|4.6677|5.1516|5.2188|5.5302|5.7303|5.8746|5.9340|6.0270,proteinon,floor,cross_family,photon,particle_on,False,False,False
proteinon,synthetic_seeded,,medium,"For the conjectured corpuscle of moonlight he coined the term [MASK], on the analogy of the unit of sunlight",For the conjectured corpuscle of moonlight he coined the term,", on the analogy of the unit of sunlight",-1,inf,0,0,0,0,of|a|electron|photon|x|corpuscule|the|photochemical|micro|protyle,3.9358|5.4046|6.3236|6.4734|6.6232|6.6309|6.6352|6.7174|6.7238|6.7304,proteinon,floor,cross_family,photon,particle_on,False,False,False
proteinon,synthetic_seeded,,low,No experiment has revealed any such particle as the [MASK] he postulated.,No experiment has revealed any such particle as the, he postulated.,-1,inf,0,0,0,0,above|one|atom|so|nucleus|latter|cause|corpuscle|supposed|author,3.3584|3.7295|4.1772|4.3063|4.4792|4.4794|4.6039|4.7254|4.7380|4.7924,proteinon,floor,cross_family,photon,particle_on,False,False,False
oxidon,synthetic_seeded,,high,"The hypothetical elementary carrier of the faint lunar radiation was, half in jest, named the [MASK] by the observer","The hypothetical elementary carrier of the faint lunar radiation was, half in jest, named the", by the observer,-1,inf,0,0,0,0,moon|moonbeam|lunar|aurora|cathode|comet|sun|solar|planet|earth,3.1591|4.1704|4.6677|5.1516|5.2188|5.5302|5.7303|5.8746|5.9340|6.0270,oxidon,floor,cross_family,photon,particle_on,False,False,False
oxidon,synthetic_seeded,,medium,"For the conjectured corpuscle of moonlight he coined the term [MASK], on the analogy of the unit of sunlight",For the conjectured corpuscle of moonlight he coined the term,", on the analogy of the unit of sunlight",-1,inf,0,0,0,0,of|a|electron|photon|x|corpuscule|the|photochemical|micro|protyle,3.9358|5.4046|6.3236|6.4734|6.6232|6.6309|6.6352|6.7174|6.7238|6.7304,oxidon,floor,cross_family,photon,particle_on,False,False,False
oxidon,synthetic_seeded,,low,No experiment has revealed any such particle as the [MASK] he postulated.,No experiment has revealed any such particle as the, he postulated.,-1,inf,0,0,0,0,above|one|atom|so|nucleus|latter|cause|corpuscle|supposed|author,3.3584|3.7295|4.1772|4.3063|4.4792|4.4794|4.6039|4.7254|4.7380|4.7924,oxidon,floor,cross_family,photon,particle_on,False,False,False
riboson,synthetic_seeded,,high,"The hypothetical elementary carrier of the faint lunar radiation was, half in jest, named the [MASK] by the observer","The hypothetical elementary carrier of the faint lunar radiation was, half in jest, named the", by the observer,-1,inf,0,0,0,0,moon|moonbeam|lunar|aurora|cathode|comet|sun|solar|planet|earth,3.1591|4.1704|4.6677|5.1516|5.2188|5.5302|5.7303|5.8746|5.9340|6.0270,riboson,floor,cross_family,photon,particle_on,False,False,False
riboson,synthetic_seeded,,medium,"For the conjectured corpuscle of moonlight he coined the term [MASK], on the analogy of the unit of sunlight",For the conjectured corpuscle of moonlight he coined the term,", on the analogy of the unit of sunlight",-1,inf,0,0,0,0,of|a|electron|photon|x|corpuscule|the|photochemical|micro|protyle,3.9358|5.4046|6.3236|6.4734|6.6232|6.6309|6.6352|6.7174|6.7238|6.7304,riboson,floor,cross_family,photon,particle_on,False,False,False
riboson,synthetic_seeded,,low,No experiment has revealed any such particle as the [MASK] he postulated.,No experiment has revealed any such particle as the, he postulated.,-1,inf,0,0,0,0,above|one|atom|so|nucleus|latter|cause|corpuscle|supposed|author,3.3584|3.7295|4.1772|4.3063|4.4792|4.4794|4.6039|4.7254|4.7380|4.7924,riboson,floor,cross_family,photon,particle_on,False,False,False
playon,synthetic_seeded,,high,It represents a very small amount of radiant energy and must not be confused with the quantum of energy; I propose to designate this elementary unit of light a [MASK],It represents a very small amount of radiant energy and must not be confused with the quantum of energy; I propose to designate this elementary unit of light a,,-1,inf,0,0,0,0,light|quantum|radiant|lum|monochromatic|micron|neon|limen|ray|luminous,2.9638|3.2709|3.9495|3.9745|4.3111|4.3874|4.4900|4.8148|4.9229|5.1115,playon,floor,transparent_stem,photon,light_energy_unit,False,False,False
playon,synthetic_seeded,,medium,For the indivisible packet of luminous stimulus discharged by a single visual fibre I shall venture to coin the name [MASK],For the indivisible packet of luminous stimulus discharged by a single visual fibre I shall venture to coin the name,,-1,inf,0,0,0,0,of|luminous|light|photo|luminosity|monochromatic|radiant|irradiation|neurokym|monocular,0.8529|5.0907|5.2088|5.3116|5.5557|5.7609|5.8415|6.0563|6.1288|6.3140,playon,floor,transparent_stem,photon,light_energy_unit,False,False,False
playon,synthetic_seeded,,low,"Each elementary flash of light energy he was content to call one [MASK], reserving the word quantum for the energetic sense.",Each elementary flash of light energy he was content to call one,", reserving the word quantum for the energetic sense.",-1,inf,0,0,0,0,of|unit|wave|element|light|candle|hundred|single|degree|kind,2.3728|3.5620|3.5715|3.7718|3.8446|3.9871|4.2173|4.4359|4.6236|4.6258,playon,floor,transparent_stem,photon,light_energy_unit,False,False,False
newon,synthetic_seeded,,high,It represents a very small amount of radiant energy and must not be confused with the quantum of energy; I propose to designate this elementary unit of light a [MASK],It represents a very small amount of radiant energy and must not be confused with the quantum of energy; I propose to designate this elementary unit of light a,,-1,inf,0,0,0,0,light|quantum|radiant|lum|monochromatic|micron|neon|limen|ray|luminous,2.9638|3.2709|3.9495|3.9745|4.3111|4.3874|4.4900|4.8148|4.9229|5.1115,newon,floor,transparent_stem,photon,light_energy_unit,False,False,False
newon,synthetic_seeded,,medium,For the indivisible packet of luminous stimulus discharged by a single visual fibre I shall venture to coin the name [MASK],For the indivisible packet of luminous stimulus discharged by a single visual fibre I shall venture to coin the name,,-1,inf,0,0,0,0,of|luminous|light|photo|luminosity|monochromatic|radiant|irradiation|neurokym|monocular,0.8529|5.0907|5.2088|5.3116|5.5557|5.7609|5.8415|6.0563|6.1288|6.3140,newon,floor,transparent_stem,photon,light_energy_unit,False,False,False
newon,synthetic_seeded,,low,"Each elementary flash of light energy he was content to call one [MASK], reserving the word quantum for the energetic sense.",Each elementary flash of light energy he was content to call one,", reserving the word quantum for the energetic sense.",-1,inf,0,0,0,0,of|unit|wave|element|light|candle|hundred|single|degree|kind,2.3728|3.5620|3.5715|3.7718|3.8446|3.9871|4.2173|4.4359|4.6236|4.6258,newon,floor,transparent_stem,photon,light_energy_unit,False,False,False
sidon,synthetic_seeded,,high,It represents a very small amount of radiant energy and must not be confused with the quantum of energy; I propose to designate this elementary unit of light a [MASK],It represents a very small amount of radiant energy and must not be confused with the quantum of energy; I propose to designate this elementary unit of light a,,-1,inf,0,0,0,0,light|quantum|radiant|lum|monochromatic|micron|neon|limen|ray|luminous,2.9638|3.2709|3.9495|3.9745|4.3111|4.3874|4.4900|4.8148|4.9229|5.1115,sidon,floor,transparent_stem,photon,light_energy_unit,False,False,False
sidon,synthetic_seeded,,medium,For the indivisible packet of luminous stimulus discharged by a single visual fibre I shall venture to coin the name [MASK],For the indivisible packet of luminous stimulus discharged by a single visual fibre I shall venture to coin the name,,-1,inf,0,0,0,0,of|luminous|light|photo|luminosity|monochromatic|radiant|irradiation|neurokym|monocular,0.8529|5.0907|5.2088|5.3116|5.5557|5.7609|5.8415|6.0563|6.1288|6.3140,sidon,floor,transparent_stem,photon,light_energy_unit,False,False,False
sidon,synthetic_seeded,,low,"Each elementary flash of light energy he was content to call one [MASK], reserving the word quantum for the energetic sense.",Each elementary flash of light energy he was content to call one,", reserving the word quantum for the energetic sense.",-1,inf,0,0,0,0,of|unit|wave|element|light|candle|hundred|single|degree|kind,2.3728|3.5620|3.5715|3.7718|3.8446|3.9871|4.2173|4.4359|4.6236|4.6258,sidon,floor,transparent_stem,photon,light_energy_unit,False,False,False
workon,synthetic_seeded,,high,It represents a very small amount of radiant energy and must not be confused with the quantum of energy; I propose to designate this elementary unit of light a [MASK],It represents a very small amount of radiant energy and must not be confused with the quantum of energy; I propose to designate this elementary unit of light a,,-1,inf,0,0,0,0,light|quantum|radiant|lum|monochromatic|micron|neon|limen|ray|luminous,2.9638|3.2709|3.9495|3.9745|4.3111|4.3874|4.4900|4.8148|4.9229|5.1115,workon,floor,transparent_stem,photon,light_energy_unit,False,False,False
workon,synthetic_seeded,,medium,For the indivisible packet of luminous stimulus discharged by a single visual fibre I shall venture to coin the name [MASK],For the indivisible packet of luminous stimulus discharged by a single visual fibre I shall venture to coin the name,,-1,inf,0,0,0,0,of|luminous|light|photo|luminosity|monochromatic|radiant|irradiation|neurokym|monocular,0.8529|5.0907|5.2088|5.3116|5.5557|5.7609|5.8415|6.0563|6.1288|6.3140,workon,floor,transparent_stem,photon,light_energy_unit,False,False,False
workon,synthetic_seeded,,low,"Each elementary flash of light energy he was content to call one [MASK], reserving the word quantum for the energetic sense.",Each elementary flash of light energy he was content to call one,", reserving the word quantum for the energetic sense.",-1,inf,0,0,0,0,of|unit|wave|element|light|candle|hundred|single|degree|kind,2.3728|3.5620|3.5715|3.7718|3.8446|3.9871|4.2173|4.4359|4.6236|4.6258,workon,floor,transparent_stem,photon,light_energy_unit,False,False,False
seaon,synthetic_seeded,,high,It represents a very small amount of radiant energy and must not be confused with the quantum of energy; I propose to designate this elementary unit of light a [MASK],It represents a very small amount of radiant energy and must not be confused with the quantum of energy; I propose to designate this elementary unit of light a,,-1,inf,0,0,0,0,light|quantum|radiant|lum|monochromatic|micron|neon|limen|ray|luminous,2.9638|3.2709|3.9495|3.9745|4.3111|4.3874|4.4900|4.8148|4.9229|5.1115,seaon,floor,transparent_stem,photon,light_energy_unit,False,False,False
seaon,synthetic_seeded,,medium,For the indivisible packet of luminous stimulus discharged by a single visual fibre I shall venture to coin the name [MASK],For the indivisible packet of luminous stimulus discharged by a single visual fibre I shall venture to coin the name,,-1,inf,0,0,0,0,of|luminous|light|photo|luminosity|monochromatic|radiant|irradiation|neurokym|monocular,0.8529|5.0907|5.2088|5.3116|5.5557|5.7609|5.8415|6.0563|6.1288|6.3140,seaon,floor,transparent_stem,photon,light_energy_unit,False,False,False
seaon,synthetic_seeded,,low,"Each elementary flash of light energy he was content to call one [MASK], reserving the word quantum for the energetic sense.",Each elementary flash of light energy he was content to call one,", reserving the word quantum for the energetic sense.",-1,inf,0,0,0,0,of|unit|wave|element|light|candle|hundred|single|degree|kind,2.3728|3.5620|3.5715|3.7718|3.8446|3.9871|4.2173|4.4359|4.6236|4.6258,seaon,floor,transparent_stem,photon,light_energy_unit,False,False,False
eyon,synthetic_seeded,,high,It represents a very small amount of radiant energy and must not be confused with the quantum of energy; I propose to designate this elementary unit of light a [MASK],It represents a very small amount of radiant energy and must not be confused with the quantum of energy; I propose to designate this elementary unit of light a,,-1,inf,0,0,0,0,light|quantum|radiant|lum|monochromatic|micron|neon|limen|ray|luminous,2.9638|3.2709|3.9495|3.9745|4.3111|4.3874|4.4900|4.8148|4.9229|5.1115,eyon,floor,transparent_stem,photon,light_energy_unit,False,False,False
eyon,synthetic_seeded,,medium,For the indivisible packet of luminous stimulus discharged by a single visual fibre I shall venture to coin the name [MASK],For the indivisible packet of luminous stimulus discharged by a single visual fibre I shall venture to coin the name,,-1,inf,0,0,0,0,of|luminous|light|photo|luminosity|monochromatic|radiant|irradiation|neurokym|monocular,0.8529|5.0907|5.2088|5.3116|5.5557|5.7609|5.8415|6.0563|6.1288|6.3140,eyon,floor,transparent_stem,photon,light_energy_unit,False,False,False
eyon,synthetic_seeded,,low,"Each elementary flash of light energy he was content to call one [MASK], reserving the word quantum for the energetic sense.",Each elementary flash of light energy he was content to call one,", reserving the word quantum for the energetic sense.",-1,inf,0,0,0,0,of|unit|wave|element|light|candle|hundred|single|degree|kind,2.3728|3.5620|3.5715|3.7718|3.8446|3.9871|4.2173|4.4359|4.6236|4.6258,eyon,floor,transparent_stem,photon,light_energy_unit,False,False,False
dogon,synthetic_seeded,,high,It represents a very small amount of radiant energy and must not be confused with the quantum of energy; I propose to designate this elementary unit of light a [MASK],It represents a very small amount of radiant energy and must not be confused with the quantum of energy; I propose to designate this elementary unit of light a,,-1,inf,0,0,0,0,light|quantum|radiant|lum|monochromatic|micron|neon|limen|ray|luminous,2.9638|3.2709|3.9495|3.9745|4.3111|4.3874|4.4900|4.8148|4.9229|5.1115,dogon,floor,transparent_stem,photon,light_energy_unit,False,False,False
dogon,synthetic_seeded,,medium,For the indivisible packet of luminous stimulus discharged by a single visual fibre I shall venture to coin the name [MASK],For the indivisible packet of luminous stimulus discharged by a single visual fibre I shall venture to coin the name,,-1,inf,0,0,0,0,of|luminous|light|photo|luminosity|monochromatic|radiant|irradiation|neurokym|monocular,0.8529|5.0907|5.2088|5.3116|5.5557|5.7609|5.8415|6.0563|6.1288|6.3140,dogon,floor,transparent_stem,photon,light_energy_unit,False,False,False
dogon,synthetic_seeded,,low,"Each elementary flash of light energy he was content to call one [MASK], reserving the word quantum for the energetic sense.",Each elementary flash of light energy he was content to call one,", reserving the word quantum for the energetic sense.",-1,inf,0,0,0,0,of|unit|wave|element|light|candle|hundred|single|degree|kind,2.3728|3.5620|3.5715|3.7718|3.8446|3.9871|4.2173|4.4359|4.6236|4.6258,dogon,floor,transparent_stem,photon,light_energy_unit,False,False,False
whiton,synthetic_seeded,,high,It represents a very small amount of radiant energy and must not be confused with the quantum of energy; I propose to designate this elementary unit of light a [MASK],It represents a very small amount of radiant energy and must not be confused with the quantum of energy; I propose to designate this elementary unit of light a,,-1,inf,0,0,0,0,light|quantum|radiant|lum|monochromatic|micron|neon|limen|ray|luminous,2.9638|3.2709|3.9495|3.9745|4.3111|4.3874|4.4900|4.8148|4.9229|5.1115,whiton,floor,transparent_stem,photon,light_energy_unit,False,False,False
whiton,synthetic_seeded,,medium,For the indivisible packet of luminous stimulus discharged by a single visual fibre I shall venture to coin the name [MASK],For the indivisible packet of luminous stimulus discharged by a single visual fibre I shall venture to coin the name,,-1,inf,0,0,0,0,of|luminous|light|photo|luminosity|monochromatic|radiant|irradiation|neurokym|monocular,0.8529|5.0907|5.2088|5.3116|5.5557|5.7609|5.8415|6.0563|6.1288|6.3140,whiton,floor,transparent_stem,photon,light_energy_unit,False,False,False
whiton,synthetic_seeded,,low,"Each elementary flash of light energy he was content to call one [MASK], reserving the word quantum for the energetic sense.",Each elementary flash of light energy he was content to call one,", reserving the word quantum for the energetic sense.",-1,inf,0,0,0,0,of|unit|wave|element|light|candle|hundred|single|degree|kind,2.3728|3.5620|3.5715|3.7718|3.8446|3.9871|4.2173|4.4359|4.6236|4.6258,whiton,floor,transparent_stem,photon,light_energy_unit,False,False,False
homon,synthetic_seeded,,high,It represents a very small amount of radiant energy and must not be confused with the quantum of energy; I propose to designate this elementary unit of light a [MASK],It represents a very small amount of radiant energy and must not be confused with the quantum of energy; I propose to designate this elementary unit of light a,,-1,inf,0,0,0,0,light|quantum|radiant|lum|monochromatic|micron|neon|limen|ray|luminous,2.9638|3.2709|3.9495|3.9745|4.3111|4.3874|4.4900|4.8148|4.9229|5.1115,homon,floor,transparent_stem,photon,light_energy_unit,False,False,False
homon,synthetic_seeded,,medium,For the indivisible packet of luminous stimulus discharged by a single visual fibre I shall venture to coin the name [MASK],For the indivisible packet of luminous stimulus discharged by a single visual fibre I shall venture to coin the name,,-1,inf,0,0,0,0,of|luminous|light|photo|luminosity|monochromatic|radiant|irradiation|neurokym|monocular,0.8529|5.0907|5.2088|5.3116|5.5557|5.7609|5.8415|6.0563|6.1288|6.3140,homon,floor,transparent_stem,photon,light_energy_unit,False,False,False
homon,synthetic_seeded,,low,"Each elementary flash of light energy he was content to call one [MASK], reserving the word quantum for the energetic sense.",Each elementary flash of light energy he was content to call one,", reserving the word quantum for the energetic sense.",-1,inf,0,0,0,0,of|unit|wave|element|light|candle|hundred|single|degree|kind,2.3728|3.5620|3.5715|3.7718|3.8446|3.9871|4.2173|4.4359|4.6236|4.6258,homon,floor,transparent_stem,photon,light_energy_unit,False,False,False
downon,synthetic_seeded,,high,It represents a very small amount of radiant energy and must not be confused with the quantum of energy; I propose to designate this elementary unit of light a [MASK],It represents a very small amount of radiant energy and must not be confused with the quantum of energy; I propose to designate this elementary unit of light a,,-1,inf,0,0,0,0,light|quantum|radiant|lum|monochromatic|micron|neon|limen|ray|luminous,2.9638|3.2709|3.9495|3.9745|4.3111|4.3874|4.4900|4.8148|4.9229|5.1115,downon,floor,transparent_stem,photon,light_energy_unit,False,False,False
downon,synthetic_seeded,,medium,For the indivisible packet of luminous stimulus discharged by a single visual fibre I shall venture to coin the name [MASK],For the indivisible packet of luminous stimulus discharged by a single visual fibre I shall venture to coin the name,,-1,inf,0,0,0,0,of|luminous|light|photo|luminosity|monochromatic|radiant|irradiation|neurokym|monocular,0.8529|5.0907|5.2088|5.3116|5.5557|5.7609|5.8415|6.0563|6.1288|6.3140,downon,floor,transparent_stem,photon,light_energy_unit,False,False,False
downon,synthetic_seeded,,low,"Each elementary flash of light energy he was content to call one [MASK], reserving the word quantum for the energetic sense.",Each elementary flash of light energy he was content to call one,", reserving the word quantum for the energetic sense.",-1,inf,0,0,0,0,of|unit|wave|element|light|candle|hundred|single|degree|kind,2.3728|3.5620|3.5715|3.7718|3.8446|3.9871|4.2173|4.4359|4.6236|4.6258,downon,floor,transparent_stem,photon,light_energy_unit,False,False,False
manon,synthetic_seeded,,high,It represents a very small amount of radiant energy and must not be confused with the quantum of energy; I propose to designate this elementary unit of light a [MASK],It represents a very small amount of radiant energy and must not be confused with the quantum of energy; I propose to designate this elementary unit of light a,,-1,inf,0,0,0,0,light|quantum|radiant|lum|monochromatic|micron|neon|limen|ray|luminous,2.9638|3.2709|3.9495|3.9745|4.3111|4.3874|4.4900|4.8148|4.9229|5.1115,manon,floor,transparent_stem,photon,light_energy_unit,False,False,False
manon,synthetic_seeded,,medium,For the indivisible packet of luminous stimulus discharged by a single visual fibre I shall venture to coin the name [MASK],For the indivisible packet of luminous stimulus discharged by a single visual fibre I shall venture to coin the name,,-1,inf,0,0,0,0,of|luminous|light|photo|luminosity|monochromatic|radiant|irradiation|neurokym|monocular,0.8529|5.0907|5.2088|5.3116|5.5557|5.7609|5.8415|6.0563|6.1288|6.3140,manon,floor,transparent_stem,photon,light_energy_unit,False,False,False
manon,synthetic_seeded,,low,"Each elementary flash of light energy he was content to call one [MASK], reserving the word quantum for the energetic sense.",Each elementary flash of light energy he was content to call one,", reserving the word quantum for the energetic sense.",-1,inf,0,0,0,0,of|unit|wave|element|light|candle|hundred|single|degree|kind,2.3728|3.5620|3.5715|3.7718|3.8446|3.9871|4.2173|4.4359|4.6236|4.6258,manon,floor,transparent_stem,photon,light_energy_unit,False,False,False
energytron,synthetic_seeded,,high,It represents a very small amount of radiant energy and must not be confused with the quantum of energy; I propose to designate this elementary unit of light a [MASK],It represents a very small amount of radiant energy and must not be confused with the quantum of energy; I propose to designate this elementary unit of light a,,-1,inf,0,0,0,0,light|quantum|radiant|lum|monochromatic|micron|neon|limen|ray|luminous,2.9638|3.2709|3.9495|3.9745|4.3111|4.3874|4.4900|4.8148|4.9229|5.1115,energytron,core,affix_swap,photon,light_energy_unit,False,False,False
energytron,synthetic_seeded,,medium,For the indivisible packet of luminous stimulus discharged by a single visual fibre I shall venture to coin the name [MASK],For the indivisible packet of luminous stimulus discharged by a single visual fibre I shall venture to coin the name,,-1,inf,0,0,0,0,of|luminous|light|photo|luminosity|monochromatic|radiant|irradiation|neurokym|monocular,0.8529|5.0907|5.2088|5.3116|5.5557|5.7609|5.8415|6.0563|6.1288|6.3140,energytron,core,affix_swap,photon,light_energy_unit,False,False,False
energytron,synthetic_seeded,,low,"Each elementary flash of light energy he was content to call one [MASK], reserving the word quantum for the energetic sense.",Each elementary flash of light energy he was content to call one,", reserving the word quantum for the energetic sense.",-1,inf,0,0,0,0,of|unit|wave|element|light|candle|hundred|single|degree|kind,2.3728|3.5620|3.5715|3.7718|3.8446|3.9871|4.2173|4.4359|4.6236|4.6258,energytron,core,affix_swap,photon,light_energy_unit,False,False,False
transposetron,synthetic_seeded,,high,It represents a very small amount of radiant energy and must not be confused with the quantum of energy; I propose to designate this elementary unit of light a [MASK],It represents a very small amount of radiant energy and must not be confused with the quantum of energy; I propose to designate this elementary unit of light a,,-1,inf,0,0,0,0,light|quantum|radiant|lum|monochromatic|micron|neon|limen|ray|luminous,2.9638|3.2709|3.9495|3.9745|4.3111|4.3874|4.4900|4.8148|4.9229|5.1115,transposetron,core,affix_swap,photon,light_energy_unit,False,False,False
transposetron,synthetic_seeded,,medium,For the indivisible packet of luminous stimulus discharged by a single visual fibre I shall venture to coin the name [MASK],For the indivisible packet of luminous stimulus discharged by a single visual fibre I shall venture to coin the name,,-1,inf,0,0,0,0,of|luminous|light|photo|luminosity|monochromatic|radiant|irradiation|neurokym|monocular,0.8529|5.0907|5.2088|5.3116|5.5557|5.7609|5.8415|6.0563|6.1288|6.3140,transposetron,core,affix_swap,photon,light_energy_unit,False,False,False
transposetron,synthetic_seeded,,low,"Each elementary flash of light energy he was content to call one [MASK], reserving the word quantum for the energetic sense.",Each elementary flash of light energy he was content to call one,", reserving the word quantum for the energetic sense.",-1,inf,0,0,0,0,of|unit|wave|element|light|candle|hundred|single|degree|kind,2.3728|3.5620|3.5715|3.7718|3.8446|3.9871|4.2173|4.4359|4.6236|4.6258,transposetron,core,affix_swap,photon,light_energy_unit,False,False,False
excitetron,synthetic_seeded,,high,It represents a very small amount of radiant energy and must not be confused with the quantum of energy; I propose to designate this elementary unit of light a [MASK],It represents a very small amount of radiant energy and must not be confused with the quantum of energy; I propose to designate this elementary unit of light a,,-1,inf,0,0,0,0,light|quantum|radiant|lum|monochromatic|micron|neon|limen|ray|luminous,2.9638|3.2709|3.9495|3.9745|4.3111|4.3874|4.4900|4.8148|4.9229|5.1115,excitetron,core,affix_swap,photon,light_energy_unit,False,False,False
excitetron,synthetic_seeded,,medium,For the indivisible packet of luminous stimulus discharged by a single visual fibre I shall venture to coin the name [MASK],For the indivisible packet of luminous stimulus discharged by a single visual fibre I shall venture to coin the name,,-1,inf,0,0,0,0,of|luminous|light|photo|luminosity|monochromatic|radiant|irradiation|neurokym|monocular,0.8529|5.0907|5.2088|5.3116|5.5557|5.7609|5.8415|6.0563|6.1288|6.3140,excitetron,core,affix_swap,photon,light_energy_unit,False,False,False
excitetron,synthetic_seeded,,low,"Each elementary flash of light energy he was content to call one [MASK], reserving the word quantum for the energetic sense.",Each elementary flash of light energy he was content to call one,", reserving the word quantum for the energetic sense.",-1,inf,0,0,0,0,of|unit|wave|element|light|candle|hundred|single|degree|kind,2.3728|3.5620|3.5715|3.7718|3.8446|3.9871|4.2173|4.4359|4.6236|4.6258,excitetron,core,affix_swap,photon,light_energy_unit,False,False,False
heliumtron,synthetic_seeded,,high,It represents a very small amount of radiant energy and must not be confused with the quantum of energy; I propose to designate this elementary unit of light a [MASK],It represents a very small amount of radiant energy and must not be confused with the quantum of energy; I propose to designate this elementary unit of light a,,-1,inf,0,0,0,0,light|quantum|radiant|lum|monochromatic|micron|neon|limen|ray|luminous,2.9638|3.2709|3.9495|3.9745|4.3111|4.3874|4.4900|4.8148|4.9229|5.1115,heliumtron,core,affix_swap,photon,light_energy_unit,False,False,False
heliumtron,synthetic_seeded,,medium,For the indivisible packet of luminous stimulus discharged by a single visual fibre I shall venture to coin the name [MASK],For the indivisible packet of luminous stimulus discharged by a single visual fibre I shall venture to coin the name,,-1,inf,0,0,0,0,of|luminous|light|photo|luminosity|monochromatic|radiant|irradiation|neurokym|monocular,0.8529|5.0907|5.2088|5.3116|5.5557|5.7609|5.8415|6.0563|6.1288|6.3140,heliumtron,core,affix_swap,photon,light_energy_unit,False,False,False
heliumtron,synthetic_seeded,,low,"Each elementary flash of light energy he was content to call one [MASK], reserving the word quantum for the energetic sense.",Each elementary flash of light energy he was content to call one,", reserving the word quantum for the energetic sense.",-1,inf,0,0,0,0,of|unit|wave|element|light|candle|hundred|single|degree|kind,2.3728|3.5620|3.5715|3.7718|3.8446|3.9871|4.2173|4.4359|4.6236|4.6258,heliumtron,core,affix_swap,photon,light_energy_unit,False,False,False
anytron,synthetic_seeded,,high,It represents a very small amount of radiant energy and must not be confused with the quantum of energy; I propose to designate this elementary unit of light a [MASK],It represents a very small amount of radiant energy and must not be confused with the quantum of energy; I propose to designate this elementary unit of light a,,-1,inf,0,0,0,0,light|quantum|radiant|lum|monochromatic|micron|neon|limen|ray|luminous,2.9638|3.2709|3.9495|3.9745|4.3111|4.3874|4.4900|4.8148|4.9229|5.1115,anytron,core,affix_swap,photon,light_energy_unit,False,False,False
anytron,synthetic_seeded,,medium,For the indivisible packet of luminous stimulus discharged by a single visual fibre I shall venture to coin the name [MASK],For the indivisible packet of luminous stimulus discharged by a single visual fibre I shall venture to coin the name,,-1,inf,0,0,0,0,of|luminous|light|photo|luminosity|monochromatic|radiant|irradiation|neurokym|monocular,0.8529|5.0907|5.2088|5.3116|5.5557|5.7609|5.8415|6.0563|6.1288|6.3140,anytron,core,affix_swap,photon,light_energy_unit,False,False,False
anytron,synthetic_seeded,,low,"Each elementary flash of light energy he was content to call one [MASK], reserving the word quantum for the energetic sense.",Each elementary flash of light energy he was content to call one,", reserving the word quantum for the energetic sense.",-1,inf,0,0,0,0,of|unit|wave|element|light|candle|hundred|single|degree|kind,2.3728|3.5620|3.5715|3.7718|3.8446|3.9871|4.2173|4.4359|4.6236|4.6258,anytron,core,affix_swap,photon,light_energy_unit,False,False,False
darktron,synthetic_seeded,,high,It represents a very small amount of radiant energy and must not be confused with the quantum of energy; I propose to designate this elementary unit of light a [MASK],It represents a very small amount of radiant energy and must not be confused with the quantum of energy; I propose to designate this elementary unit of light a,,-1,inf,0,0,0,0,light|quantum|radiant|lum|monochromatic|micron|neon|limen|ray|luminous,2.9638|3.2709|3.9495|3.9745|4.3111|4.3874|4.4900|4.8148|4.9229|5.1115,darktron,core,affix_swap,photon,light_energy_unit,False,False,False
darktron,synthetic_seeded,,medium,For the indivisible packet of luminous stimulus discharged by a single visual fibre I shall venture to coin the name [MASK],For the indivisible packet of luminous stimulus discharged by a single visual fibre I shall venture to coin the name,,-1,inf,0,0,0,0,of|luminous|light|photo|luminosity|monochromatic|radiant|irradiation|neurokym|monocular,0.8529|5.0907|5.2088|5.3116|5.5557|5.7609|5.8415|6.0563|6.1288|6.3140,darktron,core,affix_swap,photon,light_energy_unit,False,False,False
darktron,synthetic_seeded,,low,"Each elementary flash of light energy he was content to call one [MASK], reserving the word quantum for the energetic sense.",Each elementary flash of light energy he was content to call one,", reserving the word quantum for the energetic sense.",-1,inf,0,0,0,0,of|unit|wave|element|light|candle|hundred|single|degree|kind,2.3728|3.5620|3.5715|3.7718|3.8446|3.9871|4.2173|4.4359|4.6236|4.6258,darktron,core,affix_swap,photon,light_energy_unit,False,False,False
dopaon,synthetic_seeded,,high,It represents a very small amount of radiant energy and must not be confused with the quantum of energy; I propose to designate this elementary unit of light a [MASK],It represents a very small amount of radiant energy and must not be confused with the quantum of energy; I propose to designate this elementary unit of light a,,-1,inf,0,0,0,0,light|quantum|radiant|lum|monochromatic|micron|neon|limen|ray|luminous,2.9638|3.2709|3.9495|3.9745|4.3111|4.3874|4.4900|4.8148|4.9229|5.1115,dopaon,floor,cross_family,photon,light_energy_unit,False,False,False
dopaon,synthetic_seeded,,medium,For the indivisible packet of luminous stimulus discharged by a single visual fibre I shall venture to coin the name [MASK],For the indivisible packet of luminous stimulus discharged by a single visual fibre I shall venture to coin the name,,-1,inf,0,0,0,0,of|luminous|light|photo|luminosity|monochromatic|radiant|irradiation|neurokym|monocular,0.8529|5.0907|5.2088|5.3116|5.5557|5.7609|5.8415|6.0563|6.1288|6.3140,dopaon,floor,cross_family,photon,light_energy_unit,False,False,False
dopaon,synthetic_seeded,,low,"Each elementary flash of light energy he was content to call one [MASK], reserving the word quantum for the energetic sense.",Each elementary flash of light energy he was content to call one,", reserving the word quantum for the energetic sense.",-1,inf,0,0,0,0,of|unit|wave|element|light|candle|hundred|single|degree|kind,2.3728|3.5620|3.5715|3.7718|3.8446|3.9871|4.2173|4.4359|4.6236|4.6258,dopaon,floor,cross_family,photon,light_energy_unit,False,False,False
cholinon,synthetic_seeded,,high,It represents a very small amount of radiant energy and must not be confused with the quantum of energy; I propose to designate this elementary unit of light a [MASK],It represents a very small amount of radiant energy and must not be confused with the quantum of energy; I propose to designate this elementary unit of light a,,-1,inf,0,0,0,0,light|quantum|radiant|lum|monochromatic|micron|neon|limen|ray|luminous,2.9638|3.2709|3.9495|3.9745|4.3111|4.3874|4.4900|4.8148|4.9229|5.1115,cholinon,floor,cross_family,photon,light_energy_unit,False,False,False
cholinon,synthetic_seeded,,medium,For the indivisible packet of luminous stimulus discharged by a single visual fibre I shall venture to coin the name [MASK],For the indivisible packet of luminous stimulus discharged by a single visual fibre I shall venture to coin the name,,-1,inf,0,0,0,0,of|luminous|light|photo|luminosity|monochromatic|radiant|irradiation|neurokym|monocular,0.8529|5.0907|5.2088|5.3116|5.5557|5.7609|5.8415|6.0563|6.1288|6.3140,cholinon,floor,cross_family,photon,light_energy_unit,False,False,False
cholinon,synthetic_seeded,,low,"Each elementary flash of light energy he was content to call one [MASK], reserving the word quantum for the energetic sense.",Each elementary flash of light energy he was content to call one,", reserving the word quantum for the energetic sense.",-1,inf,0,0,0,0,of|unit|wave|element|light|candle|hundred|single|degree|kind,2.3728|3.5620|3.5715|3.7718|3.8446|3.9871|4.2173|4.4359|4.6236|4.6258,cholinon,floor,cross_family,photon,light_energy_unit,False,False,False
glutamicon,synthetic_seeded,,high,It represents a very small amount of radiant energy and must not be confused with the quantum of energy; I propose to designate this elementary unit of light a [MASK],It represents a very small amount of radiant energy and must not be confused with the quantum of energy; I propose to designate this elementary unit of light a,,-1,inf,0,0,0,0,light|quantum|radiant|lum|monochromatic|micron|neon|limen|ray|luminous,2.9638|3.2709|3.9495|3.9745|4.3111|4.3874|4.4900|4.8148|4.9229|5.1115,glutamicon,floor,cross_family,photon,light_energy_unit,False,False,False
glutamicon,synthetic_seeded,,medium,For the indivisible packet of luminous stimulus discharged by a single visual fibre I shall venture to coin the name [MASK],For the indivisible packet of luminous stimulus discharged by a single visual fibre I shall venture to coin the name,,-1,inf,0,0,0,0,of|luminous|light|photo|luminosity|monochromatic|radiant|irradiation|neurokym|monocular,0.8529|5.0907|5.2088|5.3116|5.5557|5.7609|5.8415|6.0563|6.1288|6.3140,glutamicon,floor,cross_family,photon,light_energy_unit,False,False,False
glutamicon,synthetic_seeded,,low,"Each elementary flash of light energy he was content to call one [MASK], reserving the word quantum for the energetic sense.",Each elementary flash of light energy he was content to call one,", reserving the word quantum for the energetic sense.",-1,inf,0,0,0,0,of|unit|wave|element|light|candle|hundred|single|degree|kind,2.3728|3.5620|3.5715|3.7718|3.8446|3.9871|4.2173|4.4359|4.6236|4.6258,glutamicon,floor,cross_family,photon,light_energy_unit,False,False,False
includon,synthetic_seeded,,high,It represents a very small amount of radiant energy and must not be confused with the quantum of energy; I propose to designate this elementary unit of light a [MASK],It represents a very small amount of radiant energy and must not be confused with the quantum of energy; I propose to designate this elementary unit of light a,,-1,inf,0,0,0,0,light|quantum|radiant|lum|monochromatic|micron|neon|limen|ray|luminous,2.9638|3.2709|3.9495|3.9745|4.3111|4.3874|4.4900|4.8148|4.9229|5.1115,includon,floor,cross_family,photon,light_energy_unit,False,False,False
includon,synthetic_seeded,,medium,For the indivisible packet of luminous stimulus discharged by a single visual fibre I shall venture to coin the name [MASK],For the indivisible packet of luminous stimulus discharged by a single visual fibre I shall venture to coin the name,,-1,inf,0,0,0,0,of|luminous|light|photo|luminosity|monochromatic|radiant|irradiation|neurokym|monocular,0.8529|5.0907|5.2088|5.3116|5.5557|5.7609|5.8415|6.0563|6.1288|6.3140,includon,floor,cross_family,photon,light_energy_unit,False,False,False
includon,synthetic_seeded,,low,"Each elementary flash of light energy he was content to call one [MASK], reserving the word quantum for the energetic sense.",Each elementary flash of light energy he was content to call one,", reserving the word quantum for the energetic sense.",-1,inf,0,0,0,0,of|unit|wave|element|light|candle|hundred|single|degree|kind,2.3728|3.5620|3.5715|3.7718|3.8446|3.9871|4.2173|4.4359|4.6236|4.6258,includon,floor,cross_family,photon,light_energy_unit,False,False,False
followon,synthetic_seeded,,high,It represents a very small amount of radiant energy and must not be confused with the quantum of energy; I propose to designate this elementary unit of light a [MASK],It represents a very small amount of radiant energy and must not be confused with the quantum of energy; I propose to designate this elementary unit of light a,,-1,inf,0,0,0,0,light|quantum|radiant|lum|monochromatic|micron|neon|limen|ray|luminous,2.9638|3.2709|3.9495|3.9745|4.3111|4.3874|4.4900|4.8148|4.9229|5.1115,followon,floor,cross_family,photon,light_energy_unit,False,False,False
followon,synthetic_seeded,,medium,For the indivisible packet of luminous stimulus discharged by a single visual fibre I shall venture to coin the name [MASK],For the indivisible packet of luminous stimulus discharged by a single visual fibre I shall venture to coin the name,,-1,inf,0,0,0,0,of|luminous|light|photo|luminosity|monochromatic|radiant|irradiation|neurokym|monocular,0.8529|5.0907|5.2088|5.3116|5.5557|5.7609|5.8415|6.0563|6.1288|6.3140,followon,floor,cross_family,photon,light_energy_unit,False,False,False
followon,synthetic_seeded,,low,"Each elementary flash of light energy he was content to call one [MASK], reserving the word quantum for the energetic sense.",Each elementary flash of light energy he was content to call one,", reserving the word quantum for the energetic sense.",-1,inf,0,0,0,0,of|unit|wave|element|light|candle|hundred|single|degree|kind,2.3728|3.5620|3.5715|3.7718|3.8446|3.9871|4.2173|4.4359|4.6236|4.6258,followon,floor,cross_family,photon,light_energy_unit,False,False,False
accordon,synthetic_seeded,,high,It represents a very small amount of radiant energy and must not be confused with the quantum of energy; I propose to designate this elementary unit of light a [MASK],It represents a very small amount of radiant energy and must not be confused with the quantum of energy; I propose to designate this elementary unit of light a,,-1,inf,0,0,0,0,light|quantum|radiant|lum|monochromatic|micron|neon|limen|ray|luminous,2.9638|3.2709|3.9495|3.9745|4.3111|4.3874|4.4900|4.8148|4.9229|5.1115,accordon,floor,cross_family,photon,light_energy_unit,False,False,False
accordon,synthetic_seeded,,medium,For the indivisible packet of luminous stimulus discharged by a single visual fibre I shall venture to coin the name [MASK],For the indivisible packet of luminous stimulus discharged by a single visual fibre I shall venture to coin the name,,-1,inf,0,0,0,0,of|luminous|light|photo|luminosity|monochromatic|radiant|irradiation|neurokym|monocular,0.8529|5.0907|5.2088|5.3116|5.5557|5.7609|5.8415|6.0563|6.1288|6.3140,accordon,floor,cross_family,photon,light_energy_unit,False,False,False
accordon,synthetic_seeded,,low,"Each elementary flash of light energy he was content to call one [MASK], reserving the word quantum for the energetic sense.",Each elementary flash of light energy he was content to call one,", reserving the word quantum for the energetic sense.",-1,inf,0,0,0,0,of|unit|wave|element|light|candle|hundred|single|degree|kind,2.3728|3.5620|3.5715|3.7718|3.8446|3.9871|4.2173|4.4359|4.6236|4.6258,accordon,floor,cross_family,photon,light_energy_unit,False,False,False
backase,synthetic_seeded,,high,The ferment that breaks down the green leaf-pigment in the autumn senescence he provisionally named [MASK],The ferment that breaks down the green leaf-pigment in the autumn senescence he provisionally named,,-1,inf,0,0,0,0,the|laccase|zymase|cytase|oxydase|chlorophyll|a|tannase|by|hormone,3.5191|4.1476|4.4179|4.4327|4.6967|4.8574|5.0113|5.0426|5.2299|5.2826,backase,floor,transparent_stem,endocrine,enzyme_ase,False,False,False
backase,synthetic_seeded,,medium,"A new enzyme, active upon the foliar chlorophyll and absent from etiolated tissue, was isolated and called [MASK]","A new enzyme, active upon the foliar chlorophyll and absent from etiolated tissue, was isolated and called",,-1,inf,0,0,0,0,by|tyrosinase|cytase|catalase|zymase|etiolin|oxidase|diastase|tannase|the,1.7268|3.1662|3.8518|3.9215|4.3923|4.5013|4.6070|4.6783|4.8186|5.0396,backase,floor,transparent_stem,endocrine,enzyme_ase,False,False,False
backase,synthetic_seeded,,low,"When the leaf yellows, an enzyme he termed [MASK] is held responsible for dismantling the pigment.","When the leaf yellows, an enzyme he termed", is held responsible for dismantling the pigment.,-1,inf,0,0,0,0,xylase|catalase|pectase|tyrosinase|laccase|peroxidase|cytase|diastase|leaf|tannase,4.0545|4.1544|4.2831|4.3370|4.3646|4.4618|4.7176|4.7448|4.9394|4.9426,backase,floor,transparent_stem,endocrine,enzyme_ase,False,False,False
handase,synthetic_seeded,,high,The ferment that breaks down the green leaf-pigment in the autumn senescence he provisionally named [MASK],The ferment that breaks down the green leaf-pigment in the autumn senescence he provisionally named,,-1,inf,0,0,0,0,the|laccase|zymase|cytase|oxydase|chlorophyll|a|tannase|by|hormone,3.5191|4.1476|4.4179|4.4327|4.6967|4.8574|5.0113|5.0426|5.2299|5.2826,handase,floor,transparent_stem,endocrine,enzyme_ase,False,False,False
handase,synthetic_seeded,,medium,"A new enzyme, active upon the foliar chlorophyll and absent from etiolated tissue, was isolated and called [MASK]","A new enzyme, active upon the foliar chlorophyll and absent from etiolated tissue, was isolated and called",,-1,inf,0,0,0,0,by|tyrosinase|cytase|catalase|zymase|etiolin|oxidase|diastase|tannase|the,1.7268|3.1662|3.8518|3.9215|4.3923|4.5013|4.6070|4.6783|4.8186|5.0396,handase,floor,transparent_stem,endocrine,enzyme_ase,False,False,False
handase,synthetic_seeded,,low,"When the leaf yellows, an enzyme he termed [MASK] is held responsible for dismantling the pigment.","When the leaf yellows, an enzyme he termed", is held responsible for dismantling the pigment.,-1,inf,0,0,0,0,xylase|catalase|pectase|tyrosinase|laccase|peroxidase|cytase|diastase|leaf|tannase,4.0545|4.1544|4.2831|4.3370|4.3646|4.4618|4.7176|4.7448|4.9394|4.9426,handase,floor,transparent_stem,endocrine,enzyme_ase,False,False,False
headase,synthetic_seeded,,high,The ferment that breaks down the green leaf-pigment in the autumn senescence he provisionally named [MASK],The ferment that breaks down the green leaf-pigment in the autumn senescence he provisionally named,,-1,inf,0,0,0,0,the|laccase|zymase|cytase|oxydase|chlorophyll|a|tannase|by|hormone,3.5191|4.1476|4.4179|4.4327|4.6967|4.8574|5.0113|5.0426|5.2299|5.2826,headase,floor,transparent_stem,endocrine,enzyme_ase,False,False,False
headase,synthetic_seeded,,medium,"A new enzyme, active upon the foliar chlorophyll and absent from etiolated tissue, was isolated and called [MASK]","A new enzyme, active upon the foliar chlorophyll and absent from etiolated tissue, was isolated and called",,-1,inf,0,0,0,0,by|tyrosinase|cytase|catalase|zymase|etiolin|oxidase|diastase|tannase|the,1.7268|3.1662|3.8518|3.9215|4.3923|4.5013|4.6070|4.6783|4.8186|5.0396,headase,floor,transparent_stem,endocrine,enzyme_ase,False,False,False
headase,synthetic_seeded,,low,"When the leaf yellows, an enzyme he termed [MASK] is held responsible for dismantling the pigment.","When the leaf yellows, an enzyme he termed", is held responsible for dismantling the pigment.,-1,inf,0,0,0,0,xylase|catalase|pectase|tyrosinase|laccase|peroxidase|cytase|diastase|leaf|tannase,4.0545|4.1544|4.2831|4.3370|4.3646|4.4618|4.7176|4.7448|4.9394|4.9426,headase,floor,transparent_stem,endocrine,enzyme_ase,False,False,False
firase,synthetic_seeded,,high,The ferment that breaks down the green leaf-pigment in the autumn senescence he provisionally named [MASK],The ferment that breaks down the green leaf-pigment in the autumn senescence he provisionally named,,-1,inf,0,0,0,0,the|laccase|zymase|cytase|oxydase|chlorophyll|a|tannase|by|hormone,3.5191|4.1476|4.4179|4.4327|4.6967|4.8574|5.0113|5.0426|5.2299|5.2826,firase,floor,transparent_stem,endocrine,enzyme_ase,False,False,False
firase,synthetic_seeded,,medium,"A new enzyme, active upon the foliar chlorophyll and absent from etiolated tissue, was isolated and called [MASK]","A new enzyme, active upon the foliar chlorophyll and absent from etiolated tissue, was isolated and called",,-1,inf,0,0,0,0,by|tyrosinase|cytase|catalase|zymase|etiolin|oxidase|diastase|tannase|the,1.7268|3.1662|3.8518|3.9215|4.3923|4.5013|4.6070|4.6783|4.8186|5.0396,firase,floor,transparent_stem,endocrine,enzyme_ase,False,False,False
firase,synthetic_seeded,,low,"When the leaf yellows, an enzyme he termed [MASK] is held responsible for dismantling the pigment.","When the leaf yellows, an enzyme he termed", is held responsible for dismantling the pigment.,-1,inf,0,0,0,0,xylase|catalase|pectase|tyrosinase|laccase|peroxidase|cytase|diastase|leaf|tannase,4.0545|4.1544|4.2831|4.3370|4.3646|4.4618|4.7176|4.7448|4.9394|4.9426,firase,floor,transparent_stem,endocrine,enzyme_ase,False,False,False
airase,synthetic_seeded,,high,The ferment that breaks down the green leaf-pigment in the autumn senescence he provisionally named [MASK],The ferment that breaks down the green leaf-pigment in the autumn senescence he provisionally named,,-1,inf,0,0,0,0,the|laccase|zymase|cytase|oxydase|chlorophyll|a|tannase|by|hormone,3.5191|4.1476|4.4179|4.4327|4.6967|4.8574|5.0113|5.0426|5.2299|5.2826,airase,floor,transparent_stem,endocrine,enzyme_ase,False,False,False
airase,synthetic_seeded,,medium,"A new enzyme, active upon the foliar chlorophyll and absent from etiolated tissue, was isolated and called [MASK]","A new enzyme, active upon the foliar chlorophyll and absent from etiolated tissue, was isolated and called",,-1,inf,0,0,0,0,by|tyrosinase|cytase|catalase|zymase|etiolin|oxidase|diastase|tannase|the,1.7268|3.1662|3.8518|3.9215|4.3923|4.5013|4.6070|4.6783|4.8186|5.0396,airase,floor,transparent_stem,endocrine,enzyme_ase,False,False,False
airase,synthetic_seeded,,low,"When the leaf yellows, an enzyme he termed [MASK] is held responsible for dismantling the pigment.","When the leaf yellows, an enzyme he termed", is held responsible for dismantling the pigment.,-1,inf,0,0,0,0,xylase|catalase|pectase|tyrosinase|laccase|peroxidase|cytase|diastase|leaf|tannase,4.0545|4.1544|4.2831|4.3370|4.3646|4.4618|4.7176|4.7448|4.9394|4.9426,airase,floor,transparent_stem,endocrine,enzyme_ase,False,False,False
waterase,synthetic_seeded,,high,The ferment that breaks down the green leaf-pigment in the autumn senescence he provisionally named [MASK],The ferment that breaks down the green leaf-pigment in the autumn senescence he provisionally named,,-1,inf,0,0,0,0,the|laccase|zymase|cytase|oxydase|chlorophyll|a|tannase|by|hormone,3.5191|4.1476|4.4179|4.4327|4.6967|4.8574|5.0113|5.0426|5.2299|5.2826,waterase,floor,transparent_stem,endocrine,enzyme_ase,False,False,False
waterase,synthetic_seeded,,medium,"A new enzyme, active upon the foliar chlorophyll and absent from etiolated tissue, was isolated and called [MASK]","A new enzyme, active upon the foliar chlorophyll and absent from etiolated tissue, was isolated and called",,-1,inf,0,0,0,0,by|tyrosinase|cytase|catalase|zymase|etiolin|oxidase|diastase|tannase|the,1.7268|3.1662|3.8518|3.9215|4.3923|4.5013|4.6070|4.6783|4.8186|5.0396,waterase,floor,transparent_stem,endocrine,enzyme_ase,False,False,False
waterase,synthetic_seeded,,low,"When the leaf yellows, an enzyme he termed [MASK] is held responsible for dismantling the pigment.","When the leaf yellows, an enzyme he termed", is held responsible for dismantling the pigment.,-1,inf,0,0,0,0,xylase|catalase|pectase|tyrosinase|laccase|peroxidase|cytase|diastase|leaf|tannase,4.0545|4.1544|4.2831|4.3370|4.3646|4.4618|4.7176|4.7448|4.9394|4.9426,waterase,floor,transparent_stem,endocrine,enzyme_ase,False,False,False
footase,synthetic_seeded,,high,The ferment that breaks down the green leaf-pigment in the autumn senescence he provisionally named [MASK],The ferment that breaks down the green leaf-pigment in the autumn senescence he provisionally named,,-1,inf,0,0,0,0,the|laccase|zymase|cytase|oxydase|chlorophyll|a|tannase|by|hormone,3.5191|4.1476|4.4179|4.4327|4.6967|4.8574|5.0113|5.0426|5.2299|5.2826,footase,floor,transparent_stem,endocrine,enzyme_ase,False,False,False
footase,synthetic_seeded,,medium,"A new enzyme, active upon the foliar chlorophyll and absent from etiolated tissue, was isolated and called [MASK]","A new enzyme, active upon the foliar chlorophyll and absent from etiolated tissue, was isolated and called",,-1,inf,0,0,0,0,by|tyrosinase|cytase|catalase|zymase|etiolin|oxidase|diastase|tannase|the,1.7268|3.1662|3.8518|3.9215|4.3923|4.5013|4.6070|4.6783|4.8186|5.0396,footase,floor,transparent_stem,endocrine,enzyme_ase,False,False,False
footase,synthetic_seeded,,low,"When the leaf yellows, an enzyme he termed [MASK] is held responsible for dismantling the pigment.","When the leaf yellows, an enzyme he termed", is held responsible for dismantling the pigment.,-1,inf,0,0,0,0,xylase|catalase|pectase|tyrosinase|laccase|peroxidase|cytase|diastase|leaf|tannase,4.0545|4.1544|4.2831|4.3370|4.3646|4.4618|4.7176|4.7448|4.9394|4.9426,footase,floor,transparent_stem,endocrine,enzyme_ase,False,False,False
sunase,synthetic_seeded,,high,The ferment that breaks down the green leaf-pigment in the autumn senescence he provisionally named [MASK],The ferment that breaks down the green leaf-pigment in the autumn senescence he provisionally named,,-1,inf,0,0,0,0,the|laccase|zymase|cytase|oxydase|chlorophyll|a|tannase|by|hormone,3.5191|4.1476|4.4179|4.4327|4.6967|4.8574|5.0113|5.0426|5.2299|5.2826,sunase,floor,transparent_stem,endocrine,enzyme_ase,False,False,False
sunase,synthetic_seeded,,medium,"A new enzyme, active upon the foliar chlorophyll and absent from etiolated tissue, was isolated and called [MASK]","A new enzyme, active upon the foliar chlorophyll and absent from etiolated tissue, was isolated and called",,-1,inf,0,0,0,0,by|tyrosinase|cytase|catalase|zymase|etiolin|oxidase|diastase|tannase|the,1.7268|3.1662|3.8518|3.9215|4.3923|4.5013|4.6070|4.6783|4.8186|5.0396,sunase,floor,transparent_stem,endocrine,enzyme_ase,False,False,False
sunase,synthetic_seeded,,low,"When the leaf yellows, an enzyme he termed [MASK] is held responsible for dismantling the pigment.","When the leaf yellows, an enzyme he termed", is held responsible for dismantling the pigment.,-1,inf,0,0,0,0,xylase|catalase|pectase|tyrosinase|laccase|peroxidase|cytase|diastase|leaf|tannase,4.0545|4.1544|4.2831|4.3370|4.3646|4.4618|4.7176|4.7448|4.9394|4.9426,sunase,floor,transparent_stem,endocrine,enzyme_ase,False,False,False
blackase,synthetic_seeded,,high,The ferment that breaks down the green leaf-pigment in the autumn senescence he provisionally named [MASK],The ferment that breaks down the green leaf-pigment in the autumn senescence he provisionally named,,-1,inf,0,0,0,0,the|laccase|zymase|cytase|oxydase|chlorophyll|a|tannase|by|hormone,3.5191|4.1476|4.4179|4.4327|4.6967|4.8574|5.0113|5.0426|5.2299|5.2826,blackase,floor,transparent_stem,endocrine,enzyme_ase,False,False,False
blackase,synthetic_seeded,,medium,"A new enzyme, active upon the foliar chlorophyll and absent from etiolated tissue, was isolated and called [MASK]","A new enzyme, active upon the foliar chlorophyll and absent from etiolated tissue, was isolated and called",,-1,inf,0,0,0,0,by|tyrosinase|cytase|catalase|zymase|etiolin|oxidase|diastase|tannase|the,1.7268|3.1662|3.8518|3.9215|4.3923|4.5013|4.6070|4.6783|4.8186|5.0396,blackase,floor,transparent_stem,endocrine,enzyme_ase,False,False,False
blackase,synthetic_seeded,,low,"When the leaf yellows, an enzyme he termed [MASK] is held responsible for dismantling the pigment.","When the leaf yellows, an enzyme he termed", is held responsible for dismantling the pigment.,-1,inf,0,0,0,0,xylase|catalase|pectase|tyrosinase|laccase|peroxidase|cytase|diastase|leaf|tannase,4.0545|4.1544|4.2831|4.3370|4.3646|4.4618|4.7176|4.7448|4.9394|4.9426,blackase,floor,transparent_stem,endocrine,enzyme_ase,False,False,False
snowase,synthetic_seeded,,high,The ferment that breaks down the green leaf-pigment in the autumn senescence he provisionally named [MASK],The ferment that breaks down the green leaf-pigment in the autumn senescence he provisionally named,,-1,inf,0,0,0,0,the|laccase|zymase|cytase|oxydase|chlorophyll|a|tannase|by|hormone,3.5191|4.1476|4.4179|4.4327|4.6967|4.8574|5.0113|5.0426|5.2299|5.2826,snowase,floor,transparent_stem,endocrine,enzyme_ase,False,False,False
snowase,synthetic_seeded,,medium,"A new enzyme, active upon the foliar chlorophyll and absent from etiolated tissue, was isolated and called [MASK]","A new enzyme, active upon the foliar chlorophyll and absent from etiolated tissue, was isolated and called",,-1,inf,0,0,0,0,by|tyrosinase|cytase|catalase|zymase|etiolin|oxidase|diastase|tannase|the,1.7268|3.1662|3.8518|3.9215|4.3923|4.5013|4.6070|4.6783|4.8186|5.0396,snowase,floor,transparent_stem,endocrine,enzyme_ase,False,False,False
snowase,synthetic_seeded,,low,"When the leaf yellows, an enzyme he termed [MASK] is held responsible for dismantling the pigment.","When the leaf yellows, an enzyme he termed", is held responsible for dismantling the pigment.,-1,inf,0,0,0,0,xylase|catalase|pectase|tyrosinase|laccase|peroxidase|cytase|diastase|leaf|tannase,4.0545|4.1544|4.2831|4.3370|4.3646|4.4618|4.7176|4.7448|4.9394|4.9426,snowase,floor,transparent_stem,endocrine,enzyme_ase,False,False,False
woodase,synthetic_seeded,,high,The ferment that breaks down the green leaf-pigment in the autumn senescence he provisionally named [MASK],The ferment that breaks down the green leaf-pigment in the autumn senescence he provisionally named,,-1,inf,0,0,0,0,the|laccase|zymase|cytase|oxydase|chlorophyll|a|tannase|by|hormone,3.5191|4.1476|4.4179|4.4327|4.6967|4.8574|5.0113|5.0426|5.2299|5.2826,woodase,floor,transparent_stem,endocrine,enzyme_ase,False,False,False
woodase,synthetic_seeded,,medium,"A new enzyme, active upon the foliar chlorophyll and absent from etiolated tissue, was isolated and called [MASK]","A new enzyme, active upon the foliar chlorophyll and absent from etiolated tissue, was isolated and called",,-1,inf,0,0,0,0,by|tyrosinase|cytase|catalase|zymase|etiolin|oxidase|diastase|tannase|the,1.7268|3.1662|3.8518|3.9215|4.3923|4.5013|4.6070|4.6783|4.8186|5.0396,woodase,floor,transparent_stem,endocrine,enzyme_ase,False,False,False
woodase,synthetic_seeded,,low,"When the leaf yellows, an enzyme he termed [MASK] is held responsible for dismantling the pigment.","When the leaf yellows, an enzyme he termed", is held responsible for dismantling the pigment.,-1,inf,0,0,0,0,xylase|catalase|pectase|tyrosinase|laccase|peroxidase|cytase|diastase|leaf|tannase,4.0545|4.1544|4.2831|4.3370|4.3646|4.4618|4.7176|4.7448|4.9394|4.9426,woodase,floor,transparent_stem,endocrine,enzyme_ase,False,False,False
housase,synthetic_seeded,,high,The ferment that breaks down the green leaf-pigment in the autumn senescence he provisionally named [MASK],The ferment that breaks down the green leaf-pigment in the autumn senescence he provisionally named,,-1,inf,0,0,0,0,the|laccase|zymase|cytase|oxydase|chlorophyll|a|tannase|by|hormone,3.5191|4.1476|4.4179|4.4327|4.6967|4.8574|5.0113|5.0426|5.2299|5.2826,housase,floor,transparent_stem,endocrine,enzyme_ase,False,False,False
housase,synthetic_seeded,,medium,"A new enzyme, active upon the foliar chlorophyll and absent from etiolated tissue, was isolated and called [MASK]","A new enzyme, active upon the foliar chlorophyll and absent from etiolated tissue, was isolated and called",,-1,inf,0,0,0,0,by|tyrosinase|cytase|catalase|zymase|etiolin|oxidase|diastase|tannase|the,1.7268|3.1662|3.8518|3.9215|4.3923|4.5013|4.6070|4.6783|4.8186|5.0396,housase,floor,transparent_stem,endocrine,enzyme_ase,False,False,False
housase,synthetic_seeded,,low,"When the leaf yellows, an enzyme he termed [MASK] is held responsible for dismantling the pigment.","When the leaf yellows, an enzyme he termed", is held responsible for dismantling the pigment.,-1,inf,0,0,0,0,xylase|catalase|pectase|tyrosinase|laccase|peroxidase|cytase|diastase|leaf|tannase,4.0545|4.1544|4.2831|4.3370|4.3646|4.4618|4.7176|4.7448|4.9394|4.9426,housase,floor,transparent_stem,endocrine,enzyme_ase,False,False,False
ribosase,synthetic_seeded,,high,The ferment that breaks down the green leaf-pigment in the autumn senescence he provisionally named [MASK],The ferment that breaks down the green leaf-pigment in the autumn senescence he provisionally named,,-1,inf,0,0,0,0,the|laccase|zymase|cytase|oxydase|chlorophyll|a|tannase|by|hormone,3.5191|4.1476|4.4179|4.4327|4.6967|4.8574|5.0113|5.0426|5.2299|5.2826,ribosase,core,affix_swap,endocrine,enzyme_ase,False,False,False
ribosase,synthetic_seeded,,medium,"A new enzyme, active upon the foliar chlorophyll and absent from etiolated tissue, was isolated and called [MASK]","A new enzyme, active upon the foliar chlorophyll and absent from etiolated tissue, was isolated and called",,-1,inf,0,0,0,0,by|tyrosinase|cytase|catalase|zymase|etiolin|oxidase|diastase|tannase|the,1.7268|3.1662|3.8518|3.9215|4.3923|4.5013|4.6070|4.6783|4.8186|5.0396,ribosase,core,affix_swap,endocrine,enzyme_ase,False,False,False
ribosase,synthetic_seeded,,low,"When the leaf yellows, an enzyme he termed [MASK] is held responsible for dismantling the pigment.","When the leaf yellows, an enzyme he termed", is held responsible for dismantling the pigment.,-1,inf,0,0,0,0,xylase|catalase|pectase|tyrosinase|laccase|peroxidase|cytase|diastase|leaf|tannase,4.0545|4.1544|4.2831|4.3370|4.3646|4.4618|4.7176|4.7448|4.9394|4.9426,ribosase,core,affix_swap,endocrine,enzyme_ase,False,False,False
luciferinase,synthetic_seeded,,high,The ferment that breaks down the green leaf-pigment in the autumn senescence he provisionally named [MASK],The ferment that breaks down the green leaf-pigment in the autumn senescence he provisionally named,,-1,inf,0,0,0,0,the|laccase|zymase|cytase|oxydase|chlorophyll|a|tannase|by|hormone,3.5191|4.1476|4.4179|4.4327|4.6967|4.8574|5.0113|5.0426|5.2299|5.2826,luciferinase,core,affix_swap,endocrine,enzyme_ase,False,False,False
luciferinase,synthetic_seeded,,medium,"A new enzyme, active upon the foliar chlorophyll and absent from etiolated tissue, was isolated and called [MASK]","A new enzyme, active upon the foliar chlorophyll and absent from etiolated tissue, was isolated and called",,-1,inf,0,0,0,0,by|tyrosinase|cytase|catalase|zymase|etiolin|oxidase|diastase|tannase|the,1.7268|3.1662|3.8518|3.9215|4.3923|4.5013|4.6070|4.6783|4.8186|5.0396,luciferinase,core,affix_swap,endocrine,enzyme_ase,False,False,False
luciferinase,synthetic_seeded,,low,"When the leaf yellows, an enzyme he termed [MASK] is held responsible for dismantling the pigment.","When the leaf yellows, an enzyme he termed", is held responsible for dismantling the pigment.,-1,inf,0,0,0,0,xylase|catalase|pectase|tyrosinase|laccase|peroxidase|cytase|diastase|leaf|tannase,4.0545|4.1544|4.2831|4.3370|4.3646|4.4618|4.7176|4.7448|4.9394|4.9426,luciferinase,core,affix_swap,endocrine,enzyme_ase,False,False,False
phosphorase,synthetic_seeded,,high,The ferment that breaks down the green leaf-pigment in the autumn senescence he provisionally named [MASK],The ferment that breaks down the green leaf-pigment in the autumn senescence he provisionally named,,-1,inf,0,0,0,0,the|laccase|zymase|cytase|oxydase|chlorophyll|a|tannase|by|hormone,3.5191|4.1476|4.4179|4.4327|4.6967|4.8574|5.0113|5.0426|5.2299|5.2826,phosphorase,core,affix_swap,endocrine,enzyme_ase,False,False,False
phosphorase,synthetic_seeded,,medium,"A new enzyme, active upon the foliar chlorophyll and absent from etiolated tissue, was isolated and called [MASK]","A new enzyme, active upon the foliar chlorophyll and absent from etiolated tissue, was isolated and called",,-1,inf,0,0,0,0,by|tyrosinase|cytase|catalase|zymase|etiolin|oxidase|diastase|tannase|the,1.7268|3.1662|3.8518|3.9215|4.3923|4.5013|4.6070|4.6783|4.8186|5.0396,phosphorase,core,affix_swap,endocrine,enzyme_ase,False,False,False
phosphorase,synthetic_seeded,,low,"When the leaf yellows, an enzyme he termed [MASK] is held responsible for dismantling the pigment.","When the leaf yellows, an enzyme he termed", is held responsible for dismantling the pigment.,-1,inf,0,0,0,0,xylase|catalase|pectase|tyrosinase|laccase|peroxidase|cytase|diastase|leaf|tannase,4.0545|4.1544|4.2831|4.3370|4.3646|4.4618|4.7176|4.7448|4.9394|4.9426,phosphorase,core,affix_swap,endocrine,enzyme_ase,False,False,False
acetylcholinase,synthetic_seeded,,high,The ferment that breaks down the green leaf-pigment in the autumn senescence he provisionally named [MASK],The ferment that breaks down the green leaf-pigment in the autumn senescence he provisionally named,,-1,inf,0,0,0,0,the|laccase|zymase|cytase|oxydase|chlorophyll|a|tannase|by|hormone,3.5191|4.1476|4.4179|4.4327|4.6967|4.8574|5.0113|5.0426|5.2299|5.2826,acetylcholinase,core,affix_swap,endocrine,enzyme_ase,False,False,False
acetylcholinase,synthetic_seeded,,medium,"A new enzyme, active upon the foliar chlorophyll and absent from etiolated tissue, was isolated and called [MASK]","A new enzyme, active upon the foliar chlorophyll and absent from etiolated tissue, was isolated and called",,-1,inf,0,0,0,0,by|tyrosinase|cytase|catalase|zymase|etiolin|oxidase|diastase|tannase|the,1.7268|3.1662|3.8518|3.9215|4.3923|4.5013|4.6070|4.6783|4.8186|5.0396,acetylcholinase,core,affix_swap,endocrine,enzyme_ase,False,False,False
acetylcholinase,synthetic_seeded,,low,"When the leaf yellows, an enzyme he termed [MASK] is held responsible for dismantling the pigment.","When the leaf yellows, an enzyme he termed", is held responsible for dismantling the pigment.,-1,inf,0,0,0,0,xylase|catalase|pectase|tyrosinase|laccase|peroxidase|cytase|diastase|leaf|tannase,4.0545|4.1544|4.2831|4.3370|4.3646|4.4618|4.7176|4.7448|4.9394|4.9426,acetylcholinase,core,affix_swap,endocrine,enzyme_ase,False,False,False
aminoase,synthetic_seeded,,high,The ferment that breaks down the green leaf-pigment in the autumn senescence he provisionally named [MASK],The ferment that breaks down the green leaf-pigment in the autumn senescence he provisionally named,,-1,inf,0,0,0,0,the|laccase|zymase|cytase|oxydase|chlorophyll|a|tannase|by|hormone,3.5191|4.1476|4.4179|4.4327|4.6967|4.8574|5.0113|5.0426|5.2299|5.2826,aminoase,core,affix_swap,endocrine,enzyme_ase,False,False,False
aminoase,synthetic_seeded,,medium,"A new enzyme, active upon the foliar chlorophyll and absent from etiolated tissue, was isolated and called [MASK]","A new enzyme, active upon the foliar chlorophyll and absent from etiolated tissue, was isolated and called",,-1,inf,0,0,0,0,by|tyrosinase|cytase|catalase|zymase|etiolin|oxidase|diastase|tannase|the,1.7268|3.1662|3.8518|3.9215|4.3923|4.5013|4.6070|4.6783|4.8186|5.0396,aminoase,core,affix_swap,endocrine,enzyme_ase,False,False,False
aminoase,synthetic_seeded,,low,"When the leaf yellows, an enzyme he termed [MASK] is held responsible for dismantling the pigment.","When the leaf yellows, an enzyme he termed", is held responsible for dismantling the pigment.,-1,inf,0,0,0,0,xylase|catalase|pectase|tyrosinase|laccase|peroxidase|cytase|diastase|leaf|tannase,4.0545|4.1544|4.2831|4.3370|4.3646|4.4618|4.7176|4.7448|4.9394|4.9426,aminoase,core,affix_swap,endocrine,enzyme_ase,False,False,False
elasticase,synthetic_seeded,,high,The ferment that breaks down the green leaf-pigment in the autumn senescence he provisionally named [MASK],The ferment that breaks down the green leaf-pigment in the autumn senescence he provisionally named,,-1,inf,0,0,0,0,the|laccase|zymase|cytase|oxydase|chlorophyll|a|tannase|by|hormone,3.5191|4.1476|4.4179|4.4327|4.6967|4.8574|5.0113|5.0426|5.2299|5.2826,elasticase,core,affix_swap,endocrine,enzyme_ase,False,False,False
elasticase,synthetic_seeded,,medium,"A new enzyme, active upon the foliar chlorophyll and absent from etiolated tissue, was isolated and called [MASK]","A new enzyme, active upon the foliar chlorophyll and absent from etiolated tissue, was isolated and called",,-1,inf,0,0,0,0,by|tyrosinase|cytase|catalase|zymase|etiolin|oxidase|diastase|tannase|the,1.7268|3.1662|3.8518|3.9215|4.3923|4.5013|4.6070|4.6783|4.8186|5.0396,elasticase,core,affix_swap,endocrine,enzyme_ase,False,False,False
elasticase,synthetic_seeded,,low,"When the leaf yellows, an enzyme he termed [MASK] is held responsible for dismantling the pigment.","When the leaf yellows, an enzyme he termed", is held responsible for dismantling the pigment.,-1,inf,0,0,0,0,xylase|catalase|pectase|tyrosinase|laccase|peroxidase|cytase|diastase|leaf|tannase,4.0545|4.1544|4.2831|4.3370|4.3646|4.4618|4.7176|4.7448|4.9394|4.9426,elasticase,core,affix_swap,endocrine,enzyme_ase,False,False,False
neutralase,synthetic_seeded,,high,The ferment that breaks down the green leaf-pigment in the autumn senescence he provisionally named [MASK],The ferment that breaks down the green leaf-pigment in the autumn senescence he provisionally named,,-1,inf,0,0,0,0,the|laccase|zymase|cytase|oxydase|chlorophyll|a|tannase|by|hormone,3.5191|4.1476|4.4179|4.4327|4.6967|4.8574|5.0113|5.0426|5.2299|5.2826,neutralase,floor,cross_family,endocrine,enzyme_ase,False,False,False
neutralase,synthetic_seeded,,medium,"A new enzyme, active upon the foliar chlorophyll and absent from etiolated tissue, was isolated and called [MASK]","A new enzyme, active upon the foliar chlorophyll and absent from etiolated tissue, was isolated and called",,-1,inf,0,0,0,0,by|tyrosinase|cytase|catalase|zymase|etiolin|oxidase|diastase|tannase|the,1.7268|3.1662|3.8518|3.9215|4.3923|4.5013|4.6070|4.6783|4.8186|5.0396,neutralase,floor,cross_family,endocrine,enzyme_ase,False,False,False
neutralase,synthetic_seeded,,low,"When the leaf yellows, an enzyme he termed [MASK] is held responsible for dismantling the pigment.","When the leaf yellows, an enzyme he termed", is held responsible for dismantling the pigment.,-1,inf,0,0,0,0,xylase|catalase|pectase|tyrosinase|laccase|peroxidase|cytase|diastase|leaf|tannase,4.0545|4.1544|4.2831|4.3370|4.3646|4.4618|4.7176|4.7448|4.9394|4.9426,neutralase,floor,cross_family,endocrine,enzyme_ase,False,False,False
partase,synthetic_seeded,,high,The ferment that breaks down the green leaf-pigment in the autumn senescence he provisionally named [MASK],The ferment that breaks down the green leaf-pigment in the autumn senescence he provisionally named,,-1,inf,0,0,0,0,the|laccase|zymase|cytase|oxydase|chlorophyll|a|tannase|by|hormone,3.5191|4.1476|4.4179|4.4327|4.6967|4.8574|5.0113|5.0426|5.2299|5.2826,partase,floor,cross_family,endocrine,enzyme_ase,False,False,False
partase,synthetic_seeded,,medium,"A new enzyme, active upon the foliar chlorophyll and absent from etiolated tissue, was isolated and called [MASK]","A new enzyme, active upon the foliar chlorophyll and absent from etiolated tissue, was isolated and called",,-1,inf,0,0,0,0,by|tyrosinase|cytase|catalase|zymase|etiolin|oxidase|diastase|tannase|the,1.7268|3.1662|3.8518|3.9215|4.3923|4.5013|4.6070|4.6783|4.8186|5.0396,partase,floor,cross_family,endocrine,enzyme_ase,False,False,False
partase,synthetic_seeded,,low,"When the leaf yellows, an enzyme he termed [MASK] is held responsible for dismantling the pigment.","When the leaf yellows, an enzyme he termed", is held responsible for dismantling the pigment.,-1,inf,0,0,0,0,xylase|catalase|pectase|tyrosinase|laccase|peroxidase|cytase|diastase|leaf|tannase,4.0545|4.1544|4.2831|4.3370|4.3646|4.4618|4.7176|4.7448|4.9394|4.9426,partase,floor,cross_family,endocrine,enzyme_ase,False,False,False
calase,synthetic_seeded,,high,The ferment that breaks down the green leaf-pigment in the autumn senescence he provisionally named [MASK],The ferment that breaks down the green leaf-pigment in the autumn senescence he provisionally named,,-1,inf,0,0,0,0,the|laccase|zymase|cytase|oxydase|chlorophyll|a|tannase|by|hormone,3.5191|4.1476|4.4179|4.4327|4.6967|4.8574|5.0113|5.0426|5.2299|5.2826,calase,floor,cross_family,endocrine,enzyme_ase,False,False,False
calase,synthetic_seeded,,medium,"A new enzyme, active upon the foliar chlorophyll and absent from etiolated tissue, was isolated and called [MASK]","A new enzyme, active upon the foliar chlorophyll and absent from etiolated tissue, was isolated and called",,-1,inf,0,0,0,0,by|tyrosinase|cytase|catalase|zymase|etiolin|oxidase|diastase|tannase|the,1.7268|3.1662|3.8518|3.9215|4.3923|4.5013|4.6070|4.6783|4.8186|5.0396,calase,floor,cross_family,endocrine,enzyme_ase,False,False,False
calase,synthetic_seeded,,low,"When the leaf yellows, an enzyme he termed [MASK] is held responsible for dismantling the pigment.","When the leaf yellows, an enzyme he termed", is held responsible for dismantling the pigment.,-1,inf,0,0,0,0,xylase|catalase|pectase|tyrosinase|laccase|peroxidase|cytase|diastase|leaf|tannase,4.0545|4.1544|4.2831|4.3370|4.3646|4.4618|4.7176|4.7448|4.9394|4.9426,calase,floor,cross_family,endocrine,enzyme_ase,False,False,False
magnetase,synthetic_seeded,,high,The ferment that breaks down the green leaf-pigment in the autumn senescence he provisionally named [MASK],The ferment that breaks down the green leaf-pigment in the autumn senescence he provisionally named,,-1,inf,0,0,0,0,the|laccase|zymase|cytase|oxydase|chlorophyll|a|tannase|by|hormone,3.5191|4.1476|4.4179|4.4327|4.6967|4.8574|5.0113|5.0426|5.2299|5.2826,magnetase,floor,cross_family,endocrine,enzyme_ase,False,False,False
magnetase,synthetic_seeded,,medium,"A new enzyme, active upon the foliar chlorophyll and absent from etiolated tissue, was isolated and called [MASK]","A new enzyme, active upon the foliar chlorophyll and absent from etiolated tissue, was isolated and called",,-1,inf,0,0,0,0,by|tyrosinase|cytase|catalase|zymase|etiolin|oxidase|diastase|tannase|the,1.7268|3.1662|3.8518|3.9215|4.3923|4.5013|4.6070|4.6783|4.8186|5.0396,magnetase,floor,cross_family,endocrine,enzyme_ase,False,False,False
magnetase,synthetic_seeded,,low,"When the leaf yellows, an enzyme he termed [MASK] is held responsible for dismantling the pigment.","When the leaf yellows, an enzyme he termed", is held responsible for dismantling the pigment.,-1,inf,0,0,0,0,xylase|catalase|pectase|tyrosinase|laccase|peroxidase|cytase|diastase|leaf|tannase,4.0545|4.1544|4.2831|4.3370|4.3646|4.4618|4.7176|4.7448|4.9394|4.9426,magnetase,floor,cross_family,endocrine,enzyme_ase,False,False,False
bevase,synthetic_seeded,,high,The ferment that breaks down the green leaf-pigment in the autumn senescence he provisionally named [MASK],The ferment that breaks down the green leaf-pigment in the autumn senescence he provisionally named,,-1,inf,0,0,0,0,the|laccase|zymase|cytase|oxydase|chlorophyll|a|tannase|by|hormone,3.5191|4.1476|4.4179|4.4327|4.6967|4.8574|5.0113|5.0426|5.2299|5.2826,bevase,floor,cross_family,endocrine,enzyme_ase,False,False,False
bevase,synthetic_seeded,,medium,"A new enzyme, active upon the foliar chlorophyll and absent from etiolated tissue, was isolated and called [MASK]","A new enzyme, active upon the foliar chlorophyll and absent from etiolated tissue, was isolated and called",,-1,inf,0,0,0,0,by|tyrosinase|cytase|catalase|zymase|etiolin|oxidase|diastase|tannase|the,1.7268|3.1662|3.8518|3.9215|4.3923|4.5013|4.6070|4.6783|4.8186|5.0396,bevase,floor,cross_family,endocrine,enzyme_ase,False,False,False
bevase,synthetic_seeded,,low,"When the leaf yellows, an enzyme he termed [MASK] is held responsible for dismantling the pigment.","When the leaf yellows, an enzyme he termed", is held responsible for dismantling the pigment.,-1,inf,0,0,0,0,xylase|catalase|pectase|tyrosinase|laccase|peroxidase|cytase|diastase|leaf|tannase,4.0545|4.1544|4.2831|4.3370|4.3646|4.4618|4.7176|4.7448|4.9394|4.9426,bevase,floor,cross_family,endocrine,enzyme_ase,False,False,False
backergic,synthetic_seeded,,high,"Nerve fibres that become active only in darkness, and quiescent under illumination, he described as [MASK]","Nerve fibres that become active only in darkness, and quiescent under illumination, he described as",,-1,inf,0,0,0,0,the|being|having|a|possessing|those|non|sensitive|belonging|luminous,2.9228|2.9828|3.4203|4.1596|4.5453|4.9203|4.9784|4.9833|5.0452|5.1715,backergic,floor,transparent_stem,endocrine,receptor_ergic,False,False,False
backergic,synthetic_seeded,,medium,The author postulated a [MASK] pathway mediating the nocturnal rise in glandular tone,The author postulated a, pathway mediating the nocturnal rise in glandular tone,-1,inf,0,0,0,0,new|theory|certain|general|number|law|series|definite|condition|very,3.7317|4.0439|4.0439|4.2704|4.2938|4.2947|4.3565|4.5441|4.6984|4.7939,backergic,floor,transparent_stem,endocrine,receptor_ergic,False,False,False
backergic,synthetic_seeded,,low,A class of fibres he called [MASK] was said to fire chiefly during the hours of night.,A class of fibres he called, was said to fire chiefly during the hours of night.,-1,inf,0,0,0,0,the|motor|by|sensory|vaso|striated|fibres|those|a|longitudinal,1.7520|5.2873|5.4391|5.7602|5.8393|5.8870|5.9378|5.9379|5.9951|6.0049,backergic,floor,transparent_stem,endocrine,receptor_ergic,False,False,False
handergic,synthetic_seeded,,high,"Nerve fibres that become active only in darkness, and quiescent under illumination, he described as [MASK]","Nerve fibres that become active only in darkness, and quiescent under illumination, he described as",,-1,inf,0,0,0,0,the|being|having|a|possessing|those|non|sensitive|belonging|luminous,2.9228|2.9828|3.4203|4.1596|4.5453|4.9203|4.9784|4.9833|5.0452|5.1715,handergic,floor,transparent_stem,endocrine,receptor_ergic,False,False,False
handergic,synthetic_seeded,,medium,The author postulated a [MASK] pathway mediating the nocturnal rise in glandular tone,The author postulated a, pathway mediating the nocturnal rise in glandular tone,-1,inf,0,0,0,0,new|theory|certain|general|number|law|series|definite|condition|very,3.7317|4.0439|4.0439|4.2704|4.2938|4.2947|4.3565|4.5441|4.6984|4.7939,handergic,floor,transparent_stem,endocrine,receptor_ergic,False,False,False
handergic,synthetic_seeded,,low,A class of fibres he called [MASK] was said to fire chiefly during the hours of night.,A class of fibres he called, was said to fire chiefly during the hours of night.,-1,inf,0,0,0,0,the|motor|by|sensory|vaso|striated|fibres|those|a|longitudinal,1.7520|5.2873|5.4391|5.7602|5.8393|5.8870|5.9378|5.9379|5.9951|6.0049,handergic,floor,transparent_stem,endocrine,receptor_ergic,False,False,False
headergic,synthetic_seeded,,high,"Nerve fibres that become active only in darkness, and quiescent under illumination, he described as [MASK]","Nerve fibres that become active only in darkness, and quiescent under illumination, he described as",,-1,inf,0,0,0,0,the|being|having|a|possessing|those|non|sensitive|belonging|luminous,2.9228|2.9828|3.4203|4.1596|4.5453|4.9203|4.9784|4.9833|5.0452|5.1715,headergic,floor,transparent_stem,endocrine,receptor_ergic,False,False,False
headergic,synthetic_seeded,,medium,The author postulated a [MASK] pathway mediating the nocturnal rise in glandular tone,The author postulated a, pathway mediating the nocturnal rise in glandular tone,-1,inf,0,0,0,0,new|theory|certain|general|number|law|series|definite|condition|very,3.7317|4.0439|4.0439|4.2704|4.2938|4.2947|4.3565|4.5441|4.6984|4.7939,headergic,floor,transparent_stem,endocrine,receptor_ergic,False,False,False
headergic,synthetic_seeded,,low,A class of fibres he called [MASK] was said to fire chiefly during the hours of night.,A class of fibres he called, was said to fire chiefly during the hours of night.,-1,inf,0,0,0,0,the|motor|by|sensory|vaso|striated|fibres|those|a|longitudinal,1.7520|5.2873|5.4391|5.7602|5.8393|5.8870|5.9378|5.9379|5.9951|6.0049,headergic,floor,transparent_stem,endocrine,receptor_ergic,False,False,False
firergic,synthetic_seeded,,high,"Nerve fibres that become active only in darkness, and quiescent under illumination, he described as [MASK]","Nerve fibres that become active only in darkness, and quiescent under illumination, he described as",,-1,inf,0,0,0,0,the|being|having|a|possessing|those|non|sensitive|belonging|luminous,2.9228|2.9828|3.4203|4.1596|4.5453|4.9203|4.9784|4.9833|5.0452|5.1715,firergic,floor,transparent_stem,endocrine,receptor_ergic,False,False,False
firergic,synthetic_seeded,,medium,The author postulated a [MASK] pathway mediating the nocturnal rise in glandular tone,The author postulated a, pathway mediating the nocturnal rise in glandular tone,-1,inf,0,0,0,0,new|theory|certain|general|number|law|series|definite|condition|very,3.7317|4.0439|4.0439|4.2704|4.2938|4.2947|4.3565|4.5441|4.6984|4.7939,firergic,floor,transparent_stem,endocrine,receptor_ergic,False,False,False
firergic,synthetic_seeded,,low,A class of fibres he called [MASK] was said to fire chiefly during the hours of night.,A class of fibres he called, was said to fire chiefly during the hours of night.,-1,inf,0,0,0,0,the|motor|by|sensory|vaso|striated|fibres|those|a|longitudinal,1.7520|5.2873|5.4391|5.7602|5.8393|5.8870|5.9378|5.9379|5.9951|6.0049,firergic,floor,transparent_stem,endocrine,receptor_ergic,False,False,False
airergic,synthetic_seeded,,high,"Nerve fibres that become active only in darkness, and quiescent under illumination, he described as [MASK]","Nerve fibres that become active only in darkness, and quiescent under illumination, he described as",,-1,inf,0,0,0,0,the|being|having|a|possessing|those|non|sensitive|belonging|luminous,2.9228|2.9828|3.4203|4.1596|4.5453|4.9203|4.9784|4.9833|5.0452|5.1715,airergic,floor,transparent_stem,endocrine,receptor_ergic,False,False,False
airergic,synthetic_seeded,,medium,The author postulated a [MASK] pathway mediating the nocturnal rise in glandular tone,The author postulated a, pathway mediating the nocturnal rise in glandular tone,-1,inf,0,0,0,0,new|theory|certain|general|number|law|series|definite|condition|very,3.7317|4.0439|4.0439|4.2704|4.2938|4.2947|4.3565|4.5441|4.6984|4.7939,airergic,floor,transparent_stem,endocrine,receptor_ergic,False,False,False
airergic,synthetic_seeded,,low,A class of fibres he called [MASK] was said to fire chiefly during the hours of night.,A class of fibres he called, was said to fire chiefly during the hours of night.,-1,inf,0,0,0,0,the|motor|by|sensory|vaso|striated|fibres|those|a|longitudinal,1.7520|5.2873|5.4391|5.7602|5.8393|5.8870|5.9378|5.9379|5.9951|6.0049,airergic,floor,transparent_stem,endocrine,receptor_ergic,False,False,False
waterergic,synthetic_seeded,,high,"Nerve fibres that become active only in darkness, and quiescent under illumination, he described as [MASK]","Nerve fibres that become active only in darkness, and quiescent under illumination, he described as",,-1,inf,0,0,0,0,the|being|having|a|possessing|those|non|sensitive|belonging|luminous,2.9228|2.9828|3.4203|4.1596|4.5453|4.9203|4.9784|4.9833|5.0452|5.1715,waterergic,floor,transparent_stem,endocrine,receptor_ergic,False,False,False
waterergic,synthetic_seeded,,medium,The author postulated a [MASK] pathway mediating the nocturnal rise in glandular tone,The author postulated a, pathway mediating the nocturnal rise in glandular tone,-1,inf,0,0,0,0,new|theory|certain|general|number|law|series|definite|condition|very,3.7317|4.0439|4.0439|4.2704|4.2938|4.2947|4.3565|4.5441|4.6984|4.7939,waterergic,floor,transparent_stem,endocrine,receptor_ergic,False,False,False
waterergic,synthetic_seeded,,low,A class of fibres he called [MASK] was said to fire chiefly during the hours of night.,A class of fibres he called, was said to fire chiefly during the hours of night.,-1,inf,0,0,0,0,the|motor|by|sensory|vaso|striated|fibres|those|a|longitudinal,1.7520|5.2873|5.4391|5.7602|5.8393|5.8870|5.9378|5.9379|5.9951|6.0049,waterergic,floor,transparent_stem,endocrine,receptor_ergic,False,False,False
footergic,synthetic_seeded,,high,"Nerve fibres that become active only in darkness, and quiescent under illumination, he described as [MASK]","Nerve fibres that become active only in darkness, and quiescent under illumination, he described as",,-1,inf,0,0,0,0,the|being|having|a|possessing|those|non|sensitive|belonging|luminous,2.9228|2.9828|3.4203|4.1596|4.5453|4.9203|4.9784|4.9833|5.0452|5.1715,footergic,floor,transparent_stem,endocrine,receptor_ergic,False,False,False
footergic,synthetic_seeded,,medium,The author postulated a [MASK] pathway mediating the nocturnal rise in glandular tone,The author postulated a, pathway mediating the nocturnal rise in glandular tone,-1,inf,0,0,0,0,new|theory|certain|general|number|law|series|definite|condition|very,3.7317|4.0439|4.0439|4.2704|4.2938|4.2947|4.3565|4.5441|4.6984|4.7939,footergic,floor,transparent_stem,endocrine,receptor_ergic,False,False,False
footergic,synthetic_seeded,,low,A class of fibres he called [MASK] was said to fire chiefly during the hours of night.,A class of fibres he called, was said to fire chiefly during the hours of night.,-1,inf,0,0,0,0,the|motor|by|sensory|vaso|striated|fibres|those|a|longitudinal,1.7520|5.2873|5.4391|5.7602|5.8393|5.8870|5.9378|5.9379|5.9951|6.0049,footergic,floor,transparent_stem,endocrine,receptor_ergic,False,False,False
sunergic,synthetic_seeded,,high,"Nerve fibres that become active only in darkness, and quiescent under illumination, he described as [MASK]","Nerve fibres that become active only in darkness, and quiescent under illumination, he described as",,-1,inf,0,0,0,0,the|being|having|a|possessing|those|non|sensitive|belonging|luminous,2.9228|2.9828|3.4203|4.1596|4.5453|4.9203|4.9784|4.9833|5.0452|5.1715,sunergic,floor,transparent_stem,endocrine,receptor_ergic,False,False,False
sunergic,synthetic_seeded,,medium,The author postulated a [MASK] pathway mediating the nocturnal rise in glandular tone,The author postulated a, pathway mediating the nocturnal rise in glandular tone,-1,inf,0,0,0,0,new|theory|certain|general|number|law|series|definite|condition|very,3.7317|4.0439|4.0439|4.2704|4.2938|4.2947|4.3565|4.5441|4.6984|4.7939,sunergic,floor,transparent_stem,endocrine,receptor_ergic,False,False,False
sunergic,synthetic_seeded,,low,A class of fibres he called [MASK] was said to fire chiefly during the hours of night.,A class of fibres he called, was said to fire chiefly during the hours of night.,-1,inf,0,0,0,0,the|motor|by|sensory|vaso|striated|fibres|those|a|longitudinal,1.7520|5.2873|5.4391|5.7602|5.8393|5.8870|5.9378|5.9379|5.9951|6.0049,sunergic,floor,transparent_stem,endocrine,receptor_ergic,False,False,False
blackergic,synthetic_seeded,,high,"Nerve fibres that become active only in darkness, and quiescent under illumination, he described as [MASK]","Nerve fibres that become active only in darkness, and quiescent under illumination, he described as",,-1,inf,0,0,0,0,the|being|having|a|possessing|those|non|sensitive|belonging|luminous,2.9228|2.9828|3.4203|4.1596|4.5453|4.9203|4.9784|4.9833|5.0452|5.1715,blackergic,floor,transparent_stem,endocrine,receptor_ergic,False,False,False
blackergic,synthetic_seeded,,medium,The author postulated a [MASK] pathway mediating the nocturnal rise in glandular tone,The author postulated a, pathway mediating the nocturnal rise in glandular tone,-1,inf,0,0,0,0,new|theory|certain|general|number|law|series|definite|condition|very,3.7317|4.0439|4.0439|4.2704|4.2938|4.2947|4.3565|4.5441|4.6984|4.7939,blackergic,floor,transparent_stem,endocrine,receptor_ergic,False,False,False
blackergic,synthetic_seeded,,low,A class of fibres he called [MASK] was said to fire chiefly during the hours of night.,A class of fibres he called, was said to fire chiefly during the hours of night.,-1,inf,0,0,0,0,the|motor|by|sensory|vaso|striated|fibres|those|a|longitudinal,1.7520|5.2873|5.4391|5.7602|5.8393|5.8870|5.9378|5.9379|5.9951|6.0049,blackergic,floor,transparent_stem,endocrine,receptor_ergic,False,False,False
snowergic,synthetic_seeded,,high,"Nerve fibres that become active only in darkness, and quiescent under illumination, he described as [MASK]","Nerve fibres that become active only in darkness, and quiescent under illumination, he described as",,-1,inf,0,0,0,0,the|being|having|a|possessing|those|non|sensitive|belonging|luminous,2.9228|2.9828|3.4203|4.1596|4.5453|4.9203|4.9784|4.9833|5.0452|5.1715,snowergic,floor,transparent_stem,endocrine,receptor_ergic,False,False,False
snowergic,synthetic_seeded,,medium,The author postulated a [MASK] pathway mediating the nocturnal rise in glandular tone,The author postulated a, pathway mediating the nocturnal rise in glandular tone,-1,inf,0,0,0,0,new|theory|certain|general|number|law|series|definite|condition|very,3.7317|4.0439|4.0439|4.2704|4.2938|4.2947|4.3565|4.5441|4.6984|4.7939,snowergic,floor,transparent_stem,endocrine,receptor_ergic,False,False,False
snowergic,synthetic_seeded,,low,A class of fibres he called [MASK] was said to fire chiefly during the hours of night.,A class of fibres he called, was said to fire chiefly during the hours of night.,-1,inf,0,0,0,0,the|motor|by|sensory|vaso|striated|fibres|those|a|longitudinal,1.7520|5.2873|5.4391|5.7602|5.8393|5.8870|5.9378|5.9379|5.9951|6.0049,snowergic,floor,transparent_stem,endocrine,receptor_ergic,False,False,False
woodergic,synthetic_seeded,,high,"Nerve fibres that become active only in darkness, and quiescent under illumination, he described as [MASK]","Nerve fibres that become active only in darkness, and quiescent under illumination, he described as",,-1,inf,0,0,0,0,the|being|having|a|possessing|those|non|sensitive|belonging|luminous,2.9228|2.9828|3.4203|4.1596|4.5453|4.9203|4.9784|4.9833|5.0452|5.1715,woodergic,floor,transparent_stem,endocrine,receptor_ergic,False,False,False
woodergic,synthetic_seeded,,medium,The author postulated a [MASK] pathway mediating the nocturnal rise in glandular tone,The author postulated a, pathway mediating the nocturnal rise in glandular tone,-1,inf,0,0,0,0,new|theory|certain|general|number|law|series|definite|condition|very,3.7317|4.0439|4.0439|4.2704|4.2938|4.2947|4.3565|4.5441|4.6984|4.7939,woodergic,floor,transparent_stem,endocrine,receptor_ergic,False,False,False
woodergic,synthetic_seeded,,low,A class of fibres he called [MASK] was said to fire chiefly during the hours of night.,A class of fibres he called, was said to fire chiefly during the hours of night.,-1,inf,0,0,0,0,the|motor|by|sensory|vaso|striated|fibres|those|a|longitudinal,1.7520|5.2873|5.4391|5.7602|5.8393|5.8870|5.9378|5.9379|5.9951|6.0049,woodergic,floor,transparent_stem,endocrine,receptor_ergic,False,False,False
housergic,synthetic_seeded,,high,"Nerve fibres that become active only in darkness, and quiescent under illumination, he described as [MASK]","Nerve fibres that become active only in darkness, and quiescent under illumination, he described as",,-1,inf,0,0,0,0,the|being|having|a|possessing|those|non|sensitive|belonging|luminous,2.9228|2.9828|3.4203|4.1596|4.5453|4.9203|4.9784|4.9833|5.0452|5.1715,housergic,floor,transparent_stem,endocrine,receptor_ergic,False,False,False
housergic,synthetic_seeded,,medium,The author postulated a [MASK] pathway mediating the nocturnal rise in glandular tone,The author postulated a, pathway mediating the nocturnal rise in glandular tone,-1,inf,0,0,0,0,new|theory|certain|general|number|law|series|definite|condition|very,3.7317|4.0439|4.0439|4.2704|4.2938|4.2947|4.3565|4.5441|4.6984|4.7939,housergic,floor,transparent_stem,endocrine,receptor_ergic,False,False,False
housergic,synthetic_seeded,,low,A class of fibres he called [MASK] was said to fire chiefly during the hours of night.,A class of fibres he called, was said to fire chiefly during the hours of night.,-1,inf,0,0,0,0,the|motor|by|sensory|vaso|striated|fibres|those|a|longitudinal,1.7520|5.2873|5.4391|5.7602|5.8393|5.8870|5.9378|5.9379|5.9951|6.0049,housergic,floor,transparent_stem,endocrine,receptor_ergic,False,False,False
dopaergic,synthetic_seeded,,high,"Nerve fibres that become active only in darkness, and quiescent under illumination, he described as [MASK]","Nerve fibres that become active only in darkness, and quiescent under illumination, he described as",,-1,inf,0,0,0,0,the|being|having|a|possessing|those|non|sensitive|belonging|luminous,2.9228|2.9828|3.4203|4.1596|4.5453|4.9203|4.9784|4.9833|5.0452|5.1715,dopaergic,core,affix_swap,endocrine,receptor_ergic,False,False,False
dopaergic,synthetic_seeded,,medium,The author postulated a [MASK] pathway mediating the nocturnal rise in glandular tone,The author postulated a, pathway mediating the nocturnal rise in glandular tone,-1,inf,0,0,0,0,new|theory|certain|general|number|law|series|definite|condition|very,3.7317|4.0439|4.0439|4.2704|4.2938|4.2947|4.3565|4.5441|4.6984|4.7939,dopaergic,core,affix_swap,endocrine,receptor_ergic,False,False,False
dopaergic,synthetic_seeded,,low,A class of fibres he called [MASK] was said to fire chiefly during the hours of night.,A class of fibres he called, was said to fire chiefly during the hours of night.,-1,inf,0,0,0,0,the|motor|by|sensory|vaso|striated|fibres|those|a|longitudinal,1.7520|5.2873|5.4391|5.7602|5.8393|5.8870|5.9378|5.9379|5.9951|6.0049,dopaergic,core,affix_swap,endocrine,receptor_ergic,False,False,False
glutamicergic,synthetic_seeded,,high,"Nerve fibres that become active only in darkness, and quiescent under illumination, he described as [MASK]","Nerve fibres that become active only in darkness, and quiescent under illumination, he described as",,-1,inf,0,0,0,0,the|being|having|a|possessing|those|non|sensitive|belonging|luminous,2.9228|2.9828|3.4203|4.1596|4.5453|4.9203|4.9784|4.9833|5.0452|5.1715,glutamicergic,core,affix_swap,endocrine,receptor_ergic,False,False,False
glutamicergic,synthetic_seeded,,medium,The author postulated a [MASK] pathway mediating the nocturnal rise in glandular tone,The author postulated a, pathway mediating the nocturnal rise in glandular tone,-1,inf,0,0,0,0,new|theory|certain|general|number|law|series|definite|condition|very,3.7317|4.0439|4.0439|4.2704|4.2938|4.2947|4.3565|4.5441|4.6984|4.7939,glutamicergic,core,affix_swap,endocrine,receptor_ergic,False,False,False
glutamicergic,synthetic_seeded,,low,A class of fibres he called [MASK] was said to fire chiefly during the hours of night.,A class of fibres he called, was said to fire chiefly during the hours of night.,-1,inf,0,0,0,0,the|motor|by|sensory|vaso|striated|fibres|those|a|longitudinal,1.7520|5.2873|5.4391|5.7602|5.8393|5.8870|5.9378|5.9379|5.9951|6.0049,glutamicergic,core,affix_swap,endocrine,receptor_ergic,False,False,False
adrenalergic,synthetic_seeded,,high,"Nerve fibres that become active only in darkness, and quiescent under illumination, he described as [MASK]","Nerve fibres that become active only in darkness, and quiescent under illumination, he described as",,-1,inf,0,0,0,0,the|being|having|a|possessing|those|non|sensitive|belonging|luminous,2.9228|2.9828|3.4203|4.1596|4.5453|4.9203|4.9784|4.9833|5.0452|5.1715,adrenalergic,core,affix_swap,endocrine,receptor_ergic,False,False,False
adrenalergic,synthetic_seeded,,medium,The author postulated a [MASK] pathway mediating the nocturnal rise in glandular tone,The author postulated a, pathway mediating the nocturnal rise in glandular tone,-1,inf,0,0,0,0,new|theory|certain|general|number|law|series|definite|condition|very,3.7317|4.0439|4.0439|4.2704|4.2938|4.2947|4.3565|4.5441|4.6984|4.7939,adrenalergic,core,affix_swap,endocrine,receptor_ergic,False,False,False
adrenalergic,synthetic_seeded,,low,A class of fibres he called [MASK] was said to fire chiefly during the hours of night.,A class of fibres he called, was said to fire chiefly during the hours of night.,-1,inf,0,0,0,0,the|motor|by|sensory|vaso|striated|fibres|those|a|longitudinal,1.7520|5.2873|5.4391|5.7602|5.8393|5.8870|5.9378|5.9379|5.9951|6.0049,adrenalergic,core,affix_swap,endocrine,receptor_ergic,False,False,False
cannabisergic,synthetic_seeded,,high,"Nerve fibres that become active only in darkness, and quiescent under illumination, he described as [MASK]","Nerve fibres that become active only in darkness, and quiescent under illumination, he described as",,-1,inf,0,0,0,0,the|being|having|a|possessing|those|non|sensitive|belonging|luminous,2.9228|2.9828|3.4203|4.1596|4.5453|4.9203|4.9784|4.9833|5.0452|5.1715,cannabisergic,core,affix_swap,endocrine,receptor_ergic,False,False,False
cannabisergic,synthetic_seeded,,medium,The author postulated a [MASK] pathway mediating the nocturnal rise in glandular tone,The author postulated a, pathway mediating the nocturnal rise in glandular tone,-1,inf,0,0,0,0,new|theory|certain|general|number|law|series|definite|condition|very,3.7317|4.0439|4.0439|4.2704|4.2938|4.2947|4.3565|4.5441|4.6984|4.7939,cannabisergic,core,affix_swap,endocrine,receptor_ergic,False,False,False
cannabisergic,synthetic_seeded,,low,A class of fibres he called [MASK] was said to fire chiefly during the hours of night.,A class of fibres he called, was said to fire chiefly during the hours of night.,-1,inf,0,0,0,0,the|motor|by|sensory|vaso|striated|fibres|those|a|longitudinal,1.7520|5.2873|5.4391|5.7602|5.8393|5.8870|5.9378|5.9379|5.9951|6.0049,cannabisergic,core,affix_swap,endocrine,receptor_ergic,False,False,False
catechuergic,synthetic_seeded,,high,"Nerve fibres that become active only in darkness, and quiescent under illumination, he described as [MASK]","Nerve fibres that become active only in darkness, and quiescent under illumination, he described as",,-1,inf,0,0,0,0,the|being|having|a|possessing|those|non|sensitive|belonging|luminous,2.9228|2.9828|3.4203|4.1596|4.5453|4.9203|4.9784|4.9833|5.0452|5.1715,catechuergic,core,affix_swap,endocrine,receptor_ergic,False,False,False
catechuergic,synthetic_seeded,,medium,The author postulated a [MASK] pathway mediating the nocturnal rise in glandular tone,The author postulated a, pathway mediating the nocturnal rise in glandular tone,-1,inf,0,0,0,0,new|theory|certain|general|number|law|series|definite|condition|very,3.7317|4.0439|4.0439|4.2704|4.2938|4.2947|4.3565|4.5441|4.6984|4.7939,catechuergic,core,affix_swap,endocrine,receptor_ergic,False,False,False
catechuergic,synthetic_seeded,,low,A class of fibres he called [MASK] was said to fire chiefly during the hours of night.,A class of fibres he called, was said to fire chiefly during the hours of night.,-1,inf,0,0,0,0,the|motor|by|sensory|vaso|striated|fibres|those|a|longitudinal,1.7520|5.2873|5.4391|5.7602|5.8393|5.8870|5.9378|5.9379|5.9951|6.0049,catechuergic,core,affix_swap,endocrine,receptor_ergic,False,False,False
neutralergic,synthetic_seeded,,high,"Nerve fibres that become active only in darkness, and quiescent under illumination, he described as [MASK]","Nerve fibres that become active only in darkness, and quiescent under illumination, he described as",,-1,inf,0,0,0,0,the|being|having|a|possessing|those|non|sensitive|belonging|luminous,2.9228|2.9828|3.4203|4.1596|4.5453|4.9203|4.9784|4.9833|5.0452|5.1715,neutralergic,floor,cross_family,endocrine,receptor_ergic,False,False,False
neutralergic,synthetic_seeded,,medium,The author postulated a [MASK] pathway mediating the nocturnal rise in glandular tone,The author postulated a, pathway mediating the nocturnal rise in glandular tone,-1,inf,0,0,0,0,new|theory|certain|general|number|law|series|definite|condition|very,3.7317|4.0439|4.0439|4.2704|4.2938|4.2947|4.3565|4.5441|4.6984|4.7939,neutralergic,floor,cross_family,endocrine,receptor_ergic,False,False,False
neutralergic,synthetic_seeded,,low,A class of fibres he called [MASK] was said to fire chiefly during the hours of night.,A class of fibres he called, was said to fire chiefly during the hours of night.,-1,inf,0,0,0,0,the|motor|by|sensory|vaso|striated|fibres|those|a|longitudinal,1.7520|5.2873|5.4391|5.7602|5.8393|5.8870|5.9378|5.9379|5.9951|6.0049,neutralergic,floor,cross_family,endocrine,receptor_ergic,False,False,False
interferergic,synthetic_seeded,,high,"Nerve fibres that become active only in darkness, and quiescent under illumination, he described as [MASK]","Nerve fibres that become active only in darkness, and quiescent under illumination, he described as",,-1,inf,0,0,0,0,the|being|having|a|possessing|those|non|sensitive|belonging|luminous,2.9228|2.9828|3.4203|4.1596|4.5453|4.9203|4.9784|4.9833|5.0452|5.1715,interferergic,floor,cross_family,endocrine,receptor_ergic,False,False,False
interferergic,synthetic_seeded,,medium,The author postulated a [MASK] pathway mediating the nocturnal rise in glandular tone,The author postulated a, pathway mediating the nocturnal rise in glandular tone,-1,inf,0,0,0,0,new|theory|certain|general|number|law|series|definite|condition|very,3.7317|4.0439|4.0439|4.2704|4.2938|4.2947|4.3565|4.5441|4.6984|4.7939,interferergic,floor,cross_family,endocrine,receptor_ergic,False,False,False
interferergic,synthetic_seeded,,low,A class of fibres he called [MASK] was said to fire chiefly during the hours of night.,A class of fibres he called, was said to fire chiefly during the hours of night.,-1,inf,0,0,0,0,the|motor|by|sensory|vaso|striated|fibres|those|a|longitudinal,1.7520|5.2873|5.4391|5.7602|5.8393|5.8870|5.9378|5.9379|5.9951|6.0049,interferergic,floor,cross_family,endocrine,receptor_ergic,False,False,False
partergic,synthetic_seeded,,high,"Nerve fibres that become active only in darkness, and quiescent under illumination, he described as [MASK]","Nerve fibres that become active only in darkness, and quiescent under illumination, he described as",,-1,inf,0,0,0,0,the|being|having|a|possessing|those|non|sensitive|belonging|luminous,2.9228|2.9828|3.4203|4.1596|4.5453|4.9203|4.9784|4.9833|5.0452|5.1715,partergic,floor,cross_family,endocrine,receptor_ergic,False,False,False
partergic,synthetic_seeded,,medium,The author postulated a [MASK] pathway mediating the nocturnal rise in glandular tone,The author postulated a, pathway mediating the nocturnal rise in glandular tone,-1,inf,0,0,0,0,new|theory|certain|general|number|law|series|definite|condition|very,3.7317|4.0439|4.0439|4.2704|4.2938|4.2947|4.3565|4.5441|4.6984|4.7939,partergic,floor,cross_family,endocrine,receptor_ergic,False,False,False
partergic,synthetic_seeded,,low,A class of fibres he called [MASK] was said to fire chiefly during the hours of night.,A class of fibres he called, was said to fire chiefly during the hours of night.,-1,inf,0,0,0,0,the|motor|by|sensory|vaso|striated|fibres|those|a|longitudinal,1.7520|5.2873|5.4391|5.7602|5.8393|5.8870|5.9378|5.9379|5.9951|6.0049,partergic,floor,cross_family,endocrine,receptor_ergic,False,False,False
calergic,synthetic_seeded,,high,"Nerve fibres that become active only in darkness, and quiescent under illumination, he described as [MASK]","Nerve fibres that become active only in darkness, and quiescent under illumination, he described as",,-1,inf,0,0,0,0,the|being|having|a|possessing|those|non|sensitive|belonging|luminous,2.9228|2.9828|3.4203|4.1596|4.5453|4.9203|4.9784|4.9833|5.0452|5.1715,calergic,floor,cross_family,endocrine,receptor_ergic,False,False,False
calergic,synthetic_seeded,,medium,The author postulated a [MASK] pathway mediating the nocturnal rise in glandular tone,The author postulated a, pathway mediating the nocturnal rise in glandular tone,-1,inf,0,0,0,0,new|theory|certain|general|number|law|series|definite|condition|very,3.7317|4.0439|4.0439|4.2704|4.2938|4.2947|4.3565|4.5441|4.6984|4.7939,calergic,floor,cross_family,endocrine,receptor_ergic,False,False,False
calergic,synthetic_seeded,,low,A class of fibres he called [MASK] was said to fire chiefly during the hours of night.,A class of fibres he called, was said to fire chiefly during the hours of night.,-1,inf,0,0,0,0,the|motor|by|sensory|vaso|striated|fibres|those|a|longitudinal,1.7520|5.2873|5.4391|5.7602|5.8393|5.8870|5.9378|5.9379|5.9951|6.0049,calergic,floor,cross_family,endocrine,receptor_ergic,False,False,False
magnetergic,synthetic_seeded,,high,"Nerve fibres that become active only in darkness, and quiescent under illumination, he described as [MASK]","Nerve fibres that become active only in darkness, and quiescent under illumination, he described as",,-1,inf,0,0,0,0,the|being|having|a|possessing|those|non|sensitive|belonging|luminous,2.9228|2.9828|3.4203|4.1596|4.5453|4.9203|4.9784|4.9833|5.0452|5.1715,magnetergic,floor,cross_family,endocrine,receptor_ergic,False,False,False
magnetergic,synthetic_seeded,,medium,The author postulated a [MASK] pathway mediating the nocturnal rise in glandular tone,The author postulated a, pathway mediating the nocturnal rise in glandular tone,-1,inf,0,0,0,0,new|theory|certain|general|number|law|series|definite|condition|very,3.7317|4.0439|4.0439|4.2704|4.2938|4.2947|4.3565|4.5441|4.6984|4.7939,magnetergic,floor,cross_family,endocrine,receptor_ergic,False,False,False
magnetergic,synthetic_seeded,,low,A class of fibres he called [MASK] was said to fire chiefly during the hours of night.,A class of fibres he called, was said to fire chiefly during the hours of night.,-1,inf,0,0,0,0,the|motor|by|sensory|vaso|striated|fibres|those|a|longitudinal,1.7520|5.2873|5.4391|5.7602|5.8393|5.8870|5.9378|5.9379|5.9951|6.0049,magnetergic,floor,cross_family,endocrine,receptor_ergic,False,False,False
bevergic,synthetic_seeded,,high,"Nerve fibres that become active only in darkness, and quiescent under illumination, he described as [MASK]","Nerve fibres that become active only in darkness, and quiescent under illumination, he described as",,-1,inf,0,0,0,0,the|being|having|a|possessing|those|non|sensitive|belonging|luminous,2.9228|2.9828|3.4203|4.1596|4.5453|4.9203|4.9784|4.9833|5.0452|5.1715,bevergic,floor,cross_family,endocrine,receptor_ergic,False,False,False
bevergic,synthetic_seeded,,medium,The author postulated a [MASK] pathway mediating the nocturnal rise in glandular tone,The author postulated a, pathway mediating the nocturnal rise in glandular tone,-1,inf,0,0,0,0,new|theory|certain|general|number|law|series|definite|condition|very,3.7317|4.0439|4.0439|4.2704|4.2938|4.2947|4.3565|4.5441|4.6984|4.7939,bevergic,floor,cross_family,endocrine,receptor_ergic,False,False,False
bevergic,synthetic_seeded,,low,A class of fibres he called [MASK] was said to fire chiefly during the hours of night.,A class of fibres he called, was said to fire chiefly during the hours of night.,-1,inf,0,0,0,0,the|motor|by|sensory|vaso|striated|fibres|those|a|longitudinal,1.7520|5.2873|5.4391|5.7602|5.8393|5.8870|5.9378|5.9379|5.9951|6.0049,bevergic,floor,cross_family,endocrine,receptor_ergic,False,False,False
backcrine,synthetic_seeded,,high,The mode of secretion may be toward the outside of the body (exocrine) or toward the blood and lymph vessels ([MASK]),The mode of secretion may be toward the outside of the body (exocrine) or toward the blood and lymph vessels (,),-1,inf,0,0,0,0,endocrine|endocrines|endocrinous|enterocrine|endo|lymphatic|endocrast|hormone|entero|endocrastic,8.9932|11.9657|12.9631|12.9971|13.1691|13.2864|13.5742|13.7020|13.8143|13.8388,backcrine,floor,transparent_stem,endocrine,secretion_crine,False,False,False
backcrine,synthetic_seeded,,medium,"Where the gland discharges its product not through a duct but directly into the watery serum that bathes the tissues, the secretion is termed [MASK]","Where the gland discharges its product not through a duct but directly into the watery serum that bathes the tissues, the secretion is termed",,-1,inf,0,0,0,0,a|an|serous|watery|hydrocele|by|lymph|serum|interstitial|sweat,0.9385|1.4423|2.2529|3.6880|4.4623|4.7524|4.7726|4.8217|4.8944|5.0065,backcrine,floor,transparent_stem,endocrine,secretion_crine,False,False,False
backcrine,synthetic_seeded,,low,"He distinguished the duct-bearing type from the [MASK] type, whose elaborated material passes outward only into the surrounding fluid.",He distinguished the duct-bearing type from the," type, whose elaborated material passes outward only into the surrounding fluid.",-1,inf,0,0,0,0,non|ductless|true|common|simple|other|others|ordinary|normal|hepatic,2.1235|2.6723|3.8315|3.8888|4.0530|4.2064|4.6438|4.6439|5.1451|5.3283,backcrine,floor,transparent_stem,endocrine,secretion_crine,False,False,False
handcrine,synthetic_seeded,,high,The mode of secretion may be toward the outside of the body (exocrine) or toward the blood and lymph vessels ([MASK]),The mode of secretion may be toward the outside of the body (exocrine) or toward the blood and lymph vessels (,),-1,inf,0,0,0,0,endocrine|endocrines|endocrinous|enterocrine|endo|lymphatic|endocrast|hormone|entero|endocrastic,8.9932|11.9657|12.9631|12.9971|13.1691|13.2864|13.5742|13.7020|13.8143|13.8388,handcrine,floor,transparent_stem,endocrine,secretion_crine,False,False,False
handcrine,synthetic_seeded,,medium,"Where the gland discharges its product not through a duct but directly into the watery serum that bathes the tissues, the secretion is termed [MASK]","Where the gland discharges its product not through a duct but directly into the watery serum that bathes the tissues, the secretion is termed",,-1,inf,0,0,0,0,a|an|serous|watery|hydrocele|by|lymph|serum|interstitial|sweat,0.9385|1.4423|2.2529|3.6880|4.4623|4.7524|4.7726|4.8217|4.8944|5.0065,handcrine,floor,transparent_stem,endocrine,secretion_crine,False,False,False
handcrine,synthetic_seeded,,low,"He distinguished the duct-bearing type from the [MASK] type, whose elaborated material passes outward only into the surrounding fluid.",He distinguished the duct-bearing type from the," type, whose elaborated material passes outward only into the surrounding fluid.",-1,inf,0,0,0,0,non|ductless|true|common|simple|other|others|ordinary|normal|hepatic,2.1235|2.6723|3.8315|3.8888|4.0530|4.2064|4.6438|4.6439|5.1451|5.3283,handcrine,floor,transparent_stem,endocrine,secretion_crine,False,False,False
headcrine,synthetic_seeded,,high,The mode of secretion may be toward the outside of the body (exocrine) or toward the blood and lymph vessels ([MASK]),The mode of secretion may be toward the outside of the body (exocrine) or toward the blood and lymph vessels (,),-1,inf,0,0,0,0,endocrine|endocrines|endocrinous|enterocrine|endo|lymphatic|endocrast|hormone|entero|endocrastic,8.9932|11.9657|12.9631|12.9971|13.1691|13.2864|13.5742|13.7020|13.8143|13.8388,headcrine,floor,transparent_stem,endocrine,secretion_crine,False,False,False
headcrine,synthetic_seeded,,medium,"Where the gland discharges its product not through a duct but directly into the watery serum that bathes the tissues, the secretion is termed [MASK]","Where the gland discharges its product not through a duct but directly into the watery serum that bathes the tissues, the secretion is termed",,-1,inf,0,0,0,0,a|an|serous|watery|hydrocele|by|lymph|serum|interstitial|sweat,0.9385|1.4423|2.2529|3.6880|4.4623|4.7524|4.7726|4.8217|4.8944|5.0065,headcrine,floor,transparent_stem,endocrine,secretion_crine,False,False,False
headcrine,synthetic_seeded,,low,"He distinguished the duct-bearing type from the [MASK] type, whose elaborated material passes outward only into the surrounding fluid.",He distinguished the duct-bearing type from the," type, whose elaborated material passes outward only into the surrounding fluid.",-1,inf,0,0,0,0,non|ductless|true|common|simple|other|others|ordinary|normal|hepatic,2.1235|2.6723|3.8315|3.8888|4.0530|4.2064|4.6438|4.6439|5.1451|5.3283,headcrine,floor,transparent_stem,endocrine,secretion_crine,False,False,False
firecrine,synthetic_seeded,,high,The mode of secretion may be toward the outside of the body (exocrine) or toward the blood and lymph vessels ([MASK]),The mode of secretion may be toward the outside of the body (exocrine) or toward the blood and lymph vessels (,),-1,inf,0,0,0,0,endocrine|endocrines|endocrinous|enterocrine|endo|lymphatic|endocrast|hormone|entero|endocrastic,8.9932|11.9657|12.9631|12.9971|13.1691|13.2864|13.5742|13.7020|13.8143|13.8388,firecrine,floor,transparent_stem,endocrine,secretion_crine,False,False,False
firecrine,synthetic_seeded,,medium,"Where the gland discharges its product not through a duct but directly into the watery serum that bathes the tissues, the secretion is termed [MASK]","Where the gland discharges its product not through a duct but directly into the watery serum that bathes the tissues, the secretion is termed",,-1,inf,0,0,0,0,a|an|serous|watery|hydrocele|by|lymph|serum|interstitial|sweat,0.9385|1.4423|2.2529|3.6880|4.4623|4.7524|4.7726|4.8217|4.8944|5.0065,firecrine,floor,transparent_stem,endocrine,secretion_crine,False,False,False
firecrine,synthetic_seeded,,low,"He distinguished the duct-bearing type from the [MASK] type, whose elaborated material passes outward only into the surrounding fluid.",He distinguished the duct-bearing type from the," type, whose elaborated material passes outward only into the surrounding fluid.",-1,inf,0,0,0,0,non|ductless|true|common|simple|other|others|ordinary|normal|hepatic,2.1235|2.6723|3.8315|3.8888|4.0530|4.2064|4.6438|4.6439|5.1451|5.3283,firecrine,floor,transparent_stem,endocrine,secretion_crine,False,False,False
aircrine,synthetic_seeded,,high,The mode of secretion may be toward the outside of the body (exocrine) or toward the blood and lymph vessels ([MASK]),The mode of secretion may be toward the outside of the body (exocrine) or toward the blood and lymph vessels (,),-1,inf,0,0,0,0,endocrine|endocrines|endocrinous|enterocrine|endo|lymphatic|endocrast|hormone|entero|endocrastic,8.9932|11.9657|12.9631|12.9971|13.1691|13.2864|13.5742|13.7020|13.8143|13.8388,aircrine,floor,transparent_stem,endocrine,secretion_crine,False,False,False
aircrine,synthetic_seeded,,medium,"Where the gland discharges its product not through a duct but directly into the watery serum that bathes the tissues, the secretion is termed [MASK]","Where the gland discharges its product not through a duct but directly into the watery serum that bathes the tissues, the secretion is termed",,-1,inf,0,0,0,0,a|an|serous|watery|hydrocele|by|lymph|serum|interstitial|sweat,0.9385|1.4423|2.2529|3.6880|4.4623|4.7524|4.7726|4.8217|4.8944|5.0065,aircrine,floor,transparent_stem,endocrine,secretion_crine,False,False,False
aircrine,synthetic_seeded,,low,"He distinguished the duct-bearing type from the [MASK] type, whose elaborated material passes outward only into the surrounding fluid.",He distinguished the duct-bearing type from the," type, whose elaborated material passes outward only into the surrounding fluid.",-1,inf,0,0,0,0,non|ductless|true|common|simple|other|others|ordinary|normal|hepatic,2.1235|2.6723|3.8315|3.8888|4.0530|4.2064|4.6438|4.6439|5.1451|5.3283,aircrine,floor,transparent_stem,endocrine,secretion_crine,False,False,False
watercrine,synthetic_seeded,,high,The mode of secretion may be toward the outside of the body (exocrine) or toward the blood and lymph vessels ([MASK]),The mode of secretion may be toward the outside of the body (exocrine) or toward the blood and lymph vessels (,),-1,inf,0,0,0,0,endocrine|endocrines|endocrinous|enterocrine|endo|lymphatic|endocrast|hormone|entero|endocrastic,8.9932|11.9657|12.9631|12.9971|13.1691|13.2864|13.5742|13.7020|13.8143|13.8388,watercrine,floor,transparent_stem,endocrine,secretion_crine,False,False,False
watercrine,synthetic_seeded,,medium,"Where the gland discharges its product not through a duct but directly into the watery serum that bathes the tissues, the secretion is termed [MASK]","Where the gland discharges its product not through a duct but directly into the watery serum that bathes the tissues, the secretion is termed",,-1,inf,0,0,0,0,a|an|serous|watery|hydrocele|by|lymph|serum|interstitial|sweat,0.9385|1.4423|2.2529|3.6880|4.4623|4.7524|4.7726|4.8217|4.8944|5.0065,watercrine,floor,transparent_stem,endocrine,secretion_crine,False,False,False
watercrine,synthetic_seeded,,low,"He distinguished the duct-bearing type from the [MASK] type, whose elaborated material passes outward only into the surrounding fluid.",He distinguished the duct-bearing type from the," type, whose elaborated material passes outward only into the surrounding fluid.",-1,inf,0,0,0,0,non|ductless|true|common|simple|other|others|ordinary|normal|hepatic,2.1235|2.6723|3.8315|3.8888|4.0530|4.2064|4.6438|4.6439|5.1451|5.3283,watercrine,floor,transparent_stem,endocrine,secretion_crine,False,False,False
footcrine,synthetic_seeded,,high,The mode of secretion may be toward the outside of the body (exocrine) or toward the blood and lymph vessels ([MASK]),The mode of secretion may be toward the outside of the body (exocrine) or toward the blood and lymph vessels (,),-1,inf,0,0,0,0,endocrine|endocrines|endocrinous|enterocrine|endo|lymphatic|endocrast|hormone|entero|endocrastic,8.9932|11.9657|12.9631|12.9971|13.1691|13.2864|13.5742|13.7020|13.8143|13.8388,footcrine,floor,transparent_stem,endocrine,secretion_crine,False,False,False
footcrine,synthetic_seeded,,medium,"Where the gland discharges its product not through a duct but directly into the watery serum that bathes the tissues, the secretion is termed [MASK]","Where the gland discharges its product not through a duct but directly into the watery serum that bathes the tissues, the secretion is termed",,-1,inf,0,0,0,0,a|an|serous|watery|hydrocele|by|lymph|serum|interstitial|sweat,0.9385|1.4423|2.2529|3.6880|4.4623|4.7524|4.7726|4.8217|4.8944|5.0065,footcrine,floor,transparent_stem,endocrine,secretion_crine,False,False,False
footcrine,synthetic_seeded,,low,"He distinguished the duct-bearing type from the [MASK] type, whose elaborated material passes outward only into the surrounding fluid.",He distinguished the duct-bearing type from the," type, whose elaborated material passes outward only into the surrounding fluid.",-1,inf,0,0,0,0,non|ductless|true|common|simple|other|others|ordinary|normal|hepatic,2.1235|2.6723|3.8315|3.8888|4.0530|4.2064|4.6438|4.6439|5.1451|5.3283,footcrine,floor,transparent_stem,endocrine,secretion_crine,False,False,False
suncrine,synthetic_seeded,,high,The mode of secretion may be toward the outside of the body (exocrine) or toward the blood and lymph vessels ([MASK]),The mode of secretion may be toward the outside of the body (exocrine) or toward the blood and lymph vessels (,),-1,inf,0,0,0,0,endocrine|endocrines|endocrinous|enterocrine|endo|lymphatic|endocrast|hormone|entero|endocrastic,8.9932|11.9657|12.9631|12.9971|13.1691|13.2864|13.5742|13.7020|13.8143|13.8388,suncrine,floor,transparent_stem,endocrine,secretion_crine,False,False,False
suncrine,synthetic_seeded,,medium,"Where the gland discharges its product not through a duct but directly into the watery serum that bathes the tissues, the secretion is termed [MASK]","Where the gland discharges its product not through a duct but directly into the watery serum that bathes the tissues, the secretion is termed",,-1,inf,0,0,0,0,a|an|serous|watery|hydrocele|by|lymph|serum|interstitial|sweat,0.9385|1.4423|2.2529|3.6880|4.4623|4.7524|4.7726|4.8217|4.8944|5.0065,suncrine,floor,transparent_stem,endocrine,secretion_crine,False,False,False
suncrine,synthetic_seeded,,low,"He distinguished the duct-bearing type from the [MASK] type, whose elaborated material passes outward only into the surrounding fluid.",He distinguished the duct-bearing type from the," type, whose elaborated material passes outward only into the surrounding fluid.",-1,inf,0,0,0,0,non|ductless|true|common|simple|other|others|ordinary|normal|hepatic,2.1235|2.6723|3.8315|3.8888|4.0530|4.2064|4.6438|4.6439|5.1451|5.3283,suncrine,floor,transparent_stem,endocrine,secretion_crine,False,False,False
blackcrine,synthetic_seeded,,high,The mode of secretion may be toward the outside of the body (exocrine) or toward the blood and lymph vessels ([MASK]),The mode of secretion may be toward the outside of the body (exocrine) or toward the blood and lymph vessels (,),-1,inf,0,0,0,0,endocrine|endocrines|endocrinous|enterocrine|endo|lymphatic|endocrast|hormone|entero|endocrastic,8.9932|11.9657|12.9631|12.9971|13.1691|13.2864|13.5742|13.7020|13.8143|13.8388,blackcrine,floor,transparent_stem,endocrine,secretion_crine,False,False,False
blackcrine,synthetic_seeded,,medium,"Where the gland discharges its product not through a duct but directly into the watery serum that bathes the tissues, the secretion is termed [MASK]","Where the gland discharges its product not through a duct but directly into the watery serum that bathes the tissues, the secretion is termed",,-1,inf,0,0,0,0,a|an|serous|watery|hydrocele|by|lymph|serum|interstitial|sweat,0.9385|1.4423|2.2529|3.6880|4.4623|4.7524|4.7726|4.8217|4.8944|5.0065,blackcrine,floor,transparent_stem,endocrine,secretion_crine,False,False,False
blackcrine,synthetic_seeded,,low,"He distinguished the duct-bearing type from the [MASK] type, whose elaborated material passes outward only into the surrounding fluid.",He distinguished the duct-bearing type from the," type, whose elaborated material passes outward only into the surrounding fluid.",-1,inf,0,0,0,0,non|ductless|true|common|simple|other|others|ordinary|normal|hepatic,2.1235|2.6723|3.8315|3.8888|4.0530|4.2064|4.6438|4.6439|5.1451|5.3283,blackcrine,floor,transparent_stem,endocrine,secretion_crine,False,False,False
snowcrine,synthetic_seeded,,high,The mode of secretion may be toward the outside of the body (exocrine) or toward the blood and lymph vessels ([MASK]),The mode of secretion may be toward the outside of the body (exocrine) or toward the blood and lymph vessels (,),-1,inf,0,0,0,0,endocrine|endocrines|endocrinous|enterocrine|endo|lymphatic|endocrast|hormone|entero|endocrastic,8.9932|11.9657|12.9631|12.9971|13.1691|13.2864|13.5742|13.7020|13.8143|13.8388,snowcrine,floor,transparent_stem,endocrine,secretion_crine,False,False,False
snowcrine,synthetic_seeded,,medium,"Where the gland discharges its product not through a duct but directly into the watery serum that bathes the tissues, the secretion is termed [MASK]","Where the gland discharges its product not through a duct but directly into the watery serum that bathes the tissues, the secretion is termed",,-1,inf,0,0,0,0,a|an|serous|watery|hydrocele|by|lymph|serum|interstitial|sweat,0.9385|1.4423|2.2529|3.6880|4.4623|4.7524|4.7726|4.8217|4.8944|5.0065,snowcrine,floor,transparent_stem,endocrine,secretion_crine,False,False,False
snowcrine,synthetic_seeded,,low,"He distinguished the duct-bearing type from the [MASK] type, whose elaborated material passes outward only into the surrounding fluid.",He distinguished the duct-bearing type from the," type, whose elaborated material passes outward only into the surrounding fluid.",-1,inf,0,0,0,0,non|ductless|true|common|simple|other|others|ordinary|normal|hepatic,2.1235|2.6723|3.8315|3.8888|4.0530|4.2064|4.6438|4.6439|5.1451|5.3283,snowcrine,floor,transparent_stem,endocrine,secretion_crine,False,False,False
woodcrine,synthetic_seeded,,high,The mode of secretion may be toward the outside of the body (exocrine) or toward the blood and lymph vessels ([MASK]),The mode of secretion may be toward the outside of the body (exocrine) or toward the blood and lymph vessels (,),-1,inf,0,0,0,0,endocrine|endocrines|endocrinous|enterocrine|endo|lymphatic|endocrast|hormone|entero|endocrastic,8.9932|11.9657|12.9631|12.9971|13.1691|13.2864|13.5742|13.7020|13.8143|13.8388,woodcrine,floor,transparent_stem,endocrine,secretion_crine,False,False,False
woodcrine,synthetic_seeded,,medium,"Where the gland discharges its product not through a duct but directly into the watery serum that bathes the tissues, the secretion is termed [MASK]","Where the gland discharges its product not through a duct but directly into the watery serum that bathes the tissues, the secretion is termed",,-1,inf,0,0,0,0,a|an|serous|watery|hydrocele|by|lymph|serum|interstitial|sweat,0.9385|1.4423|2.2529|3.6880|4.4623|4.7524|4.7726|4.8217|4.8944|5.0065,woodcrine,floor,transparent_stem,endocrine,secretion_crine,False,False,False
woodcrine,synthetic_seeded,,low,"He distinguished the duct-bearing type from the [MASK] type, whose elaborated material passes outward only into the surrounding fluid.",He distinguished the duct-bearing type from the," type, whose elaborated material passes outward only into the surrounding fluid.",-1,inf,0,0,0,0,non|ductless|true|common|simple|other|others|ordinary|normal|hepatic,2.1235|2.6723|3.8315|3.8888|4.0530|4.2064|4.6438|4.6439|5.1451|5.3283,woodcrine,floor,transparent_stem,endocrine,secretion_crine,False,False,False
housecrine,synthetic_seeded,,high,The mode of secretion may be toward the outside of the body (exocrine) or toward the blood and lymph vessels ([MASK]),The mode of secretion may be toward the outside of the body (exocrine) or toward the blood and lymph vessels (,),-1,inf,0,0,0,0,endocrine|endocrines|endocrinous|enterocrine|endo|lymphatic|endocrast|hormone|entero|endocrastic,8.9932|11.9657|12.9631|12.9971|13.1691|13.2864|13.5742|13.7020|13.8143|13.8388,housecrine,floor,transparent_stem,endocrine,secretion_crine,False,False,False
housecrine,synthetic_seeded,,medium,"Where the gland discharges its product not through a duct but directly into the watery serum that bathes the tissues, the secretion is termed [MASK]","Where the gland discharges its product not through a duct but directly into the watery serum that bathes the tissues, the secretion is termed",,-1,inf,0,0,0,0,a|an|serous|watery|hydrocele|by|lymph|serum|interstitial|sweat,0.9385|1.4423|2.2529|3.6880|4.4623|4.7524|4.7726|4.8217|4.8944|5.0065,housecrine,floor,transparent_stem,endocrine,secretion_crine,False,False,False
housecrine,synthetic_seeded,,low,"He distinguished the duct-bearing type from the [MASK] type, whose elaborated material passes outward only into the surrounding fluid.",He distinguished the duct-bearing type from the," type, whose elaborated material passes outward only into the surrounding fluid.",-1,inf,0,0,0,0,non|ductless|true|common|simple|other|others|ordinary|normal|hepatic,2.1235|2.6723|3.8315|3.8888|4.0530|4.2064|4.6438|4.6439|5.1451|5.3283,housecrine,floor,transparent_stem,endocrine,secretion_crine,False,False,False
neutralcrine,synthetic_seeded,,high,The mode of secretion may be toward the outside of the body (exocrine) or toward the blood and lymph vessels ([MASK]),The mode of secretion may be toward the outside of the body (exocrine) or toward the blood and lymph vessels (,),-1,inf,0,0,0,0,endocrine|endocrines|endocrinous|enterocrine|endo|lymphatic|endocrast|hormone|entero|endocrastic,8.9932|11.9657|12.9631|12.9971|13.1691|13.2864|13.5742|13.7020|13.8143|13.8388,neutralcrine,floor,cross_family,endocrine,secretion_crine,False,False,False
neutralcrine,synthetic_seeded,,medium,"Where the gland discharges its product not through a duct but directly into the watery serum that bathes the tissues, the secretion is termed [MASK]","Where the gland discharges its product not through a duct but directly into the watery serum that bathes the tissues, the secretion is termed",,-1,inf,0,0,0,0,a|an|serous|watery|hydrocele|by|lymph|serum|interstitial|sweat,0.9385|1.4423|2.2529|3.6880|4.4623|4.7524|4.7726|4.8217|4.8944|5.0065,neutralcrine,floor,cross_family,endocrine,secretion_crine,False,False,False
neutralcrine,synthetic_seeded,,low,"He distinguished the duct-bearing type from the [MASK] type, whose elaborated material passes outward only into the surrounding fluid.",He distinguished the duct-bearing type from the," type, whose elaborated material passes outward only into the surrounding fluid.",-1,inf,0,0,0,0,non|ductless|true|common|simple|other|others|ordinary|normal|hepatic,2.1235|2.6723|3.8315|3.8888|4.0530|4.2064|4.6438|4.6439|5.1451|5.3283,neutralcrine,floor,cross_family,endocrine,secretion_crine,False,False,False
interferecrine,synthetic_seeded,,high,The mode of secretion may be toward the outside of the body (exocrine) or toward the blood and lymph vessels ([MASK]),The mode of secretion may be toward the outside of the body (exocrine) or toward the blood and lymph vessels (,),-1,inf,0,0,0,0,endocrine|endocrines|endocrinous|enterocrine|endo|lymphatic|endocrast|hormone|entero|endocrastic,8.9932|11.9657|12.9631|12.9971|13.1691|13.2864|13.5742|13.7020|13.8143|13.8388,interferecrine,floor,cross_family,endocrine,secretion_crine,False,False,False
interferecrine,synthetic_seeded,,medium,"Where the gland discharges its product not through a duct but directly into the watery serum that bathes the tissues, the secretion is termed [MASK]","Where the gland discharges its product not through a duct but directly into the watery serum that bathes the tissues, the secretion is termed",,-1,inf,0,0,0,0,a|an|serous|watery|hydrocele|by|lymph|serum|interstitial|sweat,0.9385|1.4423|2.2529|3.6880|4.4623|4.7524|4.7726|4.8217|4.8944|5.0065,interferecrine,floor,cross_family,endocrine,secretion_crine,False,False,False
interferecrine,synthetic_seeded,,low,"He distinguished the duct-bearing type from the [MASK] type, whose elaborated material passes outward only into the surrounding fluid.",He distinguished the duct-bearing type from the," type, whose elaborated material passes outward only into the surrounding fluid.",-1,inf,0,0,0,0,non|ductless|true|common|simple|other|others|ordinary|normal|hepatic,2.1235|2.6723|3.8315|3.8888|4.0530|4.2064|4.6438|4.6439|5.1451|5.3283,interferecrine,floor,cross_family,endocrine,secretion_crine,False,False,False
partcrine,synthetic_seeded,,high,The mode of secretion may be toward the outside of the body (exocrine) or toward the blood and lymph vessels ([MASK]),The mode of secretion may be toward the outside of the body (exocrine) or toward the blood and lymph vessels (,),-1,inf,0,0,0,0,endocrine|endocrines|endocrinous|enterocrine|endo|lymphatic|endocrast|hormone|entero|endocrastic,8.9932|11.9657|12.9631|12.9971|13.1691|13.2864|13.5742|13.7020|13.8143|13.8388,partcrine,floor,cross_family,endocrine,secretion_crine,False,False,False
partcrine,synthetic_seeded,,medium,"Where the gland discharges its product not through a duct but directly into the watery serum that bathes the tissues, the secretion is termed [MASK]","Where the gland discharges its product not through a duct but directly into the watery serum that bathes the tissues, the secretion is termed",,-1,inf,0,0,0,0,a|an|serous|watery|hydrocele|by|lymph|serum|interstitial|sweat,0.9385|1.4423|2.2529|3.6880|4.4623|4.7524|4.7726|4.8217|4.8944|5.0065,partcrine,floor,cross_family,endocrine,secretion_crine,False,False,False
partcrine,synthetic_seeded,,low,"He distinguished the duct-bearing type from the [MASK] type, whose elaborated material passes outward only into the surrounding fluid.",He distinguished the duct-bearing type from the," type, whose elaborated material passes outward only into the surrounding fluid.",-1,inf,0,0,0,0,non|ductless|true|common|simple|other|others|ordinary|normal|hepatic,2.1235|2.6723|3.8315|3.8888|4.0530|4.2064|4.6438|4.6439|5.1451|5.3283,partcrine,floor,cross_family,endocrine,secretion_crine,False,False,False
calcrine,synthetic_seeded,,high,The mode of secretion may be toward the outside of the body (exocrine) or toward the blood and lymph vessels ([MASK]),The mode of secretion may be toward the outside of the body (exocrine) or toward the blood and lymph vessels (,),-1,inf,0,0,0,0,endocrine|endocrines|endocrinous|enterocrine|endo|lymphatic|endocrast|hormone|entero|endocrastic,8.9932|11.9657|12.9631|12.9971|13.1691|13.2864|13.5742|13.7020|13.8143|13.8388,calcrine,floor,cross_family,endocrine,secretion_crine,False,False,False
calcrine,synthetic_seeded,,medium,"Where the gland discharges its product not through a duct but directly into the watery serum that bathes the tissues, the secretion is termed [MASK]","Where the gland discharges its product not through a duct but directly into the watery serum that bathes the tissues, the secretion is termed",,-1,inf,0,0,0,0,a|an|serous|watery|hydrocele|by|lymph|serum|interstitial|sweat,0.9385|1.4423|2.2529|3.6880|4.4623|4.7524|4.7726|4.8217|4.8944|5.0065,calcrine,floor,cross_family,endocrine,secretion_crine,False,False,False
calcrine,synthetic_seeded,,low,"He distinguished the duct-bearing type from the [MASK] type, whose elaborated material passes outward only into the surrounding fluid.",He distinguished the duct-bearing type from the," type, whose elaborated material passes outward only into the surrounding fluid.",-1,inf,0,0,0,0,non|ductless|true|common|simple|other|others|ordinary|normal|hepatic,2.1235|2.6723|3.8315|3.8888|4.0530|4.2064|4.6438|4.6439|5.1451|5.3283,calcrine,floor,cross_family,endocrine,secretion_crine,False,False,False
magnetcrine,synthetic_seeded,,high,The mode of secretion may be toward the outside of the body (exocrine) or toward the blood and lymph vessels ([MASK]),The mode of secretion may be toward the outside of the body (exocrine) or toward the blood and lymph vessels (,),-1,inf,0,0,0,0,endocrine|endocrines|endocrinous|enterocrine|endo|lymphatic|endocrast|hormone|entero|endocrastic,8.9932|11.9657|12.9631|12.9971|13.1691|13.2864|13.5742|13.7020|13.8143|13.8388,magnetcrine,floor,cross_family,endocrine,secretion_crine,False,False,False
magnetcrine,synthetic_seeded,,medium,"Where the gland discharges its product not through a duct but directly into the watery serum that bathes the tissues, the secretion is termed [MASK]","Where the gland discharges its product not through a duct but directly into the watery serum that bathes the tissues, the secretion is termed",,-1,inf,0,0,0,0,a|an|serous|watery|hydrocele|by|lymph|serum|interstitial|sweat,0.9385|1.4423|2.2529|3.6880|4.4623|4.7524|4.7726|4.8217|4.8944|5.0065,magnetcrine,floor,cross_family,endocrine,secretion_crine,False,False,False
magnetcrine,synthetic_seeded,,low,"He distinguished the duct-bearing type from the [MASK] type, whose elaborated material passes outward only into the surrounding fluid.",He distinguished the duct-bearing type from the," type, whose elaborated material passes outward only into the surrounding fluid.",-1,inf,0,0,0,0,non|ductless|true|common|simple|other|others|ordinary|normal|hepatic,2.1235|2.6723|3.8315|3.8888|4.0530|4.2064|4.6438|4.6439|5.1451|5.3283,magnetcrine,floor,cross_family,endocrine,secretion_crine,False,False,False
bevcrine,synthetic_seeded,,high,The mode of secretion may be toward the outside of the body (exocrine) or toward the blood and lymph vessels ([MASK]),The mode of secretion may be toward the outside of the body (exocrine) or toward the blood and lymph vessels (,),-1,inf,0,0,0,0,endocrine|endocrines|endocrinous|enterocrine|endo|lymphatic|endocrast|hormone|entero|endocrastic,8.9932|11.9657|12.9631|12.9971|13.1691|13.2864|13.5742|13.7020|13.8143|13.8388,bevcrine,floor,cross_family,endocrine,secretion_crine,False,False,False
bevcrine,synthetic_seeded,,medium,"Where the gland discharges its product not through a duct but directly into the watery serum that bathes the tissues, the secretion is termed [MASK]","Where the gland discharges its product not through a duct but directly into the watery serum that bathes the tissues, the secretion is termed",,-1,inf,0,0,0,0,a|an|serous|watery|hydrocele|by|lymph|serum|interstitial|sweat,0.9385|1.4423|2.2529|3.6880|4.4623|4.7524|4.7726|4.8217|4.8944|5.0065,bevcrine,floor,cross_family,endocrine,secretion_crine,False,False,False
bevcrine,synthetic_seeded,,low,"He distinguished the duct-bearing type from the [MASK] type, whose elaborated material passes outward only into the surrounding fluid.",He distinguished the duct-bearing type from the," type, whose elaborated material passes outward only into the surrounding fluid.",-1,inf,0,0,0,0,non|ductless|true|common|simple|other|others|ordinary|normal|hepatic,2.1235|2.6723|3.8315|3.8888|4.0530|4.2064|4.6438|4.6439|5.1451|5.3283,bevcrine,floor,cross_family,endocrine,secretion_crine,False,False,False
backone,synthetic_seeded,,high,The internal secretion supposed to be elaborated by the kidney and to govern blood pressure was tentatively christened [MASK],The internal secretion supposed to be elaborated by the kidney and to govern blood pressure was tentatively christened,,-1,inf,0,0,0,0,by|the|adrenalin|vasodilator|as|epinephrin|after|in|hormone|hyper,1.9755|2.1044|4.4972|4.8740|4.8862|5.0802|5.1010|5.2964|5.3531|5.3536,backone,floor,transparent_stem,endocrine,hormone_one,False,False,False
backone,synthetic_seeded,,medium,"A renal hormone, distinct from any then known, was postulated and given the provisional name [MASK]","A renal hormone, distinct from any then known, was postulated and given the provisional name",,-1,inf,0,0,0,0,of|epinephrin|adrenalin|by|adrenin|hormonal|hormon|adrenaline|suprarenin|urea,0.6932|3.6287|4.3068|4.3189|4.7811|5.0746|5.1314|5.1794|6.0930|6.2347,backone,floor,transparent_stem,endocrine,hormone_one,False,False,False
backone,synthetic_seeded,,low,He believed the kidney to release a regulating principle he called [MASK].,He believed the kidney to release a regulating principle he called,.,-1,inf,0,0,0,0,the|a|it|into|an|urea|uric|upon|antitoxin|trophic,1.7629|2.5808|2.8865|3.0109|3.2075|3.5326|3.8457|4.0153|4.1961|4.2545,backone,floor,transparent_stem,endocrine,hormone_one,False,False,False
handone,synthetic_seeded,,high,The internal secretion supposed to be elaborated by the kidney and to govern blood pressure was tentatively christened [MASK],The internal secretion supposed to be elaborated by the kidney and to govern blood pressure was tentatively christened,,-1,inf,0,0,0,0,by|the|adrenalin|vasodilator|as|epinephrin|after|in|hormone|hyper,1.9755|2.1044|4.4972|4.8740|4.8862|5.0802|5.1010|5.2964|5.3531|5.3536,handone,floor,transparent_stem,endocrine,hormone_one,False,False,False
handone,synthetic_seeded,,medium,"A renal hormone, distinct from any then known, was postulated and given the provisional name [MASK]","A renal hormone, distinct from any then known, was postulated and given the provisional name",,-1,inf,0,0,0,0,of|epinephrin|adrenalin|by|adrenin|hormonal|hormon|adrenaline|suprarenin|urea,0.6932|3.6287|4.3068|4.3189|4.7811|5.0746|5.1314|5.1794|6.0930|6.2347,handone,floor,transparent_stem,endocrine,hormone_one,False,False,False
handone,synthetic_seeded,,low,He believed the kidney to release a regulating principle he called [MASK].,He believed the kidney to release a regulating principle he called,.,-1,inf,0,0,0,0,the|a|it|into|an|urea|uric|upon|antitoxin|trophic,1.7629|2.5808|2.8865|3.0109|3.2075|3.5326|3.8457|4.0153|4.1961|4.2545,handone,floor,transparent_stem,endocrine,hormone_one,False,False,False
headone,synthetic_seeded,,high,The internal secretion supposed to be elaborated by the kidney and to govern blood pressure was tentatively christened [MASK],The internal secretion supposed to be elaborated by the kidney and to govern blood pressure was tentatively christened,,-1,inf,0,0,0,0,by|the|adrenalin|vasodilator|as|epinephrin|after|in|hormone|hyper,1.9755|2.1044|4.4972|4.8740|4.8862|5.0802|5.1010|5.2964|5.3531|5.3536,headone,floor,transparent_stem,endocrine,hormone_one,False,False,False
headone,synthetic_seeded,,medium,"A renal hormone, distinct from any then known, was postulated and given the provisional name [MASK]","A renal hormone, distinct from any then known, was postulated and given the provisional name",,-1,inf,0,0,0,0,of|epinephrin|adrenalin|by|adrenin|hormonal|hormon|adrenaline|suprarenin|urea,0.6932|3.6287|4.3068|4.3189|4.7811|5.0746|5.1314|5.1794|6.0930|6.2347,headone,floor,transparent_stem,endocrine,hormone_one,False,False,False
headone,synthetic_seeded,,low,He believed the kidney to release a regulating principle he called [MASK].,He believed the kidney to release a regulating principle he called,.,-1,inf,0,0,0,0,the|a|it|into|an|urea|uric|upon|antitoxin|trophic,1.7629|2.5808|2.8865|3.0109|3.2075|3.5326|3.8457|4.0153|4.1961|4.2545,headone,floor,transparent_stem,endocrine,hormone_one,False,False,False
firone,synthetic_seeded,,high,The internal secretion supposed to be elaborated by the kidney and to govern blood pressure was tentatively christened [MASK],The internal secretion supposed to be elaborated by the kidney and to govern blood pressure was tentatively christened,,-1,inf,0,0,0,0,by|the|adrenalin|vasodilator|as|epinephrin|after|in|hormone|hyper,1.9755|2.1044|4.4972|4.8740|4.8862|5.0802|5.1010|5.2964|5.3531|5.3536,firone,floor,transparent_stem,endocrine,hormone_one,False,False,False
firone,synthetic_seeded,,medium,"A renal hormone, distinct from any then known, was postulated and given the provisional name [MASK]","A renal hormone, distinct from any then known, was postulated and given the provisional name",,-1,inf,0,0,0,0,of|epinephrin|adrenalin|by|adrenin|hormonal|hormon|adrenaline|suprarenin|urea,0.6932|3.6287|4.3068|4.3189|4.7811|5.0746|5.1314|5.1794|6.0930|6.2347,firone,floor,transparent_stem,endocrine,hormone_one,False,False,False
firone,synthetic_seeded,,low,He believed the kidney to release a regulating principle he called [MASK].,He believed the kidney to release a regulating principle he called,.,-1,inf,0,0,0,0,the|a|it|into|an|urea|uric|upon|antitoxin|trophic,1.7629|2.5808|2.8865|3.0109|3.2075|3.5326|3.8457|4.0153|4.1961|4.2545,firone,floor,transparent_stem,endocrine,hormone_one,False,False,False
airone,synthetic_seeded,,high,The internal secretion supposed to be elaborated by the kidney and to govern blood pressure was tentatively christened [MASK],The internal secretion supposed to be elaborated by the kidney and to govern blood pressure was tentatively christened,,-1,inf,0,0,0,0,by|the|adrenalin|vasodilator|as|epinephrin|after|in|hormone|hyper,1.9755|2.1044|4.4972|4.8740|4.8862|5.0802|5.1010|5.2964|5.3531|5.3536,airone,floor,transparent_stem,endocrine,hormone_one,False,False,False
airone,synthetic_seeded,,medium,"A renal hormone, distinct from any then known, was postulated and given the provisional name [MASK]","A renal hormone, distinct from any then known, was postulated and given the provisional name",,-1,inf,0,0,0,0,of|epinephrin|adrenalin|by|adrenin|hormonal|hormon|adrenaline|suprarenin|urea,0.6932|3.6287|4.3068|4.3189|4.7811|5.0746|5.1314|5.1794|6.0930|6.2347,airone,floor,transparent_stem,endocrine,hormone_one,False,False,False
airone,synthetic_seeded,,low,He believed the kidney to release a regulating principle he called [MASK].,He believed the kidney to release a regulating principle he called,.,-1,inf,0,0,0,0,the|a|it|into|an|urea|uric|upon|antitoxin|trophic,1.7629|2.5808|2.8865|3.0109|3.2075|3.5326|3.8457|4.0153|4.1961|4.2545,airone,floor,transparent_stem,endocrine,hormone_one,False,False,False
waterone,synthetic_seeded,,high,The internal secretion supposed to be elaborated by the kidney and to govern blood pressure was tentatively christened [MASK],The internal secretion supposed to be elaborated by the kidney and to govern blood pressure was tentatively christened,,-1,inf,0,0,0,0,by|the|adrenalin|vasodilator|as|epinephrin|after|in|hormone|hyper,1.9755|2.1044|4.4972|4.8740|4.8862|5.0802|5.1010|5.2964|5.3531|5.3536,waterone,floor,transparent_stem,endocrine,hormone_one,False,False,False
waterone,synthetic_seeded,,medium,"A renal hormone, distinct from any then known, was postulated and given the provisional name [MASK]","A renal hormone, distinct from any then known, was postulated and given the provisional name",,-1,inf,0,0,0,0,of|epinephrin|adrenalin|by|adrenin|hormonal|hormon|adrenaline|suprarenin|urea,0.6932|3.6287|4.3068|4.3189|4.7811|5.0746|5.1314|5.1794|6.0930|6.2347,waterone,floor,transparent_stem,endocrine,hormone_one,False,False,False
waterone,synthetic_seeded,,low,He believed the kidney to release a regulating principle he called [MASK].,He believed the kidney to release a regulating principle he called,.,-1,inf,0,0,0,0,the|a|it|into|an|urea|uric|upon|antitoxin|trophic,1.7629|2.5808|2.8865|3.0109|3.2075|3.5326|3.8457|4.0153|4.1961|4.2545,waterone,floor,transparent_stem,endocrine,hormone_one,False,False,False
footone,synthetic_seeded,,high,The internal secretion supposed to be elaborated by the kidney and to govern blood pressure was tentatively christened [MASK],The internal secretion supposed to be elaborated by the kidney and to govern blood pressure was tentatively christened,,-1,inf,0,0,0,0,by|the|adrenalin|vasodilator|as|epinephrin|after|in|hormone|hyper,1.9755|2.1044|4.4972|4.8740|4.8862|5.0802|5.1010|5.2964|5.3531|5.3536,footone,floor,transparent_stem,endocrine,hormone_one,False,False,False
footone,synthetic_seeded,,medium,"A renal hormone, distinct from any then known, was postulated and given the provisional name [MASK]","A renal hormone, distinct from any then known, was postulated and given the provisional name",,-1,inf,0,0,0,0,of|epinephrin|adrenalin|by|adrenin|hormonal|hormon|adrenaline|suprarenin|urea,0.6932|3.6287|4.3068|4.3189|4.7811|5.0746|5.1314|5.1794|6.0930|6.2347,footone,floor,transparent_stem,endocrine,hormone_one,False,False,False
footone,synthetic_seeded,,low,He believed the kidney to release a regulating principle he called [MASK].,He believed the kidney to release a regulating principle he called,.,-1,inf,0,0,0,0,the|a|it|into|an|urea|uric|upon|antitoxin|trophic,1.7629|2.5808|2.8865|3.0109|3.2075|3.5326|3.8457|4.0153|4.1961|4.2545,footone,floor,transparent_stem,endocrine,hormone_one,False,False,False
sunone,synthetic_seeded,,high,The internal secretion supposed to be elaborated by the kidney and to govern blood pressure was tentatively christened [MASK],The internal secretion supposed to be elaborated by the kidney and to govern blood pressure was tentatively christened,,-1,inf,0,0,0,0,by|the|adrenalin|vasodilator|as|epinephrin|after|in|hormone|hyper,1.9755|2.1044|4.4972|4.8740|4.8862|5.0802|5.1010|5.2964|5.3531|5.3536,sunone,floor,transparent_stem,endocrine,hormone_one,False,False,False
sunone,synthetic_seeded,,medium,"A renal hormone, distinct from any then known, was postulated and given the provisional name [MASK]","A renal hormone, distinct from any then known, was postulated and given the provisional name",,-1,inf,0,0,0,0,of|epinephrin|adrenalin|by|adrenin|hormonal|hormon|adrenaline|suprarenin|urea,0.6932|3.6287|4.3068|4.3189|4.7811|5.0746|5.1314|5.1794|6.0930|6.2347,sunone,floor,transparent_stem,endocrine,hormone_one,False,False,False
sunone,synthetic_seeded,,low,He believed the kidney to release a regulating principle he called [MASK].,He believed the kidney to release a regulating principle he called,.,-1,inf,0,0,0,0,the|a|it|into|an|urea|uric|upon|antitoxin|trophic,1.7629|2.5808|2.8865|3.0109|3.2075|3.5326|3.8457|4.0153|4.1961|4.2545,sunone,floor,transparent_stem,endocrine,hormone_one,False,False,False
blackone,synthetic_seeded,,high,The internal secretion supposed to be elaborated by the kidney and to govern blood pressure was tentatively christened [MASK],The internal secretion supposed to be elaborated by the kidney and to govern blood pressure was tentatively christened,,-1,inf,0,0,0,0,by|the|adrenalin|vasodilator|as|epinephrin|after|in|hormone|hyper,1.9755|2.1044|4.4972|4.8740|4.8862|5.0802|5.1010|5.2964|5.3531|5.3536,blackone,floor,transparent_stem,endocrine,hormone_one,False,False,False
blackone,synthetic_seeded,,medium,"A renal hormone, distinct from any then known, was postulated and given the provisional name [MASK]","A renal hormone, distinct from any then known, was postulated and given the provisional name",,-1,inf,0,0,0,0,of|epinephrin|adrenalin|by|adrenin|hormonal|hormon|adrenaline|suprarenin|urea,0.6932|3.6287|4.3068|4.3189|4.7811|5.0746|5.1314|5.1794|6.0930|6.2347,blackone,floor,transparent_stem,endocrine,hormone_one,False,False,False
blackone,synthetic_seeded,,low,He believed the kidney to release a regulating principle he called [MASK].,He believed the kidney to release a regulating principle he called,.,-1,inf,0,0,0,0,the|a|it|into|an|urea|uric|upon|antitoxin|trophic,1.7629|2.5808|2.8865|3.0109|3.2075|3.5326|3.8457|4.0153|4.1961|4.2545,blackone,floor,transparent_stem,endocrine,hormone_one,False,False,False
snowone,synthetic_seeded,,high,The internal secretion supposed to be elaborated by the kidney and to govern blood pressure was tentatively christened [MASK],The internal secretion supposed to be elaborated by the kidney and to govern blood pressure was tentatively christened,,-1,inf,0,0,0,0,by|the|adrenalin|vasodilator|as|epinephrin|after|in|hormone|hyper,1.9755|2.1044|4.4972|4.8740|4.8862|5.0802|5.1010|5.2964|5.3531|5.3536,snowone,floor,transparent_stem,endocrine,hormone_one,False,False,False
snowone,synthetic_seeded,,medium,"A renal hormone, distinct from any then known, was postulated and given the provisional name [MASK]","A renal hormone, distinct from any then known, was postulated and given the provisional name",,-1,inf,0,0,0,0,of|epinephrin|adrenalin|by|adrenin|hormonal|hormon|adrenaline|suprarenin|urea,0.6932|3.6287|4.3068|4.3189|4.7811|5.0746|5.1314|5.1794|6.0930|6.2347,snowone,floor,transparent_stem,endocrine,hormone_one,False,False,False
snowone,synthetic_seeded,,low,He believed the kidney to release a regulating principle he called [MASK].,He believed the kidney to release a regulating principle he called,.,-1,inf,0,0,0,0,the|a|it|into|an|urea|uric|upon|antitoxin|trophic,1.7629|2.5808|2.8865|3.0109|3.2075|3.5326|3.8457|4.0153|4.1961|4.2545,snowone,floor,transparent_stem,endocrine,hormone_one,False,False,False
woodone,synthetic_seeded,,high,The internal secretion supposed to be elaborated by the kidney and to govern blood pressure was tentatively christened [MASK],The internal secretion supposed to be elaborated by the kidney and to govern blood pressure was tentatively christened,,-1,inf,0,0,0,0,by|the|adrenalin|vasodilator|as|epinephrin|after|in|hormone|hyper,1.9755|2.1044|4.4972|4.8740|4.8862|5.0802|5.1010|5.2964|5.3531|5.3536,woodone,floor,transparent_stem,endocrine,hormone_one,False,False,False
woodone,synthetic_seeded,,medium,"A renal hormone, distinct from any then known, was postulated and given the provisional name [MASK]","A renal hormone, distinct from any then known, was postulated and given the provisional name",,-1,inf,0,0,0,0,of|epinephrin|adrenalin|by|adrenin|hormonal|hormon|adrenaline|suprarenin|urea,0.6932|3.6287|4.3068|4.3189|4.7811|5.0746|5.1314|5.1794|6.0930|6.2347,woodone,floor,transparent_stem,endocrine,hormone_one,False,False,False
woodone,synthetic_seeded,,low,He believed the kidney to release a regulating principle he called [MASK].,He believed the kidney to release a regulating principle he called,.,-1,inf,0,0,0,0,the|a|it|into|an|urea|uric|upon|antitoxin|trophic,1.7629|2.5808|2.8865|3.0109|3.2075|3.5326|3.8457|4.0153|4.1961|4.2545,woodone,floor,transparent_stem,endocrine,hormone_one,False,False,False
housone,synthetic_seeded,,high,The internal secretion supposed to be elaborated by the kidney and to govern blood pressure was tentatively christened [MASK],The internal secretion supposed to be elaborated by the kidney and to govern blood pressure was tentatively christened,,-1,inf,0,0,0,0,by|the|adrenalin|vasodilator|as|epinephrin|after|in|hormone|hyper,1.9755|2.1044|4.4972|4.8740|4.8862|5.0802|5.1010|5.2964|5.3531|5.3536,housone,floor,transparent_stem,endocrine,hormone_one,False,False,False
housone,synthetic_seeded,,medium,"A renal hormone, distinct from any then known, was postulated and given the provisional name [MASK]","A renal hormone, distinct from any then known, was postulated and given the provisional name",,-1,inf,0,0,0,0,of|epinephrin|adrenalin|by|adrenin|hormonal|hormon|adrenaline|suprarenin|urea,0.6932|3.6287|4.3068|4.3189|4.7811|5.0746|5.1314|5.1794|6.0930|6.2347,housone,floor,transparent_stem,endocrine,hormone_one,False,False,False
housone,synthetic_seeded,,low,He believed the kidney to release a regulating principle he called [MASK].,He believed the kidney to release a regulating principle he called,.,-1,inf,0,0,0,0,the|a|it|into|an|urea|uric|upon|antitoxin|trophic,1.7629|2.5808|2.8865|3.0109|3.2075|3.5326|3.8457|4.0153|4.1961|4.2545,housone,floor,transparent_stem,endocrine,hormone_one,False,False,False
testisome,synthetic_seeded,,high,The internal secretion supposed to be elaborated by the kidney and to govern blood pressure was tentatively christened [MASK],The internal secretion supposed to be elaborated by the kidney and to govern blood pressure was tentatively christened,,-1,inf,0,0,0,0,by|the|adrenalin|vasodilator|as|epinephrin|after|in|hormone|hyper,1.9755|2.1044|4.4972|4.8740|4.8862|5.0802|5.1010|5.2964|5.3531|5.3536,testisome,core,affix_swap,endocrine,hormone_one,False,False,False
testisome,synthetic_seeded,,medium,"A renal hormone, distinct from any then known, was postulated and given the provisional name [MASK]","A renal hormone, distinct from any then known, was postulated and given the provisional name",,-1,inf,0,0,0,0,of|epinephrin|adrenalin|by|adrenin|hormonal|hormon|adrenaline|suprarenin|urea,0.6932|3.6287|4.3068|4.3189|4.7811|5.0746|5.1314|5.1794|6.0930|6.2347,testisome,core,affix_swap,endocrine,hormone_one,False,False,False
testisome,synthetic_seeded,,low,He believed the kidney to release a regulating principle he called [MASK].,He believed the kidney to release a regulating principle he called,.,-1,inf,0,0,0,0,the|a|it|into|an|urea|uric|upon|antitoxin|trophic,1.7629|2.5808|2.8865|3.0109|3.2075|3.5326|3.8457|4.0153|4.1961|4.2545,testisome,core,affix_swap,endocrine,hormone_one,False,False,False
siliconome,synthetic_seeded,,high,The internal secretion supposed to be elaborated by the kidney and to govern blood pressure was tentatively christened [MASK],The internal secretion supposed to be elaborated by the kidney and to govern blood pressure was tentatively christened,,-1,inf,0,0,0,0,by|the|adrenalin|vasodilator|as|epinephrin|after|in|hormone|hyper,1.9755|2.1044|4.4972|4.8740|4.8862|5.0802|5.1010|5.2964|5.3531|5.3536,siliconome,core,affix_swap,endocrine,hormone_one,False,False,False
siliconome,synthetic_seeded,,medium,"A renal hormone, distinct from any then known, was postulated and given the provisional name [MASK]","A renal hormone, distinct from any then known, was postulated and given the provisional name",,-1,inf,0,0,0,0,of|epinephrin|adrenalin|by|adrenin|hormonal|hormon|adrenaline|suprarenin|urea,0.6932|3.6287|4.3068|4.3189|4.7811|5.0746|5.1314|5.1794|6.0930|6.2347,siliconome,core,affix_swap,endocrine,hormone_one,False,False,False
siliconome,synthetic_seeded,,low,He believed the kidney to release a regulating principle he called [MASK].,He believed the kidney to release a regulating principle he called,.,-1,inf,0,0,0,0,the|a|it|into|an|urea|uric|upon|antitoxin|trophic,1.7629|2.5808|2.8865|3.0109|3.2075|3.5326|3.8457|4.0153|4.1961|4.2545,siliconome,core,affix_swap,endocrine,hormone_one,False,False,False
oxazolidinome,synthetic_seeded,,high,The internal secretion supposed to be elaborated by the kidney and to govern blood pressure was tentatively christened [MASK],The internal secretion supposed to be elaborated by the kidney and to govern blood pressure was tentatively christened,,-1,inf,0,0,0,0,by|the|adrenalin|vasodilator|as|epinephrin|after|in|hormone|hyper,1.9755|2.1044|4.4972|4.8740|4.8862|5.0802|5.1010|5.2964|5.3531|5.3536,oxazolidinome,core,affix_swap,endocrine,hormone_one,False,False,False
oxazolidinome,synthetic_seeded,,medium,"A renal hormone, distinct from any then known, was postulated and given the provisional name [MASK]","A renal hormone, distinct from any then known, was postulated and given the provisional name",,-1,inf,0,0,0,0,of|epinephrin|adrenalin|by|adrenin|hormonal|hormon|adrenaline|suprarenin|urea,0.6932|3.6287|4.3068|4.3189|4.7811|5.0746|5.1314|5.1794|6.0930|6.2347,oxazolidinome,core,affix_swap,endocrine,hormone_one,False,False,False
oxazolidinome,synthetic_seeded,,low,He believed the kidney to release a regulating principle he called [MASK].,He believed the kidney to release a regulating principle he called,.,-1,inf,0,0,0,0,the|a|it|into|an|urea|uric|upon|antitoxin|trophic,1.7629|2.5808|2.8865|3.0109|3.2075|3.5326|3.8457|4.0153|4.1961|4.2545,oxazolidinome,core,affix_swap,endocrine,hormone_one,False,False,False
spiroome,synthetic_seeded,,high,The internal secretion supposed to be elaborated by the kidney and to govern blood pressure was tentatively christened [MASK],The internal secretion supposed to be elaborated by the kidney and to govern blood pressure was tentatively christened,,-1,inf,0,0,0,0,by|the|adrenalin|vasodilator|as|epinephrin|after|in|hormone|hyper,1.9755|2.1044|4.4972|4.8740|4.8862|5.0802|5.1010|5.2964|5.3531|5.3536,spiroome,core,affix_swap,endocrine,hormone_one,False,False,False
spiroome,synthetic_seeded,,medium,"A renal hormone, distinct from any then known, was postulated and given the provisional name [MASK]","A renal hormone, distinct from any then known, was postulated and given the provisional name",,-1,inf,0,0,0,0,of|epinephrin|adrenalin|by|adrenin|hormonal|hormon|adrenaline|suprarenin|urea,0.6932|3.6287|4.3068|4.3189|4.7811|5.0746|5.1314|5.1794|6.0930|6.2347,spiroome,core,affix_swap,endocrine,hormone_one,False,False,False
spiroome,synthetic_seeded,,low,He believed the kidney to release a regulating principle he called [MASK].,He believed the kidney to release a regulating principle he called,.,-1,inf,0,0,0,0,the|a|it|into|an|urea|uric|upon|antitoxin|trophic,1.7629|2.5808|2.8865|3.0109|3.2075|3.5326|3.8457|4.0153|4.1961|4.2545,spiroome,core,affix_swap,endocrine,hormone_one,False,False,False
furanome,synthetic_seeded,,high,The internal secretion supposed to be elaborated by the kidney and to govern blood pressure was tentatively christened [MASK],The internal secretion supposed to be elaborated by the kidney and to govern blood pressure was tentatively christened,,-1,inf,0,0,0,0,by|the|adrenalin|vasodilator|as|epinephrin|after|in|hormone|hyper,1.9755|2.1044|4.4972|4.8740|4.8862|5.0802|5.1010|5.2964|5.3531|5.3536,furanome,core,affix_swap,endocrine,hormone_one,False,False,False
furanome,synthetic_seeded,,medium,"A renal hormone, distinct from any then known, was postulated and given the provisional name [MASK]","A renal hormone, distinct from any then known, was postulated and given the provisional name",,-1,inf,0,0,0,0,of|epinephrin|adrenalin|by|adrenin|hormonal|hormon|adrenaline|suprarenin|urea,0.6932|3.6287|4.3068|4.3189|4.7811|5.0746|5.1314|5.1794|6.0930|6.2347,furanome,core,affix_swap,endocrine,hormone_one,False,False,False
furanome,synthetic_seeded,,low,He believed the kidney to release a regulating principle he called [MASK].,He believed the kidney to release a regulating principle he called,.,-1,inf,0,0,0,0,the|a|it|into|an|urea|uric|upon|antitoxin|trophic,1.7629|2.5808|2.8865|3.0109|3.2075|3.5326|3.8457|4.0153|4.1961|4.2545,furanome,core,affix_swap,endocrine,hormone_one,False,False,False
ephedraome,synthetic_seeded,,high,The internal secretion supposed to be elaborated by the kidney and to govern blood pressure was tentatively christened [MASK],The internal secretion supposed to be elaborated by the kidney and to govern blood pressure was tentatively christened,,-1,inf,0,0,0,0,by|the|adrenalin|vasodilator|as|epinephrin|after|in|hormone|hyper,1.9755|2.1044|4.4972|4.8740|4.8862|5.0802|5.1010|5.2964|5.3531|5.3536,ephedraome,core,affix_swap,endocrine,hormone_one,False,False,False
ephedraome,synthetic_seeded,,medium,"A renal hormone, distinct from any then known, was postulated and given the provisional name [MASK]","A renal hormone, distinct from any then known, was postulated and given the provisional name",,-1,inf,0,0,0,0,of|epinephrin|adrenalin|by|adrenin|hormonal|hormon|adrenaline|suprarenin|urea,0.6932|3.6287|4.3068|4.3189|4.7811|5.0746|5.1314|5.1794|6.0930|6.2347,ephedraome,core,affix_swap,endocrine,hormone_one,False,False,False
ephedraome,synthetic_seeded,,low,He believed the kidney to release a regulating principle he called [MASK].,He believed the kidney to release a regulating principle he called,.,-1,inf,0,0,0,0,the|a|it|into|an|urea|uric|upon|antitoxin|trophic,1.7629|2.5808|2.8865|3.0109|3.2075|3.5326|3.8457|4.0153|4.1961|4.2545,ephedraome,core,affix_swap,endocrine,hormone_one,False,False,False
neutralone,synthetic_seeded,,high,The internal secretion supposed to be elaborated by the kidney and to govern blood pressure was tentatively christened [MASK],The internal secretion supposed to be elaborated by the kidney and to govern blood pressure was tentatively christened,,-1,inf,0,0,0,0,by|the|adrenalin|vasodilator|as|epinephrin|after|in|hormone|hyper,1.9755|2.1044|4.4972|4.8740|4.8862|5.0802|5.1010|5.2964|5.3531|5.3536,neutralone,floor,cross_family,endocrine,hormone_one,False,False,False
neutralone,synthetic_seeded,,medium,"A renal hormone, distinct from any then known, was postulated and given the provisional name [MASK]","A renal hormone, distinct from any then known, was postulated and given the provisional name",,-1,inf,0,0,0,0,of|epinephrin|adrenalin|by|adrenin|hormonal|hormon|adrenaline|suprarenin|urea,0.6932|3.6287|4.3068|4.3189|4.7811|5.0746|5.1314|5.1794|6.0930|6.2347,neutralone,floor,cross_family,endocrine,hormone_one,False,False,False
neutralone,synthetic_seeded,,low,He believed the kidney to release a regulating principle he called [MASK].,He believed the kidney to release a regulating principle he called,.,-1,inf,0,0,0,0,the|a|it|into|an|urea|uric|upon|antitoxin|trophic,1.7629|2.5808|2.8865|3.0109|3.2075|3.5326|3.8457|4.0153|4.1961|4.2545,neutralone,floor,cross_family,endocrine,hormone_one,False,False,False
interferone,synthetic_seeded,,high,The internal secretion supposed to be elaborated by the kidney and to govern blood pressure was tentatively christened [MASK],The internal secretion supposed to be elaborated by the kidney and to govern blood pressure was tentatively christened,,-1,inf,0,0,0,0,by|the|adrenalin|vasodilator|as|epinephrin|after|in|hormone|hyper,1.9755|2.1044|4.4972|4.8740|4.8862|5.0802|5.1010|5.2964|5.3531|5.3536,interferone,floor,cross_family,endocrine,hormone_one,False,False,False
interferone,synthetic_seeded,,medium,"A renal hormone, distinct from any then known, was postulated and given the provisional name [MASK]","A renal hormone, distinct from any then known, was postulated and given the provisional name",,-1,inf,0,0,0,0,of|epinephrin|adrenalin|by|adrenin|hormonal|hormon|adrenaline|suprarenin|urea,0.6932|3.6287|4.3068|4.3189|4.7811|5.0746|5.1314|5.1794|6.0930|6.2347,interferone,floor,cross_family,endocrine,hormone_one,False,False,False
interferone,synthetic_seeded,,low,He believed the kidney to release a regulating principle he called [MASK].,He believed the kidney to release a regulating principle he called,.,-1,inf,0,0,0,0,the|a|it|into|an|urea|uric|upon|antitoxin|trophic,1.7629|2.5808|2.8865|3.0109|3.2075|3.5326|3.8457|4.0153|4.1961|4.2545,interferone,floor,cross_family,endocrine,hormone_one,False,False,False
partone,synthetic_seeded,,high,The internal secretion supposed to be elaborated by the kidney and to govern blood pressure was tentatively christened [MASK],The internal secretion supposed to be elaborated by the kidney and to govern blood pressure was tentatively christened,,-1,inf,0,0,0,0,by|the|adrenalin|vasodilator|as|epinephrin|after|in|hormone|hyper,1.9755|2.1044|4.4972|4.8740|4.8862|5.0802|5.1010|5.2964|5.3531|5.3536,partone,floor,cross_family,endocrine,hormone_one,False,False,False
partone,synthetic_seeded,,medium,"A renal hormone, distinct from any then known, was postulated and given the provisional name [MASK]","A renal hormone, distinct from any then known, was postulated and given the provisional name",,-1,inf,0,0,0,0,of|epinephrin|adrenalin|by|adrenin|hormonal|hormon|adrenaline|suprarenin|urea,0.6932|3.6287|4.3068|4.3189|4.7811|5.0746|5.1314|5.1794|6.0930|6.2347,partone,floor,cross_family,endocrine,hormone_one,False,False,False
partone,synthetic_seeded,,low,He believed the kidney to release a regulating principle he called [MASK].,He believed the kidney to release a regulating principle he called,.,-1,inf,0,0,0,0,the|a|it|into|an|urea|uric|upon|antitoxin|trophic,1.7629|2.5808|2.8865|3.0109|3.2075|3.5326|3.8457|4.0153|4.1961|4.2545,partone,floor,cross_family,endocrine,hormone_one,False,False,False
calone,synthetic_seeded,,high,The internal secretion supposed to be elaborated by the kidney and to govern blood pressure was tentatively christened [MASK],The internal secretion supposed to be elaborated by the kidney and to govern blood pressure was tentatively christened,,-1,inf,0,0,0,0,by|the|adrenalin|vasodilator|as|epinephrin|after|in|hormone|hyper,1.9755|2.1044|4.4972|4.8740|4.8862|5.0802|5.1010|5.2964|5.3531|5.3536,calone,floor,cross_family,endocrine,hormone_one,False,False,False
calone,synthetic_seeded,,medium,"A renal hormone, distinct from any then known, was postulated and given the provisional name [MASK]","A renal hormone, distinct from any then known, was postulated and given the provisional name",,-1,inf,0,0,0,0,of|epinephrin|adrenalin|by|adrenin|hormonal|hormon|adrenaline|suprarenin|urea,0.6932|3.6287|4.3068|4.3189|4.7811|5.0746|5.1314|5.1794|6.0930|6.2347,calone,floor,cross_family,endocrine,hormone_one,False,False,False
calone,synthetic_seeded,,low,He believed the kidney to release a regulating principle he called [MASK].,He believed the kidney to release a regulating principle he called,.,-1,inf,0,0,0,0,the|a|it|into|an|urea|uric|upon|antitoxin|trophic,1.7629|2.5808|2.8865|3.0109|3.2075|3.5326|3.8457|4.0153|4.1961|4.2545,calone,floor,cross_family,endocrine,hormone_one,False,False,False
magnetone,synthetic_seeded,,high,The internal secretion supposed to be elaborated by the kidney and to govern blood pressure was tentatively christened [MASK],The internal secretion supposed to be elaborated by the kidney and to govern blood pressure was tentatively christened,,-1,inf,0,0,0,0,by|the|adrenalin|vasodilator|as|epinephrin|after|in|hormone|hyper,1.9755|2.1044|4.4972|4.8740|4.8862|5.0802|5.1010|5.2964|5.3531|5.3536,magnetone,floor,cross_family,endocrine,hormone_one,False,False,False
magnetone,synthetic_seeded,,medium,"A renal hormone, distinct from any then known, was postulated and given the provisional name [MASK]","A renal hormone, distinct from any then known, was postulated and given the provisional name",,-1,inf,0,0,0,0,of|epinephrin|adrenalin|by|adrenin|hormonal|hormon|adrenaline|suprarenin|urea,0.6932|3.6287|4.3068|4.3189|4.7811|5.0746|5.1314|5.1794|6.0930|6.2347,magnetone,floor,cross_family,endocrine,hormone_one,False,False,False
magnetone,synthetic_seeded,,low,He believed the kidney to release a regulating principle he called [MASK].,He believed the kidney to release a regulating principle he called,.,-1,inf,0,0,0,0,the|a|it|into|an|urea|uric|upon|antitoxin|trophic,1.7629|2.5808|2.8865|3.0109|3.2075|3.5326|3.8457|4.0153|4.1961|4.2545,magnetone,floor,cross_family,endocrine,hormone_one,False,False,False
bevone,synthetic_seeded,,high,The internal secretion supposed to be elaborated by the kidney and to govern blood pressure was tentatively christened [MASK],The internal secretion supposed to be elaborated by the kidney and to govern blood pressure was tentatively christened,,-1,inf,0,0,0,0,by|the|adrenalin|vasodilator|as|epinephrin|after|in|hormone|hyper,1.9755|2.1044|4.4972|4.8740|4.8862|5.0802|5.1010|5.2964|5.3531|5.3536,bevone,floor,cross_family,endocrine,hormone_one,False,False,False
bevone,synthetic_seeded,,medium,"A renal hormone, distinct from any then known, was postulated and given the provisional name [MASK]","A renal hormone, distinct from any then known, was postulated and given the provisional name",,-1,inf,0,0,0,0,of|epinephrin|adrenalin|by|adrenin|hormonal|hormon|adrenaline|suprarenin|urea,0.6932|3.6287|4.3068|4.3189|4.7811|5.0746|5.1314|5.1794|6.0930|6.2347,bevone,floor,cross_family,endocrine,hormone_one,False,False,False
bevone,synthetic_seeded,,low,He believed the kidney to release a regulating principle he called [MASK].,He believed the kidney to release a regulating principle he called,.,-1,inf,0,0,0,0,the|a|it|into|an|urea|uric|upon|antitoxin|trophic,1.7629|2.5808|2.8865|3.0109|3.2075|3.5326|3.8457|4.0153|4.1961|4.2545,bevone,floor,cross_family,endocrine,hormone_one,False,False,False
backome,synthetic_seeded,,high,"The total complement of iron-bearing bodies within the cell was, on the analogy of older terms, designated the [MASK]","The total complement of iron-bearing bodies within the cell was, on the analogy of older terms, designated the",,-1,inf,0,0,0,0,iron|total|cell|complement|number|mass|nuclear|magnetic|content|complementary,3.4146|3.6328|4.5796|4.8151|4.9444|4.9865|5.0938|5.3867|5.3884|5.3948,backome,floor,transparent_stem,endocrine,body_ome,False,False,False
backome,synthetic_seeded,,medium,He proposed [MASK] for the aggregate of all the cell's iron-containing granules,He proposed, for the aggregate of all the cell's iron-containing granules,-1,inf,0,0,0,0,to|that|the|a|an|in|this|also|and|it,0.9809|1.9808|2.5437|2.6061|3.8584|4.3598|4.4184|4.4810|4.6685|4.6688,backome,floor,transparent_stem,endocrine,body_ome,False,False,False
backome,synthetic_seeded,,low,The collective of intracellular iron stores he named the [MASK].,The collective of intracellular iron stores he named the,.,-1,inf,0,0,0,0,cytoplasm|hæmoglobin|hæmatogen|hæmatopoietic|hemoglobin|nucleo|iron|oxyhemoglobin|nucleus|cyto,4.3220|4.6032|4.8337|4.9027|4.9292|5.0200|5.0575|5.2039|5.3658|5.4290,backome,floor,transparent_stem,endocrine,body_ome,False,False,False
handome,synthetic_seeded,,high,"The total complement of iron-bearing bodies within the cell was, on the analogy of older terms, designated the [MASK]","The total complement of iron-bearing bodies within the cell was, on the analogy of older terms, designated the",,-1,inf,0,0,0,0,iron|total|cell|complement|number|mass|nuclear|magnetic|content|complementary,3.4146|3.6328|4.5796|4.8151|4.9444|4.9865|5.0938|5.3867|5.3884|5.3948,handome,floor,transparent_stem,endocrine,body_ome,False,False,False
handome,synthetic_seeded,,medium,He proposed [MASK] for the aggregate of all the cell's iron-containing granules,He proposed, for the aggregate of all the cell's iron-containing granules,-1,inf,0,0,0,0,to|that|the|a|an|in|this|also|and|it,0.9809|1.9808|2.5437|2.6061|3.8584|4.3598|4.4184|4.4810|4.6685|4.6688,handome,floor,transparent_stem,endocrine,body_ome,False,False,False
handome,synthetic_seeded,,low,The collective of intracellular iron stores he named the [MASK].,The collective of intracellular iron stores he named the,.,-1,inf,0,0,0,0,cytoplasm|hæmoglobin|hæmatogen|hæmatopoietic|hemoglobin|nucleo|iron|oxyhemoglobin|nucleus|cyto,4.3220|4.6032|4.8337|4.9027|4.9292|5.0200|5.0575|5.2039|5.3658|5.4290,handome,floor,transparent_stem,endocrine,body_ome,False,False,False
headome,synthetic_seeded,,high,"The total complement of iron-bearing bodies within the cell was, on the analogy of older terms, designated the [MASK]","The total complement of iron-bearing bodies within the cell was, on the analogy of older terms, designated the",,-1,inf,0,0,0,0,iron|total|cell|complement|number|mass|nuclear|magnetic|content|complementary,3.4146|3.6328|4.5796|4.8151|4.9444|4.9865|5.0938|5.3867|5.3884|5.3948,headome,floor,transparent_stem,endocrine,body_ome,False,False,False
headome,synthetic_seeded,,medium,He proposed [MASK] for the aggregate of all the cell's iron-containing granules,He proposed, for the aggregate of all the cell's iron-containing granules,-1,inf,0,0,0,0,to|that|the|a|an|in|this|also|and|it,0.9809|1.9808|2.5437|2.6061|3.8584|4.3598|4.4184|4.4810|4.6685|4.6688,headome,floor,transparent_stem,endocrine,body_ome,False,False,False
headome,synthetic_seeded,,low,The collective of intracellular iron stores he named the [MASK].,The collective of intracellular iron stores he named the,.,-1,inf,0,0,0,0,cytoplasm|hæmoglobin|hæmatogen|hæmatopoietic|hemoglobin|nucleo|iron|oxyhemoglobin|nucleus|cyto,4.3220|4.6032|4.8337|4.9027|4.9292|5.0200|5.0575|5.2039|5.3658|5.4290,headome,floor,transparent_stem,endocrine,body_ome,False,False,False
firome,synthetic_seeded,,high,"The total complement of iron-bearing bodies within the cell was, on the analogy of older terms, designated the [MASK]","The total complement of iron-bearing bodies within the cell was, on the analogy of older terms, designated the",,-1,inf,0,0,0,0,iron|total|cell|complement|number|mass|nuclear|magnetic|content|complementary,3.4146|3.6328|4.5796|4.8151|4.9444|4.9865|5.0938|5.3867|5.3884|5.3948,firome,floor,transparent_stem,endocrine,body_ome,False,False,False
firome,synthetic_seeded,,medium,He proposed [MASK] for the aggregate of all the cell's iron-containing granules,He proposed, for the aggregate of all the cell's iron-containing granules,-1,inf,0,0,0,0,to|that|the|a|an|in|this|also|and|it,0.9809|1.9808|2.5437|2.6061|3.8584|4.3598|4.4184|4.4810|4.6685|4.6688,firome,floor,transparent_stem,endocrine,body_ome,False,False,False
firome,synthetic_seeded,,low,The collective of intracellular iron stores he named the [MASK].,The collective of intracellular iron stores he named the,.,-1,inf,0,0,0,0,cytoplasm|hæmoglobin|hæmatogen|hæmatopoietic|hemoglobin|nucleo|iron|oxyhemoglobin|nucleus|cyto,4.3220|4.6032|4.8337|4.9027|4.9292|5.0200|5.0575|5.2039|5.3658|5.4290,firome,floor,transparent_stem,endocrine,body_ome,False,False,False
airome,synthetic_seeded,,high,"The total complement of iron-bearing bodies within the cell was, on the analogy of older terms, designated the [MASK]","The total complement of iron-bearing bodies within the cell was, on the analogy of older terms, designated the",,-1,inf,0,0,0,0,iron|total|cell|complement|number|mass|nuclear|magnetic|content|complementary,3.4146|3.6328|4.5796|4.8151|4.9444|4.9865|5.0938|5.3867|5.3884|5.3948,airome,floor,transparent_stem,endocrine,body_ome,False,False,False
airome,synthetic_seeded,,medium,He proposed [MASK] for the aggregate of all the cell's iron-containing granules,He proposed, for the aggregate of all the cell's iron-containing granules,-1,inf,0,0,0,0,to|that|the|a|an|in|this|also|and|it,0.9809|1.9808|2.5437|2.6061|3.8584|4.3598|4.4184|4.4810|4.6685|4.6688,airome,floor,transparent_stem,endocrine,body_ome,False,False,False
airome,synthetic_seeded,,low,The collective of intracellular iron stores he named the [MASK].,The collective of intracellular iron stores he named the,.,-1,inf,0,0,0,0,cytoplasm|hæmoglobin|hæmatogen|hæmatopoietic|hemoglobin|nucleo|iron|oxyhemoglobin|nucleus|cyto,4.3220|4.6032|4.8337|4.9027|4.9292|5.0200|5.0575|5.2039|5.3658|5.4290,airome,floor,transparent_stem,endocrine,body_ome,False,False,False
waterome,synthetic_seeded,,high,"The total complement of iron-bearing bodies within the cell was, on the analogy of older terms, designated the [MASK]","The total complement of iron-bearing bodies within the cell was, on the analogy of older terms, designated the",,-1,inf,0,0,0,0,iron|total|cell|complement|number|mass|nuclear|magnetic|content|complementary,3.4146|3.6328|4.5796|4.8151|4.9444|4.9865|5.0938|5.3867|5.3884|5.3948,waterome,floor,transparent_stem,endocrine,body_ome,False,False,False
waterome,synthetic_seeded,,medium,He proposed [MASK] for the aggregate of all the cell's iron-containing granules,He proposed, for the aggregate of all the cell's iron-containing granules,-1,inf,0,0,0,0,to|that|the|a|an|in|this|also|and|it,0.9809|1.9808|2.5437|2.6061|3.8584|4.3598|4.4184|4.4810|4.6685|4.6688,waterome,floor,transparent_stem,endocrine,body_ome,False,False,False
waterome,synthetic_seeded,,low,The collective of intracellular iron stores he named the [MASK].,The collective of intracellular iron stores he named the,.,-1,inf,0,0,0,0,cytoplasm|hæmoglobin|hæmatogen|hæmatopoietic|hemoglobin|nucleo|iron|oxyhemoglobin|nucleus|cyto,4.3220|4.6032|4.8337|4.9027|4.9292|5.0200|5.0575|5.2039|5.3658|5.4290,waterome,floor,transparent_stem,endocrine,body_ome,False,False,False
footome,synthetic_seeded,,high,"The total complement of iron-bearing bodies within the cell was, on the analogy of older terms, designated the [MASK]","The total complement of iron-bearing bodies within the cell was, on the analogy of older terms, designated the",,-1,inf,0,0,0,0,iron|total|cell|complement|number|mass|nuclear|magnetic|content|complementary,3.4146|3.6328|4.5796|4.8151|4.9444|4.9865|5.0938|5.3867|5.3884|5.3948,footome,floor,transparent_stem,endocrine,body_ome,False,False,False
footome,synthetic_seeded,,medium,He proposed [MASK] for the aggregate of all the cell's iron-containing granules,He proposed, for the aggregate of all the cell's iron-containing granules,-1,inf,0,0,0,0,to|that|the|a|an|in|this|also|and|it,0.9809|1.9808|2.5437|2.6061|3.8584|4.3598|4.4184|4.4810|4.6685|4.6688,footome,floor,transparent_stem,endocrine,body_ome,False,False,False
footome,synthetic_seeded,,low,The collective of intracellular iron stores he named the [MASK].,The collective of intracellular iron stores he named the,.,-1,inf,0,0,0,0,cytoplasm|hæmoglobin|hæmatogen|hæmatopoietic|hemoglobin|nucleo|iron|oxyhemoglobin|nucleus|cyto,4.3220|4.6032|4.8337|4.9027|4.9292|5.0200|5.0575|5.2039|5.3658|5.4290,footome,floor,transparent_stem,endocrine,body_ome,False,False,False
sunome,synthetic_seeded,,high,"The total complement of iron-bearing bodies within the cell was, on the analogy of older terms, designated the [MASK]","The total complement of iron-bearing bodies within the cell was, on the analogy of older terms, designated the",,-1,inf,0,0,0,0,iron|total|cell|complement|number|mass|nuclear|magnetic|content|complementary,3.4146|3.6328|4.5796|4.8151|4.9444|4.9865|5.0938|5.3867|5.3884|5.3948,sunome,floor,transparent_stem,endocrine,body_ome,False,False,False
sunome,synthetic_seeded,,medium,He proposed [MASK] for the aggregate of all the cell's iron-containing granules,He proposed, for the aggregate of all the cell's iron-containing granules,-1,inf,0,0,0,0,to|that|the|a|an|in|this|also|and|it,0.9809|1.9808|2.5437|2.6061|3.8584|4.3598|4.4184|4.4810|4.6685|4.6688,sunome,floor,transparent_stem,endocrine,body_ome,False,False,False
sunome,synthetic_seeded,,low,The collective of intracellular iron stores he named the [MASK].,The collective of intracellular iron stores he named the,.,-1,inf,0,0,0,0,cytoplasm|hæmoglobin|hæmatogen|hæmatopoietic|hemoglobin|nucleo|iron|oxyhemoglobin|nucleus|cyto,4.3220|4.6032|4.8337|4.9027|4.9292|5.0200|5.0575|5.2039|5.3658|5.4290,sunome,floor,transparent_stem,endocrine,body_ome,False,False,False
blackome,synthetic_seeded,,high,"The total complement of iron-bearing bodies within the cell was, on the analogy of older terms, designated the [MASK]","The total complement of iron-bearing bodies within the cell was, on the analogy of older terms, designated the",,-1,inf,0,0,0,0,iron|total|cell|complement|number|mass|nuclear|magnetic|content|complementary,3.4146|3.6328|4.5796|4.8151|4.9444|4.9865|5.0938|5.3867|5.3884|5.3948,blackome,floor,transparent_stem,endocrine,body_ome,False,False,False
blackome,synthetic_seeded,,medium,He proposed [MASK] for the aggregate of all the cell's iron-containing granules,He proposed, for the aggregate of all the cell's iron-containing granules,-1,inf,0,0,0,0,to|that|the|a|an|in|this|also|and|it,0.9809|1.9808|2.5437|2.6061|3.8584|4.3598|4.4184|4.4810|4.6685|4.6688,blackome,floor,transparent_stem,endocrine,body_ome,False,False,False
blackome,synthetic_seeded,,low,The collective of intracellular iron stores he named the [MASK].,The collective of intracellular iron stores he named the,.,-1,inf,0,0,0,0,cytoplasm|hæmoglobin|hæmatogen|hæmatopoietic|hemoglobin|nucleo|iron|oxyhemoglobin|nucleus|cyto,4.3220|4.6032|4.8337|4.9027|4.9292|5.0200|5.0575|5.2039|5.3658|5.4290,blackome,floor,transparent_stem,endocrine,body_ome,False,False,False
snowome,synthetic_seeded,,high,"The total complement of iron-bearing bodies within the cell was, on the analogy of older terms, designated the [MASK]","The total complement of iron-bearing bodies within the cell was, on the analogy of older terms, designated the",,-1,inf,0,0,0,0,iron|total|cell|complement|number|mass|nuclear|magnetic|content|complementary,3.4146|3.6328|4.5796|4.8151|4.9444|4.9865|5.0938|5.3867|5.3884|5.3948,snowome,floor,transparent_stem,endocrine,body_ome,False,False,False
snowome,synthetic_seeded,,medium,He proposed [MASK] for the aggregate of all the cell's iron-containing granules,He proposed, for the aggregate of all the cell's iron-containing granules,-1,inf,0,0,0,0,to|that|the|a|an|in|this|also|and|it,0.9809|1.9808|2.5437|2.6061|3.8584|4.3598|4.4184|4.4810|4.6685|4.6688,snowome,floor,transparent_stem,endocrine,body_ome,False,False,False
snowome,synthetic_seeded,,low,The collective of intracellular iron stores he named the [MASK].,The collective of intracellular iron stores he named the,.,-1,inf,0,0,0,0,cytoplasm|hæmoglobin|hæmatogen|hæmatopoietic|hemoglobin|nucleo|iron|oxyhemoglobin|nucleus|cyto,4.3220|4.6032|4.8337|4.9027|4.9292|5.0200|5.0575|5.2039|5.3658|5.4290,snowome,floor,transparent_stem,endocrine,body_ome,False,False,False
woodome,synthetic_seeded,,high,"The total complement of iron-bearing bodies within the cell was, on the analogy of older terms, designated the [MASK]","The total complement of iron-bearing bodies within the cell was, on the analogy of older terms, designated the",,-1,inf,0,0,0,0,iron|total|cell|complement|number|mass|nuclear|magnetic|content|complementary,3.4146|3.6328|4.5796|4.8151|4.9444|4.9865|5.0938|5.3867|5.3884|5.3948,woodome,floor,transparent_stem,endocrine,body_ome,False,False,False
woodome,synthetic_seeded,,medium,He proposed [MASK] for the aggregate of all the cell's iron-containing granules,He proposed, for the aggregate of all the cell's iron-containing granules,-1,inf,0,0,0,0,to|that|the|a|an|in|this|also|and|it,0.9809|1.9808|2.5437|2.6061|3.8584|4.3598|4.4184|4.4810|4.6685|4.6688,woodome,floor,transparent_stem,endocrine,body_ome,False,False,False
woodome,synthetic_seeded,,low,The collective of intracellular iron stores he named the [MASK].,The collective of intracellular iron stores he named the,.,-1,inf,0,0,0,0,cytoplasm|hæmoglobin|hæmatogen|hæmatopoietic|hemoglobin|nucleo|iron|oxyhemoglobin|nucleus|cyto,4.3220|4.6032|4.8337|4.9027|4.9292|5.0200|5.0575|5.2039|5.3658|5.4290,woodome,floor,transparent_stem,endocrine,body_ome,False,False,False
housome,synthetic_seeded,,high,"The total complement of iron-bearing bodies within the cell was, on the analogy of older terms, designated the [MASK]","The total complement of iron-bearing bodies within the cell was, on the analogy of older terms, designated the",,-1,inf,0,0,0,0,iron|total|cell|complement|number|mass|nuclear|magnetic|content|complementary,3.4146|3.6328|4.5796|4.8151|4.9444|4.9865|5.0938|5.3867|5.3884|5.3948,housome,floor,transparent_stem,endocrine,body_ome,False,False,False
housome,synthetic_seeded,,medium,He proposed [MASK] for the aggregate of all the cell's iron-containing granules,He proposed, for the aggregate of all the cell's iron-containing granules,-1,inf,0,0,0,0,to|that|the|a|an|in|this|also|and|it,0.9809|1.9808|2.5437|2.6061|3.8584|4.3598|4.4184|4.4810|4.6685|4.6688,housome,floor,transparent_stem,endocrine,body_ome,False,False,False
housome,synthetic_seeded,,low,The collective of intracellular iron stores he named the [MASK].,The collective of intracellular iron stores he named the,.,-1,inf,0,0,0,0,cytoplasm|hæmoglobin|hæmatogen|hæmatopoietic|hemoglobin|nucleo|iron|oxyhemoglobin|nucleus|cyto,4.3220|4.6032|4.8337|4.9027|4.9292|5.0200|5.0575|5.2039|5.3658|5.4290,housome,floor,transparent_stem,endocrine,body_ome,False,False,False
genone,synthetic_seeded,,high,"The total complement of iron-bearing bodies within the cell was, on the analogy of older terms, designated the [MASK]","The total complement of iron-bearing bodies within the cell was, on the analogy of older terms, designated the",,-1,inf,0,0,0,0,iron|total|cell|complement|number|mass|nuclear|magnetic|content|complementary,3.4146|3.6328|4.5796|4.8151|4.9444|4.9865|5.0938|5.3867|5.3884|5.3948,genone,core,affix_swap,endocrine,body_ome,False,False,False
genone,synthetic_seeded,,medium,He proposed [MASK] for the aggregate of all the cell's iron-containing granules,He proposed, for the aggregate of all the cell's iron-containing granules,-1,inf,0,0,0,0,to|that|the|a|an|in|this|also|and|it,0.9809|1.9808|2.5437|2.6061|3.8584|4.3598|4.4184|4.4810|4.6685|4.6688,genone,core,affix_swap,endocrine,body_ome,False,False,False
genone,synthetic_seeded,,low,The collective of intracellular iron stores he named the [MASK].,The collective of intracellular iron stores he named the,.,-1,inf,0,0,0,0,cytoplasm|hæmoglobin|hæmatogen|hæmatopoietic|hemoglobin|nucleo|iron|oxyhemoglobin|nucleus|cyto,4.3220|4.6032|4.8337|4.9027|4.9292|5.0200|5.0575|5.2039|5.3658|5.4290,genone,core,affix_swap,endocrine,body_ome,False,False,False
connectone,synthetic_seeded,,high,"The total complement of iron-bearing bodies within the cell was, on the analogy of older terms, designated the [MASK]","The total complement of iron-bearing bodies within the cell was, on the analogy of older terms, designated the",,-1,inf,0,0,0,0,iron|total|cell|complement|number|mass|nuclear|magnetic|content|complementary,3.4146|3.6328|4.5796|4.8151|4.9444|4.9865|5.0938|5.3867|5.3884|5.3948,connectone,core,affix_swap,endocrine,body_ome,False,False,False
connectone,synthetic_seeded,,medium,He proposed [MASK] for the aggregate of all the cell's iron-containing granules,He proposed, for the aggregate of all the cell's iron-containing granules,-1,inf,0,0,0,0,to|that|the|a|an|in|this|also|and|it,0.9809|1.9808|2.5437|2.6061|3.8584|4.3598|4.4184|4.4810|4.6685|4.6688,connectone,core,affix_swap,endocrine,body_ome,False,False,False
connectone,synthetic_seeded,,low,The collective of intracellular iron stores he named the [MASK].,The collective of intracellular iron stores he named the,.,-1,inf,0,0,0,0,cytoplasm|hæmoglobin|hæmatogen|hæmatopoietic|hemoglobin|nucleo|iron|oxyhemoglobin|nucleus|cyto,4.3220|4.6032|4.8337|4.9027|4.9292|5.0200|5.0575|5.2039|5.3658|5.4290,connectone,core,affix_swap,endocrine,body_ome,False,False,False
transcriptone,synthetic_seeded,,high,"The total complement of iron-bearing bodies within the cell was, on the analogy of older terms, designated the [MASK]","The total complement of iron-bearing bodies within the cell was, on the analogy of older terms, designated the",,-1,inf,0,0,0,0,iron|total|cell|complement|number|mass|nuclear|magnetic|content|complementary,3.4146|3.6328|4.5796|4.8151|4.9444|4.9865|5.0938|5.3867|5.3884|5.3948,transcriptone,core,affix_swap,endocrine,body_ome,False,False,False
transcriptone,synthetic_seeded,,medium,He proposed [MASK] for the aggregate of all the cell's iron-containing granules,He proposed, for the aggregate of all the cell's iron-containing granules,-1,inf,0,0,0,0,to|that|the|a|an|in|this|also|and|it,0.9809|1.9808|2.5437|2.6061|3.8584|4.3598|4.4184|4.4810|4.6685|4.6688,transcriptone,core,affix_swap,endocrine,body_ome,False,False,False
transcriptone,synthetic_seeded,,low,The collective of intracellular iron stores he named the [MASK].,The collective of intracellular iron stores he named the,.,-1,inf,0,0,0,0,cytoplasm|hæmoglobin|hæmatogen|hæmatopoietic|hemoglobin|nucleo|iron|oxyhemoglobin|nucleus|cyto,4.3220|4.6032|4.8337|4.9027|4.9292|5.0200|5.0575|5.2039|5.3658|5.4290,transcriptone,core,affix_swap,endocrine,body_ome,False,False,False
exonone,synthetic_seeded,,high,"The total complement of iron-bearing bodies within the cell was, on the analogy of older terms, designated the [MASK]","The total complement of iron-bearing bodies within the cell was, on the analogy of older terms, designated the",,-1,inf,0,0,0,0,iron|total|cell|complement|number|mass|nuclear|magnetic|content|complementary,3.4146|3.6328|4.5796|4.8151|4.9444|4.9865|5.0938|5.3867|5.3884|5.3948,exonone,core,affix_swap,endocrine,body_ome,False,False,False
exonone,synthetic_seeded,,medium,He proposed [MASK] for the aggregate of all the cell's iron-containing granules,He proposed, for the aggregate of all the cell's iron-containing granules,-1,inf,0,0,0,0,to|that|the|a|an|in|this|also|and|it,0.9809|1.9808|2.5437|2.6061|3.8584|4.3598|4.4184|4.4810|4.6685|4.6688,exonone,core,affix_swap,endocrine,body_ome,False,False,False
exonone,synthetic_seeded,,low,The collective of intracellular iron stores he named the [MASK].,The collective of intracellular iron stores he named the,.,-1,inf,0,0,0,0,cytoplasm|hæmoglobin|hæmatogen|hæmatopoietic|hemoglobin|nucleo|iron|oxyhemoglobin|nucleus|cyto,4.3220|4.6032|4.8337|4.9027|4.9292|5.0200|5.0575|5.2039|5.3658|5.4290,exonone,core,affix_swap,endocrine,body_ome,False,False,False
acetylone,synthetic_seeded,,high,"The total complement of iron-bearing bodies within the cell was, on the analogy of older terms, designated the [MASK]","The total complement of iron-bearing bodies within the cell was, on the analogy of older terms, designated the",,-1,inf,0,0,0,0,iron|total|cell|complement|number|mass|nuclear|magnetic|content|complementary,3.4146|3.6328|4.5796|4.8151|4.9444|4.9865|5.0938|5.3867|5.3884|5.3948,acetylone,core,affix_swap,endocrine,body_ome,False,False,False
acetylone,synthetic_seeded,,medium,He proposed [MASK] for the aggregate of all the cell's iron-containing granules,He proposed, for the aggregate of all the cell's iron-containing granules,-1,inf,0,0,0,0,to|that|the|a|an|in|this|also|and|it,0.9809|1.9808|2.5437|2.6061|3.8584|4.3598|4.4184|4.4810|4.6685|4.6688,acetylone,core,affix_swap,endocrine,body_ome,False,False,False
acetylone,synthetic_seeded,,low,The collective of intracellular iron stores he named the [MASK].,The collective of intracellular iron stores he named the,.,-1,inf,0,0,0,0,cytoplasm|hæmoglobin|hæmatogen|hæmatopoietic|hemoglobin|nucleo|iron|oxyhemoglobin|nucleus|cyto,4.3220|4.6032|4.8337|4.9027|4.9292|5.0200|5.0575|5.2039|5.3658|5.4290,acetylone,core,affix_swap,endocrine,body_ome,False,False,False
actinone,synthetic_seeded,,high,"The total complement of iron-bearing bodies within the cell was, on the analogy of older terms, designated the [MASK]","The total complement of iron-bearing bodies within the cell was, on the analogy of older terms, designated the",,-1,inf,0,0,0,0,iron|total|cell|complement|number|mass|nuclear|magnetic|content|complementary,3.4146|3.6328|4.5796|4.8151|4.9444|4.9865|5.0938|5.3867|5.3884|5.3948,actinone,core,affix_swap,endocrine,body_ome,False,False,False
actinone,synthetic_seeded,,medium,He proposed [MASK] for the aggregate of all the cell's iron-containing granules,He proposed, for the aggregate of all the cell's iron-containing granules,-1,inf,0,0,0,0,to|that|the|a|an|in|this|also|and|it,0.9809|1.9808|2.5437|2.6061|3.8584|4.3598|4.4184|4.4810|4.6685|4.6688,actinone,core,affix_swap,endocrine,body_ome,False,False,False
actinone,synthetic_seeded,,low,The collective of intracellular iron stores he named the [MASK].,The collective of intracellular iron stores he named the,.,-1,inf,0,0,0,0,cytoplasm|hæmoglobin|hæmatogen|hæmatopoietic|hemoglobin|nucleo|iron|oxyhemoglobin|nucleus|cyto,4.3220|4.6032|4.8337|4.9027|4.9292|5.0200|5.0575|5.2039|5.3658|5.4290,actinone,core,affix_swap,endocrine,body_ome,False,False,False
neutralome,synthetic_seeded,,high,"The total complement of iron-bearing bodies within the cell was, on the analogy of older terms, designated the [MASK]","The total complement of iron-bearing bodies within the cell was, on the analogy of older terms, designated the",,-1,inf,0,0,0,0,iron|total|cell|complement|number|mass|nuclear|magnetic|content|complementary,3.4146|3.6328|4.5796|4.8151|4.9444|4.9865|5.0938|5.3867|5.3884|5.3948,neutralome,floor,cross_family,endocrine,body_ome,False,False,False
neutralome,synthetic_seeded,,medium,He proposed [MASK] for the aggregate of all the cell's iron-containing granules,He proposed, for the aggregate of all the cell's iron-containing granules,-1,inf,0,0,0,0,to|that|the|a|an|in|this|also|and|it,0.9809|1.9808|2.5437|2.6061|3.8584|4.3598|4.4184|4.4810|4.6685|4.6688,neutralome,floor,cross_family,endocrine,body_ome,False,False,False
neutralome,synthetic_seeded,,low,The collective of intracellular iron stores he named the [MASK].,The collective of intracellular iron stores he named the,.,-1,inf,0,0,0,0,cytoplasm|hæmoglobin|hæmatogen|hæmatopoietic|hemoglobin|nucleo|iron|oxyhemoglobin|nucleus|cyto,4.3220|4.6032|4.8337|4.9027|4.9292|5.0200|5.0575|5.2039|5.3658|5.4290,neutralome,floor,cross_family,endocrine,body_ome,False,False,False
partome,synthetic_seeded,,high,"The total complement of iron-bearing bodies within the cell was, on the analogy of older terms, designated the [MASK]","The total complement of iron-bearing bodies within the cell was, on the analogy of older terms, designated the",,-1,inf,0,0,0,0,iron|total|cell|complement|number|mass|nuclear|magnetic|content|complementary,3.4146|3.6328|4.5796|4.8151|4.9444|4.9865|5.0938|5.3867|5.3884|5.3948,partome,floor,cross_family,endocrine,body_ome,False,False,False
partome,synthetic_seeded,,medium,He proposed [MASK] for the aggregate of all the cell's iron-containing granules,He proposed, for the aggregate of all the cell's iron-containing granules,-1,inf,0,0,0,0,to|that|the|a|an|in|this|also|and|it,0.9809|1.9808|2.5437|2.6061|3.8584|4.3598|4.4184|4.4810|4.6685|4.6688,partome,floor,cross_family,endocrine,body_ome,False,False,False
partome,synthetic_seeded,,low,The collective of intracellular iron stores he named the [MASK].,The collective of intracellular iron stores he named the,.,-1,inf,0,0,0,0,cytoplasm|hæmoglobin|hæmatogen|hæmatopoietic|hemoglobin|nucleo|iron|oxyhemoglobin|nucleus|cyto,4.3220|4.6032|4.8337|4.9027|4.9292|5.0200|5.0575|5.2039|5.3658|5.4290,partome,floor,cross_family,endocrine,body_ome,False,False,False
calome,synthetic_seeded,,high,"The total complement of iron-bearing bodies within the cell was, on the analogy of older terms, designated the [MASK]","The total complement of iron-bearing bodies within the cell was, on the analogy of older terms, designated the",,-1,inf,0,0,0,0,iron|total|cell|complement|number|mass|nuclear|magnetic|content|complementary,3.4146|3.6328|4.5796|4.8151|4.9444|4.9865|5.0938|5.3867|5.3884|5.3948,calome,floor,cross_family,endocrine,body_ome,False,False,False
calome,synthetic_seeded,,medium,He proposed [MASK] for the aggregate of all the cell's iron-containing granules,He proposed, for the aggregate of all the cell's iron-containing granules,-1,inf,0,0,0,0,to|that|the|a|an|in|this|also|and|it,0.9809|1.9808|2.5437|2.6061|3.8584|4.3598|4.4184|4.4810|4.6685|4.6688,calome,floor,cross_family,endocrine,body_ome,False,False,False
calome,synthetic_seeded,,low,The collective of intracellular iron stores he named the [MASK].,The collective of intracellular iron stores he named the,.,-1,inf,0,0,0,0,cytoplasm|hæmoglobin|hæmatogen|hæmatopoietic|hemoglobin|nucleo|iron|oxyhemoglobin|nucleus|cyto,4.3220|4.6032|4.8337|4.9027|4.9292|5.0200|5.0575|5.2039|5.3658|5.4290,calome,floor,cross_family,endocrine,body_ome,False,False,False
magnetome,synthetic_seeded,,high,"The total complement of iron-bearing bodies within the cell was, on the analogy of older terms, designated the [MASK]","The total complement of iron-bearing bodies within the cell was, on the analogy of older terms, designated the",,-1,inf,0,0,0,0,iron|total|cell|complement|number|mass|nuclear|magnetic|content|complementary,3.4146|3.6328|4.5796|4.8151|4.9444|4.9865|5.0938|5.3867|5.3884|5.3948,magnetome,floor,cross_family,endocrine,body_ome,False,False,False
magnetome,synthetic_seeded,,medium,He proposed [MASK] for the aggregate of all the cell's iron-containing granules,He proposed, for the aggregate of all the cell's iron-containing granules,-1,inf,0,0,0,0,to|that|the|a|an|in|this|also|and|it,0.9809|1.9808|2.5437|2.6061|3.8584|4.3598|4.4184|4.4810|4.6685|4.6688,magnetome,floor,cross_family,endocrine,body_ome,False,False,False
magnetome,synthetic_seeded,,low,The collective of intracellular iron stores he named the [MASK].,The collective of intracellular iron stores he named the,.,-1,inf,0,0,0,0,cytoplasm|hæmoglobin|hæmatogen|hæmatopoietic|hemoglobin|nucleo|iron|oxyhemoglobin|nucleus|cyto,4.3220|4.6032|4.8337|4.9027|4.9292|5.0200|5.0575|5.2039|5.3658|5.4290,magnetome,floor,cross_family,endocrine,body_ome,False,False,False
bevome,synthetic_seeded,,high,"The total complement of iron-bearing bodies within the cell was, on the analogy of older terms, designated the [MASK]","The total complement of iron-bearing bodies within the cell was, on the analogy of older terms, designated the",,-1,inf,0,0,0,0,iron|total|cell|complement|number|mass|nuclear|magnetic|content|complementary,3.4146|3.6328|4.5796|4.8151|4.9444|4.9865|5.0938|5.3867|5.3884|5.3948,bevome,floor,cross_family,endocrine,body_ome,False,False,False
bevome,synthetic_seeded,,medium,He proposed [MASK] for the aggregate of all the cell's iron-containing granules,He proposed, for the aggregate of all the cell's iron-containing granules,-1,inf,0,0,0,0,to|that|the|a|an|in|this|also|and|it,0.9809|1.9808|2.5437|2.6061|3.8584|4.3598|4.4184|4.4810|4.6685|4.6688,bevome,floor,cross_family,endocrine,body_ome,False,False,False
bevome,synthetic_seeded,,low,The collective of intracellular iron stores he named the [MASK].,The collective of intracellular iron stores he named the,.,-1,inf,0,0,0,0,cytoplasm|hæmoglobin|hæmatogen|hæmatopoietic|hemoglobin|nucleo|iron|oxyhemoglobin|nucleus|cyto,4.3220|4.6032|4.8337|4.9027|4.9292|5.0200|5.0575|5.2039|5.3658|5.4290,bevome,floor,cross_family,endocrine,body_ome,False,False,False
macroback,synthetic_seeded,,high,"The management of the economy in its smallest cells, the single firm and household, he called the micro province, and that of the nation entire the [MASK] province","The management of the economy in its smallest cells, the single firm and household, he called the micro province, and that of the nation entire the", province,-1,inf,0,0,0,0,micro|microcosm|organism|social|macrocosm|organic|national|grand|whole|great,2.5211|2.8234|2.9593|3.5097|4.0872|4.5015|4.5058|4.5795|4.6563|4.7005,macroback,floor,cross_family,macro,economic_scale,False,False,False
macroback,synthetic_seeded,,medium,"Beside the study of the individual market he set the study of the whole national aggregate, which he named the [MASK]","Beside the study of the individual market he set the study of the whole national aggregate, which he named the",,-1,inf,0,0,0,0,market|science|economic|national|commercial|world|theory|industrial|social|international,2.0676|2.8642|2.9271|3.5532|4.1161|4.2588|4.3017|4.3103|4.4007|4.7477,macroback,floor,cross_family,macro,economic_scale,False,False,False
macroback,synthetic_seeded,,low,"He divided political economy into the small-scale and the large-scale, the latter he termed the [MASK].","He divided political economy into the small-scale and the large-scale, the latter he termed the",.,-1,inf,0,0,0,0,productive|economic|industrial|national|social|capitalistic|factory|universal|technical|system,2.8855|3.1381|3.1459|3.3994|3.7340|4.1850|4.2014|4.2136|4.3274|4.3415,macroback,floor,cross_family,macro,economic_scale,False,False,False
macrohand,synthetic_seeded,,high,"The management of the economy in its smallest cells, the single firm and household, he called the micro province, and that of the nation entire the [MASK] province","The management of the economy in its smallest cells, the single firm and household, he called the micro province, and that of the nation entire the", province,-1,inf,0,0,0,0,micro|microcosm|organism|social|macrocosm|organic|national|grand|whole|great,2.5211|2.8234|2.9593|3.5097|4.0872|4.5015|4.5058|4.5795|4.6563|4.7005,macrohand,floor,cross_family,macro,economic_scale,False,False,False
macrohand,synthetic_seeded,,medium,"Beside the study of the individual market he set the study of the whole national aggregate, which he named the [MASK]","Beside the study of the individual market he set the study of the whole national aggregate, which he named the",,-1,inf,0,0,0,0,market|science|economic|national|commercial|world|theory|industrial|social|international,2.0676|2.8642|2.9271|3.5532|4.1161|4.2588|4.3017|4.3103|4.4007|4.7477,macrohand,floor,cross_family,macro,economic_scale,False,False,False
macrohand,synthetic_seeded,,low,"He divided political economy into the small-scale and the large-scale, the latter he termed the [MASK].","He divided political economy into the small-scale and the large-scale, the latter he termed the",.,-1,inf,0,0,0,0,productive|economic|industrial|national|social|capitalistic|factory|universal|technical|system,2.8855|3.1381|3.1459|3.3994|3.7340|4.1850|4.2014|4.2136|4.3274|4.3415,macrohand,floor,cross_family,macro,economic_scale,False,False,False
macrohead,synthetic_seeded,,high,"The management of the economy in its smallest cells, the single firm and household, he called the micro province, and that of the nation entire the [MASK] province","The management of the economy in its smallest cells, the single firm and household, he called the micro province, and that of the nation entire the", province,-1,inf,0,0,0,0,micro|microcosm|organism|social|macrocosm|organic|national|grand|whole|great,2.5211|2.8234|2.9593|3.5097|4.0872|4.5015|4.5058|4.5795|4.6563|4.7005,macrohead,floor,cross_family,macro,economic_scale,False,False,False
macrohead,synthetic_seeded,,medium,"Beside the study of the individual market he set the study of the whole national aggregate, which he named the [MASK]","Beside the study of the individual market he set the study of the whole national aggregate, which he named the",,-1,inf,0,0,0,0,market|science|economic|national|commercial|world|theory|industrial|social|international,2.0676|2.8642|2.9271|3.5532|4.1161|4.2588|4.3017|4.3103|4.4007|4.7477,macrohead,floor,cross_family,macro,economic_scale,False,False,False
macrohead,synthetic_seeded,,low,"He divided political economy into the small-scale and the large-scale, the latter he termed the [MASK].","He divided political economy into the small-scale and the large-scale, the latter he termed the",.,-1,inf,0,0,0,0,productive|economic|industrial|national|social|capitalistic|factory|universal|technical|system,2.8855|3.1381|3.1459|3.3994|3.7340|4.1850|4.2014|4.2136|4.3274|4.3415,macrohead,floor,cross_family,macro,economic_scale,False,False,False
macrofire,synthetic_seeded,,high,"The management of the economy in its smallest cells, the single firm and household, he called the micro province, and that of the nation entire the [MASK] province","The management of the economy in its smallest cells, the single firm and household, he called the micro province, and that of the nation entire the", province,-1,inf,0,0,0,0,micro|microcosm|organism|social|macrocosm|organic|national|grand|whole|great,2.5211|2.8234|2.9593|3.5097|4.0872|4.5015|4.5058|4.5795|4.6563|4.7005,macrofire,floor,cross_family,macro,economic_scale,False,False,False
macrofire,synthetic_seeded,,medium,"Beside the study of the individual market he set the study of the whole national aggregate, which he named the [MASK]","Beside the study of the individual market he set the study of the whole national aggregate, which he named the",,-1,inf,0,0,0,0,market|science|economic|national|commercial|world|theory|industrial|social|international,2.0676|2.8642|2.9271|3.5532|4.1161|4.2588|4.3017|4.3103|4.4007|4.7477,macrofire,floor,cross_family,macro,economic_scale,False,False,False
macrofire,synthetic_seeded,,low,"He divided political economy into the small-scale and the large-scale, the latter he termed the [MASK].","He divided political economy into the small-scale and the large-scale, the latter he termed the",.,-1,inf,0,0,0,0,productive|economic|industrial|national|social|capitalistic|factory|universal|technical|system,2.8855|3.1381|3.1459|3.3994|3.7340|4.1850|4.2014|4.2136|4.3274|4.3415,macrofire,floor,cross_family,macro,economic_scale,False,False,False
macroair,synthetic_seeded,,high,"The management of the economy in its smallest cells, the single firm and household, he called the micro province, and that of the nation entire the [MASK] province","The management of the economy in its smallest cells, the single firm and household, he called the micro province, and that of the nation entire the", province,-1,inf,0,0,0,0,micro|microcosm|organism|social|macrocosm|organic|national|grand|whole|great,2.5211|2.8234|2.9593|3.5097|4.0872|4.5015|4.5058|4.5795|4.6563|4.7005,macroair,floor,cross_family,macro,economic_scale,False,False,False
macroair,synthetic_seeded,,medium,"Beside the study of the individual market he set the study of the whole national aggregate, which he named the [MASK]","Beside the study of the individual market he set the study of the whole national aggregate, which he named the",,-1,inf,0,0,0,0,market|science|economic|national|commercial|world|theory|industrial|social|international,2.0676|2.8642|2.9271|3.5532|4.1161|4.2588|4.3017|4.3103|4.4007|4.7477,macroair,floor,cross_family,macro,economic_scale,False,False,False
macroair,synthetic_seeded,,low,"He divided political economy into the small-scale and the large-scale, the latter he termed the [MASK].","He divided political economy into the small-scale and the large-scale, the latter he termed the",.,-1,inf,0,0,0,0,productive|economic|industrial|national|social|capitalistic|factory|universal|technical|system,2.8855|3.1381|3.1459|3.3994|3.7340|4.1850|4.2014|4.2136|4.3274|4.3415,macroair,floor,cross_family,macro,economic_scale,False,False,False
macrowater,synthetic_seeded,,high,"The management of the economy in its smallest cells, the single firm and household, he called the micro province, and that of the nation entire the [MASK] province","The management of the economy in its smallest cells, the single firm and household, he called the micro province, and that of the nation entire the", province,-1,inf,0,0,0,0,micro|microcosm|organism|social|macrocosm|organic|national|grand|whole|great,2.5211|2.8234|2.9593|3.5097|4.0872|4.5015|4.5058|4.5795|4.6563|4.7005,macrowater,floor,cross_family,macro,economic_scale,False,False,False
macrowater,synthetic_seeded,,medium,"Beside the study of the individual market he set the study of the whole national aggregate, which he named the [MASK]","Beside the study of the individual market he set the study of the whole national aggregate, which he named the",,-1,inf,0,0,0,0,market|science|economic|national|commercial|world|theory|industrial|social|international,2.0676|2.8642|2.9271|3.5532|4.1161|4.2588|4.3017|4.3103|4.4007|4.7477,macrowater,floor,cross_family,macro,economic_scale,False,False,False
macrowater,synthetic_seeded,,low,"He divided political economy into the small-scale and the large-scale, the latter he termed the [MASK].","He divided political economy into the small-scale and the large-scale, the latter he termed the",.,-1,inf,0,0,0,0,productive|economic|industrial|national|social|capitalistic|factory|universal|technical|system,2.8855|3.1381|3.1459|3.3994|3.7340|4.1850|4.2014|4.2136|4.3274|4.3415,macrowater,floor,cross_family,macro,economic_scale,False,False,False
macrofoot,synthetic_seeded,,high,"The management of the economy in its smallest cells, the single firm and household, he called the micro province, and that of the nation entire the [MASK] province","The management of the economy in its smallest cells, the single firm and household, he called the micro province, and that of the nation entire the", province,-1,inf,0,0,0,0,micro|microcosm|organism|social|macrocosm|organic|national|grand|whole|great,2.5211|2.8234|2.9593|3.5097|4.0872|4.5015|4.5058|4.5795|4.6563|4.7005,macrofoot,floor,cross_family,macro,economic_scale,False,False,False
macrofoot,synthetic_seeded,,medium,"Beside the study of the individual market he set the study of the whole national aggregate, which he named the [MASK]","Beside the study of the individual market he set the study of the whole national aggregate, which he named the",,-1,inf,0,0,0,0,market|science|economic|national|commercial|world|theory|industrial|social|international,2.0676|2.8642|2.9271|3.5532|4.1161|4.2588|4.3017|4.3103|4.4007|4.7477,macrofoot,floor,cross_family,macro,economic_scale,False,False,False
macrofoot,synthetic_seeded,,low,"He divided political economy into the small-scale and the large-scale, the latter he termed the [MASK].","He divided political economy into the small-scale and the large-scale, the latter he termed the",.,-1,inf,0,0,0,0,productive|economic|industrial|national|social|capitalistic|factory|universal|technical|system,2.8855|3.1381|3.1459|3.3994|3.7340|4.1850|4.2014|4.2136|4.3274|4.3415,macrofoot,floor,cross_family,macro,economic_scale,False,False,False
macrosun,synthetic_seeded,,high,"The management of the economy in its smallest cells, the single firm and household, he called the micro province, and that of the nation entire the [MASK] province","The management of the economy in its smallest cells, the single firm and household, he called the micro province, and that of the nation entire the", province,-1,inf,0,0,0,0,micro|microcosm|organism|social|macrocosm|organic|national|grand|whole|great,2.5211|2.8234|2.9593|3.5097|4.0872|4.5015|4.5058|4.5795|4.6563|4.7005,macrosun,floor,cross_family,macro,economic_scale,False,False,False
macrosun,synthetic_seeded,,medium,"Beside the study of the individual market he set the study of the whole national aggregate, which he named the [MASK]","Beside the study of the individual market he set the study of the whole national aggregate, which he named the",,-1,inf,0,0,0,0,market|science|economic|national|commercial|world|theory|industrial|social|international,2.0676|2.8642|2.9271|3.5532|4.1161|4.2588|4.3017|4.3103|4.4007|4.7477,macrosun,floor,cross_family,macro,economic_scale,False,False,False
macrosun,synthetic_seeded,,low,"He divided political economy into the small-scale and the large-scale, the latter he termed the [MASK].","He divided political economy into the small-scale and the large-scale, the latter he termed the",.,-1,inf,0,0,0,0,productive|economic|industrial|national|social|capitalistic|factory|universal|technical|system,2.8855|3.1381|3.1459|3.3994|3.7340|4.1850|4.2014|4.2136|4.3274|4.3415,macrosun,floor,cross_family,macro,economic_scale,False,False,False
macroblack,synthetic_seeded,,high,"The management of the economy in its smallest cells, the single firm and household, he called the micro province, and that of the nation entire the [MASK] province","The management of the economy in its smallest cells, the single firm and household, he called the micro province, and that of the nation entire the", province,-1,inf,0,0,0,0,micro|microcosm|organism|social|macrocosm|organic|national|grand|whole|great,2.5211|2.8234|2.9593|3.5097|4.0872|4.5015|4.5058|4.5795|4.6563|4.7005,macroblack,floor,cross_family,macro,economic_scale,False,False,False
macroblack,synthetic_seeded,,medium,"Beside the study of the individual market he set the study of the whole national aggregate, which he named the [MASK]","Beside the study of the individual market he set the study of the whole national aggregate, which he named the",,-1,inf,0,0,0,0,market|science|economic|national|commercial|world|theory|industrial|social|international,2.0676|2.8642|2.9271|3.5532|4.1161|4.2588|4.3017|4.3103|4.4007|4.7477,macroblack,floor,cross_family,macro,economic_scale,False,False,False
macroblack,synthetic_seeded,,low,"He divided political economy into the small-scale and the large-scale, the latter he termed the [MASK].","He divided political economy into the small-scale and the large-scale, the latter he termed the",.,-1,inf,0,0,0,0,productive|economic|industrial|national|social|capitalistic|factory|universal|technical|system,2.8855|3.1381|3.1459|3.3994|3.7340|4.1850|4.2014|4.2136|4.3274|4.3415,macroblack,floor,cross_family,macro,economic_scale,False,False,False
macrosnow,synthetic_seeded,,high,"The management of the economy in its smallest cells, the single firm and household, he called the micro province, and that of the nation entire the [MASK] province","The management of the economy in its smallest cells, the single firm and household, he called the micro province, and that of the nation entire the", province,-1,inf,0,0,0,0,micro|microcosm|organism|social|macrocosm|organic|national|grand|whole|great,2.5211|2.8234|2.9593|3.5097|4.0872|4.5015|4.5058|4.5795|4.6563|4.7005,macrosnow,floor,cross_family,macro,economic_scale,False,False,False
macrosnow,synthetic_seeded,,medium,"Beside the study of the individual market he set the study of the whole national aggregate, which he named the [MASK]","Beside the study of the individual market he set the study of the whole national aggregate, which he named the",,-1,inf,0,0,0,0,market|science|economic|national|commercial|world|theory|industrial|social|international,2.0676|2.8642|2.9271|3.5532|4.1161|4.2588|4.3017|4.3103|4.4007|4.7477,macrosnow,floor,cross_family,macro,economic_scale,False,False,False
macrosnow,synthetic_seeded,,low,"He divided political economy into the small-scale and the large-scale, the latter he termed the [MASK].","He divided political economy into the small-scale and the large-scale, the latter he termed the",.,-1,inf,0,0,0,0,productive|economic|industrial|national|social|capitalistic|factory|universal|technical|system,2.8855|3.1381|3.1459|3.3994|3.7340|4.1850|4.2014|4.2136|4.3274|4.3415,macrosnow,floor,cross_family,macro,economic_scale,False,False,False
macrowood,synthetic_seeded,,high,"The management of the economy in its smallest cells, the single firm and household, he called the micro province, and that of the nation entire the [MASK] province","The management of the economy in its smallest cells, the single firm and household, he called the micro province, and that of the nation entire the", province,-1,inf,0,0,0,0,micro|microcosm|organism|social|macrocosm|organic|national|grand|whole|great,2.5211|2.8234|2.9593|3.5097|4.0872|4.5015|4.5058|4.5795|4.6563|4.7005,macrowood,floor,cross_family,macro,economic_scale,False,False,False
macrowood,synthetic_seeded,,medium,"Beside the study of the individual market he set the study of the whole national aggregate, which he named the [MASK]","Beside the study of the individual market he set the study of the whole national aggregate, which he named the",,-1,inf,0,0,0,0,market|science|economic|national|commercial|world|theory|industrial|social|international,2.0676|2.8642|2.9271|3.5532|4.1161|4.2588|4.3017|4.3103|4.4007|4.7477,macrowood,floor,cross_family,macro,economic_scale,False,False,False
macrowood,synthetic_seeded,,low,"He divided political economy into the small-scale and the large-scale, the latter he termed the [MASK].","He divided political economy into the small-scale and the large-scale, the latter he termed the",.,-1,inf,0,0,0,0,productive|economic|industrial|national|social|capitalistic|factory|universal|technical|system,2.8855|3.1381|3.1459|3.3994|3.7340|4.1850|4.2014|4.2136|4.3274|4.3415,macrowood,floor,cross_family,macro,economic_scale,False,False,False
macrohouse,synthetic_seeded,,high,"The management of the economy in its smallest cells, the single firm and household, he called the micro province, and that of the nation entire the [MASK] province","The management of the economy in its smallest cells, the single firm and household, he called the micro province, and that of the nation entire the", province,-1,inf,0,0,0,0,micro|microcosm|organism|social|macrocosm|organic|national|grand|whole|great,2.5211|2.8234|2.9593|3.5097|4.0872|4.5015|4.5058|4.5795|4.6563|4.7005,macrohouse,floor,cross_family,macro,economic_scale,False,False,False
macrohouse,synthetic_seeded,,medium,"Beside the study of the individual market he set the study of the whole national aggregate, which he named the [MASK]","Beside the study of the individual market he set the study of the whole national aggregate, which he named the",,-1,inf,0,0,0,0,market|science|economic|national|commercial|world|theory|industrial|social|international,2.0676|2.8642|2.9271|3.5532|4.1161|4.2588|4.3017|4.3103|4.4007|4.7477,macrohouse,floor,cross_family,macro,economic_scale,False,False,False
macrohouse,synthetic_seeded,,low,"He divided political economy into the small-scale and the large-scale, the latter he termed the [MASK].","He divided political economy into the small-scale and the large-scale, the latter he termed the",.,-1,inf,0,0,0,0,productive|economic|industrial|national|social|capitalistic|factory|universal|technical|system,2.8855|3.1381|3.1459|3.3994|3.7340|4.1850|4.2014|4.2136|4.3274|4.3415,macrohouse,floor,cross_family,macro,economic_scale,False,False,False
