model,kind_model,target,technical,neighbor,flag_kind,neighbor_year,dating,target_len,brown_freq,rank
talkie-base,restricted,accent,False,accant,ORTHOGRAPHIC,,,6,9,1
talkie-base,restricted,accent,False,accentj,ORTHOGRAPHIC,,,6,9,1
talkie-base,restricted,accent,False,aceent,ORTHOGRAPHIC,,,6,9,1
talkie-base,restricted,accent,False,accenc,ORTHOGRAPHIC,,,6,9,1
talkie-base,restricted,accent,False,aecent,ORTHOGRAPHIC,,,6,9,1
talkie-base,restricted,artillery,False,artillerie,ORTHOGRAPHIC,,,9,11,6
talkie-base,restricted,continuation,False,backwardation,DERIVATIONAL,,undated,12,18,1
talkie-base,restricted,covenant,False,covenent,ORTHOGRAPHIC,,,8,3,1
talkie-base,restricted,covenant,False,coyenant,ORTHOGRAPHIC,,,8,3,1
talkie-base,restricted,covenant,False,covenan,ORTHOGRAPHIC,,,8,3,1
talkie-base,restricted,covenant,False,covenaut,ORTHOGRAPHIC,,,8,3,1
talkie-base,restricted,custody,False,eustody,DERIVATIONAL,,undated,7,2,1
talkie-base,restricted,custody,False,custedy,ORTHOGRAPHIC,,,7,2,1
talkie-base,restricted,dancer,False,dansers,ORTHOGRAPHIC,,,6,31,3
talkie-base,restricted,dancer,False,danser,ORTHOGRAPHIC,,,6,31,3
talkie-base,restricted,dancer,False,daneers,ORTHOGRAPHIC,,,6,31,3
talkie-base,restricted,dancer,False,daneer,ORTHOGRAPHIC,,,6,31,3
talkie-base,restricted,defined,False,denned,ORTHOGRAPHIC,,,7,39,1
talkie-base,restricted,defined,False,defin,ORTHOGRAPHIC,,,7,39,1
talkie-base,restricted,echo,False,eccho,ORTHOGRAPHIC,,,4,10,2
talkie-base,restricted,exam,False,exami,ORTHOGRAPHIC,,,4,0,5
talkie-base,restricted,excuse,False,excufe,ORTHOGRAPHIC,,,6,28,1
talkie-base,restricted,excuse,False,excuſe,ORTHOGRAPHIC,,,6,28,1
talkie-base,restricted,excuse,False,cxcufe,DERIVATIONAL,,undated,6,28,1
talkie-base,restricted,excuse,False,excule,ORTHOGRAPHIC,,,6,28,1
talkie-base,restricted,excuse,False,exeufe,ORTHOGRAPHIC,,,6,28,1
talkie-base,restricted,excuse,False,excusef,ORTHOGRAPHIC,,,6,28,1
talkie-base,restricted,excuse,False,excufc,ORTHOGRAPHIC,,,6,28,1
talkie-base,restricted,feather,False,feath,ORTHOGRAPHIC,,,7,6,1
talkie-base,restricted,garment,False,garmente,ORTHOGRAPHIC,,,7,6,1
talkie-base,restricted,gate,False,gaite,ORTHOGRAPHIC,,,4,37,1
talkie-base,restricted,gratitude,False,gratitie,ORTHOGRAPHIC,,,9,9,1
talkie-base,restricted,gratitude,False,gratilude,ORTHOGRAPHIC,,,9,9,1
talkie-base,restricted,gratitude,False,grauitie,DERIVATIONAL,,undated,9,9,1
talkie-base,restricted,gratitude,False,gravitie,DERIVATIONAL,,undated,9,9,1
talkie-base,restricted,grave,False,graue,ORTHOGRAPHIC,,,5,33,1
talkie-base,restricted,grave,False,graye,ORTHOGRAPHIC,,,5,33,1
talkie-base,restricted,grave,False,grare,ORTHOGRAPHIC,,,5,33,1
talkie-base,restricted,guard,False,guord,ORTHOGRAPHIC,,,5,48,1
talkie-base,restricted,guard,False,guarde,ORTHOGRAPHIC,,,5,48,1
talkie-base,restricted,guard,False,gnard,ORTHOGRAPHIC,,,5,48,1
talkie-base,restricted,guard,False,guaid,ORTHOGRAPHIC,,,5,48,1
talkie-base,restricted,guard,False,gnard,ORTHOGRAPHIC,,,5,48,1
talkie-base,restricted,honey,False,poney,DERIVATIONAL,,undated,5,25,5
talkie-base,restricted,inclination,False,reclination,DERIVATIONAL,,undated,11,8,3
talkie-base,restricted,ladder,False,laddyr,ORTHOGRAPHIC,,,6,19,2
talkie-base,restricted,ladder,False,laddre,ORTHOGRAPHIC,,,6,19,2
talkie-base,restricted,ladder,False,lader,ORTHOGRAPHIC,,,6,19,2
talkie-base,restricted,latitude,False,lattitude,ORTHOGRAPHIC,,,8,5,2
talkie-base,restricted,lesbian,False,leshian,ORTHOGRAPHIC,,,7,0,1
talkie-base,restricted,lesbian,False,lesbean,ORTHOGRAPHIC,,,7,0,1
talkie-base,restricted,lesbian,False,falernian,DERIVATIONAL,,undated,7,0,6
talkie-base,restricted,lesbian,False,thasian,DERIVATIONAL,,undated,7,0,6
talkie-base,restricted,lesbian,False,æolian,ORTHOGRAPHIC,,,7,0,-1
talkie-base,restricted,literal,False,literall,ORTHOGRAPHIC,,,7,15,1
talkie-base,restricted,literal,False,litterall,ORTHOGRAPHIC,,,7,15,1
talkie-base,restricted,masculine,False,maſculine,ORTHOGRAPHIC,,,9,7,1
talkie-base,restricted,masculine,False,masculin,ORTHOGRAPHIC,,,9,7,1
talkie-base,restricted,masculine,False,masculyne,ORTHOGRAPHIC,,,9,7,1
talkie-base,restricted,masculine,False,masculiue,ORTHOGRAPHIC,,,9,7,1
talkie-base,restricted,metropolitan,False,metropolitical,DERIVATIONAL,,undated,12,34,1
talkie-base,restricted,metropolitan,False,metropoli,ORTHOGRAPHIC,,,12,34,1
talkie-base,restricted,metropolitan,False,metropolitans,ORTHOGRAPHIC,,,12,34,1
talkie-base,restricted,mm,False,mlm,ORTHOGRAPHIC,,,2,5,1
talkie-base,restricted,mould,False,mouldings,ORTHOGRAPHIC,,,5,1,44
talkie-base,restricted,mould,False,moulds,ORTHOGRAPHIC,,,5,1,44
talkie-base,restricted,mould,False,moulde,ORTHOGRAPHIC,,,5,1,1
talkie-base,restricted,mould,False,moulds,ORTHOGRAPHIC,,,5,1,2
talkie-base,restricted,mould,False,moulded,ORTHOGRAPHIC,,,5,1,2
talkie-base,restricted,mould,False,mouids,ORTHOGRAPHIC,,,5,1,2
talkie-base,restricted,mould,False,moulds,ORTHOGRAPHIC,,,5,1,62
talkie-base,restricted,mould,False,moulde,ORTHOGRAPHIC,,,5,1,1
talkie-base,restricted,mould,False,moul,ORTHOGRAPHIC,,,5,1,1
talkie-base,restricted,mould,False,moulds,ORTHOGRAPHIC,,,5,1,1
talkie-base,restricted,noon,False,noo,ORTHOGRAPHIC,,,4,25,1
talkie-base,restricted,noon,False,noou,ORTHOGRAPHIC,,,4,25,1
talkie-base,restricted,noon,False,nonn,ORTHOGRAPHIC,,,4,25,1
talkie-base,restricted,noon,False,noons,ORTHOGRAPHIC,,,4,25,1
talkie-base,restricted,noon,False,nooa,ORTHOGRAPHIC,,,4,25,1
talkie-base,restricted,obedience,False,obediences,ORTHOGRAPHIC,,,9,9,1
talkie-base,restricted,obedience,False,obedientia,DERIVATIONAL,,undated,9,9,1
talkie-base,restricted,obedience,False,obedi,ORTHOGRAPHIC,,,9,9,1
talkie-base,restricted,porch,False,porche,ORTHOGRAPHIC,,,5,43,1
talkie-base,restricted,prey,False,prev,ORTHOGRAPHIC,,,4,7,1
talkie-base,restricted,prey,False,prev,ORTHOGRAPHIC,,,4,7,1
talkie-base,restricted,prey,False,preye,ORTHOGRAPHIC,,,4,7,1
talkie-base,restricted,prize,False,prises,ORTHOGRAPHIC,,,5,28,9
talkie-base,restricted,prize,False,priz,ORTHOGRAPHIC,,,5,28,2
talkie-base,restricted,prize,False,prixe,ORTHOGRAPHIC,,,5,28,1
talkie-base,restricted,prize,False,priz,ORTHOGRAPHIC,,,5,28,1
talkie-base,restricted,prize,False,prige,ORTHOGRAPHIC,,,5,28,1
talkie-base,restricted,prize,False,prises,ORTHOGRAPHIC,,,5,28,7
talkie-base,restricted,purify,False,purifie,ORTHOGRAPHIC,,,6,2,7
talkie-base,restricted,purify,False,purifie,ORTHOGRAPHIC,,,6,2,4
talkie-base,restricted,purple,False,purpie,ORTHOGRAPHIC,,,6,13,1
talkie-base,restricted,purple,False,purre,ORTHOGRAPHIC,,,6,13,18
talkie-base,restricted,register,False,registeris,ORTHOGRAPHIC,,,8,26,2
talkie-base,restricted,register,False,registris,DERIVATIONAL,,undated,8,26,2
talkie-base,restricted,register,False,registaris,DERIVATIONAL,,undated,8,26,2
talkie-base,restricted,register,False,registres,ORTHOGRAPHIC,,,8,26,2
talkie-base,restricted,register,False,registiris,DERIVATIONAL,,undated,8,26,2
talkie-base,restricted,register,False,registir,ORTHOGRAPHIC,,,8,26,2
talkie-base,restricted,register,False,begister,DERIVATIONAL,,undated,8,26,1
talkie-base,restricted,reign,False,reigneth,ORTHOGRAPHIC,,,5,7,19
talkie-base,restricted,rend,False,rendin,ORTHOGRAPHIC,,,4,1,-1
talkie-base,restricted,rend,False,renden,ORTHOGRAPHIC,,,4,1,-1
talkie-base,restricted,resort,False,resorte,ORTHOGRAPHIC,,,6,12,5
talkie-base,restricted,resort,False,resorte,ORTHOGRAPHIC,,,6,12,10
talkie-base,restricted,resort,False,resortid,ORTHOGRAPHIC,,,6,12,10
talkie-base,restricted,resort,False,resor,ORTHOGRAPHIC,,,6,12,10
talkie-base,restricted,revive,False,reviv,ORTHOGRAPHIC,,,6,8,1
talkie-base,restricted,revive,False,revire,ORTHOGRAPHIC,,,6,8,1
talkie-base,restricted,revive,False,revyve,ORTHOGRAPHIC,,,6,8,3
talkie-base,restricted,revive,False,reyve,ORTHOGRAPHIC,,,6,8,3
talkie-base,restricted,rose,False,rosea,ORTHOGRAPHIC,,,4,86,2
talkie-base,restricted,rose,False,roose,ORTHOGRAPHIC,,,4,86,1
talkie-base,restricted,rose,False,ros,ORTHOGRAPHIC,,,4,86,1
talkie-base,restricted,rose,False,rosse,ORTHOGRAPHIC,,,4,86,1
talkie-base,restricted,rose,False,rofe,ORTHOGRAPHIC,,,4,86,1
talkie-base,restricted,rose,False,eose,DERIVATIONAL,,undated,4,86,1
talkie-base,restricted,rose,False,kose,DERIVATIONAL,,undated,4,86,1
talkie-base,restricted,rose,False,roſe,ORTHOGRAPHIC,,,4,86,1
talkie-base,restricted,rose,False,roſe,ORTHOGRAPHIC,,,4,86,4
talkie-base,restricted,sailor,False,sailers,ORTHOGRAPHIC,,,6,5,2
talkie-base,restricted,sailor,False,sallors,ORTHOGRAPHIC,,,6,5,2
talkie-base,restricted,stretch,False,streach,ORTHOGRAPHIC,,,7,26,1
talkie-base,restricted,stretch,False,strech,ORTHOGRAPHIC,,,7,26,1
talkie-base,restricted,suppression,False,circumfusion,DERIVATIONAL,,undated,11,7,2
talkie-base,restricted,swing,False,swinga,ORTHOGRAPHIC,,,5,24,3
talkie-base,restricted,swing,False,swin,ORTHOGRAPHIC,,,5,24,3
talkie-base,restricted,tag,False,tagg,ORTHOGRAPHIC,,,3,5,5
talkie-base,restricted,tenure,False,tenour,ORTHOGRAPHIC,,,6,12,3
talkie-base,restricted,tenure,False,tenui,ORTHOGRAPHIC,,,6,12,1
talkie-base,restricted,top,False,topt,ORTHOGRAPHIC,,,3,204,32
talkie-base,restricted,utter,False,ntter,DERIVATIONAL,,undated,5,13,1
talkie-base,restricted,utter,False,utte,ORTHOGRAPHIC,,,5,13,1
talkie-base,restricted,utter,False,uttor,ORTHOGRAPHIC,,,5,13,1
talkie-base,restricted,utter,False,uttei,ORTHOGRAPHIC,,,5,13,1
talkie-base,restricted,want,False,wanta,ORTHOGRAPHIC,,,4,328,2
talkie-base,restricted,waste,False,wast,ORTHOGRAPHIC,,,5,35,2
talkie-base,restricted,waste,False,wast,ORTHOGRAPHIC,,,5,35,1
talkie-base,restricted,waste,False,wast,ORTHOGRAPHIC,,,5,35,1
talkie-base,restricted,waste,False,wafte,ORTHOGRAPHIC,,,5,35,1
talkie-base,restricted,waste,False,waſte,ORTHOGRAPHIC,,,5,35,1
talkie-base,restricted,winner,False,wynner,ORTHOGRAPHIC,,,6,8,1
talkie-base,restricted,winner,False,winncr,ORTHOGRAPHIC,,,6,8,1
talkie-base,restricted,winner,False,winnar,ORTHOGRAPHIC,,,6,8,1
talkie-base,restricted,winner,False,winnor,ORTHOGRAPHIC,,,6,8,1
talkie-base,restricted,winner,False,winn,ORTHOGRAPHIC,,,6,8,1
talkie-base,restricted,worth,False,werth,ORTHOGRAPHIC,,,5,94,1
talkie-base,restricted,worth,False,worthe,ORTHOGRAPHIC,,,5,94,1
talkie-base,restricted,worth,False,werthe,ORTHOGRAPHIC,,,5,94,1
talkie-base,restricted,worth,False,wortli,ORTHOGRAPHIC,,,5,94,1
talkie-base,restricted,worth,False,woith,ORTHOGRAPHIC,,,5,94,1
talkie-base,restricted,worth,False,worths,ORTHOGRAPHIC,,,5,94,1
talkie-base,restricted,absurd,False,absurde,ORTHOGRAPHIC,,,6,17,1
talkie-base,restricted,absurd,False,absured,ORTHOGRAPHIC,,,6,17,1
talkie-base,restricted,absurd,False,abhord,ORTHOGRAPHIC,,,6,17,1
talkie-base,restricted,absurd,False,abfurd,ORTHOGRAPHIC,,,6,17,1
talkie-base,restricted,absurd,False,ahsurd,ORTHOGRAPHIC,,,6,17,1
talkie-base,restricted,bead,False,beades,ORTHOGRAPHIC,,,4,1,8
talkie-base,restricted,belly,False,bellie,ORTHOGRAPHIC,,,5,23,1
talkie-base,restricted,belly,False,belley,ORTHOGRAPHIC,,,5,23,1
talkie-base,restricted,belly,False,bellic,ORTHOGRAPHIC,,,5,23,1
talkie-base,restricted,beta,False,deta,DERIVATIONAL,,undated,4,2,1
talkie-base,restricted,bound,False,bounde,ORTHOGRAPHIC,,,5,42,1
talkie-base,restricted,cage,False,eage,DERIVATIONAL,,undated,4,9,1
talkie-base,restricted,cage,False,cag,ORTHOGRAPHIC,,,4,9,1
talkie-base,restricted,cage,False,oage,DERIVATIONAL,,undated,4,9,1
talkie-base,restricted,cage,False,cago,ORTHOGRAPHIC,,,4,9,1
talkie-base,restricted,calorie,False,calorics,ORTHOGRAPHIC,,,7,1,34
talkie-base,restricted,conformity,False,conformitie,ORTHOGRAPHIC,,,10,16,1
talkie-base,restricted,conformity,False,conformitv,ORTHOGRAPHIC,,,10,16,1
talkie-base,restricted,conformity,False,confonnity,ORTHOGRAPHIC,,,10,16,1
talkie-base,restricted,conformity,False,conformit,ORTHOGRAPHIC,,,10,16,1
talkie-base,restricted,conformity,False,confoimity,ORTHOGRAPHIC,,,10,16,1
talkie-base,restricted,conformity,False,conformitie,ORTHOGRAPHIC,,,10,16,-1
talkie-base,restricted,cosmic,False,cosmical,ORTHOGRAPHIC,,,6,18,1
talkie-base,restricted,cosmic,False,cosmical,ORTHOGRAPHIC,,,6,18,1
talkie-base,restricted,demon,False,dæmon,ORTHOGRAPHIC,,,5,9,1
talkie-base,restricted,die,False,dic,ORTHOGRAPHIC,,,3,73,1
talkie-base,restricted,disguise,False,disguize,ORTHOGRAPHIC,,,8,5,1
talkie-base,restricted,dwell,False,dwelle,ORTHOGRAPHIC,,,5,8,8
talkie-base,restricted,dwell,False,dwelle,ORTHOGRAPHIC,,,5,8,16
talkie-base,restricted,dwell,False,dwellen,ORTHOGRAPHIC,,,5,8,16
talkie-base,restricted,dwell,False,duelle,ORTHOGRAPHIC,,,5,8,16
talkie-base,restricted,excellence,False,excellencie,ORTHOGRAPHIC,,,10,15,1
talkie-base,restricted,excellence,False,exellency,ORTHOGRAPHIC,,,10,15,1
talkie-base,restricted,excellence,False,exellence,ORTHOGRAPHIC,,,10,15,1
talkie-base,restricted,excellence,False,exellencie,ORTHOGRAPHIC,,,10,15,1
talkie-base,restricted,excellence,False,cxcellencie,DERIVATIONAL,,undated,10,15,1
talkie-base,restricted,feast,False,feasl,ORTHOGRAPHIC,,,5,3,1
talkie-base,restricted,feast,False,feaſt,ORTHOGRAPHIC,,,5,3,1
talkie-base,restricted,fist,False,fyst,ORTHOGRAPHIC,,,4,25,2
talkie-base,restricted,fly,False,flye,ORTHOGRAPHIC,,,3,33,36
talkie-base,restricted,fly,False,fiy,ORTHOGRAPHIC,,,3,33,1
talkie-base,restricted,fly,False,tly,DERIVATIONAL,,undated,3,33,1
talkie-base,restricted,fly,False,ily,DERIVATIONAL,,undated,3,33,1
talkie-base,restricted,fly,False,flv,ORTHOGRAPHIC,,,3,33,1
talkie-base,restricted,fly,False,lly,DERIVATIONAL,,undated,3,33,1
talkie-base,restricted,fly,False,fiy,ORTHOGRAPHIC,,,3,33,1
talkie-base,restricted,fly,False,tly,DERIVATIONAL,,undated,3,33,1
talkie-base,restricted,fly,False,ily,DERIVATIONAL,,undated,3,33,1
talkie-base,restricted,fly,False,flv,ORTHOGRAPHIC,,,3,33,1
talkie-base,restricted,glove,False,glov,ORTHOGRAPHIC,,,5,9,13
talkie-base,restricted,glove,False,gloyes,ORTHOGRAPHIC,,,5,9,13
talkie-base,restricted,glove,False,gioves,ORTHOGRAPHIC,,,5,9,13
talkie-base,restricted,golf,False,goulff,ORTHOGRAPHIC,,,4,34,1
talkie-base,restricted,golf,False,goulfe,ORTHOGRAPHIC,,,4,34,1
talkie-base,restricted,golf,False,gowf,ORTHOGRAPHIC,,,4,34,1
talkie-base,restricted,golf,False,golfe,ORTHOGRAPHIC,,,4,34,1
talkie-base,restricted,golf,False,golff,ORTHOGRAPHIC,,,4,34,1
talkie-base,restricted,golf,False,gowf,ORTHOGRAPHIC,,,4,34,1
talkie-base,restricted,golf,False,golfe,ORTHOGRAPHIC,,,4,34,1
talkie-base,restricted,golf,False,golff,ORTHOGRAPHIC,,,4,34,1
talkie-base,restricted,grasp,False,grafp,ORTHOGRAPHIC,,,5,17,2
talkie-base,restricted,grasp,False,graſpe,ORTHOGRAPHIC,,,5,17,2
talkie-base,restricted,grasp,False,graſp,ORTHOGRAPHIC,,,5,17,2
talkie-base,restricted,grasp,False,grafpe,ORTHOGRAPHIC,,,5,17,2
talkie-base,restricted,grasp,False,graspe,ORTHOGRAPHIC,,,5,17,2
talkie-base,restricted,grasp,False,graipe,ORTHOGRAPHIC,,,5,17,2
talkie-base,restricted,guess,False,ghess,ORTHOGRAPHIC,,,5,56,1
talkie-base,restricted,hardship,False,hardſhip,ORTHOGRAPHIC,,,8,9,6
talkie-base,restricted,hate,False,hato,ORTHOGRAPHIC,,,4,42,1
talkie-base,restricted,herb,False,herbe,ORTHOGRAPHIC,,,4,8,3
talkie-base,restricted,herb,False,hearbe,ORTHOGRAPHIC,,,4,8,3
talkie-base,restricted,herb,False,hearb,ORTHOGRAPHIC,,,4,8,3
talkie-base,restricted,herb,False,heerbe,ORTHOGRAPHIC,,,4,8,3
talkie-base,restricted,herb,False,herbes,ORTHOGRAPHIC,,,4,8,3
talkie-base,restricted,herb,False,heib,ORTHOGRAPHIC,,,4,8,3
talkie-base,restricted,lid,False,lidd,ORTHOGRAPHIC,,,3,19,1
talkie-base,restricted,lid,False,lyd,ORTHOGRAPHIC,,,3,19,1
talkie-base,restricted,lie,False,lic,ORTHOGRAPHIC,,,3,59,1
talkie-base,restricted,litre,False,litres,ORTHOGRAPHIC,,,5,0,1
talkie-base,restricted,litre,False,litron,ORTHOGRAPHIC,,,5,0,1
talkie-base,restricted,loading,False,fatting,INFLECTION,,,7,11,15
talkie-base,restricted,lymphocyte,True,lymphocytes,ORTHOGRAPHIC,,,10,0,-1
talkie-base,restricted,lymphocyte,True,lymphocytes,ORTHOGRAPHIC,,,10,0,6
talkie-base,restricted,maid,False,mayd,ORTHOGRAPHIC,,,4,31,1
talkie-base,restricted,maid,False,maidj,ORTHOGRAPHIC,,,4,31,1
talkie-base,restricted,maid,False,maide,ORTHOGRAPHIC,,,4,31,1
talkie-base,restricted,march,False,inarch,DERIVATIONAL,,undated,5,121,1
talkie-base,restricted,melody,False,melodie,ORTHOGRAPHIC,,,6,21,2
talkie-base,restricted,melody,False,melodye,ORTHOGRAPHIC,,,6,21,2
talkie-base,restricted,microscope,False,miscroscope,ORTHOGRAPHIC,,,10,8,1
talkie-base,restricted,microscope,False,miscroscope,ORTHOGRAPHIC,,,10,8,1
talkie-base,restricted,obscure,False,obfcure,ORTHOGRAPHIC,,,7,17,1
talkie-base,restricted,palm,False,palme,ORTHOGRAPHIC,,,4,22,12
talkie-base,restricted,palm,False,palme,ORTHOGRAPHIC,,,4,22,12
talkie-base,restricted,pasture,False,paſture,ORTHOGRAPHIC,,,7,14,5
talkie-base,restricted,pause,False,paufe,ORTHOGRAPHIC,,,5,21,1
talkie-base,restricted,photography,False,photogeny,DERIVATIONAL,,undated,11,7,2
talkie-base,restricted,polarization,False,polariza,ORTHOGRAPHIC,,,12,6,1
talkie-base,restricted,radial,False,radialia,ORTHOGRAPHIC,,,6,5,5
talkie-base,restricted,rage,False,corage,DERIVATIONAL,,undated,4,16,1
talkie-base,restricted,rage,False,kage,DERIVATIONAL,,undated,4,16,1
talkie-base,restricted,rage,False,eage,DERIVATIONAL,,undated,4,16,1
talkie-base,restricted,rage,False,bage,DERIVATIONAL,,undated,4,16,1
talkie-base,restricted,rage,False,ragej,ORTHOGRAPHIC,,,4,16,1
talkie-base,restricted,rage,False,rager,ORTHOGRAPHIC,,,4,16,1
talkie-base,restricted,rage,False,ragc,ORTHOGRAPHIC,,,4,16,1
talkie-base,restricted,rage,False,tage,DERIVATIONAL,,undated,4,16,1
talkie-base,restricted,rage,False,eage,DERIVATIONAL,,undated,4,16,1
talkie-base,restricted,rage,False,kage,DERIVATIONAL,,undated,4,16,1
talkie-base,restricted,rage,False,bage,DERIVATIONAL,,undated,4,16,1
talkie-base,restricted,rage,False,kage,DERIVATIONAL,,undated,4,16,1
talkie-base,restricted,rage,False,eage,DERIVATIONAL,,undated,4,16,1
talkie-base,restricted,rage,False,bage,DERIVATIONAL,,undated,4,16,1
talkie-base,restricted,rage,False,hage,DERIVATIONAL,,undated,4,16,1
talkie-base,restricted,rage,False,corage,DERIVATIONAL,,undated,4,16,-1
talkie-base,restricted,rage,False,kage,DERIVATIONAL,,undated,4,16,1
talkie-base,restricted,rage,False,eage,DERIVATIONAL,,undated,4,16,1
talkie-base,restricted,rage,False,raige,ORTHOGRAPHIC,,,4,16,1
talkie-base,restricted,rage,False,kage,DERIVATIONAL,,undated,4,16,1
talkie-base,restricted,rage,False,tage,DERIVATIONAL,,undated,4,16,1
talkie-base,restricted,rage,False,rege,ORTHOGRAPHIC,,,4,16,1
talkie-base,restricted,rage,False,ragej,ORTHOGRAPHIC,,,4,16,1
talkie-base,restricted,rear,False,reare,ORTHOGRAPHIC,,,4,51,13
talkie-base,restricted,reciprocal,False,reciprocall,ORTHOGRAPHIC,,,10,8,18
talkie-base,restricted,rescue,False,rescous,ORTHOGRAPHIC,,,6,15,2
talkie-base,restricted,robe,False,roabes,ORTHOGRAPHIC,,,4,6,30
talkie-base,restricted,robe,False,roabe,ORTHOGRAPHIC,,,4,6,1
talkie-base,restricted,robe,False,robc,ORTHOGRAPHIC,,,4,6,1
talkie-base,restricted,sect,False,seft,ORTHOGRAPHIC,,,4,2,1
talkie-base,restricted,sect,False,secte,ORTHOGRAPHIC,,,4,2,1
talkie-base,restricted,sect,False,seét,ORTHOGRAPHIC,,,4,2,1
talkie-base,restricted,shield,False,shiel,ORTHOGRAPHIC,,,6,8,1
talkie-base,restricted,shield,False,shie,ORTHOGRAPHIC,,,6,8,1
talkie-base,restricted,shield,False,shieid,ORTHOGRAPHIC,,,6,8,1
talkie-base,restricted,shield,False,shicld,ORTHOGRAPHIC,,,6,8,1
talkie-base,restricted,shield,False,sheild,ORTHOGRAPHIC,,,6,8,1
talkie-base,restricted,silly,False,illy,DERIVATIONAL,,undated,5,15,1
talkie-base,restricted,sleeve,False,fleeves,DERIVATIONAL,,undated,6,11,3
talkie-base,restricted,sleeve,False,ſleeves,ORTHOGRAPHIC,,,6,11,3
talkie-base,restricted,sleeve,False,ſleeve,ORTHOGRAPHIC,,,6,11,3
talkie-base,restricted,sleeve,False,sleeyes,ORTHOGRAPHIC,,,6,11,3
talkie-base,restricted,sleeve,False,fleeve,DERIVATIONAL,,undated,6,11,3
talkie-base,restricted,sleeve,False,ſleeve,ORTHOGRAPHIC,,,6,11,3
talkie-base,restricted,sleeve,False,fleeve,DERIVATIONAL,,undated,6,11,3
talkie-base,restricted,sleeve,False,fleeue,DERIVATIONAL,,undated,6,11,3
talkie-base,restricted,sleeve,False,sleeue,ORTHOGRAPHIC,,,6,11,3
talkie-base,restricted,sleeve,False,ſleeue,ORTHOGRAPHIC,,,6,11,3
talkie-base,restricted,solid,False,soltd,ORTHOGRAPHIC,,,5,77,1
talkie-base,restricted,span,False,spanne,ORTHOGRAPHIC,,,4,19,1
talkie-base,restricted,span,False,spann,ORTHOGRAPHIC,,,4,19,1
talkie-base,restricted,span,False,spance,ORTHOGRAPHIC,,,4,19,1
talkie-base,restricted,span,False,spane,ORTHOGRAPHIC,,,4,19,1
talkie-base,restricted,stamp,False,stampers,ORTHOGRAPHIC,,,5,8,29
talkie-base,restricted,stamp,False,stampe,ORTHOGRAPHIC,,,5,8,2
talkie-base,restricted,stamp,False,stame,ORTHOGRAPHIC,,,5,8,2
talkie-base,restricted,stamp,False,stampc,ORTHOGRAPHIC,,,5,8,2
talkie-base,restricted,stay,False,ſtay,ORTHOGRAPHIC,,,4,113,2
talkie-base,restricted,stay,False,staye,ORTHOGRAPHIC,,,4,113,2
talkie-base,restricted,stay,False,ftay,DERIVATIONAL,,undated,4,113,2
talkie-base,restricted,stem,False,stemme,ORTHOGRAPHIC,,,4,30,1
talkie-base,restricted,stem,False,stemm,ORTHOGRAPHIC,,,4,30,1
talkie-base,restricted,stem,False,steme,ORTHOGRAPHIC,,,4,30,1
talkie-base,restricted,stem,False,stemd,ORTHOGRAPHIC,,,4,30,1
talkie-base,restricted,straw,False,stra,ORTHOGRAPHIC,,,5,15,1
talkie-base,restricted,straw,False,ftraw,DERIVATIONAL,,undated,5,15,3
talkie-base,restricted,straw,False,ſtraw,ORTHOGRAPHIC,,,5,15,3
talkie-base,restricted,straw,False,itraw,DERIVATIONAL,,undated,5,15,3
talkie-base,restricted,straw,False,ttraw,DERIVATIONAL,,undated,5,15,3
talkie-base,restricted,straw,False,stra,ORTHOGRAPHIC,,,5,15,1
talkie-base,restricted,straw,False,strawr,ORTHOGRAPHIC,,,5,15,1
talkie-base,restricted,suburb,False,suburbes,ORTHOGRAPHIC,,,6,13,3
talkie-base,restricted,suburb,False,suburbe,ORTHOGRAPHIC,,,6,13,3
talkie-base,restricted,suck,False,suckt,ORTHOGRAPHIC,,,4,5,5
talkie-base,restricted,supper,False,sujiper,ORTHOGRAPHIC,,,6,37,1
talkie-base,restricted,supper,False,sujjper,ORTHOGRAPHIC,,,6,37,1
talkie-base,restricted,supper,False,snpper,ORTHOGRAPHIC,,,6,37,1
talkie-base,restricted,supper,False,supperof,ORTHOGRAPHIC,,,6,37,1
talkie-base,restricted,supper,False,sopper,ORTHOGRAPHIC,,,6,37,1
talkie-base,restricted,supper,False,soper,ORTHOGRAPHIC,,,6,37,1
talkie-base,restricted,supper,False,fupper,DERIVATIONAL,,undated,6,37,1
talkie-base,restricted,supper,False,fuppcr,DERIVATIONAL,,undated,6,37,1
talkie-base,restricted,supper,False,suppcr,ORTHOGRAPHIC,,,6,37,1
talkie-base,restricted,supper,False,ſupper,ORTHOGRAPHIC,,,6,37,1
talkie-base,restricted,supper,False,lupper,DERIVATIONAL,,undated,6,37,1
talkie-base,restricted,sweat,False,ſweat,ORTHOGRAPHIC,,,5,23,1
talkie-base,restricted,sweat,False,sweatis,ORTHOGRAPHIC,,,5,23,1
talkie-base,restricted,sweat,False,ſweat,ORTHOGRAPHIC,,,5,23,1
talkie-base,restricted,sweat,False,sweate,ORTHOGRAPHIC,,,5,23,1
talkie-base,restricted,sweat,False,sweate,ORTHOGRAPHIC,,,5,23,1
talkie-base,restricted,sweat,False,ſweat,ORTHOGRAPHIC,,,5,23,1
talkie-base,restricted,sweat,False,swet,ORTHOGRAPHIC,,,5,23,1
talkie-base,restricted,sweat,False,fweat,DERIVATIONAL,,undated,5,23,1
talkie-base,restricted,sweat,False,ſweate,ORTHOGRAPHIC,,,5,23,1
talkie-base,restricted,sweat,False,sweate,ORTHOGRAPHIC,,,5,23,1
talkie-base,restricted,unaware,False,unawarep,ORTHOGRAPHIC,,,7,13,1
talkie-base,restricted,unaware,False,unawareto,ORTHOGRAPHIC,,,7,13,1
talkie-base,restricted,unaware,False,unawarei,ORTHOGRAPHIC,,,7,13,1
talkie-base,restricted,unaware,False,unawarey,ORTHOGRAPHIC,,,7,13,1
talkie-base,restricted,unaware,False,unawaref,ORTHOGRAPHIC,,,7,13,1
talkie-base,restricted,unaware,False,unawarej,ORTHOGRAPHIC,,,7,13,1
talkie-base,restricted,unaware,False,unawaren,ORTHOGRAPHIC,,,7,13,1
talkie-base,restricted,venous,False,veinous,ORTHOGRAPHIC,,,6,0,1
talkie-base,restricted,ventilation,False,arterialization,DERIVATIONAL,,undated,11,6,46
talkie-base,restricted,ventilation,False,aerification,DERIVATIONAL,,undated,11,6,46
talkie-base,restricted,ventilation,False,aération,ORTHOGRAPHIC,,,11,6,46
talkie-base,restricted,ventilation,False,aération,ORTHOGRAPHIC,,,11,6,1
talkie-base,restricted,vowel,False,vowells,ORTHOGRAPHIC,,,5,7,54
talkie-base,restricted,vowel,False,vowells,ORTHOGRAPHIC,,,5,7,12
talkie-base,restricted,vowel,False,vowelles,ORTHOGRAPHIC,,,5,7,12
talkie-base,restricted,vowel,False,vowell,ORTHOGRAPHIC,,,5,7,12
talkie-base,restricted,warm,False,warma,ORTHOGRAPHIC,,,4,67,3
talkie-base,restricted,warm,False,warmi,ORTHOGRAPHIC,,,4,67,3
talkie-base,restricted,worm,False,worme,ORTHOGRAPHIC,,,4,4,16
talkie-base,restricted,adversary,False,adversarie,ORTHOGRAPHIC,,,9,5,1
talkie-base,restricted,affective,False,presentative,DERIVATIONAL,,undated,9,0,22
talkie-base,restricted,amateur,False,ameteurs,ORTHOGRAPHIC,,,7,25,5
talkie-base,restricted,anchor,False,anchois,ORTHOGRAPHIC,,,6,15,4
talkie-base,restricted,anchor,False,anckors,ORTHOGRAPHIC,,,6,15,4
talkie-base,restricted,anchor,False,anchers,ORTHOGRAPHIC,,,6,15,4
talkie-base,restricted,band,False,bande,ORTHOGRAPHIC,,,4,53,1
talkie-base,restricted,band,False,bandis,ORTHOGRAPHIC,,,4,53,1
talkie-base,restricted,banker,False,banckers,ORTHOGRAPHIC,,,6,5,27
talkie-base,restricted,beard,False,beardy,ORTHOGRAPHIC,,,5,26,1
talkie-base,restricted,beard,False,beaid,ORTHOGRAPHIC,,,5,26,1
talkie-base,restricted,beard,False,beird,ORTHOGRAPHIC,,,5,26,1
talkie-base,restricted,beard,False,beardes,ORTHOGRAPHIC,,,5,26,1
talkie-base,restricted,beard,False,bearde,ORTHOGRAPHIC,,,5,26,1
talkie-base,restricted,blow,False,blowe,ORTHOGRAPHIC,,,4,33,1
talkie-base,restricted,boot,False,boote,ORTHOGRAPHIC,,,4,13,4
talkie-base,restricted,boot,False,booto,ORTHOGRAPHIC,,,4,13,4
talkie-base,restricted,boot,False,bootc,ORTHOGRAPHIC,,,4,13,4
talkie-base,restricted,bowl,False,bowles,ORTHOGRAPHIC,,,4,23,24
talkie-base,restricted,bowl,False,bowlcs,ORTHOGRAPHIC,,,4,23,24
talkie-base,restricted,breed,False,breede,ORTHOGRAPHIC,,,5,17,2
talkie-base,restricted,breed,False,bredd,ORTHOGRAPHIC,,,5,17,2
talkie-base,restricted,cane,False,eane,DERIVATIONAL,,undated,4,12,1
talkie-base,restricted,cane,False,oane,DERIVATIONAL,,undated,4,12,1
talkie-base,restricted,champion,False,purgacion,DERIVATIONAL,,undated,8,23,-1
talkie-base,restricted,chorus,False,chorusthe,ORTHOGRAPHIC,,,6,18,1
talkie-base,restricted,chorus,False,chorusi,ORTHOGRAPHIC,,,6,18,1
talkie-base,restricted,chorus,False,chorusj,ORTHOGRAPHIC,,,6,18,1
talkie-base,restricted,chorus,False,choras,ORTHOGRAPHIC,,,6,18,1
talkie-base,restricted,chorus,False,chorusy,ORTHOGRAPHIC,,,6,18,1
talkie-base,restricted,chorus,False,chorusand,ORTHOGRAPHIC,,,6,18,1
talkie-base,restricted,cold,False,colde,ORTHOGRAPHIC,,,4,171,1
talkie-base,restricted,cold,False,eold,DERIVATIONAL,,undated,4,171,1
talkie-base,restricted,cold,False,coid,ORTHOGRAPHIC,,,4,171,1
talkie-base,restricted,cold,False,ecold,DERIVATIONAL,,undated,4,171,1
talkie-base,restricted,combustion,False,combustione,ORTHOGRAPHIC,,,10,12,1
talkie-base,restricted,combustion,False,combusto,ORTHOGRAPHIC,,,10,12,1
talkie-base,restricted,content,False,conten,ORTHOGRAPHIC,,,7,53,1
talkie-base,restricted,content,False,contente,ORTHOGRAPHIC,,,7,53,1
talkie-base,restricted,content,False,contenr,ORTHOGRAPHIC,,,7,53,1
talkie-base,restricted,content,False,contentments,ORTHOGRAPHIC,,,7,53,1
talkie-base,restricted,content,False,conteut,ORTHOGRAPHIC,,,7,53,1
talkie-base,restricted,cooling,False,cooleing,ORTHOGRAPHIC,,,7,42,1
talkie-base,restricted,coupling,False,couplyng,ORTHOGRAPHIC,,,8,9,1
talkie-base,restricted,coupling,False,cowpling,ORTHOGRAPHIC,,,8,9,1
talkie-base,restricted,coupling,False,coapling,ORTHOGRAPHIC,,,8,9,1
talkie-base,restricted,coupling,False,conping,ORTHOGRAPHIC,,,8,9,1
talkie-base,restricted,coupling,False,coupleing,ORTHOGRAPHIC,,,8,9,1
talkie-base,restricted,coupling,False,conpling,ORTHOGRAPHIC,,,8,9,1
talkie-base,restricted,critically,False,etymologically,DERIVATIONAL,,undated,10,5,2
talkie-base,restricted,critically,False,philologically,DERIVATIONAL,,undated,10,5,2
talkie-base,restricted,crust,False,cust,ORTHOGRAPHIC,,,5,1,1
talkie-base,restricted,crust,False,cruste,ORTHOGRAPHIC,,,5,1,7
talkie-base,restricted,defender,False,delenders,ORTHOGRAPHIC,,,8,3,5
talkie-base,restricted,delight,False,dehght,ORTHOGRAPHIC,,,7,29,1
talkie-base,restricted,delight,False,delighte,ORTHOGRAPHIC,,,7,29,1
talkie-base,restricted,delight,False,deliglit,ORTHOGRAPHIC,,,7,29,1
talkie-base,restricted,diet,False,dyet,ORTHOGRAPHIC,,,4,21,1
talkie-base,restricted,diet,False,diett,ORTHOGRAPHIC,,,4,21,1
talkie-base,restricted,duck,False,duckes,ORTHOGRAPHIC,,,4,9,60
talkie-base,restricted,duck,False,ducke,ORTHOGRAPHIC,,,4,9,60
talkie-base,restricted,ending,False,endeings,ORTHOGRAPHIC,,,6,31,5
talkie-base,restricted,ending,False,endinges,ORTHOGRAPHIC,,,6,31,5
talkie-base,restricted,ending,False,endeinges,DERIVATIONAL,,undated,6,31,5
talkie-base,restricted,ending,False,eudings,ORTHOGRAPHIC,,,6,31,5
talkie-base,restricted,ending,False,endeing,ORTHOGRAPHIC,,,6,31,5
talkie-base,restricted,facet,False,facette,ORTHOGRAPHIC,,,5,2,1
talkie-base,restricted,fairy,False,fayry,ORTHOGRAPHIC,,,5,4,1
talkie-base,restricted,fairy,False,fairye,ORTHOGRAPHIC,,,5,4,1
talkie-base,restricted,fairy,False,fairie,ORTHOGRAPHIC,,,5,4,1
talkie-base,restricted,fairy,False,fary,ORTHOGRAPHIC,,,5,4,1
talkie-base,restricted,fairy,False,fayery,ORTHOGRAPHIC,,,5,4,1
talkie-base,restricted,fetch,False,fetche,ORTHOGRAPHIC,,,5,6,92
talkie-base,restricted,gonna,False,gona,ORTHOGRAPHIC,,,5,17,2
talkie-base,restricted,host,False,hostings,ORTHOGRAPHIC,,,4,36,-1
talkie-base,restricted,host,False,hoſt,ORTHOGRAPHIC,,,4,36,2
talkie-base,restricted,host,False,hoft,ORTHOGRAPHIC,,,4,36,2
talkie-base,restricted,implicitly,False,implicitely,ORTHOGRAPHIC,,,10,3,2
talkie-base,restricted,infusion,False,infufion,ORTHOGRAPHIC,,,8,1,1
talkie-base,restricted,injunction,False,injimction,ORTHOGRAPHIC,,,10,3,2
talkie-base,restricted,ink,False,iuk,ORTHOGRAPHIC,,,3,7,1
talkie-base,restricted,inverse,False,invertend,DERIVATIONAL,,undated,7,5,2
talkie-base,restricted,inverse,False,inversum,ORTHOGRAPHIC,,,7,5,2
talkie-base,restricted,mainland,False,mainiand,ORTHOGRAPHIC,,,8,11,1
talkie-base,restricted,mainland,False,mainjand,ORTHOGRAPHIC,,,8,11,1
talkie-base,restricted,mechanic,False,mechanie,ORTHOGRAPHIC,,,8,5,1
talkie-base,restricted,mechanic,False,mechanicks,ORTHOGRAPHIC,,,8,5,25
talkie-base,restricted,mechanic,False,mechanick,ORTHOGRAPHIC,,,8,5,25
talkie-base,restricted,mechanic,False,mechanists,INFLECTION,,,8,5,69
talkie-base,restricted,mechanic,False,mechanicians,ORTHOGRAPHIC,,,8,5,69
talkie-base,restricted,minus,False,mynus,ORTHOGRAPHIC,,,5,8,1
talkie-base,restricted,minus,False,minu,ORTHOGRAPHIC,,,5,8,1
talkie-base,restricted,minus,False,miuus,ORTHOGRAPHIC,,,5,8,1
talkie-base,restricted,minus,False,minu,ORTHOGRAPHIC,,,5,8,1
talkie-base,restricted,minus,False,minu,ORTHOGRAPHIC,,,5,8,1
talkie-base,restricted,minus,False,ininus,DERIVATIONAL,,undated,5,8,1
talkie-base,restricted,minus,False,minns,ORTHOGRAPHIC,,,5,8,1
talkie-base,restricted,minus,False,mtnus,ORTHOGRAPHIC,,,5,8,1
talkie-base,restricted,monarchy,False,monarchie,ORTHOGRAPHIC,,,8,0,6
talkie-base,restricted,monarchy,False,monarchye,ORTHOGRAPHIC,,,8,0,6
talkie-base,restricted,monarchy,False,monarche,ORTHOGRAPHIC,,,8,0,6
talkie-base,restricted,monarchy,False,monarchie,ORTHOGRAPHIC,,,8,0,29
talkie-base,restricted,mound,False,lounds,DERIVATIONAL,,undated,5,11,4
talkie-base,restricted,neat,False,neate,ORTHOGRAPHIC,,,4,21,2
talkie-base,restricted,negative,False,negitive,ORTHOGRAPHIC,,,8,53,1
talkie-base,restricted,negative,False,negatiue,ORTHOGRAPHIC,,,8,53,1
talkie-base,restricted,negative,False,negitive,ORTHOGRAPHIC,,,8,53,1
talkie-base,restricted,negative,False,negatiye,ORTHOGRAPHIC,,,8,53,1
talkie-base,restricted,negative,False,aflirmative,DERIVATIONAL,,undated,8,53,2
talkie-base,restricted,negative,False,affrmative,DERIVATIONAL,,undated,8,53,2
talkie-base,restricted,nonsense,False,nonsence,ORTHOGRAPHIC,,,8,13,1
talkie-base,restricted,nonsense,False,nonsence,ORTHOGRAPHIC,,,8,13,1
talkie-base,restricted,nonsense,False,nonsen,ORTHOGRAPHIC,,,8,13,1
talkie-base,restricted,null,False,nul,ORTHOGRAPHIC,,,4,13,1
talkie-base,restricted,null,False,nill,ORTHOGRAPHIC,,,4,13,1
talkie-base,restricted,omission,False,ommission,ORTHOGRAPHIC,,,8,3,1
talkie-base,restricted,ornament,False,ornamentis,ORTHOGRAPHIC,,,8,4,11
talkie-base,restricted,parcel,False,parcell,ORTHOGRAPHIC,,,6,1,4
talkie-base,restricted,parcel,False,parcelle,ORTHOGRAPHIC,,,6,1,4
talkie-base,restricted,parcel,False,parcell,ORTHOGRAPHIC,,,6,1,12
talkie-base,restricted,pastoral,False,pastorall,ORTHOGRAPHIC,,,8,6,5
talkie-base,restricted,pastoral,False,pastoralls,ORTHOGRAPHIC,,,8,6,5
talkie-base,restricted,pastoral,False,pastoralles,ORTHOGRAPHIC,,,8,6,5
talkie-base,restricted,pathology,False,pathologia,ORTHOGRAPHIC,,,9,33,1
talkie-base,restricted,pathology,False,pathologie,ORTHOGRAPHIC,,,9,33,1
talkie-base,restricted,pigment,False,pigmentum,ORTHOGRAPHIC,,,7,9,1
talkie-base,restricted,plunge,False,plung,ORTHOGRAPHIC,,,6,5,45
talkie-base,restricted,plunge,False,planged,ORTHOGRAPHIC,,,6,5,45
talkie-base,restricted,poison,False,pison,ORTHOGRAPHIC,,,6,10,1
talkie-base,restricted,poison,False,pisen,ORTHOGRAPHIC,,,6,10,1
talkie-base,restricted,poison,False,pison,ORTHOGRAPHIC,,,6,10,1
talkie-base,restricted,pound,False,pounde,ORTHOGRAPHIC,,,5,28,8
talkie-base,restricted,presidency,False,presideney,ORTHOGRAPHIC,,,10,11,1
talkie-base,restricted,presidency,False,presiden,ORTHOGRAPHIC,,,10,11,1
talkie-base,restricted,presidency,False,presidenc,ORTHOGRAPHIC,,,10,11,1
talkie-base,restricted,presidency,False,presideney,ORTHOGRAPHIC,,,10,11,1
talkie-base,restricted,reassure,False,reinsured,INFLECTION,,,8,1,-1
talkie-base,restricted,recession,False,reuersion,ORTHOGRAPHIC,,,9,7,-1
talkie-base,restricted,recite,False,wite,DERIVATIONAL,,undated,6,2,22
talkie-base,restricted,recite,False,endite,DERIVATIONAL,,undated,6,2,22
talkie-base,restricted,redemption,False,redempton,ORTHOGRAPHIC,,,10,4,1
talkie-base,restricted,replication,False,replicatio,ORTHOGRAPHIC,,,11,1,2
talkie-base,restricted,resent,False,refent,ORTHOGRAPHIC,,,6,8,15
talkie-base,restricted,ribbon,False,ribon,ORTHOGRAPHIC,,,6,12,1
talkie-base,restricted,ribbon,False,ribban,ORTHOGRAPHIC,,,6,12,1
talkie-base,restricted,ribbon,False,ribbin,ORTHOGRAPHIC,,,6,12,1
talkie-base,restricted,ribbon,False,ribben,ORTHOGRAPHIC,,,6,12,1
talkie-base,restricted,ribbon,False,riban,ORTHOGRAPHIC,,,6,12,1
talkie-base,restricted,ribbon,False,ribbond,ORTHOGRAPHIC,,,6,12,1
talkie-base,restricted,sail,False,saile,ORTHOGRAPHIC,,,4,12,3
talkie-base,restricted,sail,False,saille,ORTHOGRAPHIC,,,4,12,3
talkie-base,restricted,sail,False,sailes,ORTHOGRAPHIC,,,4,12,3
talkie-base,restricted,sail,False,saill,ORTHOGRAPHIC,,,4,12,3
talkie-base,restricted,sail,False,saile,ORTHOGRAPHIC,,,4,12,1
talkie-base,restricted,sail,False,saile,ORTHOGRAPHIC,,,4,12,3
talkie-base,restricted,sail,False,saille,ORTHOGRAPHIC,,,4,12,3
talkie-base,restricted,sail,False,sailc,ORTHOGRAPHIC,,,4,12,3
talkie-base,restricted,sail,False,saile,ORTHOGRAPHIC,,,4,12,7
talkie-base,restricted,sail,False,sailes,ORTHOGRAPHIC,,,4,12,7
talkie-base,restricted,sail,False,saill,ORTHOGRAPHIC,,,4,12,7
talkie-base,restricted,sail,False,saile,ORTHOGRAPHIC,,,4,12,18
talkie-base,restricted,silicon,False,silicum,ORTHOGRAPHIC,,,7,2,1
talkie-base,restricted,silicon,False,siliciwn,ORTHOGRAPHIC,,,7,2,1
talkie-base,restricted,slot,False,siot,ORTHOGRAPHIC,,,4,6,1
talkie-base,restricted,slot,False,slct,ORTHOGRAPHIC,,,4,6,1
talkie-base,restricted,spare,False,sparej,ORTHOGRAPHIC,,,5,23,1
talkie-base,restricted,still,False,stil,ORTHOGRAPHIC,,,5,782,1
talkie-base,restricted,still,False,stiil,ORTHOGRAPHIC,,,5,782,1
talkie-base,restricted,still,False,stili,ORTHOGRAPHIC,,,5,782,1
talkie-base,restricted,still,False,atill,DERIVATIONAL,,undated,5,782,1
talkie-base,restricted,still,False,stil,ORTHOGRAPHIC,,,5,782,1
talkie-base,restricted,still,False,stilll,ORTHOGRAPHIC,,,5,782,1
talkie-base,restricted,still,False,stili,ORTHOGRAPHIC,,,5,782,1
talkie-base,restricted,still,False,stiil,ORTHOGRAPHIC,,,5,782,1
talkie-base,restricted,still,False,atill,DERIVATIONAL,,undated,5,782,1
talkie-base,restricted,stool,False,stoole,ORTHOGRAPHIC,,,5,8,2
talkie-base,restricted,stool,False,stoolc,ORTHOGRAPHIC,,,5,8,2
talkie-base,restricted,stool,False,stoolle,ORTHOGRAPHIC,,,5,8,2
talkie-base,restricted,stool,False,stoole,ORTHOGRAPHIC,,,5,8,3
talkie-base,restricted,stool,False,stooie,ORTHOGRAPHIC,,,5,8,3
talkie-base,restricted,stool,False,stoale,ORTHOGRAPHIC,,,5,8,3
talkie-base,restricted,stool,False,stoolc,ORTHOGRAPHIC,,,5,8,3
talkie-base,restricted,stool,False,stoole,ORTHOGRAPHIC,,,5,8,3
talkie-base,restricted,stool,False,ftoole,DERIVATIONAL,,undated,5,8,3
talkie-base,restricted,stool,False,stoale,ORTHOGRAPHIC,,,5,8,3
talkie-base,restricted,stool,False,stoolc,ORTHOGRAPHIC,,,5,8,3
talkie-base,restricted,stool,False,stooie,ORTHOGRAPHIC,,,5,8,3
talkie-base,restricted,stool,False,stooll,ORTHOGRAPHIC,,,5,8,3
talkie-base,restricted,stool,False,stoole,ORTHOGRAPHIC,,,5,8,4
talkie-base,restricted,stool,False,ftoole,DERIVATIONAL,,undated,5,8,4
talkie-base,restricted,stool,False,ſtoole,ORTHOGRAPHIC,,,5,8,4
talkie-base,restricted,stool,False,stoolc,ORTHOGRAPHIC,,,5,8,4
talkie-base,restricted,stool,False,ſtool,ORTHOGRAPHIC,,,5,8,4
talkie-base,restricted,stool,False,stoo,ORTHOGRAPHIC,,,5,8,2
talkie-base,restricted,stool,False,stoo,ORTHOGRAPHIC,,,5,8,1
talkie-base,restricted,stool,False,stook,ORTHOGRAPHIC,,,5,8,1
talkie-base,restricted,stool,False,stooly,ORTHOGRAPHIC,,,5,8,1
talkie-base,restricted,stool,False,stooles,ORTHOGRAPHIC,,,5,8,7
talkie-base,restricted,stool,False,stoolcs,ORTHOGRAPHIC,,,5,8,7
talkie-base,restricted,stove,False,stooves,ORTHOGRAPHIC,,,5,15,6
talkie-base,restricted,subdivision,False,subdivisionem,ORTHOGRAPHIC,,,11,11,-1
talkie-base,restricted,subdivision,False,subdiuisionem,DERIVATIONAL,,undated,11,11,-1
talkie-base,restricted,subscription,False,subscripton,ORTHOGRAPHIC,,,12,4,1
talkie-base,restricted,subscription,False,subscrip,ORTHOGRAPHIC,,,12,4,1
talkie-base,restricted,subscription,False,subseription,ORTHOGRAPHIC,,,12,4,1
talkie-base,restricted,subsistence,False,subsistences,ORTHOGRAPHIC,,,11,10,14
talkie-base,restricted,subsistence,False,subsistencies,ORTHOGRAPHIC,,,11,10,14
talkie-base,restricted,subsistence,False,subsistents,ORTHOGRAPHIC,,,11,10,14
talkie-base,restricted,subsistence,False,subsistent,ORTHOGRAPHIC,,,11,10,14
talkie-base,restricted,sway,False,ſway,ORTHOGRAPHIC,,,4,5,4
talkie-base,restricted,sway,False,fway,DERIVATIONAL,,undated,4,5,4
talkie-base,restricted,sway,False,swaye,ORTHOGRAPHIC,,,4,5,1
talkie-base,restricted,sway,False,swa,ORTHOGRAPHIC,,,4,5,1
talkie-base,restricted,sway,False,swayit,ORTHOGRAPHIC,,,4,5,1
talkie-base,restricted,wait,False,waitf,ORTHOGRAPHIC,,,4,94,1
talkie-base,restricted,weep,False,weepes,ORTHOGRAPHIC,,,4,14,100
talkie-base,restricted,weep,False,weepe,ORTHOGRAPHIC,,,4,14,2
talkie-base,restricted,weep,False,wep,ORTHOGRAPHIC,,,4,14,2
talkie-base,restricted,weep,False,weepc,ORTHOGRAPHIC,,,4,14,2
talkie-base,restricted,witch,False,witoh,ORTHOGRAPHIC,,,5,5,1
talkie-base,restricted,witch,False,witeh,ORTHOGRAPHIC,,,5,5,1
talkie-base,restricted,witch,False,witth,ORTHOGRAPHIC,,,5,5,1
talkie-base,restricted,witch,False,witcn,ORTHOGRAPHIC,,,5,5,1
talkie-base,restricted,abdomen,False,ahdomen,ORTHOGRAPHIC,,,7,6,1
talkie-base,restricted,abdomen,False,amomen,ORTHOGRAPHIC,,,7,6,1
talkie-base,restricted,accessory,False,accessor,ORTHOGRAPHIC,,,9,1,3
talkie-base,restricted,affiliate,False,affili,ORTHOGRAPHIC,,,9,0,18
talkie-base,restricted,afterward,False,aftward,ORTHOGRAPHIC,,,9,16,29
talkie-base,restricted,afterward,False,aftwards,DERIVATIONAL,,undated,9,16,29
talkie-base,restricted,antenna,False,antenne,ORTHOGRAPHIC,,,7,13,7
talkie-base,restricted,apostle,False,apoſtles,ORTHOGRAPHIC,,,7,2,17
talkie-base,restricted,apostle,False,apoftles,ORTHOGRAPHIC,,,7,2,17
talkie-base,restricted,banner,False,bannets,ORTHOGRAPHIC,,,6,8,3
talkie-base,restricted,banner,False,bannermen,ORTHOGRAPHIC,,,6,8,3
talkie-base,restricted,bargain,False,bargam,ORTHOGRAPHIC,,,7,7,1
talkie-base,restricted,bargain,False,bargaine,ORTHOGRAPHIC,,,7,7,1
talkie-base,restricted,bargain,False,bargaia,ORTHOGRAPHIC,,,7,7,1
talkie-base,restricted,bargain,False,bargaiu,ORTHOGRAPHIC,,,7,7,1
talkie-base,restricted,bargain,False,bargam,ORTHOGRAPHIC,,,7,7,1
talkie-base,restricted,bite,False,bitte,ORTHOGRAPHIC,,,4,10,1
talkie-base,restricted,bite,False,bitte,ORTHOGRAPHIC,,,4,10,21
talkie-base,restricted,cation,False,cathions,ORTHOGRAPHIC,,,6,0,20
talkie-base,restricted,cation,False,kations,DERIVATIONAL,,undated,6,0,20
talkie-base,restricted,circle,False,cireles,ORTHOGRAPHIC,,,6,60,4
talkie-base,restricted,closet,False,closett,ORTHOGRAPHIC,,,6,16,4
talkie-base,restricted,closet,False,cloſet,ORTHOGRAPHIC,,,6,16,3
talkie-base,restricted,closet,False,cloſer,ORTHOGRAPHIC,,,6,16,3
talkie-base,restricted,closet,False,clofet,ORTHOGRAPHIC,,,6,16,3
talkie-base,restricted,closet,False,clolet,ORTHOGRAPHIC,,,6,16,3
talkie-base,restricted,closet,False,cloſe,ORTHOGRAPHIC,,,6,16,3
talkie-base,restricted,closet,False,cloſſet,ORTHOGRAPHIC,,,6,16,3
talkie-base,restricted,communion,False,communio,ORTHOGRAPHIC,,,9,11,7
talkie-base,restricted,congress,False,congres,ORTHOGRAPHIC,,,8,152,1
talkie-base,restricted,congress,False,congre,ORTHOGRAPHIC,,,8,152,1
talkie-base,restricted,congress,False,congressl,ORTHOGRAPHIC,,,8,152,1
talkie-base,restricted,congress,False,congiess,ORTHOGRAPHIC,,,8,152,1
talkie-base,restricted,congress,False,cougress,ORTHOGRAPHIC,,,8,152,1
talkie-base,restricted,couch,False,couchers,ORTHOGRAPHIC,,,5,12,4
talkie-base,restricted,couch,False,coucher,ORTHOGRAPHIC,,,5,12,4
talkie-base,restricted,crest,False,crcst,ORTHOGRAPHIC,,,5,12,1
talkie-base,restricted,crest,False,crista,ORTHOGRAPHIC,,,5,12,1
talkie-base,restricted,decay,False,decayeth,ORTHOGRAPHIC,,,5,14,6
talkie-base,restricted,decimal,False,decimall,ORTHOGRAPHIC,,,7,3,1
talkie-base,restricted,decimal,False,deeimal,ORTHOGRAPHIC,,,7,3,1
talkie-base,restricted,defy,False,defym,ORTHOGRAPHIC,,,4,7,1
talkie-base,restricted,duly,False,duely,ORTHOGRAPHIC,,,4,10,1
talkie-base,restricted,eyebrow,False,eyebrowes,ORTHOGRAPHIC,,,7,4,93
talkie-base,restricted,fare,False,fere,ORTHOGRAPHIC,,,4,7,1
talkie-base,restricted,fare,False,fere,ORTHOGRAPHIC,,,4,7,1
talkie-base,restricted,frog,False,frogg,ORTHOGRAPHIC,,,4,1,1
talkie-base,restricted,frog,False,froo,ORTHOGRAPHIC,,,4,1,1
talkie-base,restricted,fury,False,furie,ORTHOGRAPHIC,,,4,19,9
talkie-base,restricted,gasp,False,gasj,ORTHOGRAPHIC,,,4,3,1
talkie-base,restricted,gasp,False,gaspe,ORTHOGRAPHIC,,,4,3,1
talkie-base,restricted,gasp,False,gaspi,ORTHOGRAPHIC,,,4,3,1
talkie-base,restricted,gasp,False,gasi,ORTHOGRAPHIC,,,4,3,1
talkie-base,restricted,gown,False,gownes,ORTHOGRAPHIC,,,4,16,97
talkie-base,restricted,gown,False,gowne,ORTHOGRAPHIC,,,4,16,97
talkie-base,restricted,gown,False,gowne,ORTHOGRAPHIC,,,4,16,1
talkie-base,restricted,gown,False,goun,ORTHOGRAPHIC,,,4,16,1
talkie-base,restricted,hasten,False,hastely,ORTHOGRAPHIC,,,6,3,-1
talkie-base,restricted,hunt,False,hunte,ORTHOGRAPHIC,,,4,10,2
talkie-base,restricted,hunt,False,huntyd,ORTHOGRAPHIC,,,4,10,2
talkie-base,restricted,hunt,False,hynt,ORTHOGRAPHIC,,,4,10,2
talkie-base,restricted,hunt,False,hont,ORTHOGRAPHIC,,,4,10,1
talkie-base,restricted,hunt,False,hnnt,ORTHOGRAPHIC,,,4,10,1
talkie-base,restricted,hunt,False,hunte,ORTHOGRAPHIC,,,4,10,1
talkie-base,restricted,imperfect,False,imperfectum,ORTHOGRAPHIC,,,9,4,82
talkie-base,restricted,imperfect,False,inperfectum,DERIVATIONAL,,undated,9,4,82
talkie-base,restricted,imperfect,False,imperfec,ORTHOGRAPHIC,,,9,4,82
talkie-base,restricted,imperfect,False,imperfeet,ORTHOGRAPHIC,,,9,4,1
talkie-base,restricted,imperfect,False,imperfectone,ORTHOGRAPHIC,,,9,4,1
talkie-base,restricted,imperfect,False,imperiect,ORTHOGRAPHIC,,,9,4,1
talkie-base,restricted,imperfect,False,impertect,ORTHOGRAPHIC,,,9,4,1
talkie-base,restricted,improper,False,impropre,ORTHOGRAPHIC,,,8,2,1
talkie-base,restricted,improper,False,unproper,DERIVATIONAL,,undated,8,2,1
talkie-base,restricted,inn,False,iun,ORTHOGRAPHIC,,,3,9,1
talkie-base,restricted,inn,False,inu,ORTHOGRAPHIC,,,3,9,1
talkie-base,restricted,inn,False,innl,ORTHOGRAPHIC,,,3,9,1
talkie-base,restricted,instant,False,inftant,ORTHOGRAPHIC,,,7,38,1
talkie-base,restricted,instant,False,jnstant,DERIVATIONAL,,undated,7,38,1
talkie-base,restricted,instant,False,inſtant,ORTHOGRAPHIC,,,7,38,1
talkie-base,restricted,instant,False,mstant,DERIVATIONAL,,undated,7,38,1
talkie-base,restricted,instant,False,iustant,ORTHOGRAPHIC,,,7,38,1
talkie-base,restricted,instant,False,inſtant,ORTHOGRAPHIC,,,7,38,1
talkie-base,restricted,instant,False,instante,ORTHOGRAPHIC,,,7,38,1
talkie-base,restricted,instant,False,instan,ORTHOGRAPHIC,,,7,38,1
talkie-base,restricted,insurer,False,assurer,DERIVATIONAL,,undated,7,0,7
talkie-base,restricted,interim,False,inierim,ORTHOGRAPHIC,,,7,11,1
talkie-base,restricted,interim,False,interin,ORTHOGRAPHIC,,,7,11,1
talkie-base,restricted,interim,False,interm,ORTHOGRAPHIC,,,7,11,1
talkie-base,restricted,interim,False,jnterim,DERIVATIONAL,,undated,7,11,1
talkie-base,restricted,interim,False,inlerim,ORTHOGRAPHIC,,,7,11,1
talkie-base,restricted,inversion,False,inverfion,ORTHOGRAPHIC,,,9,2,3
talkie-base,restricted,inversion,False,inverſion,ORTHOGRAPHIC,,,9,2,3
talkie-base,restricted,lad,False,ladd,ORTHOGRAPHIC,,,3,6,1
talkie-base,restricted,lad,False,iad,DERIVATIONAL,,undated,3,6,1
talkie-base,restricted,lamb,False,lamh,ORTHOGRAPHIC,,,4,7,1
talkie-base,restricted,lamb,False,lamby,ORTHOGRAPHIC,,,4,7,1
talkie-base,restricted,lamb,False,laml,ORTHOGRAPHIC,,,4,7,1
talkie-base,restricted,linen,False,linén,ORTHOGRAPHIC,,,5,6,1
talkie-base,restricted,lump,False,lumpe,ORTHOGRAPHIC,,,4,7,2
talkie-base,restricted,lump,False,lumppe,ORTHOGRAPHIC,,,4,7,2
talkie-base,restricted,lump,False,lomp,ORTHOGRAPHIC,,,4,7,2
talkie-base,restricted,lump,False,lomp,ORTHOGRAPHIC,,,4,7,1
talkie-base,restricted,marrow,False,marrowe,ORTHOGRAPHIC,,,6,5,1
talkie-base,restricted,marrow,False,marowe,ORTHOGRAPHIC,,,6,5,1
talkie-base,restricted,marrow,False,marow,ORTHOGRAPHIC,,,6,5,1
talkie-base,restricted,marrow,False,marrowes,ORTHOGRAPHIC,,,6,5,1
talkie-base,restricted,marrow,False,marro,ORTHOGRAPHIC,,,6,5,1
talkie-base,restricted,marrow,False,marroe,ORTHOGRAPHIC,,,6,5,1
talkie-base,restricted,memoir,False,memour,ORTHOGRAPHIC,,,6,2,-1
talkie-base,restricted,mercury,False,mercurius,DERIVATIONAL,,undated,7,10,4
talkie-base,restricted,mercury,False,mercurius,DERIVATIONAL,,undated,7,10,1
talkie-base,restricted,mercury,False,mercurie,ORTHOGRAPHIC,,,7,10,1
talkie-base,restricted,mercury,False,mercurium,DERIVATIONAL,,undated,7,10,1
talkie-base,restricted,mercury,False,mercur,ORTHOGRAPHIC,,,7,10,1
talkie-base,restricted,mercury,False,mercurie,ORTHOGRAPHIC,,,7,10,1
talkie-base,restricted,mercury,False,mercurye,ORTHOGRAPHIC,,,7,10,1
talkie-base,restricted,mercury,False,mercure,ORTHOGRAPHIC,,,7,10,1
talkie-base,restricted,mercury,False,mercurius,DERIVATIONAL,,undated,7,10,1
talkie-base,restricted,mercury,False,mercurys,ORTHOGRAPHIC,,,7,10,1
talkie-base,restricted,millennium,False,millenium,ORTHOGRAPHIC,,,10,4,1
talkie-base,restricted,missing,False,missin,ORTHOGRAPHIC,,,7,33,1
talkie-base,restricted,mosaic,False,mosaick,ORTHOGRAPHIC,,,6,4,1
talkie-base,restricted,mosaic,False,mosiac,ORTHOGRAPHIC,,,6,4,1
talkie-base,restricted,mosaic,False,mossie,ORTHOGRAPHIC,,,6,4,1
talkie-base,restricted,mosaic,False,mosaik,ORTHOGRAPHIC,,,6,4,1
talkie-base,restricted,mosaic,False,mosay,ORTHOGRAPHIC,,,6,4,1
talkie-base,restricted,mosaic,False,mossic,ORTHOGRAPHIC,,,6,4,1
talkie-base,restricted,neatly,False,neate,ORTHOGRAPHIC,,,6,19,2
talkie-base,restricted,neatly,False,neately,ORTHOGRAPHIC,,,6,19,2
talkie-base,restricted,nest,False,gest,DERIVATIONAL,,undated,4,20,9
talkie-base,restricted,pair,False,paire,ORTHOGRAPHIC,,,4,50,11
talkie-base,restricted,pair,False,paii,ORTHOGRAPHIC,,,4,50,3
talkie-base,restricted,pearl,False,pearle,ORTHOGRAPHIC,,,5,9,3
talkie-base,restricted,pearl,False,pearles,ORTHOGRAPHIC,,,5,9,3
talkie-base,restricted,pearl,False,peatle,ORTHOGRAPHIC,,,5,9,3
talkie-base,restricted,pearl,False,pearie,ORTHOGRAPHIC,,,5,9,3
talkie-base,restricted,pearl,False,pcarle,ORTHOGRAPHIC,,,5,9,3
talkie-base,restricted,pearl,False,peari,ORTHOGRAPHIC,,,5,9,1
talkie-base,restricted,pearl,False,pearle,ORTHOGRAPHIC,,,5,9,1
talkie-base,restricted,pearl,False,peail,ORTHOGRAPHIC,,,5,9,1
talkie-base,restricted,pearl,False,pearis,ORTHOGRAPHIC,,,5,9,2
talkie-base,restricted,penny,False,peny,ORTHOGRAPHIC,,,5,25,1
talkie-base,restricted,penny,False,pennie,ORTHOGRAPHIC,,,5,25,1
talkie-base,restricted,permeability,False,permittivity,DERIVATIONAL,,undated,12,0,1
talkie-base,restricted,petitioner,False,petitionera,ORTHOGRAPHIC,,,10,29,71
talkie-base,restricted,phosphorus,False,phosporus,ORTHOGRAPHIC,,,10,1,1
talkie-base,restricted,phosphorus,False,phospborus,ORTHOGRAPHIC,,,10,1,1
talkie-base,restricted,physic,False,phisick,ORTHOGRAPHIC,,,6,0,14
talkie-base,restricted,physic,False,physick,ORTHOGRAPHIC,,,6,0,14
talkie-base,restricted,physic,False,physicke,ORTHOGRAPHIC,,,6,0,14
talkie-base,restricted,pill,False,pils,ORTHOGRAPHIC,,,4,15,4
talkie-base,restricted,plaque,False,plaquette,ORTHOGRAPHIC,,,6,2,1
talkie-base,restricted,pore,False,por,ORTHOGRAPHIC,,,4,2,1
talkie-base,restricted,proxy,False,proxj,ORTHOGRAPHIC,,,5,7,1
talkie-base,restricted,proxy,False,proxv,ORTHOGRAPHIC,,,5,7,1
talkie-base,restricted,pulp,False,pult,ORTHOGRAPHIC,,,4,5,1
talkie-base,restricted,purse,False,purfe,ORTHOGRAPHIC,,,5,14,1
talkie-base,restricted,purse,False,purss,ORTHOGRAPHIC,,,5,14,1
talkie-base,restricted,purse,False,purſe,ORTHOGRAPHIC,,,5,14,4
talkie-base,restricted,purse,False,purfe,ORTHOGRAPHIC,,,5,14,4
talkie-base,restricted,push,False,pushings,ORTHOGRAPHIC,,,4,37,10
talkie-base,restricted,rage,False,raue,ORTHOGRAPHIC,,,4,16,1
talkie-base,restricted,rage,False,ragc,ORTHOGRAPHIC,,,4,16,1
talkie-base,restricted,recollection,False,recouection,ORTHOGRAPHIC,,,12,5,1
talkie-base,restricted,recollection,False,recolledion,ORTHOGRAPHIC,,,12,5,1
talkie-base,restricted,recollection,False,kecollection,DERIVATIONAL,,undated,12,5,1
talkie-base,restricted,recollection,False,recouedion,DERIVATIONAL,,undated,12,5,1
talkie-base,restricted,recorder,False,reeorder,ORTHOGRAPHIC,,,8,7,1
talkie-base,restricted,recorder,False,becorder,DERIVATIONAL,,undated,8,7,1
talkie-base,restricted,recorder,False,recoider,ORTHOGRAPHIC,,,8,7,1
talkie-base,restricted,redeem,False,redeeme,ORTHOGRAPHIC,,,6,2,8
talkie-base,restricted,reflective,False,reflectives,ORTHOGRAPHIC,,,10,6,2
talkie-base,restricted,reflective,False,reflectives,ORTHOGRAPHIC,,,10,6,1
talkie-base,restricted,remedy,False,remedie,ORTHOGRAPHIC,,,6,13,2
talkie-base,restricted,repay,False,repaye,ORTHOGRAPHIC,,,5,7,1
talkie-base,restricted,repay,False,repaye,ORTHOGRAPHIC,,,5,7,2
talkie-base,restricted,repay,False,repaie,ORTHOGRAPHIC,,,5,7,2
talkie-base,restricted,repay,False,repa,ORTHOGRAPHIC,,,5,7,2
talkie-base,restricted,respiration,False,respirations,ORTHOGRAPHIC,,,11,2,1
talkie-base,restricted,runner,False,runuer,ORTHOGRAPHIC,,,6,1,1
talkie-base,restricted,sanctuary,False,sanftuary,ORTHOGRAPHIC,,,9,9,1
talkie-base,restricted,sanctuary,False,sanctuarie,ORTHOGRAPHIC,,,9,9,1
talkie-base,restricted,sanctuary,False,sanquary,ORTHOGRAPHIC,,,9,9,1
talkie-base,restricted,sanctuary,False,santuary,ORTHOGRAPHIC,,,9,9,1
talkie-base,restricted,sanctuary,False,sanauary,ORTHOGRAPHIC,,,9,9,1
talkie-base,restricted,sanctuary,False,sancluary,ORTHOGRAPHIC,,,9,9,1
talkie-base,restricted,sanctuary,False,sanfluary,ORTHOGRAPHIC,,,9,9,1
talkie-base,restricted,sanctuary,False,sanctuarie,ORTHOGRAPHIC,,,9,9,1
talkie-base,restricted,siege,False,ſiege,ORTHOGRAPHIC,,,5,6,14
talkie-base,restricted,sigh,False,sigha,ORTHOGRAPHIC,,,4,11,3
talkie-base,restricted,sink,False,sinke,ORTHOGRAPHIC,,,4,23,2
talkie-base,restricted,skip,False,skippe,ORTHOGRAPHIC,,,4,5,2
talkie-base,restricted,skip,False,skyp,ORTHOGRAPHIC,,,4,5,2
talkie-base,restricted,skip,False,skipp,ORTHOGRAPHIC,,,4,5,2
talkie-base,restricted,sow,False,sowe,ORTHOGRAPHIC,,,3,3,4
talkie-base,restricted,sow,False,sowes,ORTHOGRAPHIC,,,3,3,4
talkie-base,restricted,sow,False,sowd,ORTHOGRAPHIC,,,3,3,4
talkie-base,restricted,spill,False,spille,ORTHOGRAPHIC,,,5,1,3
talkie-base,restricted,spill,False,spylle,ORTHOGRAPHIC,,,5,1,3
talkie-base,restricted,spill,False,spillyn,ORTHOGRAPHIC,,,5,1,3
talkie-base,restricted,spill,False,spillen,ORTHOGRAPHIC,,,5,1,3
talkie-base,restricted,spill,False,spil,ORTHOGRAPHIC,,,5,1,3
talkie-base,restricted,spill,False,spille,ORTHOGRAPHIC,,,5,1,19
talkie-base,restricted,spill,False,slille,ORTHOGRAPHIC,,,5,1,19
talkie-base,restricted,spill,False,stille,ORTHOGRAPHIC,,,5,1,19
talkie-base,restricted,spill,False,spoile,ORTHOGRAPHIC,,,5,1,1
talkie-base,restricted,spill,False,spille,ORTHOGRAPHIC,,,5,1,90
talkie-base,restricted,spill,False,spillen,ORTHOGRAPHIC,,,5,1,90
talkie-base,restricted,spill,False,spyll,ORTHOGRAPHIC,,,5,1,1
talkie-base,restricted,spoil,False,spoipd,ORTHOGRAPHIC,,,5,3,1
talkie-base,restricted,spoil,False,spoii,ORTHOGRAPHIC,,,5,3,1
talkie-base,restricted,spoil,False,spoifd,ORTHOGRAPHIC,,,5,3,1
talkie-base,restricted,spoil,False,spoird,ORTHOGRAPHIC,,,5,3,1
talkie-base,restricted,spoil,False,spoilm,ORTHOGRAPHIC,,,5,3,1
talkie-base,restricted,spray,False,sprey,ORTHOGRAPHIC,,,5,16,1
talkie-base,restricted,spray,False,spraye,ORTHOGRAPHIC,,,5,16,1
talkie-base,restricted,spray,False,spra,ORTHOGRAPHIC,,,5,16,1
talkie-base,restricted,spray,False,ſpray,ORTHOGRAPHIC,,,5,16,1
talkie-base,restricted,spray,False,sprayes,ORTHOGRAPHIC,,,5,16,4
talkie-base,restricted,square,False,squar,ORTHOGRAPHIC,,,6,143,2
talkie-base,restricted,square,False,squarid,ORTHOGRAPHIC,,,6,143,2
talkie-base,restricted,square,False,quared,DERIVATIONAL,,undated,6,143,2
talkie-base,restricted,square,False,squar,ORTHOGRAPHIC,,,6,143,13
talkie-base,restricted,strand,False,strande,ORTHOGRAPHIC,,,6,7,4
talkie-base,restricted,strand,False,stronds,ORTHOGRAPHIC,,,6,7,4
talkie-base,restricted,subscribe,False,subseribed,ORTHOGRAPHIC,,,9,1,21
talkie-base,restricted,suture,False,sutural,ORTHOGRAPHIC,,,6,0,1
talkie-base,restricted,suture,False,sutural,ORTHOGRAPHIC,,,6,0,1
talkie-base,restricted,symbolism,False,ideographism,DERIVATIONAL,,undated,9,8,7
talkie-base,restricted,terribly,False,terriblie,ORTHOGRAPHIC,,,8,18,1
talkie-base,restricted,terribly,False,terriblye,ORTHOGRAPHIC,,,8,18,1
talkie-base,restricted,toxin,False,toxines,ORTHOGRAPHIC,,,5,1,11
talkie-base,restricted,toxin,False,toxine,ORTHOGRAPHIC,,,5,1,11
talkie-base,restricted,treat,False,treate,ORTHOGRAPHIC,,,5,26,1
talkie-base,restricted,unjust,False,injust,DERIVATIONAL,,undated,6,3,1
talkie-base,restricted,unjust,False,unjuft,ORTHOGRAPHIC,,,6,3,1
talkie-base,restricted,unjust,False,unjast,ORTHOGRAPHIC,,,6,3,1
talkie-base,restricted,unjust,False,unjuſt,ORTHOGRAPHIC,,,6,3,1
talkie-base,restricted,unjust,False,unjuit,ORTHOGRAPHIC,,,6,3,1
talkie-base,restricted,unjust,False,unjutt,ORTHOGRAPHIC,,,6,3,1
talkie-base,restricted,unjust,False,imjust,DERIVATIONAL,,undated,6,3,1
talkie-base,restricted,unjust,False,injust,DERIVATIONAL,,undated,6,3,1
talkie-base,restricted,unjust,False,imjust,DERIVATIONAL,,undated,6,3,1
talkie-base,restricted,vertex,False,verter,ORTHOGRAPHIC,,,6,19,1
talkie-base,restricted,vertex,False,yertex,DERIVATIONAL,,undated,6,19,1
talkie-base,restricted,vine,False,vinc,ORTHOGRAPHIC,,,4,4,1
talkie-base,restricted,vine,False,uine,DERIVATIONAL,,undated,4,4,1
talkie-base,restricted,vine,False,vyne,ORTHOGRAPHIC,,,4,4,1
talkie-base,restricted,vine,False,viae,ORTHOGRAPHIC,,,4,4,1
talkie-base,restricted,vine,False,vyne,ORTHOGRAPHIC,,,4,4,1
talkie-base,restricted,vine,False,yine,DERIVATIONAL,,undated,4,4,1
talkie-base,restricted,vine,False,viue,ORTHOGRAPHIC,,,4,4,1
talkie-base,restricted,vine,False,vinyard,DERIVATIONAL,,undated,4,4,1
talkie-base,restricted,vine,False,vyne,ORTHOGRAPHIC,,,4,4,1
talkie-base,restricted,vine,False,vint,ORTHOGRAPHIC,,,4,4,1
talkie-base,restricted,virgin,False,virgine,ORTHOGRAPHIC,,,6,35,1
talkie-base,restricted,virgin,False,virgine,ORTHOGRAPHIC,,,6,35,1
talkie-base,restricted,virgin,False,uirgin,DERIVATIONAL,,undated,6,35,1
talkie-base,restricted,virgin,False,yirgin,DERIVATIONAL,,undated,6,35,1
talkie-base,restricted,virgin,False,uirgine,DERIVATIONAL,,undated,6,35,1
talkie-base,restricted,wax,False,waxe,ORTHOGRAPHIC,,,3,14,4
talkie-base,restricted,weary,False,wearie,ORTHOGRAPHIC,,,5,17,1
talkie-base,restricted,weary,False,weery,ORTHOGRAPHIC,,,5,17,1
talkie-base,restricted,weary,False,wearye,ORTHOGRAPHIC,,,5,17,1
talkie-base,restricted,weary,False,wery,ORTHOGRAPHIC,,,5,17,1
talkie-base,restricted,adhesion,False,adhesions,ORTHOGRAPHIC,,,8,2,-1
talkie-base,restricted,adorn,False,adorne,ORTHOGRAPHIC,,,5,1,1
talkie-base,restricted,adorn,False,adora,ORTHOGRAPHIC,,,5,1,1
talkie-base,restricted,agreeable,False,reconcileable,DERIVATIONAL,,undated,9,11,11
talkie-base,restricted,assist,False,assis,ORTHOGRAPHIC,,,6,26,1
talkie-base,restricted,ban,False,bann,ORTHOGRAPHIC,,,3,7,1
talkie-base,restricted,bay,False,bav,ORTHOGRAPHIC,,,3,57,1
talkie-base,restricted,bay,False,baye,ORTHOGRAPHIC,,,3,57,5
talkie-base,restricted,beat,False,beate,ORTHOGRAPHIC,,,4,68,2
talkie-base,restricted,beat,False,beatin,ORTHOGRAPHIC,,,4,68,2
talkie-base,restricted,bile,False,biles,ORTHOGRAPHIC,,,4,3,1
talkie-base,restricted,bud,False,bnd,ORTHOGRAPHIC,,,3,9,1
talkie-base,restricted,coffin,False,coftin,ORTHOGRAPHIC,,,6,7,1
talkie-base,restricted,coffin,False,cofiin,ORTHOGRAPHIC,,,6,7,1
talkie-base,restricted,coffin,False,coflin,ORTHOGRAPHIC,,,6,7,1
talkie-base,restricted,coral,False,corall,ORTHOGRAPHIC,,,5,5,1
talkie-base,restricted,coral,False,corau,ORTHOGRAPHIC,,,5,5,1
talkie-base,restricted,coral,False,corul,ORTHOGRAPHIC,,,5,5,1
talkie-base,restricted,creed,False,credes,ORTHOGRAPHIC,,,5,8,9
talkie-base,restricted,creed,False,crecds,ORTHOGRAPHIC,,,5,8,9
talkie-base,restricted,creed,False,creedes,ORTHOGRAPHIC,,,5,8,9
talkie-base,restricted,digestion,False,lixiviation,DERIVATIONAL,,undated,9,0,1
talkie-base,restricted,dominion,False,dominious,ORTHOGRAPHIC,,,8,8,2
talkie-base,restricted,dominion,False,dominjons,ORTHOGRAPHIC,,,8,8,2
talkie-base,restricted,dominion,False,dominicns,ORTHOGRAPHIC,,,8,8,2
talkie-base,restricted,dominion,False,dominiens,ORTHOGRAPHIC,,,8,8,2
talkie-base,restricted,dominion,False,domintons,ORTHOGRAPHIC,,,8,8,2
talkie-base,restricted,employ,False,emplo,ORTHOGRAPHIC,,,6,12,3
talkie-base,restricted,exile,False,exil,ORTHOGRAPHIC,,,5,4,5
talkie-base,restricted,exile,False,exild,ORTHOGRAPHIC,,,5,4,5
talkie-base,restricted,foe,False,foc,ORTHOGRAPHIC,,,3,8,1
talkie-base,restricted,ghetto,False,ghetta,ORTHOGRAPHIC,,,6,11,1
talkie-base,restricted,glow,False,glo,ORTHOGRAPHIC,,,4,16,5
talkie-base,restricted,glow,False,glowe,ORTHOGRAPHIC,,,4,16,6
talkie-base,restricted,glow,False,glowen,ORTHOGRAPHIC,,,4,16,6
talkie-base,restricted,goose,False,goos,ORTHOGRAPHIC,,,5,4,1
talkie-base,restricted,goose,False,coose,DERIVATIONAL,,undated,5,4,1
talkie-base,restricted,goose,False,roose,DERIVATIONAL,,undated,5,4,1
talkie-base,restricted,goose,False,hoose,DERIVATIONAL,,undated,5,4,1
talkie-base,restricted,goose,False,gooſe,ORTHOGRAPHIC,,,5,4,2
talkie-base,restricted,goose,False,goofe,ORTHOGRAPHIC,,,5,4,2
talkie-base,restricted,idol,False,idoll,ORTHOGRAPHIC,,,4,7,4
talkie-base,restricted,idol,False,idole,ORTHOGRAPHIC,,,4,7,4
talkie-base,restricted,idol,False,idolle,ORTHOGRAPHIC,,,4,7,4
talkie-base,restricted,idol,False,idola,ORTHOGRAPHIC,,,4,7,5
talkie-base,restricted,inclined,False,inclin,ORTHOGRAPHIC,,,8,21,1
talkie-base,restricted,inclined,False,inelined,ORTHOGRAPHIC,,,8,21,1
talkie-base,restricted,jar,False,jarr,ORTHOGRAPHIC,,,3,16,1
talkie-base,restricted,jewel,False,jewelles,ORTHOGRAPHIC,,,5,1,31
talkie-base,restricted,jewel,False,jewelx,ORTHOGRAPHIC,,,5,1,31
talkie-base,restricted,kernel,False,kernell,ORTHOGRAPHIC,,,6,3,17
talkie-base,restricted,laundry,False,laundres,ORTHOGRAPHIC,,,7,5,2
talkie-base,restricted,laundry,False,laundris,ORTHOGRAPHIC,,,7,5,2
talkie-base,restricted,leak,False,leaketh,ORTHOGRAPHIC,,,4,2,-1
talkie-base,restricted,lobby,False,lobbie,ORTHOGRAPHIC,,,5,20,1
talkie-base,restricted,lobby,False,lobbey,ORTHOGRAPHIC,,,5,20,1
talkie-base,restricted,low,False,lowl,ORTHOGRAPHIC,,,3,173,1
talkie-base,restricted,low,False,jow,DERIVATIONAL,,undated,3,173,1
talkie-base,restricted,low,False,iow,DERIVATIONAL,,undated,3,173,1
talkie-base,restricted,low,False,lowi,ORTHOGRAPHIC,,,3,173,1
talkie-base,restricted,low,False,lowc,ORTHOGRAPHIC,,,3,173,1
talkie-base,restricted,low,False,iow,DERIVATIONAL,,undated,3,173,1
talkie-base,restricted,low,False,jow,DERIVATIONAL,,undated,3,173,1
talkie-base,restricted,low,False,iow,DERIVATIONAL,,undated,3,173,2
talkie-base,restricted,lust,False,luste,ORTHOGRAPHIC,,,4,5,1
talkie-base,restricted,martial,False,martiall,ORTHOGRAPHIC,,,7,0,1
talkie-base,restricted,martial,False,marcial,ORTHOGRAPHIC,,,7,0,1
talkie-base,restricted,martial,False,martials,ORTHOGRAPHIC,,,7,0,1
talkie-base,restricted,mortar,False,morter,ORTHOGRAPHIC,,,6,11,1
talkie-base,restricted,mortar,False,mortarl,ORTHOGRAPHIC,,,6,11,1
talkie-base,restricted,nitrate,False,nitrites,ORTHOGRAPHIC,,,7,3,4
talkie-base,restricted,nitrate,False,nitrats,ORTHOGRAPHIC,,,7,3,4
talkie-base,restricted,oblique,False,obliqtie,ORTHOGRAPHIC,,,7,1,1
talkie-base,restricted,oblique,False,obhque,ORTHOGRAPHIC,,,7,1,1
talkie-base,restricted,oblique,False,obliqne,ORTHOGRAPHIC,,,7,1,1
talkie-base,restricted,oblique,False,obuque,ORTHOGRAPHIC,,,7,1,1
talkie-base,restricted,oblique,False,obliqiie,ORTHOGRAPHIC,,,7,1,1
talkie-base,restricted,oblique,False,obliquus,ORTHOGRAPHIC,,,7,1,4
talkie-base,restricted,oblique,False,obliqui,ORTHOGRAPHIC,,,7,1,4
talkie-base,restricted,observance,False,observants,ORTHOGRAPHIC,,,10,6,3
talkie-base,restricted,observance,False,observantine,DERIVATIONAL,,undated,10,6,2
talkie-base,restricted,observance,False,observantines,DERIVATIONAL,,undated,10,6,2
talkie-base,restricted,occupant,False,occuper,DERIVATIONAL,,undated,8,4,1
talkie-base,restricted,ordain,False,ordams,ORTHOGRAPHIC,,,6,2,2
talkie-base,restricted,ordain,False,oidains,ORTHOGRAPHIC,,,6,2,2
talkie-base,restricted,ordain,False,ordaine,ORTHOGRAPHIC,,,6,2,2
talkie-base,restricted,ordain,False,ordaius,ORTHOGRAPHIC,,,6,2,2
talkie-base,restricted,ordain,False,ordaines,ORTHOGRAPHIC,,,6,2,2
talkie-base,restricted,ordain,False,orda,ORTHOGRAPHIC,,,6,2,2
talkie-base,restricted,ordain,False,orduins,ORTHOGRAPHIC,,,6,2,2
talkie-base,restricted,out,False,outa,ORTHOGRAPHIC,,,3,2097,2
talkie-base,restricted,out,False,outa,ORTHOGRAPHIC,,,3,2097,3
talkie-base,restricted,outright,False,vnright,DERIVATIONAL,,undated,8,9,26
talkie-base,restricted,packaging,False,imagebreaking,DERIVATIONAL,,undated,9,7,-1
talkie-base,restricted,paradise,False,paradice,ORTHOGRAPHIC,,,8,12,3
talkie-base,restricted,paramount,False,paramont,ORTHOGRAPHIC,,,9,9,1
talkie-base,restricted,paramount,False,paramoimt,ORTHOGRAPHIC,,,9,9,1
talkie-base,restricted,paramount,False,paramonnt,ORTHOGRAPHIC,,,9,9,1
talkie-base,restricted,parlour,False,parler,ORTHOGRAPHIC,,,7,0,1
talkie-base,restricted,parlour,False,parloure,ORTHOGRAPHIC,,,7,0,1
talkie-base,restricted,parlour,False,parlo,ORTHOGRAPHIC,,,7,0,1
talkie-base,restricted,plane,False,planetree,ORTHOGRAPHIC,,,5,114,1
talkie-base,restricted,plane,False,planc,ORTHOGRAPHIC,,,5,114,1
talkie-base,restricted,plane,False,plantane,DERIVATIONAL,,undated,5,114,-1
talkie-base,restricted,pledge,False,plege,ORTHOGRAPHIC,,,6,3,2
talkie-base,restricted,pledge,False,plegge,ORTHOGRAPHIC,,,6,3,2
talkie-base,restricted,pledge,False,pledg,ORTHOGRAPHIC,,,6,3,2
talkie-base,restricted,pledge,False,pledg,ORTHOGRAPHIC,,,6,3,1
talkie-base,restricted,pollen,False,pollis,ORTHOGRAPHIC,,,6,11,1
talkie-base,restricted,pork,False,porke,ORTHOGRAPHIC,,,4,10,22
talkie-base,restricted,portal,False,portais,ORTHOGRAPHIC,,,6,3,6
talkie-base,restricted,portal,False,portab,ORTHOGRAPHIC,,,6,3,6
talkie-base,restricted,prostate,False,prostata,ORTHOGRAPHIC,,,8,2,3
talkie-base,restricted,purport,False,proport,ORTHOGRAPHIC,,,7,2,-1
talkie-base,restricted,rabbi,False,rabbies,ORTHOGRAPHIC,,,5,13,8
talkie-base,restricted,rabbi,False,rabbins,ORTHOGRAPHIC,,,5,13,8
talkie-base,restricted,rag,False,ragg,ORTHOGRAPHIC,,,3,10,2
talkie-base,restricted,rattle,False,scattle,DERIVATIONAL,,undated,6,5,1
talkie-base,restricted,repair,False,repare,ORTHOGRAPHIC,,,6,20,1
talkie-base,restricted,repair,False,repaire,ORTHOGRAPHIC,,,6,20,1
talkie-base,restricted,repair,False,repar,ORTHOGRAPHIC,,,6,20,1
talkie-base,restricted,repair,False,repa,ORTHOGRAPHIC,,,6,20,1
talkie-base,restricted,repair,False,repayr,ORTHOGRAPHIC,,,6,20,1
talkie-base,restricted,repair,False,repait,ORTHOGRAPHIC,,,6,20,1
talkie-base,restricted,repair,False,retir,ORTHOGRAPHIC,,,6,20,3
talkie-base,restricted,retina,False,retinæ,ORTHOGRAPHIC,,,6,1,1
talkie-base,restricted,retina,False,retinse,ORTHOGRAPHIC,,,6,1,1
talkie-base,restricted,rhyme,False,rhimes,ORTHOGRAPHIC,,,5,3,7
talkie-base,restricted,rhyme,False,ehymes,DERIVATIONAL,,undated,5,3,7
talkie-base,restricted,rhyme,False,rhimes,ORTHOGRAPHIC,,,5,3,7
talkie-base,restricted,ripe,False,ripa,ORTHOGRAPHIC,,,4,14,1
talkie-base,restricted,ripe,False,ripo,ORTHOGRAPHIC,,,4,14,1
talkie-base,restricted,ripe,False,tipe,DERIVATIONAL,,undated,4,14,1
talkie-base,restricted,roller,False,rolle,ORTHOGRAPHIC,,,6,3,2
talkie-base,restricted,roller,False,rowler,ORTHOGRAPHIC,,,6,3,2
talkie-base,restricted,rotor,False,roter,ORTHOGRAPHIC,,,5,6,1
talkie-base,restricted,salient,False,saliant,ORTHOGRAPHIC,,,7,4,2
talkie-base,restricted,salient,False,salienced,INFLECTION,,,7,4,2
talkie-base,restricted,scar,False,scarre,ORTHOGRAPHIC,,,4,10,20
talkie-base,restricted,scar,False,skar,ORTHOGRAPHIC,,,4,10,20
talkie-base,restricted,scar,False,scarre,ORTHOGRAPHIC,,,4,10,11
talkie-base,restricted,scar,False,skar,ORTHOGRAPHIC,,,4,10,11
talkie-base,restricted,second,False,ſecond,ORTHOGRAPHIC,,,6,373,1
talkie-base,restricted,second,False,fecond,DERIVATIONAL,,undated,6,373,1
talkie-base,restricted,second,False,secondhim,ORTHOGRAPHIC,,,6,373,1
talkie-base,restricted,second,False,seeond,ORTHOGRAPHIC,,,6,373,1
talkie-base,restricted,second,False,secoud,ORTHOGRAPHIC,,,6,373,1
talkie-base,restricted,seq,False,ſeq,ORTHOGRAPHIC,,,3,0,9
talkie-base,restricted,seq,False,feq,DERIVATIONAL,,undated,3,0,9
talkie-base,restricted,seq,False,seg,ORTHOGRAPHIC,,,3,0,1
talkie-base,restricted,seq,False,seqq,ORTHOGRAPHIC,,,3,0,1
talkie-base,restricted,seq,False,seqg,ORTHOGRAPHIC,,,3,0,1
talkie-base,restricted,seq,False,sqq,ORTHOGRAPHIC,,,3,0,1
talkie-base,restricted,seq,False,scq,ORTHOGRAPHIC,,,3,0,1
talkie-base,restricted,seq,False,sey,ORTHOGRAPHIC,,,3,0,1
talkie-base,restricted,seq,False,segq,ORTHOGRAPHIC,,,3,0,1
talkie-base,restricted,serpent,False,serpant,ORTHOGRAPHIC,,,7,2,1
talkie-base,restricted,serpent,False,serpeant,ORTHOGRAPHIC,,,7,2,1
talkie-base,restricted,serpent,False,serpen,ORTHOGRAPHIC,,,7,2,1
talkie-base,restricted,serpent,False,serpente,ORTHOGRAPHIC,,,7,2,1
talkie-base,restricted,serpent,False,serpeut,ORTHOGRAPHIC,,,7,2,1
talkie-base,restricted,sever,False,seuer,ORTHOGRAPHIC,,,5,3,1
talkie-base,restricted,shoot,False,shotte,ORTHOGRAPHIC,,,5,27,25
talkie-base,restricted,shoot,False,shoote,ORTHOGRAPHIC,,,5,27,25
talkie-base,restricted,shoot,False,shoote,ORTHOGRAPHIC,,,5,27,24
talkie-base,restricted,shoot,False,shootes,ORTHOGRAPHIC,,,5,27,24
talkie-base,restricted,soar,False,soare,ORTHOGRAPHIC,,,4,0,4
talkie-base,restricted,soda,False,sodic,ORTHOGRAPHIC,,,4,3,1
talkie-base,restricted,spider,False,spideis,ORTHOGRAPHIC,,,6,2,3
talkie-base,restricted,spider,False,spide,ORTHOGRAPHIC,,,6,2,3
talkie-base,restricted,spider,False,spidei,ORTHOGRAPHIC,,,6,2,3
talkie-base,restricted,spit,False,spet,ORTHOGRAPHIC,,,4,11,1
talkie-base,restricted,spit,False,fpit,DERIVATIONAL,,undated,4,11,1
talkie-base,restricted,spit,False,spyt,ORTHOGRAPHIC,,,4,11,1
talkie-base,restricted,spit,False,spitte,ORTHOGRAPHIC,,,4,11,1
talkie-base,restricted,spoon,False,spoonc,ORTHOGRAPHIC,,,5,6,2
talkie-base,restricted,spoon,False,spoones,ORTHOGRAPHIC,,,5,6,2
talkie-base,restricted,sport,False,sporte,ORTHOGRAPHIC,,,5,17,2
talkie-base,restricted,stature,False,youre,DERIVATIONAL,,undated,7,15,-1
talkie-base,restricted,subdue,False,subdne,ORTHOGRAPHIC,,,6,2,1
talkie-base,restricted,subdue,False,subdae,ORTHOGRAPHIC,,,6,2,1
talkie-base,restricted,subdue,False,subdu,ORTHOGRAPHIC,,,6,2,1
talkie-base,restricted,subscriber,False,subseribers,ORTHOGRAPHIC,,,10,0,-1
talkie-base,restricted,suffrage,False,suffrages,ORTHOGRAPHIC,,,8,5,4
talkie-base,restricted,suffrage,False,suffrages,ORTHOGRAPHIC,,,8,5,2
talkie-base,restricted,suffrage,False,suffrages,ORTHOGRAPHIC,,,8,5,3
talkie-base,restricted,supremacy,False,supremacie,ORTHOGRAPHIC,,,9,5,1
talkie-base,restricted,suspect,False,suspence,ORTHOGRAPHIC,,,7,30,4
talkie-base,restricted,telegram,False,telegramme,ORTHOGRAPHIC,,,8,8,1
talkie-base,restricted,telegram,False,telegrapheme,DERIVATIONAL,,undated,8,8,1
talkie-base,restricted,telegram,False,telegraphgram,DERIVATIONAL,,undated,8,8,1
talkie-base,restricted,telegram,False,telegra,ORTHOGRAPHIC,,,8,8,1
talkie-base,restricted,tort,False,torta,ORTHOGRAPHIC,,,4,0,3
talkie-base,restricted,tractor,False,traétors,ORTHOGRAPHIC,,,7,24,46
talkie-base,restricted,tractor,False,traftors,ORTHOGRAPHIC,,,7,24,46
talkie-base,restricted,tractor,False,traetors,ORTHOGRAPHIC,,,7,24,46
talkie-base,restricted,tutor,False,tutours,ORTHOGRAPHIC,,,5,4,11
talkie-base,restricted,tutor,False,tutours,ORTHOGRAPHIC,,,5,4,9
talkie-base,restricted,undo,False,undoe,ORTHOGRAPHIC,,,4,3,1
talkie-base,restricted,undo,False,undon,ORTHOGRAPHIC,,,4,3,10
talkie-base,restricted,undo,False,undoon,ORTHOGRAPHIC,,,4,3,10
talkie-base,restricted,unlawful,False,unlawfull,ORTHOGRAPHIC,,,8,1,17
talkie-base,restricted,uranium,False,uranite,ORTHOGRAPHIC,,,7,6,1
talkie-base,restricted,violin,False,violines,ORTHOGRAPHIC,,,6,11,-1
talkie-base,restricted,vomit,False,yomit,DERIVATIONAL,,undated,5,0,1
talkie-base,restricted,vomit,False,yomit,DERIVATIONAL,,undated,5,0,1
talkie-base,restricted,vomit,False,vomitting,ORTHOGRAPHIC,,,5,0,26
talkie-base,restricted,wash,False,washin,ORTHOGRAPHIC,,,4,33,1
talkie-base,restricted,wash,False,waſh,ORTHOGRAPHIC,,,4,33,1
talkie-base,restricted,wash,False,waſh,ORTHOGRAPHIC,,,4,33,1
talkie-base,restricted,washing,False,ſhauing,ORTHOGRAPHIC,,,7,44,1
talkie-base,restricted,washing,False,waſhing,ORTHOGRAPHIC,,,7,44,1
talkie-base,restricted,washing,False,ſhaving,ORTHOGRAPHIC,,,7,44,1
talkie-base,restricted,washing,False,shauing,DERIVATIONAL,,undated,7,44,1
talkie-base,restricted,washing,False,buddling,DERIVATIONAL,,undated,7,44,3
talkie-base,restricted,washing,False,washin,ORTHOGRAPHIC,,,7,44,1
talkie-base,restricted,wrath,False,wraths,ORTHOGRAPHIC,,,5,9,2
talkie-base,restricted,wrong,False,wronge,ORTHOGRAPHIC,,,5,129,1
talkie-base,restricted,wrong,False,wrang,ORTHOGRAPHIC,,,5,129,1
talkie-base,restricted,wrong,False,wronge,ORTHOGRAPHIC,,,5,129,1
talkie-base,restricted,wrong,False,wronges,ORTHOGRAPHIC,,,5,129,8
talkie-base,restricted,wrong,False,wronge,ORTHOGRAPHIC,,,5,129,8
talkie-base,restricted,wrong,False,wronge,ORTHOGRAPHIC,,,5,129,1
talkie-base,restricted,wrong,False,wrongc,ORTHOGRAPHIC,,,5,129,1
talkie-base,restricted,wrong,False,wronge,ORTHOGRAPHIC,,,5,129,1
talkie-base,restricted,wrong,False,wron,ORTHOGRAPHIC,,,5,129,1
talkie-base,restricted,wrong,False,wrang,ORTHOGRAPHIC,,,5,129,1
talkie-base,restricted,wrong,False,wronge,ORTHOGRAPHIC,,,5,129,1
talkie-base,restricted,wrong,False,wronge,ORTHOGRAPHIC,,,5,129,1
talkie-base,restricted,wrong,False,wrang,ORTHOGRAPHIC,,,5,129,1
talkie-base,restricted,wrong,False,wronge,ORTHOGRAPHIC,,,5,129,3
talkie-base,restricted,wrong,False,wronke,ORTHOGRAPHIC,,,5,129,3
talkie-base,restricted,wrong,False,wrange,ORTHOGRAPHIC,,,5,129,3
talkie-base,restricted,wrong,False,wron,ORTHOGRAPHIC,,,5,129,1
talkie-base,restricted,yard,False,yarding,ORTHOGRAPHIC,,,4,35,1
talkie-base,restricted,zeal,False,zeales,ORTHOGRAPHIC,,,4,8,3
talkie-base,restricted,zeal,False,zeale,ORTHOGRAPHIC,,,4,8,3
talkie-base,restricted,abscess,False,abcess,ORTHOGRAPHIC,,,7,0,1
talkie-base,restricted,abscess,False,abscesse,ORTHOGRAPHIC,,,7,0,1
talkie-base,restricted,addict,False,addices,ORTHOGRAPHIC,,,6,1,99
talkie-base,restricted,addict,False,addi,ORTHOGRAPHIC,,,6,1,13
talkie-base,restricted,allowable,False,deductable,DERIVATIONAL,,undated,9,5,6
talkie-base,restricted,alveolar,False,alveolo,ORTHOGRAPHIC,,,8,9,2
talkie-base,restricted,ambient,False,ambiental,ORTHOGRAPHIC,,,7,0,3
talkie-base,restricted,amplification,False,amplificatio,ORTHOGRAPHIC,,,13,2,48
talkie-base,restricted,amplification,False,amplificationes,ORTHOGRAPHIC,,,13,2,48
talkie-base,restricted,ancestry,False,ancestory,ORTHOGRAPHIC,,,8,8,7
talkie-base,restricted,ancestry,False,ancestrv,ORTHOGRAPHIC,,,8,8,7
talkie-base,restricted,ancestry,False,ancestiy,ORTHOGRAPHIC,,,8,8,7
talkie-base,restricted,ancestry,False,ancestr,ORTHOGRAPHIC,,,8,8,7
talkie-base,restricted,ancestry,False,ancestrj,ORTHOGRAPHIC,,,8,8,7
talkie-base,restricted,annex,False,annext,ORTHOGRAPHIC,,,5,1,54
talkie-base,restricted,ascent,False,asceut,ORTHOGRAPHIC,,,6,1,2
talkie-base,restricted,astronomy,False,astromony,ORTHOGRAPHIC,,,9,24,1
talkie-base,restricted,astronomy,False,astromomy,ORTHOGRAPHIC,,,9,24,1
talkie-base,restricted,banquet,False,banket,ORTHOGRAPHIC,,,7,6,1
talkie-base,restricted,banquet,False,bancket,ORTHOGRAPHIC,,,7,6,1
talkie-base,restricted,bloom,False,blcom,ORTHOGRAPHIC,,,5,12,1
talkie-base,restricted,bloom,False,blooni,ORTHOGRAPHIC,,,5,12,1
talkie-base,restricted,bloom,False,bloome,ORTHOGRAPHIC,,,5,12,1
talkie-base,restricted,bloom,False,hloom,DERIVATIONAL,,undated,5,12,1
talkie-base,restricted,bloom,False,bloora,ORTHOGRAPHIC,,,5,12,1
talkie-base,restricted,blunt,False,blunte,ORTHOGRAPHIC,,,5,9,1
talkie-base,restricted,burst,False,burstings,ORTHOGRAPHIC,,,5,33,21
talkie-base,restricted,byke,False,bykes,ORTHOGRAPHIC,,,4,0,1
talkie-base,restricted,byke,False,hyke,DERIVATIONAL,,undated,4,0,1
talkie-base,restricted,byke,False,kyke,DERIVATIONAL,,undated,4,0,1
talkie-base,restricted,byke,False,byk,ORTHOGRAPHIC,,,4,0,1
talkie-base,restricted,byke,False,bykc,ORTHOGRAPHIC,,,4,0,1
talkie-base,restricted,carry,False,carre,ORTHOGRAPHIC,,,5,88,-1
talkie-base,restricted,chat,False,chatte,ORTHOGRAPHIC,,,4,5,5
talkie-base,restricted,chat,False,chate,ORTHOGRAPHIC,,,4,5,5
talkie-base,restricted,chat,False,chatt,ORTHOGRAPHIC,,,4,5,5
talkie-base,restricted,clap,False,cliap,ORTHOGRAPHIC,,,4,1,1
talkie-base,restricted,clash,False,clish,ORTHOGRAPHIC,,,5,5,1
talkie-base,restricted,commune,False,commun,ORTHOGRAPHIC,,,7,4,1
talkie-base,restricted,commune,False,communaute,DERIVATIONAL,,undated,7,4,1
talkie-base,restricted,cranial,False,cranio,ORTHOGRAPHIC,,,7,0,1
talkie-base,restricted,crop,False,cropt,ORTHOGRAPHIC,,,4,20,3
talkie-base,restricted,crop,False,cropp,ORTHOGRAPHIC,,,4,20,3
talkie-base,restricted,crop,False,crope,ORTHOGRAPHIC,,,4,20,3
talkie-base,restricted,crop,False,cropt,ORTHOGRAPHIC,,,4,20,4
talkie-base,restricted,crop,False,cropp,ORTHOGRAPHIC,,,4,20,4
talkie-base,restricted,crop,False,crope,ORTHOGRAPHIC,,,4,20,4
talkie-base,restricted,crusade,False,croisade,ORTHOGRAPHIC,,,7,8,1
talkie-base,restricted,dark,False,daik,ORTHOGRAPHIC,,,4,185,1
talkie-base,restricted,dark,False,darks,ORTHOGRAPHIC,,,4,185,40
talkie-base,restricted,dark,False,darks,ORTHOGRAPHIC,,,4,185,12
talkie-base,restricted,dark,False,darkies,ORTHOGRAPHIC,,,4,185,71
talkie-base,restricted,dawn,False,dawne,ORTHOGRAPHIC,,,4,28,1
talkie-base,restricted,dawn,False,dawe,ORTHOGRAPHIC,,,4,28,1
talkie-base,restricted,denominator,False,denomina,ORTHOGRAPHIC,,,11,0,1
talkie-base,restricted,denominator,False,denominater,ORTHOGRAPHIC,,,11,0,1
talkie-base,restricted,denominator,False,denomin,ORTHOGRAPHIC,,,11,0,1
talkie-base,restricted,dial,False,diai,ORTHOGRAPHIC,,,4,1,1
talkie-base,restricted,dial,False,diall,ORTHOGRAPHIC,,,4,1,1
talkie-base,restricted,dial,False,dialls,ORTHOGRAPHIC,,,4,1,8
talkie-base,restricted,dissent,False,discordment,DERIVATIONAL,,undated,7,5,4
talkie-base,restricted,dissent,False,dissenteth,ORTHOGRAPHIC,,,7,5,2
talkie-base,restricted,dough,False,doughboys,ORTHOGRAPHIC,,,5,13,52
talkie-base,restricted,dove,False,doue,ORTHOGRAPHIC,,,4,4,1
talkie-base,restricted,dove,False,dov,ORTHOGRAPHIC,,,4,4,1
talkie-base,restricted,dove,False,doye,ORTHOGRAPHIC,,,4,4,1
talkie-base,restricted,drag,False,dra,ORTHOGRAPHIC,,,4,15,1
talkie-base,restricted,drag,False,dragg,ORTHOGRAPHIC,,,4,15,1
talkie-base,restricted,drag,False,drao,ORTHOGRAPHIC,,,4,15,1
talkie-base,restricted,dwarf,False,dwar,ORTHOGRAPHIC,,,5,4,1
talkie-base,restricted,eccentric,False,excentric,ORTHOGRAPHIC,,,9,11,2
talkie-base,restricted,endemic,False,endemicity,ORTHOGRAPHIC,,,7,0,1
talkie-base,restricted,endow,False,endowable,ORTHOGRAPHIC,,,5,2,65
talkie-base,restricted,err,False,erre,ORTHOGRAPHIC,,,3,1,-1
talkie-base,restricted,err,False,erre,ORTHOGRAPHIC,,,3,1,2
talkie-base,restricted,err,False,errc,ORTHOGRAPHIC,,,3,1,2
talkie-base,restricted,excel,False,excell,ORTHOGRAPHIC,,,5,1,1
talkie-base,restricted,excel,False,excell,ORTHOGRAPHIC,,,5,1,8
talkie-base,restricted,exogenous,False,exomorphism,DERIVATIONAL,,undated,9,0,3
talkie-base,restricted,exogenous,False,exogenetic,DERIVATIONAL,,undated,9,0,3
talkie-base,restricted,exogenous,False,exogenetic,DERIVATIONAL,,undated,9,0,3
talkie-base,restricted,farewell,False,farewel,ORTHOGRAPHIC,,,8,14,4
talkie-base,restricted,farm,False,farme,ORTHOGRAPHIC,,,4,124,29
talkie-base,restricted,feat,False,feate,ORTHOGRAPHIC,,,4,6,2
talkie-base,restricted,feat,False,feates,ORTHOGRAPHIC,,,4,6,-1
talkie-base,restricted,feat,False,feate,ORTHOGRAPHIC,,,4,6,44
talkie-base,restricted,flask,False,fiask,ORTHOGRAPHIC,,,5,5,1
talkie-base,restricted,flask,False,flusk,ORTHOGRAPHIC,,,5,5,1
talkie-base,restricted,flask,False,flafk,ORTHOGRAPHIC,,,5,5,1
talkie-base,restricted,frank,False,franke,ORTHOGRAPHIC,,,5,68,39
talkie-base,restricted,guise,False,guyse,ORTHOGRAPHIC,,,5,6,6
talkie-base,restricted,guise,False,guife,ORTHOGRAPHIC,,,5,6,1
talkie-base,restricted,guise,False,guiſe,ORTHOGRAPHIC,,,5,6,1
talkie-base,restricted,habitual,False,habituall,ORTHOGRAPHIC,,,8,5,2
talkie-base,restricted,hastily,False,hastely,ORTHOGRAPHIC,,,7,15,2
talkie-base,restricted,helium,False,coronium,DERIVATIONAL,,undated,6,15,1
talkie-base,restricted,helium,False,nebulium,DERIVATIONAL,,undated,6,15,1
talkie-base,restricted,helium,False,helion,ORTHOGRAPHIC,,,6,15,1
talkie-base,restricted,helium,False,heliam,ORTHOGRAPHIC,,,6,15,1
talkie-base,restricted,helium,False,hebium,ORTHOGRAPHIC,,,6,15,1
talkie-base,restricted,hood,False,hoode,ORTHOGRAPHIC,,,4,7,1
talkie-base,restricted,hood,False,hoodj,ORTHOGRAPHIC,,,4,7,1
talkie-base,restricted,hood,False,hoode,ORTHOGRAPHIC,,,4,7,2
talkie-base,restricted,hope,False,hoope,ORTHOGRAPHIC,,,4,177,1
talkie-base,restricted,hope,False,bope,DERIVATIONAL,,undated,4,177,1
talkie-base,restricted,hope,False,hoape,ORTHOGRAPHIC,,,4,177,1
talkie-base,restricted,hope,False,hoppe,ORTHOGRAPHIC,,,4,177,1
talkie-base,restricted,hose,False,hosen,ORTHOGRAPHIC,,,4,9,1
talkie-base,restricted,hose,False,hoose,ORTHOGRAPHIC,,,4,9,1
talkie-base,restricted,hose,False,hoase,ORTHOGRAPHIC,,,4,9,1
talkie-base,restricted,hose,False,hosse,ORTHOGRAPHIC,,,4,9,1
talkie-base,restricted,hose,False,hofe,ORTHOGRAPHIC,,,4,9,1
talkie-base,restricted,hose,False,hoste,ORTHOGRAPHIC,,,4,9,1
talkie-base,restricted,hose,False,hosen,ORTHOGRAPHIC,,,4,9,1
talkie-base,restricted,hose,False,hosse,ORTHOGRAPHIC,,,4,9,1
talkie-base,restricted,illegitimate,False,illegitimates,ORTHOGRAPHIC,,,12,3,1
talkie-base,restricted,inhibitory,False,inhibitionary,DERIVATIONAL,,undated,10,2,1
talkie-base,restricted,irreversible,False,irrecersible,ORTHOGRAPHIC,,,12,2,1
talkie-base,restricted,irreversible,False,unreversible,DERIVATIONAL,,undated,12,2,1
talkie-base,restricted,ivory,False,ivoiy,ORTHOGRAPHIC,,,5,17,1
talkie-base,restricted,ivory,False,lvory,DERIVATIONAL,,undated,5,17,1
talkie-base,restricted,ivory,False,ivorv,ORTHOGRAPHIC,,,5,17,1
talkie-base,restricted,ivory,False,ivor,ORTHOGRAPHIC,,,5,17,1
talkie-base,restricted,ivory,False,iyory,ORTHOGRAPHIC,,,5,17,1
talkie-base,restricted,lace,False,lache,ORTHOGRAPHIC,,,4,7,3
talkie-base,restricted,lakh,False,lakhs,ORTHOGRAPHIC,,,4,0,19
talkie-base,restricted,lantern,False,lantem,ORTHOGRAPHIC,,,7,13,1
talkie-base,restricted,lantern,False,lanthorn,ORTHOGRAPHIC,,,7,13,1
talkie-base,restricted,lantern,False,lantera,ORTHOGRAPHIC,,,7,13,1
talkie-base,restricted,lantern,False,iantern,DERIVATIONAL,,undated,7,13,1
talkie-base,restricted,lava,False,lavas,ORTHOGRAPHIC,,,4,1,1
talkie-base,restricted,lone,False,lones,ORTHOGRAPHIC,,,4,8,1
talkie-base,restricted,lumen,False,lumine,ORTHOGRAPHIC,,,5,2,1
talkie-base,restricted,lumen,False,lumens,ORTHOGRAPHIC,,,5,2,1
talkie-base,restricted,mare,False,mawe,ORTHOGRAPHIC,,,4,16,1
talkie-base,restricted,martyr,False,martyrology,ORTHOGRAPHIC,,,6,8,6
talkie-base,restricted,mast,False,mastis,ORTHOGRAPHIC,,,4,6,52
talkie-base,restricted,maxim,False,maximes,ORTHOGRAPHIC,,,5,1,44
talkie-base,restricted,merit,False,merite,ORTHOGRAPHIC,,,5,29,1
talkie-base,restricted,merit,False,merrit,ORTHOGRAPHIC,,,5,29,1
talkie-base,restricted,merit,False,meryt,ORTHOGRAPHIC,,,5,29,1
talkie-base,restricted,merit,False,meritt,ORTHOGRAPHIC,,,5,29,1
talkie-base,restricted,meta,False,mcta,ORTHOGRAPHIC,,,4,0,1
talkie-base,restricted,molar,False,molares,ORTHOGRAPHIC,,,5,1,3
talkie-base,restricted,molar,False,molai,ORTHOGRAPHIC,,,5,1,3
talkie-base,restricted,nod,False,nodd,ORTHOGRAPHIC,,,3,12,1
talkie-base,restricted,opium,False,opyum,ORTHOGRAPHIC,,,5,16,8
talkie-base,restricted,outrage,False,outrago,ORTHOGRAPHIC,,,7,4,1
talkie-base,restricted,outrage,False,outra,ORTHOGRAPHIC,,,7,4,1
talkie-base,restricted,owl,False,owi,ORTHOGRAPHIC,,,3,2,1
talkie-base,restricted,painted,False,paind,ORTHOGRAPHIC,,,7,40,1
talkie-base,restricted,painted,False,payned,ORTHOGRAPHIC,,,7,40,1
talkie-base,restricted,painted,False,painterd,ORTHOGRAPHIC,,,7,40,1
talkie-base,restricted,painted,False,paynted,ORTHOGRAPHIC,,,7,40,1
talkie-base,restricted,painted,False,paintred,ORTHOGRAPHIC,,,7,40,1
talkie-base,restricted,palate,False,palatum,ORTHOGRAPHIC,,,6,2,1
talkie-base,restricted,palette,False,palet,ORTHOGRAPHIC,,,7,5,1
talkie-base,restricted,pardon,False,pardone,ORTHOGRAPHIC,,,6,8,1
talkie-base,restricted,pardon,False,pardoun,ORTHOGRAPHIC,,,6,8,1
talkie-base,restricted,pardon,False,pardoune,ORTHOGRAPHIC,,,6,8,1
talkie-base,restricted,pardon,False,pardonne,ORTHOGRAPHIC,,,6,8,1
talkie-base,restricted,pardon,False,pard,ORTHOGRAPHIC,,,6,8,1
talkie-base,restricted,pardon,False,pardone,ORTHOGRAPHIC,,,6,8,1
talkie-base,restricted,pardon,False,pardoun,ORTHOGRAPHIC,,,6,8,1
talkie-base,restricted,patch,False,matcht,DERIVATIONAL,,undated,5,13,-1
talkie-base,restricted,patch,False,matchd,INFLECTION,,,5,13,-1
talkie-base,restricted,petal,False,petala,ORTHOGRAPHIC,,,5,0,78
talkie-base,restricted,phenotype,False,morphotype,DERIVATIONAL,,undated,9,0,1
talkie-base,restricted,phenotype,False,cytotype,DERIVATIONAL,,undated,9,0,1
talkie-base,restricted,pluck,False,pluckt,ORTHOGRAPHIC,,,5,2,3
talkie-base,restricted,pluck,False,pluckt,ORTHOGRAPHIC,,,5,2,5
talkie-base,restricted,pluralism,False,monadism,DERIVATIONAL,,undated,9,1,1
talkie-base,restricted,polypeptide,True,polypeptides,ORTHOGRAPHIC,,,11,0,44
talkie-base,restricted,prosper,False,proſper,ORTHOGRAPHIC,,,7,3,8
talkie-base,restricted,radiant,False,radiants,ORTHOGRAPHIC,,,7,8,-1
talkie-base,restricted,rainbow,False,rainbowed,ORTHOGRAPHIC,,,7,4,1
talkie-base,restricted,rainbow,False,rainb,ORTHOGRAPHIC,,,7,4,1
talkie-base,restricted,rainbow,False,rainbo,ORTHOGRAPHIC,,,7,4,1
talkie-base,restricted,rainbow,False,rainbovv,ORTHOGRAPHIC,,,7,4,1
talkie-base,restricted,rainbow,False,rainbowj,ORTHOGRAPHIC,,,7,4,1
talkie-base,restricted,rainbow,False,rainbov,ORTHOGRAPHIC,,,7,4,1
talkie-base,restricted,recombination,False,recombinations,ORTHOGRAPHIC,,,13,0,1
talkie-base,restricted,reed,False,reede,ORTHOGRAPHIC,,,4,5,-1
talkie-base,restricted,reed,False,reedes,ORTHOGRAPHIC,,,4,5,-1
talkie-base,restricted,reflected,False,reflexe,DERIVATIONAL,,undated,9,42,1
talkie-base,restricted,revolt,False,revoit,ORTHOGRAPHIC,,,6,8,1
talkie-base,restricted,running,False,shewing,INFLECTION,,,7,123,2
talkie-base,restricted,sage,False,sauge,ORTHOGRAPHIC,,,4,2,15
talkie-base,restricted,scratch,False,scratoh,ORTHOGRAPHIC,,,7,9,1
talkie-base,restricted,sensing,False,sensefinding,DERIVATIONAL,,undated,7,8,1
talkie-base,restricted,shark,False,shaik,ORTHOGRAPHIC,,,5,0,1
talkie-base,restricted,sitting,False,sittinge,ORTHOGRAPHIC,,,7,96,22
talkie-base,restricted,sitting,False,eting,DERIVATIONAL,,undated,7,96,22
talkie-base,restricted,ski,False,skiis,ORTHOGRAPHIC,,,3,5,13
talkie-base,restricted,slaughter,False,slaugh,ORTHOGRAPHIC,,,9,10,1
talkie-base,restricted,socket,False,socketts,ORTHOGRAPHIC,,,6,3,6
talkie-base,restricted,sound,False,sund,ORTHOGRAPHIC,,,5,204,1
talkie-base,restricted,sound,False,sounde,ORTHOGRAPHIC,,,5,204,1
talkie-base,restricted,spindle,False,trindle,DERIVATIONAL,,undated,7,8,2
talkie-base,restricted,spleen,False,spleene,ORTHOGRAPHIC,,,6,2,9
talkie-base,restricted,spleen,False,splene,ORTHOGRAPHIC,,,6,2,9
talkie-base,restricted,spur,False,spurne,ORTHOGRAPHIC,,,4,13,-1
talkie-base,restricted,spur,False,spurre,ORTHOGRAPHIC,,,4,13,-1
talkie-base,restricted,spy,False,spye,ORTHOGRAPHIC,,,3,9,2
talkie-base,restricted,spy,False,spyc,ORTHOGRAPHIC,,,3,9,2
talkie-base,restricted,stain,False,staines,ORTHOGRAPHIC,,,5,6,1
talkie-base,restricted,stain,False,staine,ORTHOGRAPHIC,,,5,6,1
talkie-base,restricted,stain,False,staine,ORTHOGRAPHIC,,,5,6,1
talkie-base,restricted,stain,False,staigne,ORTHOGRAPHIC,,,5,6,1
talkie-base,restricted,stake,False,stocke,ORTHOGRAPHIC,,,5,20,1
talkie-base,restricted,stake,False,stak,ORTHOGRAPHIC,,,5,20,1
talkie-base,restricted,stake,False,stalce,ORTHOGRAPHIC,,,5,20,1
talkie-base,restricted,stake,False,stacke,ORTHOGRAPHIC,,,5,20,1
talkie-base,restricted,stake,False,stakc,ORTHOGRAPHIC,,,5,20,1
talkie-base,restricted,stake,False,ſtake,ORTHOGRAPHIC,,,5,20,2
talkie-base,restricted,stake,False,ftake,DERIVATIONAL,,undated,5,20,2
talkie-base,restricted,stake,False,ſtakes,ORTHOGRAPHIC,,,5,20,2
talkie-base,restricted,stake,False,itake,DERIVATIONAL,,undated,5,20,2
talkie-base,restricted,stake,False,stak,ORTHOGRAPHIC,,,5,20,1
talkie-base,restricted,stake,False,ftake,DERIVATIONAL,,undated,5,20,1
talkie-base,restricted,stalk,False,stalke,ORTHOGRAPHIC,,,5,0,4
talkie-base,restricted,stall,False,stalle,ORTHOGRAPHIC,,,5,18,1
talkie-base,restricted,stall,False,stal,ORTHOGRAPHIC,,,5,18,1
talkie-base,restricted,stall,False,staule,ORTHOGRAPHIC,,,5,18,1
talkie-base,restricted,stall,False,stalles,ORTHOGRAPHIC,,,5,18,1
talkie-base,restricted,stall,False,stalles,ORTHOGRAPHIC,,,5,18,4
talkie-base,restricted,starch,False,starc,ORTHOGRAPHIC,,,6,4,1
talkie-base,restricted,stark,False,sterk,ORTHOGRAPHIC,,,5,7,1
talkie-base,restricted,stark,False,starke,ORTHOGRAPHIC,,,5,7,1
talkie-base,restricted,stark,False,starke,ORTHOGRAPHIC,,,5,7,7
talkie-base,restricted,steak,False,steaksl,ORTHOGRAPHIC,,,5,10,3
talkie-base,restricted,steak,False,steakes,ORTHOGRAPHIC,,,5,10,3
talkie-base,restricted,steak,False,steaksi,ORTHOGRAPHIC,,,5,10,3
talkie-base,restricted,steward,False,steivard,ORTHOGRAPHIC,,,7,2,1
talkie-base,restricted,steward,False,stewaid,ORTHOGRAPHIC,,,7,2,1
talkie-base,restricted,steward,False,steicard,ORTHOGRAPHIC,,,7,2,1
talkie-base,restricted,steward,False,stewai,ORTHOGRAPHIC,,,7,2,1
talkie-base,restricted,stitch,False,stich,ORTHOGRAPHIC,,,6,3,3
talkie-base,restricted,streak,False,ftreak,DERIVATIONAL,,undated,6,10,31
talkie-base,restricted,streak,False,atreak,DERIVATIONAL,,undated,6,10,1
talkie-base,restricted,streak,False,stréak,ORTHOGRAPHIC,,,6,10,1
talkie-base,restricted,streak,False,etreak,DERIVATIONAL,,undated,6,10,1
talkie-base,restricted,streak,False,strea,ORTHOGRAPHIC,,,6,10,1
talkie-base,restricted,stride,False,strid,ORTHOGRAPHIC,,,6,16,1
talkie-base,restricted,stride,False,stridé,ORTHOGRAPHIC,,,6,16,1
talkie-base,restricted,stride,False,stide,ORTHOGRAPHIC,,,6,16,1
talkie-base,restricted,stride,False,strideand,ORTHOGRAPHIC,,,6,16,1
talkie-base,restricted,sublime,False,sablime,ORTHOGRAPHIC,,,7,3,1
talkie-base,restricted,subordination,False,subordina,ORTHOGRAPHIC,,,13,0,2
talkie-base,restricted,sunset,False,sunneset,ORTHOGRAPHIC,,,6,14,3
talkie-base,restricted,sunset,False,sunnet,ORTHOGRAPHIC,,,6,14,3
talkie-base,restricted,sunset,False,sunse,ORTHOGRAPHIC,,,6,14,3
talkie-base,restricted,sunset,False,sune,ORTHOGRAPHIC,,,6,14,3
talkie-base,restricted,sweep,False,sweepe,ORTHOGRAPHIC,,,5,15,58
talkie-base,restricted,symphony,False,symphonie,ORTHOGRAPHIC,,,8,33,1
talkie-base,restricted,symphony,False,sympheny,ORTHOGRAPHIC,,,8,33,1
talkie-base,restricted,tangle,False,intangled,DERIVATIONAL,,undated,6,8,71
talkie-base,restricted,tertiary,False,tertiaiy,ORTHOGRAPHIC,,,8,1,1
talkie-base,restricted,tertiary,False,tertiaiy,ORTHOGRAPHIC,,,8,1,1
talkie-base,restricted,throw,False,throwes,ORTHOGRAPHIC,,,5,42,9
talkie-base,restricted,throw,False,throwe,ORTHOGRAPHIC,,,5,42,9
talkie-base,restricted,throw,False,throwe,ORTHOGRAPHIC,,,5,42,1
talkie-base,restricted,thunder,False,thundre,ORTHOGRAPHIC,,,7,14,1
talkie-base,restricted,thunder,False,thund,ORTHOGRAPHIC,,,7,14,1
talkie-base,restricted,thunder,False,thundcr,ORTHOGRAPHIC,,,7,14,1
talkie-base,restricted,thunder,False,thundet,ORTHOGRAPHIC,,,7,14,1
talkie-base,restricted,thunder,False,thonder,ORTHOGRAPHIC,,,7,14,1
talkie-base,restricted,thunder,False,thundér,ORTHOGRAPHIC,,,7,14,1
talkie-base,restricted,thunder,False,thunde,ORTHOGRAPHIC,,,7,14,1
talkie-base,restricted,treason,False,treafon,ORTHOGRAPHIC,,,7,6,1
talkie-base,restricted,treason,False,treaſon,ORTHOGRAPHIC,,,7,6,1
talkie-base,restricted,treason,False,treasons,ORTHOGRAPHIC,,,7,6,1
talkie-base,restricted,treason,False,treaspn,ORTHOGRAPHIC,,,7,6,1
talkie-base,restricted,trumpet,False,trumpette,ORTHOGRAPHIC,,,7,7,1
talkie-base,restricted,trumpet,False,trumpetter,ORTHOGRAPHIC,,,7,7,1
talkie-base,restricted,tub,False,tubb,ORTHOGRAPHIC,,,3,13,1
talkie-base,restricted,tub,False,tubbo,ORTHOGRAPHIC,,,3,13,1
talkie-base,restricted,tub,False,tubb,ORTHOGRAPHIC,,,3,13,2
talkie-base,restricted,tub,False,tubb,ORTHOGRAPHIC,,,3,13,1
talkie-base,restricted,tub,False,tubb,ORTHOGRAPHIC,,,3,13,1
talkie-base,restricted,tub,False,tuh,ORTHOGRAPHIC,,,3,13,1
talkie-base,restricted,tub,False,tuby,ORTHOGRAPHIC,,,3,13,1
talkie-base,restricted,unaffected,False,uncorrupt,DERIVATIONAL,,undated,10,3,75
talkie-base,restricted,unpaid,False,unforfeited,DERIVATIONAL,,undated,6,9,1
talkie-base,restricted,unpaid,False,unpai,ORTHOGRAPHIC,,,6,9,1
talkie-base,restricted,velvet,False,velvets,ORTHOGRAPHIC,,,6,4,49
talkie-base,restricted,vie,False,vye,ORTHOGRAPHIC,,,3,0,1
talkie-base,restricted,vocation,False,saluation,DERIVATIONAL,,undated,8,3,12
talkie-base,restricted,wake,False,wrake,ORTHOGRAPHIC,,,4,23,1
talkie-base,restricted,wake,False,wak,ORTHOGRAPHIC,,,4,23,1
talkie-base,restricted,wake,False,wike,ORTHOGRAPHIC,,,4,23,1
talkie-base,restricted,weed,False,weede,ORTHOGRAPHIC,,,4,1,3
talkie-base,restricted,westward,False,vpward,DERIVATIONAL,,undated,8,8,-1
talkie-base,restricted,westward,False,downeward,DERIVATIONAL,,undated,8,8,-1
talkie-base,restricted,winding,False,windings,ORTHOGRAPHIC,,,7,9,85
talkie-base,restricted,writ,False,writts,ORTHOGRAPHIC,,,4,7,91
talkie-base,restricted,absurdity,False,absurditie,ORTHOGRAPHIC,,,9,8,10
talkie-base,restricted,acidic,False,acic,ORTHOGRAPHIC,,,6,0,2
talkie-base,restricted,acidic,False,acide,ORTHOGRAPHIC,,,6,0,2
talkie-base,restricted,acidic,False,acidie,ORTHOGRAPHIC,,,6,0,2
talkie-base,restricted,adore,False,adoryd,ORTHOGRAPHIC,,,5,2,-1
talkie-base,restricted,adore,False,adorid,ORTHOGRAPHIC,,,5,2,-1
talkie-base,restricted,adore,False,adorne,ORTHOGRAPHIC,,,5,2,2
talkie-base,restricted,adore,False,adornc,ORTHOGRAPHIC,,,5,2,2
talkie-base,restricted,adore,False,adornes,ORTHOGRAPHIC,,,5,2,2
talkie-base,restricted,adore,False,adome,ORTHOGRAPHIC,,,5,2,2
talkie-base,restricted,adore,False,adoine,ORTHOGRAPHIC,,,5,2,2
talkie-base,restricted,adore,False,adorno,ORTHOGRAPHIC,,,5,2,2
talkie-base,restricted,aforesaid,False,aforefaid,ORTHOGRAPHIC,,,9,2,11
talkie-base,restricted,anarchy,False,heptarchy,DERIVATIONAL,,undated,7,7,56
talkie-base,restricted,anode,False,anod,ORTHOGRAPHIC,,,5,77,1
talkie-base,restricted,anode,False,kathode,DERIVATIONAL,,undated,5,77,1
talkie-base,restricted,anode,False,anodé,ORTHOGRAPHIC,,,5,77,1
talkie-base,restricted,anode,False,anodc,ORTHOGRAPHIC,,,5,77,1
talkie-base,restricted,ante,False,antie,ORTHOGRAPHIC,,,4,3,1
talkie-base,restricted,articular,False,articulars,ORTHOGRAPHIC,,,9,0,29
talkie-base,restricted,assay,False,assayle,ORTHOGRAPHIC,,,5,1,1
talkie-base,restricted,assay,False,assaye,ORTHOGRAPHIC,,,5,1,1
talkie-base,restricted,assay,False,assayle,ORTHOGRAPHIC,,,5,1,2
talkie-base,restricted,assent,False,asseut,ORTHOGRAPHIC,,,6,4,1
talkie-base,restricted,bald,False,baldheaded,ORTHOGRAPHIC,,,4,5,1
talkie-base,restricted,bondage,False,bondag,ORTHOGRAPHIC,,,7,3,1
talkie-base,restricted,bondage,False,bonda,ORTHOGRAPHIC,,,7,3,1
talkie-base,restricted,bore,False,bote,ORTHOGRAPHIC,,,4,24,20
talkie-base,restricted,borough,False,boro,DERIVATIONAL,,undated,7,5,1
talkie-base,restricted,calm,False,calme,ORTHOGRAPHIC,,,4,35,53
talkie-base,restricted,cedar,False,cedur,ORTHOGRAPHIC,,,5,1,1
talkie-base,restricted,cedar,False,ceday,ORTHOGRAPHIC,,,5,1,1
talkie-base,restricted,chef,False,chet,ORTHOGRAPHIC,,,4,9,1
talkie-base,restricted,chlorine,False,chlorin,ORTHOGRAPHIC,,,8,33,1
talkie-base,restricted,circus,False,cireus,ORTHOGRAPHIC,,,6,7,1
talkie-base,restricted,clip,False,clipp,ORTHOGRAPHIC,,,4,6,1
talkie-base,restricted,clown,False,clowne,ORTHOGRAPHIC,,,5,3,1
talkie-base,restricted,clown,False,cloun,ORTHOGRAPHIC,,,5,3,1
talkie-base,restricted,clown,False,slown,DERIVATIONAL,,undated,5,3,1
talkie-base,restricted,cock,False,clocke,ORTHOGRAPHIC,,,4,5,41
talkie-base,restricted,cock,False,cocke,ORTHOGRAPHIC,,,4,5,1
talkie-base,restricted,cock,False,cok,ORTHOGRAPHIC,,,4,5,1
talkie-base,restricted,cock,False,cocket,ORTHOGRAPHIC,,,4,5,1
talkie-base,restricted,cock,False,coc,ORTHOGRAPHIC,,,4,5,1
talkie-base,restricted,comb,False,comh,ORTHOGRAPHIC,,,4,6,1
talkie-base,restricted,comb,False,coml,ORTHOGRAPHIC,,,4,6,1
talkie-base,restricted,common,False,commens,ORTHOGRAPHIC,,,6,223,2
talkie-base,restricted,common,False,comons,ORTHOGRAPHIC,,,6,223,2
talkie-base,restricted,common,False,commous,ORTHOGRAPHIC,,,6,223,2
talkie-base,restricted,common,False,commions,ORTHOGRAPHIC,,,6,223,2
talkie-base,restricted,common,False,gommon,DERIVATIONAL,,undated,6,223,2
talkie-base,restricted,companionship,False,companionage,DERIVATIONAL,,undated,13,4,1
talkie-base,restricted,companionship,False,companionsliip,ORTHOGRAPHIC,,,13,4,1
talkie-base,restricted,conspire,False,conspir,ORTHOGRAPHIC,,,8,1,1
talkie-base,restricted,conspire,False,conspira,ORTHOGRAPHIC,,,8,1,1
talkie-base,restricted,conspire,False,conspyre,ORTHOGRAPHIC,,,8,1,1
talkie-base,restricted,conspire,False,conspiré,ORTHOGRAPHIC,,,8,1,1
talkie-base,restricted,conspire,False,conspirc,ORTHOGRAPHIC,,,8,1,1
talkie-base,restricted,conspire,False,conspite,ORTHOGRAPHIC,,,8,1,1
talkie-base,restricted,dash,False,daſh,ORTHOGRAPHIC,,,4,11,3
talkie-base,restricted,dash,False,dashis,ORTHOGRAPHIC,,,4,11,3
talkie-base,restricted,dash,False,dath,ORTHOGRAPHIC,,,4,11,3
talkie-base,restricted,dash,False,dasa,ORTHOGRAPHIC,,,4,11,1
talkie-base,restricted,deal,False,deai,ORTHOGRAPHIC,,,4,143,1
talkie-base,restricted,deal,False,deale,ORTHOGRAPHIC,,,4,143,48
talkie-base,restricted,dictum,False,dictwm,ORTHOGRAPHIC,,,6,4,1
talkie-base,restricted,dismay,False,dismaye,ORTHOGRAPHIC,,,6,5,1
talkie-base,restricted,dismay,False,dismaj,ORTHOGRAPHIC,,,6,5,1
talkie-base,restricted,dismay,False,dismaie,ORTHOGRAPHIC,,,6,5,1
talkie-base,restricted,dogmatic,False,dogmatics,ORTHOGRAPHIC,,,8,4,11
talkie-base,restricted,dogmatic,False,dogmaticians,ORTHOGRAPHIC,,,8,4,11
talkie-base,restricted,donkey,False,dunkey,ORTHOGRAPHIC,,,6,1,1
talkie-base,restricted,draft,False,draftings,ORTHOGRAPHIC,,,5,24,9
talkie-base,restricted,drunk,False,drunke,ORTHOGRAPHIC,,,5,37,3
talkie-base,restricted,drunk,False,dronke,ORTHOGRAPHIC,,,5,37,3
talkie-base,restricted,drunk,False,dranke,ORTHOGRAPHIC,,,5,37,3
talkie-base,restricted,dualism,False,duahsm,ORTHOGRAPHIC,,,7,1,1
talkie-base,restricted,dualism,False,duausm,ORTHOGRAPHIC,,,7,1,1
talkie-base,restricted,dualism,False,dualisin,ORTHOGRAPHIC,,,7,1,1
talkie-base,restricted,due,False,duc,ORTHOGRAPHIC,,,3,142,1
talkie-base,restricted,due,False,dne,ORTHOGRAPHIC,,,3,142,1
talkie-base,restricted,due,False,du,ORTHOGRAPHIC,,,3,142,1
talkie-base,restricted,due,False,dve,ORTHOGRAPHIC,,,3,142,1
talkie-base,restricted,duplication,False,duplicando,DERIVATIONAL,,undated,11,8,4
talkie-base,restricted,endocrine,True,endeocrine,ORTHOGRAPHIC,,,9,0,1
talkie-base,restricted,endocrine,True,cndocrine,DERIVATIONAL,,undated,9,0,1
talkie-base,restricted,endocrine,True,enclocrine,ORTHOGRAPHIC,,,9,0,1
talkie-base,restricted,endocrine,True,mesocrine,DERIVATIONAL,,undated,9,0,1
talkie-base,restricted,endocrine,True,indocrine,DERIVATIONAL,,undated,9,0,1
talkie-base,restricted,endocrine,True,endocnne,ORTHOGRAPHIC,,,9,0,1
talkie-base,restricted,endocrine,True,enocrine,ORTHOGRAPHIC,,,9,0,1
talkie-base,restricted,entail,False,entailes,ORTHOGRAPHIC,,,6,5,18
talkie-base,restricted,entail,False,intaile,DERIVATIONAL,,undated,6,5,18
talkie-base,restricted,entail,False,entaile,ORTHOGRAPHIC,,,6,5,18
talkie-base,restricted,entail,False,entayle,ORTHOGRAPHIC,,,6,5,18
talkie-base,restricted,equator,False,aquator,DERIVATIONAL,,undated,7,3,3
talkie-base,restricted,equator,False,æquator,ORTHOGRAPHIC,,,7,3,3
talkie-base,restricted,equator,False,aequator,DERIVATIONAL,,undated,7,3,3
talkie-base,restricted,exhaust,False,exliaust,ORTHOGRAPHIC,,,7,7,1
talkie-base,restricted,extrinsic,False,extrinsec,ORTHOGRAPHIC,,,9,0,1
talkie-base,restricted,fable,False,fabies,ORTHOGRAPHIC,,,5,2,29
talkie-base,restricted,fascism,False,hitlerism,DERIVATIONAL,,undated,7,3,2
talkie-base,restricted,fistula,False,fistule,ORTHOGRAPHIC,,,7,0,1
talkie-base,restricted,fistula,False,listula,DERIVATIONAL,,undated,7,0,1
talkie-base,restricted,fistula,False,fistnla,ORTHOGRAPHIC,,,7,0,1
talkie-base,restricted,fistula,False,fistulae,ORTHOGRAPHIC,,,7,0,1
talkie-base,restricted,fleet,False,fleetwe,ORTHOGRAPHIC,,,5,17,1
talkie-base,restricted,flock,False,flocke,ORTHOGRAPHIC,,,5,10,1
talkie-base,restricted,flute,False,flutings,INFLECTION,,,5,1,-1
talkie-base,restricted,foul,False,foule,ORTHOGRAPHIC,,,4,4,3
talkie-base,restricted,foul,False,foulle,ORTHOGRAPHIC,,,4,4,3
talkie-base,restricted,foul,False,foull,ORTHOGRAPHIC,,,4,4,3
talkie-base,restricted,fraudulent,False,fraudulentis,ORTHOGRAPHIC,,,10,0,-1
talkie-base,restricted,gait,False,gaite,ORTHOGRAPHIC,,,4,8,1
talkie-base,restricted,gem,False,geme,ORTHOGRAPHIC,,,3,4,7
talkie-base,restricted,gem,False,gemm,ORTHOGRAPHIC,,,3,4,2
talkie-base,restricted,ginger,False,gingcr,ORTHOGRAPHIC,,,6,2,1
talkie-base,restricted,ginger,False,gingiber,ORTHOGRAPHIC,,,6,2,1
talkie-base,restricted,ginger,False,gingei,ORTHOGRAPHIC,,,6,2,1
talkie-base,restricted,ginger,False,genger,ORTHOGRAPHIC,,,6,2,1
talkie-base,restricted,ginger,False,gingiber,ORTHOGRAPHIC,,,6,2,1
talkie-base,restricted,glacial,False,glacialed,ORTHOGRAPHIC,,,7,0,1
talkie-base,restricted,gloom,False,glooms,ORTHOGRAPHIC,,,5,14,1
talkie-base,restricted,gloom,False,glooin,ORTHOGRAPHIC,,,5,14,1
talkie-base,restricted,gloom,False,gloorn,ORTHOGRAPHIC,,,5,14,1
talkie-base,restricted,gloom,False,glooms,ORTHOGRAPHIC,,,5,14,1
talkie-base,restricted,gloom,False,glooma,ORTHOGRAPHIC,,,5,14,1
talkie-base,restricted,grease,False,grees,ORTHOGRAPHIC,,,6,9,9
talkie-base,restricted,grease,False,greaſe,ORTHOGRAPHIC,,,6,9,1
talkie-base,restricted,grease,False,greafe,ORTHOGRAPHIC,,,6,9,1
talkie-base,restricted,grease,False,greace,ORTHOGRAPHIC,,,6,9,1
talkie-base,restricted,grease,False,greese,ORTHOGRAPHIC,,,6,9,1
talkie-base,restricted,grease,False,greaze,ORTHOGRAPHIC,,,6,9,1
talkie-base,restricted,grease,False,greas,ORTHOGRAPHIC,,,6,9,1
talkie-base,restricted,grease,False,greefe,ORTHOGRAPHIC,,,6,9,1
talkie-base,restricted,grease,False,grece,ORTHOGRAPHIC,,,6,9,1
talkie-base,restricted,grease,False,greese,ORTHOGRAPHIC,,,6,9,2
talkie-base,restricted,growing,False,feling,DERIVATIONAL,,undated,7,108,1
talkie-base,restricted,growing,False,growyng,ORTHOGRAPHIC,,,7,108,1
talkie-base,restricted,growing,False,growinge,ORTHOGRAPHIC,,,7,108,1
talkie-base,restricted,gulf,False,gulfe,ORTHOGRAPHIC,,,4,22,1
talkie-base,restricted,gulf,False,guif,ORTHOGRAPHIC,,,4,22,1
talkie-base,restricted,gulf,False,gult,ORTHOGRAPHIC,,,4,22,1
talkie-base,restricted,gulf,False,gullf,ORTHOGRAPHIC,,,4,22,1
talkie-base,restricted,gulf,False,gulfe,ORTHOGRAPHIC,,,4,22,-1
talkie-base,restricted,harness,False,harnesse,ORTHOGRAPHIC,,,7,10,2
talkie-base,restricted,harness,False,harnes,ORTHOGRAPHIC,,,7,10,2
talkie-base,restricted,harness,False,harneis,ORTHOGRAPHIC,,,7,10,2
talkie-base,restricted,harness,False,harne,ORTHOGRAPHIC,,,7,10,2
talkie-base,restricted,harness,False,harneise,ORTHOGRAPHIC,,,7,10,2
talkie-base,restricted,heretic,False,hereticks,ORTHOGRAPHIC,,,7,1,64
talkie-base,restricted,hire,False,hyre,ORTHOGRAPHIC,,,4,15,1
talkie-base,restricted,hire,False,hure,ORTHOGRAPHIC,,,4,15,1
talkie-base,restricted,hire,False,hir,ORTHOGRAPHIC,,,4,15,1
talkie-base,restricted,homage,False,homege,ORTHOGRAPHIC,,,6,2,1
talkie-base,restricted,homage,False,hommage,ORTHOGRAPHIC,,,6,2,1
talkie-base,restricted,howl,False,howle,ORTHOGRAPHIC,,,4,4,25
talkie-base,restricted,howl,False,howle,ORTHOGRAPHIC,,,4,4,4
talkie-base,restricted,howl,False,howlc,ORTHOGRAPHIC,,,4,4,4
talkie-base,restricted,howl,False,howle,ORTHOGRAPHIC,,,4,4,1
talkie-base,restricted,humanism,False,socinianism,DERIVATIONAL,,undated,8,5,-1
talkie-base,restricted,idiot,False,ideots,ORTHOGRAPHIC,,,5,2,-1
talkie-base,restricted,insanity,False,insani,ORTHOGRAPHIC,,,8,3,1
talkie-base,restricted,insanity,False,insanty,ORTHOGRAPHIC,,,8,3,1
talkie-base,restricted,insecure,False,insecures,ORTHOGRAPHIC,,,8,3,1
talkie-base,restricted,insecure,False,unsecure,DERIVATIONAL,,undated,8,3,1
talkie-base,restricted,integrate,False,integrant,ORTHOGRAPHIC,,,9,7,27
talkie-base,restricted,inversely,False,inversly,ORTHOGRAPHIC,,,9,5,1
talkie-base,restricted,inversely,False,inversedly,ORTHOGRAPHIC,,,9,5,1
talkie-base,restricted,inversely,False,inverfly,ORTHOGRAPHIC,,,9,5,1
talkie-base,restricted,ka,False,kha,ORTHOGRAPHIC,,,2,0,1
talkie-base,restricted,lapse,False,lapscy,ORTHOGRAPHIC,,,5,6,1
talkie-base,restricted,lapse,False,lapsb,ORTHOGRAPHIC,,,5,6,1
talkie-base,restricted,lapse,False,lapsk,ORTHOGRAPHIC,,,5,6,1
talkie-base,restricted,lay,False,laj,ORTHOGRAPHIC,,,3,139,1
talkie-base,restricted,legion,False,legio,ORTHOGRAPHIC,,,6,7,1
talkie-base,restricted,libel,False,libell,ORTHOGRAPHIC,,,5,2,1
talkie-base,restricted,lizard,False,lizzard,ORTHOGRAPHIC,,,6,0,1
talkie-base,restricted,locker,False,cocke,DERIVATIONAL,,undated,6,9,-1
talkie-base,restricted,lore,False,loke,ORTHOGRAPHIC,,,4,7,2
talkie-base,restricted,lore,False,lote,ORTHOGRAPHIC,,,4,7,2
talkie-base,restricted,lore,False,loue,ORTHOGRAPHIC,,,4,7,2
talkie-base,restricted,lurk,False,lurcke,ORTHOGRAPHIC,,,4,1,-1
talkie-base,restricted,lurk,False,lurke,ORTHOGRAPHIC,,,4,1,-1
talkie-base,restricted,lurk,False,lurck,ORTHOGRAPHIC,,,4,1,-1
talkie-base,restricted,main,False,mainj,ORTHOGRAPHIC,,,4,119,1
talkie-base,restricted,main,False,maio,ORTHOGRAPHIC,,,4,119,1
talkie-base,restricted,main,False,maini,ORTHOGRAPHIC,,,4,119,1
talkie-base,restricted,majesty,False,majestie,ORTHOGRAPHIC,,,7,1,1
talkie-base,restricted,manhood,False,manhoode,ORTHOGRAPHIC,,,7,6,1
talkie-base,restricted,manhood,False,manhode,ORTHOGRAPHIC,,,7,6,1
talkie-base,restricted,manhood,False,manhod,ORTHOGRAPHIC,,,7,6,1
talkie-base,restricted,manhood,False,manhead,ORTHOGRAPHIC,,,7,6,1
talkie-base,restricted,manhood,False,manhed,ORTHOGRAPHIC,,,7,6,1
talkie-base,restricted,manhood,False,manhoed,ORTHOGRAPHIC,,,7,6,1
talkie-base,restricted,manhood,False,manhoad,ORTHOGRAPHIC,,,7,6,1
talkie-base,restricted,manhood,False,manhode,ORTHOGRAPHIC,,,7,6,1
talkie-base,restricted,manhood,False,manhoode,ORTHOGRAPHIC,,,7,6,1
talkie-base,restricted,manhood,False,manship,DERIVATIONAL,,undated,7,6,1
talkie-base,restricted,manhood,False,mauhood,ORTHOGRAPHIC,,,7,6,1
talkie-base,restricted,march,False,marchis,ORTHOGRAPHIC,,,5,121,17
talkie-base,restricted,masonry,False,masonrie,ORTHOGRAPHIC,,,7,6,5
talkie-base,restricted,masonry,False,masones,ORTHOGRAPHIC,,,7,6,5
talkie-base,restricted,masonry,False,masonrie,ORTHOGRAPHIC,,,7,6,2
talkie-base,restricted,melanoma,True,melano,ORTHOGRAPHIC,,,8,0,5
talkie-base,restricted,melanoma,True,melanoses,INFLECTION,,,8,0,5
talkie-base,restricted,melanoma,True,melanotic,DERIVATIONAL,,undated,8,0,5
talkie-base,restricted,mend,False,mendid,ORTHOGRAPHIC,,,4,2,2
talkie-base,restricted,mend,False,mendea,ORTHOGRAPHIC,,,4,2,2
talkie-base,restricted,mend,False,mende,ORTHOGRAPHIC,,,4,2,2
talkie-base,restricted,mend,False,amende,DERIVATIONAL,,undated,4,2,3
talkie-base,restricted,mend,False,meud,ORTHOGRAPHIC,,,4,2,1
talkie-base,restricted,mend,False,nend,DERIVATIONAL,,undated,4,2,1
talkie-base,restricted,mend,False,mende,ORTHOGRAPHIC,,,4,2,17
talkie-base,restricted,mend,False,amende,DERIVATIONAL,,undated,4,2,4
talkie-base,restricted,mend,False,mende,ORTHOGRAPHIC,,,4,2,1
talkie-base,restricted,mend,False,meud,ORTHOGRAPHIC,,,4,2,1
talkie-base,restricted,mend,False,mcnd,ORTHOGRAPHIC,,,4,2,1
talkie-base,restricted,mend,False,mende,ORTHOGRAPHIC,,,4,2,1
talkie-base,restricted,methane,False,methan,ORTHOGRAPHIC,,,7,0,4
talkie-base,restricted,mineral,False,minerall,ORTHOGRAPHIC,,,7,12,1
talkie-base,restricted,mischief,False,mischiefs,ORTHOGRAPHIC,,,8,5,3
talkie-base,restricted,mixer,False,mixologists,INFLECTION,,,5,2,65
talkie-base,restricted,mortal,False,mortall,ORTHOGRAPHIC,,,6,10,17
talkie-base,restricted,moss,False,mosse,ORTHOGRAPHIC,,,4,9,1
talkie-base,restricted,moss,False,mossc,ORTHOGRAPHIC,,,4,9,1
talkie-base,restricted,moss,False,mose,ORTHOGRAPHIC,,,4,9,1
talkie-base,restricted,moss,False,mosse,ORTHOGRAPHIC,,,4,9,3
talkie-base,restricted,moss,False,mose,ORTHOGRAPHIC,,,4,9,3
talkie-base,restricted,moss,False,mossc,ORTHOGRAPHIC,,,4,9,3
talkie-base,restricted,moss,False,mosse,ORTHOGRAPHIC,,,4,9,1
talkie-base,restricted,moss,False,mosse,ORTHOGRAPHIC,,,4,9,1
talkie-base,restricted,moss,False,mose,ORTHOGRAPHIC,,,4,9,1
talkie-base,restricted,moss,False,mofs,ORTHOGRAPHIC,,,4,9,1
talkie-base,restricted,moss,False,mots,ORTHOGRAPHIC,,,4,9,1
talkie-base,restricted,moth,False,mothes,ORTHOGRAPHIC,,,4,1,18
talkie-base,restricted,mourning,False,mournings,ORTHOGRAPHIC,,,8,8,1
talkie-base,restricted,muddy,False,mudde,ORTHOGRAPHIC,,,5,10,1
talkie-base,restricted,muddy,False,muddie,ORTHOGRAPHIC,,,5,10,1
talkie-base,restricted,muddy,False,muddie,ORTHOGRAPHIC,,,5,10,1
talkie-base,restricted,mustard,False,rnustard,DERIVATIONAL,,undated,7,20,1
talkie-base,restricted,mustard,False,nustard,DERIVATIONAL,,undated,7,20,1
talkie-base,restricted,mustard,False,nlustard,DERIVATIONAL,,undated,7,20,1
talkie-base,restricted,mustard,False,musta,ORTHOGRAPHIC,,,7,20,1
talkie-base,restricted,nostalgia,False,nostalgy,ORTHOGRAPHIC,,,9,8,1
talkie-base,restricted,nostalgia,False,nostalgie,ORTHOGRAPHIC,,,9,8,1
talkie-base,restricted,nostalgia,False,nostalagia,ORTHOGRAPHIC,,,9,8,1
talkie-base,restricted,nostalgia,False,nostal,ORTHOGRAPHIC,,,9,8,1
talkie-base,restricted,numeral,False,numberical,DERIVATIONAL,,undated,7,1,1
talkie-base,restricted,numeral,False,numerary,ORTHOGRAPHIC,,,7,1,1
talkie-base,restricted,oracle,False,orade,ORTHOGRAPHIC,,,6,2,1
talkie-base,restricted,oracle,False,oracie,ORTHOGRAPHIC,,,6,2,1
talkie-base,restricted,oracle,False,orac,ORTHOGRAPHIC,,,6,2,1
talkie-base,restricted,orator,False,oratour,ORTHOGRAPHIC,,,6,5,2
talkie-base,restricted,orator,False,oratours,ORTHOGRAPHIC,,,6,5,2
talkie-base,restricted,orator,False,oratoure,ORTHOGRAPHIC,,,6,5,2
talkie-base,restricted,orator,False,presentator,DERIVATIONAL,,undated,6,5,1
talkie-base,restricted,ornamental,False,ornamentals,ORTHOGRAPHIC,,,10,0,1
talkie-base,restricted,ox,False,oxe,ORTHOGRAPHIC,,,2,6,2
talkie-base,restricted,ox,False,oxe,ORTHOGRAPHIC,,,2,6,2
talkie-base,restricted,ox,False,oxc,ORTHOGRAPHIC,,,2,6,2
talkie-base,restricted,parsley,False,parsly,ORTHOGRAPHIC,,,7,1,1
talkie-base,restricted,pass,False,pasa,ORTHOGRAPHIC,,,4,89,1
talkie-base,restricted,pear,False,peare,ORTHOGRAPHIC,,,4,6,3
talkie-base,restricted,pedal,False,pedale,ORTHOGRAPHIC,,,5,4,3
talkie-base,restricted,pinch,False,pinoh,ORTHOGRAPHIC,,,5,6,1
talkie-base,restricted,plume,False,plumcs,ORTHOGRAPHIC,,,5,2,2
talkie-base,restricted,plume,False,plames,ORTHOGRAPHIC,,,5,2,2
talkie-base,restricted,plume,False,piumes,ORTHOGRAPHIC,,,5,2,2
talkie-base,restricted,plume,False,piumes,ORTHOGRAPHIC,,,5,2,13
talkie-base,restricted,polygon,False,polygones,ORTHOGRAPHIC,,,7,0,9
talkie-base,restricted,polygon,False,poligons,ORTHOGRAPHIC,,,7,0,9
talkie-base,restricted,porcelain,False,porcelains,ORTHOGRAPHIC,,,9,2,27
talkie-base,restricted,pouch,False,poutch,ORTHOGRAPHIC,,,5,2,1
talkie-base,restricted,primer,False,priraer,ORTHOGRAPHIC,,,6,0,1
talkie-base,restricted,primer,False,prmier,ORTHOGRAPHIC,,,6,0,1
talkie-base,restricted,progeny,False,progenie,ORTHOGRAPHIC,,,7,2,1
talkie-base,restricted,prop,False,proppe,ORTHOGRAPHIC,,,4,4,3
talkie-base,restricted,proverb,False,proverbe,ORTHOGRAPHIC,,,7,5,1
talkie-base,restricted,proverb,False,preverb,ORTHOGRAPHIC,,,7,5,1
talkie-base,restricted,proverb,False,proyerb,ORTHOGRAPHIC,,,7,5,1
talkie-base,restricted,prudence,False,prudens,ORTHOGRAPHIC,,,8,6,1
talkie-base,restricted,prudence,False,prouidence,ORTHOGRAPHIC,,,8,6,1
talkie-base,restricted,prudence,False,prouidence,ORTHOGRAPHIC,,,8,6,6
talkie-base,restricted,pull,False,pulle,ORTHOGRAPHIC,,,4,51,1
talkie-base,restricted,quadrant,False,quadrat,ORTHOGRAPHIC,,,8,0,1
talkie-base,restricted,quart,False,quartes,ORTHOGRAPHIC,,,5,3,30
talkie-base,restricted,quart,False,quarte,ORTHOGRAPHIC,,,5,3,30
talkie-base,restricted,rack,False,racke,ORTHOGRAPHIC,,,4,9,2
talkie-base,restricted,rack,False,rac,ORTHOGRAPHIC,,,4,9,2
talkie-base,restricted,rack,False,rackc,ORTHOGRAPHIC,,,4,9,2
talkie-base,restricted,rack,False,rackey,ORTHOGRAPHIC,,,4,9,2
talkie-base,restricted,rack,False,racko,ORTHOGRAPHIC,,,4,9,2
talkie-base,restricted,raft,False,rafte,ORTHOGRAPHIC,,,4,4,1
talkie-base,restricted,raft,False,raftin,ORTHOGRAPHIC,,,4,4,1
talkie-base,restricted,raft,False,raftp,ORTHOGRAPHIC,,,4,4,1
talkie-base,restricted,raft,False,raftv,ORTHOGRAPHIC,,,4,4,1
talkie-base,restricted,raft,False,raftr,ORTHOGRAPHIC,,,4,4,1
talkie-base,restricted,raft,False,rafti,ORTHOGRAPHIC,,,4,4,1
talkie-base,restricted,raft,False,raftt,ORTHOGRAPHIC,,,4,4,1
talkie-base,restricted,raft,False,rafta,ORTHOGRAPHIC,,,4,4,1
talkie-base,restricted,raft,False,raftf,ORTHOGRAPHIC,,,4,4,1
talkie-base,restricted,rectify,False,rectifie,ORTHOGRAPHIC,,,7,0,1
talkie-base,restricted,rectum,False,recte,ORTHOGRAPHIC,,,6,0,1
talkie-base,restricted,rectum,False,reetum,ORTHOGRAPHIC,,,6,0,1
talkie-base,restricted,rectum,False,arectum,DERIVATIONAL,,undated,6,0,1
talkie-base,restricted,refinery,False,bloomery,DERIVATIONAL,,undated,8,0,1
talkie-base,restricted,refinery,False,bloomery,DERIVATIONAL,,undated,8,0,1
talkie-base,restricted,reflexive,False,reflectives,INFLECTION,,,9,0,2
talkie-base,restricted,rehearse,False,rehersed,ORTHOGRAPHIC,,,8,1,-1
talkie-base,restricted,rein,False,reine,ORTHOGRAPHIC,,,4,3,1
talkie-base,restricted,rein,False,reyn,ORTHOGRAPHIC,,,4,3,1
talkie-base,restricted,relocation,False,relocations,ORTHOGRAPHIC,,,10,1,1
talkie-base,restricted,relocation,False,relocatio,ORTHOGRAPHIC,,,10,1,1
talkie-base,restricted,relocation,False,reconduction,DERIVATIONAL,,undated,10,1,1
talkie-base,restricted,relocation,False,reletting,DERIVATIONAL,,undated,10,1,1
talkie-base,restricted,remission,False,remision,ORTHOGRAPHIC,,,9,0,1
talkie-base,restricted,rinse,False,drinke,DERIVATIONAL,,undated,5,6,2
talkie-base,restricted,roar,False,roare,ORTHOGRAPHIC,,,4,13,1
talkie-base,restricted,roar,False,rour,ORTHOGRAPHIC,,,4,13,1
talkie-base,restricted,roar,False,roa,ORTHOGRAPHIC,,,4,13,1
talkie-base,restricted,roar,False,roare,ORTHOGRAPHIC,,,4,13,1
talkie-base,restricted,roar,False,eoar,DERIVATIONAL,,undated,4,13,1
talkie-base,restricted,roar,False,roai,ORTHOGRAPHIC,,,4,13,1
talkie-base,restricted,roar,False,toar,DERIVATIONAL,,undated,4,13,1
talkie-base,restricted,roar,False,roer,ORTHOGRAPHIC,,,4,13,1
talkie-base,restricted,roar,False,roat,ORTHOGRAPHIC,,,4,13,1
talkie-base,restricted,roar,False,roare,ORTHOGRAPHIC,,,4,13,1
talkie-base,restricted,roar,False,roa,ORTHOGRAPHIC,,,4,13,1
talkie-base,restricted,roar,False,roai,ORTHOGRAPHIC,,,4,13,1
talkie-base,restricted,roar,False,roarl,ORTHOGRAPHIC,,,4,13,1
talkie-base,restricted,rot,False,rotf,ORTHOGRAPHIC,,,3,8,1
talkie-base,restricted,rot,False,rotp,ORTHOGRAPHIC,,,3,8,1
talkie-base,restricted,rum,False,kum,DERIVATIONAL,,undated,3,3,1
talkie-base,restricted,runway,False,logway,DERIVATIONAL,,undated,6,4,21
talkie-base,restricted,saying,False,þing,ORTHOGRAPHIC,,,6,113,9
talkie-base,restricted,scalp,False,scalpe,ORTHOGRAPHIC,,,5,4,1
talkie-base,restricted,scalp,False,scal,ORTHOGRAPHIC,,,5,4,2
talkie-base,restricted,scalp,False,scalpe,ORTHOGRAPHIC,,,5,4,2
talkie-base,restricted,scalp,False,scalpa,ORTHOGRAPHIC,,,5,4,2
talkie-base,restricted,scarf,False,scarfe,ORTHOGRAPHIC,,,5,4,1
talkie-base,restricted,scarf,False,scart,ORTHOGRAPHIC,,,5,4,1
talkie-base,restricted,scarf,False,skarfe,ORTHOGRAPHIC,,,5,4,1
talkie-base,restricted,scarf,False,scarfé,ORTHOGRAPHIC,,,5,4,1
talkie-base,restricted,scarf,False,scarr,ORTHOGRAPHIC,,,5,4,1
talkie-base,restricted,scarf,False,searfe,ORTHOGRAPHIC,,,5,4,1
talkie-base,restricted,scarf,False,scartfe,ORTHOGRAPHIC,,,5,4,1
talkie-base,restricted,scarf,False,scarfe,ORTHOGRAPHIC,,,5,4,5
talkie-base,restricted,scarf,False,skarfe,ORTHOGRAPHIC,,,5,4,5
talkie-base,restricted,scarf,False,scarffe,ORTHOGRAPHIC,,,5,4,5
talkie-base,restricted,scarf,False,scarre,ORTHOGRAPHIC,,,5,4,5
talkie-base,restricted,scarf,False,scarrfe,ORTHOGRAPHIC,,,5,4,5
talkie-base,restricted,scarf,False,scarrc,ORTHOGRAPHIC,,,5,4,5
talkie-base,restricted,scarf,False,scarff,ORTHOGRAPHIC,,,5,4,5
talkie-base,restricted,scarf,False,scarffe,ORTHOGRAPHIC,,,5,4,1
talkie-base,restricted,scarlet,False,skarlet,ORTHOGRAPHIC,,,7,3,2
talkie-base,restricted,scarlet,False,skarlat,ORTHOGRAPHIC,,,7,3,2
talkie-base,restricted,scarlet,False,scarlat,ORTHOGRAPHIC,,,7,3,2
talkie-base,restricted,scarlet,False,scarlets,ORTHOGRAPHIC,,,7,3,6
talkie-base,restricted,scarlet,False,scariet,ORTHOGRAPHIC,,,7,3,1
talkie-base,restricted,scarlet,False,scarle,ORTHOGRAPHIC,,,7,3,1
talkie-base,restricted,scarlet,False,scarlot,ORTHOGRAPHIC,,,7,3,1
talkie-base,restricted,scarlet,False,scarly,ORTHOGRAPHIC,,,7,3,1
talkie-base,restricted,scarlet,False,scarlie,ORTHOGRAPHIC,,,7,3,1
talkie-base,restricted,scarlet,False,skarlet,ORTHOGRAPHIC,,,7,3,1
talkie-base,restricted,scarlet,False,scarie,ORTHOGRAPHIC,,,7,3,1
talkie-base,restricted,sclerosis,True,synostosis,DERIVATIONAL,,undated,9,2,1
talkie-base,restricted,scorn,False,ſcorn,ORTHOGRAPHIC,,,5,4,3
talkie-base,restricted,scorn,False,fcorn,DERIVATIONAL,,undated,5,4,3
talkie-base,restricted,scorn,False,ſcornd,ORTHOGRAPHIC,,,5,4,3
talkie-base,restricted,scorn,False,icorn,DERIVATIONAL,,undated,5,4,3
talkie-base,restricted,selectivity,False,selectiveness,DERIVATIONAL,,undated,11,1,1
talkie-base,restricted,shed,False,shedno,ORTHOGRAPHIC,,,4,11,1
talkie-base,restricted,shed,False,sbed,ORTHOGRAPHIC,,,4,11,1
talkie-base,restricted,shuttle,False,shuttie,ORTHOGRAPHIC,,,7,0,1
talkie-base,restricted,smallpox,False,smalipox,ORTHOGRAPHIC,,,8,2,1
talkie-base,restricted,soil,False,soila,ORTHOGRAPHIC,,,4,54,3
talkie-base,restricted,solute,False,solutes,ORTHOGRAPHIC,,,6,0,1
talkie-base,restricted,sonnet,False,songe,ORTHOGRAPHIC,,,6,3,20
talkie-base,restricted,sonnet,False,sonet,ORTHOGRAPHIC,,,6,3,20
talkie-base,restricted,sonnet,False,songes,ORTHOGRAPHIC,,,6,3,20
talkie-base,restricted,southward,False,souward,ORTHOGRAPHIC,,,9,8,1
talkie-base,restricted,southward,False,soutward,ORTHOGRAPHIC,,,9,8,1
talkie-base,restricted,southward,False,southerd,ORTHOGRAPHIC,,,9,8,1
talkie-base,restricted,southward,False,sowthward,ORTHOGRAPHIC,,,9,8,1
talkie-base,restricted,southward,False,southwark,ORTHOGRAPHIC,,,9,8,1
talkie-base,restricted,soy,False,soyu,ORTHOGRAPHIC,,,3,1,1
talkie-base,restricted,soy,False,ioy,DERIVATIONAL,,undated,3,1,1
talkie-base,restricted,spur,False,spurrs,ORTHOGRAPHIC,,,4,13,21
talkie-base,restricted,spur,False,spaurs,ORTHOGRAPHIC,,,4,13,21
talkie-base,restricted,spur,False,spurr,ORTHOGRAPHIC,,,4,13,21
talkie-base,restricted,spur,False,spurrs,ORTHOGRAPHIC,,,4,13,2
talkie-base,restricted,spur,False,spui,ORTHOGRAPHIC,,,4,13,2
talkie-base,restricted,spur,False,spursy,ORTHOGRAPHIC,,,4,13,2
talkie-base,restricted,spur,False,ſpur,ORTHOGRAPHIC,,,4,13,1
talkie-base,restricted,spur,False,spurre,ORTHOGRAPHIC,,,4,13,1
talkie-base,restricted,stall,False,stallit,ORTHOGRAPHIC,,,5,18,-1
talkie-base,restricted,starter,False,marter,DERIVATIONAL,,undated,7,3,6
talkie-base,restricted,starter,False,startér,ORTHOGRAPHIC,,,7,3,1
talkie-base,restricted,starter,False,starte,ORTHOGRAPHIC,,,7,3,1
talkie-base,restricted,starter,False,startor,ORTHOGRAPHIC,,,7,3,1
talkie-base,restricted,sterling,False,steriing,ORTHOGRAPHIC,,,8,7,1
talkie-base,restricted,sterling,False,sterhng,ORTHOGRAPHIC,,,8,7,1
talkie-base,restricted,sterling,False,sterlings,ORTHOGRAPHIC,,,8,7,1
talkie-base,restricted,sterling,False,sterlin,ORTHOGRAPHIC,,,8,7,1
talkie-base,restricted,sting,False,phosphorescing,INFLECTION,,,5,5,-1
talkie-base,restricted,stoop,False,stoope,ORTHOGRAPHIC,,,5,4,2
talkie-base,restricted,stoop,False,stoopes,ORTHOGRAPHIC,,,5,4,2
talkie-base,restricted,stoop,False,stoape,ORTHOGRAPHIC,,,5,4,2
talkie-base,restricted,strait,False,straites,ORTHOGRAPHIC,,,6,5,2
talkie-base,restricted,strait,False,streits,ORTHOGRAPHIC,,,6,5,2
talkie-base,restricted,stray,False,ſtray,ORTHOGRAPHIC,,,5,12,1
talkie-base,restricted,stray,False,ftray,DERIVATIONAL,,undated,5,12,1
talkie-base,restricted,stray,False,stra,ORTHOGRAPHIC,,,5,12,1
talkie-base,restricted,stray,False,straj,ORTHOGRAPHIC,,,5,12,1
talkie-base,restricted,stray,False,stroy,ORTHOGRAPHIC,,,5,12,1
talkie-base,restricted,stray,False,ftray,DERIVATIONAL,,undated,5,12,1
talkie-base,restricted,stray,False,strav,ORTHOGRAPHIC,,,5,12,1
talkie-base,restricted,stray,False,ftray,DERIVATIONAL,,undated,5,12,9
talkie-base,restricted,stray,False,ſtray,ORTHOGRAPHIC,,,5,12,9
talkie-base,restricted,stray,False,itray,DERIVATIONAL,,undated,5,12,9
talkie-base,restricted,stray,False,ſtray,ORTHOGRAPHIC,,,5,12,3
talkie-base,restricted,stray,False,ftray,DERIVATIONAL,,undated,5,12,1
talkie-base,restricted,string,False,stringe,ORTHOGRAPHIC,,,6,19,1
talkie-base,restricted,stump,False,stumpes,ORTHOGRAPHIC,,,5,2,6
talkie-base,restricted,stump,False,stumpe,ORTHOGRAPHIC,,,5,2,6
talkie-base,restricted,stump,False,stumpe,ORTHOGRAPHIC,,,5,2,6
talkie-base,restricted,stump,False,stumpes,ORTHOGRAPHIC,,,5,2,6
talkie-base,restricted,stump,False,stumpe,ORTHOGRAPHIC,,,5,2,1
talkie-base,restricted,stump,False,stumpc,ORTHOGRAPHIC,,,5,2,1
talkie-base,restricted,subvert,False,subvertens,ORTHOGRAPHIC,,,7,0,-1
talkie-base,restricted,subvert,False,subuertit,DERIVATIONAL,,undated,7,0,-1
talkie-base,restricted,subvert,False,subvertit,ORTHOGRAPHIC,,,7,0,-1
talkie-base,restricted,subvert,False,subuertet,DERIVATIONAL,,undated,7,0,-1
talkie-base,restricted,subvert,False,subvertet,ORTHOGRAPHIC,,,7,0,-1
talkie-base,restricted,suction,False,coaptation,DERIVATIONAL,,undated,7,1,11
talkie-base,restricted,sufferer,False,suffrer,ORTHOGRAPHIC,,,8,4,5
talkie-base,restricted,summons,False,summonds,ORTHOGRAPHIC,,,7,1,1
talkie-base,restricted,summons,False,summond,ORTHOGRAPHIC,,,7,1,1
talkie-base,restricted,sunrise,False,sunrising,INFLECTION,,,7,10,3
talkie-base,restricted,sunrise,False,simrise,ORTHOGRAPHIC,,,7,10,1
talkie-base,restricted,sunrise,False,sunnse,ORTHOGRAPHIC,,,7,10,1
talkie-base,restricted,sunrise,False,sunri,ORTHOGRAPHIC,,,7,10,1
talkie-base,restricted,sunrise,False,sumrise,ORTHOGRAPHIC,,,7,10,1
talkie-base,restricted,sunrise,False,suntise,ORTHOGRAPHIC,,,7,10,1
talkie-base,restricted,sunrise,False,suurise,ORTHOGRAPHIC,,,7,10,1
talkie-base,restricted,sweet,False,fweet,DERIVATIONAL,,undated,5,69,2
talkie-base,restricted,sweet,False,sweetes,ORTHOGRAPHIC,,,5,69,2
talkie-base,restricted,swelling,False,sivelling,ORTHOGRAPHIC,,,8,11,1
talkie-base,restricted,synonym,False,synonyme,ORTHOGRAPHIC,,,7,3,1
talkie-base,restricted,synonym,False,synonim,ORTHOGRAPHIC,,,7,3,1
talkie-base,restricted,syrup,False,syrop,ORTHOGRAPHIC,,,5,4,1
talkie-base,restricted,syrup,False,syrrup,ORTHOGRAPHIC,,,5,4,1
talkie-base,restricted,syrup,False,syrap,ORTHOGRAPHIC,,,5,4,1
talkie-base,restricted,take,False,tacke,ORTHOGRAPHIC,,,4,610,-1
talkie-base,restricted,tangent,False,tangenty,ORTHOGRAPHIC,,,7,26,1
talkie-base,restricted,tar,False,tarbrush,ORTHOGRAPHIC,,,3,12,1
talkie-base,restricted,tar,False,tarr,ORTHOGRAPHIC,,,3,12,1
talkie-base,restricted,tar,False,lar,DERIVATIONAL,,undated,3,12,1
talkie-base,restricted,tenor,False,tenour,ORTHOGRAPHIC,,,5,6,1
talkie-base,restricted,tenor,False,tenonr,ORTHOGRAPHIC,,,5,6,1
talkie-base,restricted,tenor,False,tenoty,ORTHOGRAPHIC,,,5,6,1
talkie-base,restricted,tenor,False,tenoar,ORTHOGRAPHIC,,,5,6,1
talkie-base,restricted,tensor,False,versor,DERIVATIONAL,,undated,6,0,1
talkie-base,restricted,thrombosis,True,thrombi,INFLECTION,,,10,1,2
talkie-base,restricted,tilt,False,tilte,ORTHOGRAPHIC,,,4,5,2
talkie-base,restricted,tilt,False,tylt,ORTHOGRAPHIC,,,4,5,2
talkie-base,restricted,toast,False,toaſts,ORTHOGRAPHIC,,,5,19,4
talkie-base,restricted,toast,False,toaſt,ORTHOGRAPHIC,,,5,19,4
talkie-base,restricted,toast,False,toaft,ORTHOGRAPHIC,,,5,19,4
talkie-base,restricted,toast,False,toafts,ORTHOGRAPHIC,,,5,19,4
talkie-base,restricted,toast,False,toalt,ORTHOGRAPHIC,,,5,19,4
talkie-base,restricted,touching,False,touche,DERIVATIONAL,,undated,8,15,3
talkie-base,restricted,touching,False,handeling,INFLECTION,,,8,15,3
talkie-base,restricted,touching,False,touchinge,ORTHOGRAPHIC,,,8,15,3
talkie-base,restricted,touching,False,touche,DERIVATIONAL,,undated,8,15,26
talkie-base,restricted,touching,False,touchynge,ORTHOGRAPHIC,,,8,15,26
talkie-base,restricted,touching,False,feling,DERIVATIONAL,,undated,8,15,26
talkie-base,restricted,trance,False,traunce,ORTHOGRAPHIC,,,6,4,32
talkie-base,restricted,triumph,False,triumphe,ORTHOGRAPHIC,,,7,22,1
talkie-base,restricted,tropic,False,tropick,ORTHOGRAPHIC,,,6,3,2
talkie-base,restricted,tropic,False,trepick,ORTHOGRAPHIC,,,6,3,2
talkie-base,restricted,tropic,False,trophick,ORTHOGRAPHIC,,,6,3,2
talkie-base,restricted,tropic,False,tropeck,ORTHOGRAPHIC,,,6,3,2
talkie-base,restricted,tropic,False,tropiek,ORTHOGRAPHIC,,,6,3,2
talkie-base,restricted,tropic,False,tropik,ORTHOGRAPHIC,,,6,3,2
talkie-base,restricted,unfit,False,unmeet,DERIVATIONAL,,undated,5,1,1
talkie-base,restricted,unfit,False,untit,ORTHOGRAPHIC,,,5,1,1
talkie-base,restricted,universality,False,indefectibility,DERIVATIONAL,,undated,12,3,17
talkie-base,restricted,unlock,False,unloek,ORTHOGRAPHIC,,,6,3,1
talkie-base,restricted,untouched,False,unascended,DERIVATIONAL,,undated,9,9,3
talkie-base,restricted,untouched,False,unvisited,DERIVATIONAL,,undated,9,9,3
talkie-base,restricted,untouched,False,undescribed,DERIVATIONAL,,undated,9,9,3
talkie-base,restricted,urn,False,ura,ORTHOGRAPHIC,,,3,2,1
talkie-base,restricted,urn,False,ura,ORTHOGRAPHIC,,,3,2,1
talkie-base,restricted,vantage,False,vantadge,ORTHOGRAPHIC,,,7,6,1
talkie-base,restricted,vantage,False,voiage,DERIVATIONAL,,undated,7,6,1
talkie-base,restricted,vantage,False,yantage,DERIVATIONAL,,undated,7,6,1
talkie-base,restricted,vantage,False,vautage,ORTHOGRAPHIC,,,7,6,1
talkie-base,restricted,vow,False,vowe,ORTHOGRAPHIC,,,3,2,87
talkie-base,restricted,vow,False,vowes,ORTHOGRAPHIC,,,3,2,19
talkie-base,restricted,vow,False,vowes,ORTHOGRAPHIC,,,3,2,4
talkie-base,restricted,vow,False,vowe,ORTHOGRAPHIC,,,3,2,4
talkie-base,restricted,vow,False,vowes,ORTHOGRAPHIC,,,3,2,-1
talkie-base,restricted,vow,False,vowe,ORTHOGRAPHIC,,,3,2,1
talkie-base,restricted,vow,False,vowes,ORTHOGRAPHIC,,,3,2,1
talkie-base,restricted,vow,False,vov,ORTHOGRAPHIC,,,3,2,1
talkie-base,restricted,vow,False,vaw,ORTHOGRAPHIC,,,3,2,1
talkie-base,restricted,vow,False,vowes,ORTHOGRAPHIC,,,3,2,7
talkie-base,restricted,wallet,False,wallett,ORTHOGRAPHIC,,,6,6,1
talkie-base,restricted,warming,False,foddering,INFLECTION,,,7,9,54
talkie-base,restricted,weakly,False,weake,ORTHOGRAPHIC,,,6,3,1
talkie-base,restricted,wear,False,weare,ORTHOGRAPHIC,,,4,35,51
talkie-base,restricted,wet,False,wete,ORTHOGRAPHIC,,,3,53,2
talkie-base,restricted,wet,False,wel,ORTHOGRAPHIC,,,3,53,2
talkie-base,restricted,wet,False,wett,ORTHOGRAPHIC,,,3,53,2
talkie-base,restricted,wet,False,wett,ORTHOGRAPHIC,,,3,53,1
talkie-base,restricted,wet,False,wete,ORTHOGRAPHIC,,,3,53,1
talkie-base,restricted,wet,False,weat,ORTHOGRAPHIC,,,3,53,1
talkie-base,restricted,wet,False,wett,ORTHOGRAPHIC,,,3,53,1
talkie-base,restricted,woe,False,woa,ORTHOGRAPHIC,,,3,5,1
talkie-base,restricted,woe,False,woc,ORTHOGRAPHIC,,,3,5,1
talkie-base,restricted,woe,False,wos,ORTHOGRAPHIC,,,3,5,1
talkie-base,restricted,woe,False,woej,ORTHOGRAPHIC,,,3,5,1
talkie-base,restricted,woe,False,woc,ORTHOGRAPHIC,,,3,5,1
talkie-base,restricted,woe,False,woc,ORTHOGRAPHIC,,,3,5,1
talkie-base,restricted,woe,False,woej,ORTHOGRAPHIC,,,3,5,1
talkie-base,restricted,wreck,False,wreek,ORTHOGRAPHIC,,,5,8,1
talkie-base,restricted,wreck,False,wrcck,ORTHOGRAPHIC,,,5,8,1
talkie-base,restricted,wreck,False,wrec,ORTHOGRAPHIC,,,5,8,1
talkie-base,restricted,wreck,False,wreok,ORTHOGRAPHIC,,,5,8,1
talkie-base,restricted,wreck,False,wreckt,ORTHOGRAPHIC,,,5,8,1
talkie-base,restricted,wreck,False,wrecke,ORTHOGRAPHIC,,,5,8,1
talkie-base,restricted,wreck,False,wracke,ORTHOGRAPHIC,,,5,8,1
talkie-base,restricted,yoga,False,yog,ORTHOGRAPHIC,,,4,1,1
talkie-base,restricted,yoga,False,yóga,ORTHOGRAPHIC,,,4,1,1
talkie-base,restricted,yoga,False,yogam,ORTHOGRAPHIC,,,4,1,1
talkie-base,restricted,yoga,False,yoge,ORTHOGRAPHIC,,,4,1,1
talkie-base,restricted,yoga,False,yōga,ORTHOGRAPHIC,,,4,1,1
talkie-base,restricted,yoke,False,voke,DERIVATIONAL,,undated,4,3,1
talkie-base,restricted,yoke,False,yok,ORTHOGRAPHIC,,,4,3,1
talkie-base,restricted,yoke,False,yohe,ORTHOGRAPHIC,,,4,3,1
talkie-base,restricted,abbey,False,abbies,ORTHOGRAPHIC,,,5,7,4
talkie-base,restricted,abbey,False,abhey,ORTHOGRAPHIC,,,5,7,1
talkie-base,restricted,ablation,False,volatilization,DERIVATIONAL,,undated,8,2,-1
talkie-base,restricted,abort,False,aporte,ORTHOGRAPHIC,,,5,0,-1
talkie-base,restricted,abrasion,False,abusion,ORTHOGRAPHIC,,,8,0,-1
talkie-base,restricted,abreast,False,abrest,ORTHOGRAPHIC,,,7,5,1
talkie-base,restricted,abreast,False,abreaſt,ORTHOGRAPHIC,,,7,5,3
talkie-base,restricted,abreast,False,abreaft,ORTHOGRAPHIC,,,7,5,3
talkie-base,restricted,abyss,False,abysse,ORTHOGRAPHIC,,,5,4,4
talkie-base,restricted,abyss,False,abisse,ORTHOGRAPHIC,,,5,4,4
talkie-base,restricted,abyss,False,abyse,ORTHOGRAPHIC,,,5,4,4
talkie-base,restricted,acceptor,False,accepter,ORTHOGRAPHIC,,,8,0,2
talkie-base,restricted,accretion,False,aggradation,DERIVATIONAL,,undated,9,3,1
talkie-base,restricted,accretion,False,reliction,DERIVATIONAL,,undated,9,3,5
talkie-base,restricted,acquit,False,acquite,ORTHOGRAPHIC,,,6,0,7
talkie-base,restricted,acquit,False,aquite,ORTHOGRAPHIC,,,6,0,7
talkie-base,restricted,acquit,False,acquyte,ORTHOGRAPHIC,,,6,0,7
talkie-base,restricted,adenoma,True,adenomata,ORTHOGRAPHIC,,,7,0,26
talkie-base,restricted,adenoma,True,adenomas,ORTHOGRAPHIC,,,7,0,35
talkie-base,restricted,adenosine,True,hypoxanthine,DERIVATIONAL,,undated,9,0,2
talkie-base,restricted,adventurer,False,adventarers,ORTHOGRAPHIC,,,10,0,7
talkie-base,restricted,adventurer,False,adventurcrs,ORTHOGRAPHIC,,,10,0,7
talkie-base,restricted,adventurer,False,adventuvers,ORTHOGRAPHIC,,,10,0,7
talkie-base,restricted,affluence,False,recompence,DERIVATIONAL,,undated,9,4,2
talkie-base,restricted,affluence,False,expence,DERIVATIONAL,,undated,9,4,2
talkie-base,restricted,affluence,False,opidence,DERIVATIONAL,,undated,9,4,2
talkie-base,restricted,alkyl,False,alkyls,ORTHOGRAPHIC,,,5,0,1
talkie-base,restricted,alkyl,False,alkoxyl,ORTHOGRAPHIC,,,5,0,1
talkie-base,restricted,alveolus,False,alveolo,ORTHOGRAPHIC,,,8,1,1
talkie-base,restricted,analgesia,False,algesia,ORTHOGRAPHIC,,,9,0,1
talkie-base,restricted,angina,False,angma,ORTHOGRAPHIC,,,6,0,1
talkie-base,restricted,answering,False,speking,INFLECTION,,,9,14,22
talkie-base,restricted,answering,False,telleing,DERIVATIONAL,,undated,9,14,22
talkie-base,restricted,answering,False,teching,INFLECTION,,,9,14,22
talkie-base,restricted,answering,False,acording,DERIVATIONAL,,undated,9,14,1
talkie-base,restricted,answering,False,folwing,DERIVATIONAL,,undated,9,14,1
talkie-base,restricted,answering,False,folowing,DERIVATIONAL,,undated,9,14,1
talkie-base,restricted,answering,False,rehersing,DERIVATIONAL,,undated,9,14,1
talkie-base,restricted,arrear,False,arrcar,ORTHOGRAPHIC,,,6,0,2
talkie-base,restricted,arrear,False,arrcars,ORTHOGRAPHIC,,,6,0,2
talkie-base,restricted,arrear,False,arrea,ORTHOGRAPHIC,,,6,0,2
talkie-base,restricted,arrear,False,arrean,ORTHOGRAPHIC,,,6,0,2
talkie-base,restricted,asking,False,askin,ORTHOGRAPHIC,,,6,67,1
talkie-base,restricted,asking,False,woing,DERIVATIONAL,,undated,6,67,1
talkie-base,restricted,asking,False,hauing,DERIVATIONAL,,undated,6,67,1
talkie-base,restricted,atheist,False,atomist,ORTHOGRAPHIC,,,7,0,1
talkie-base,restricted,atheist,False,athiest,ORTHOGRAPHIC,,,7,0,1
talkie-base,restricted,augmentation,False,augmenta,ORTHOGRAPHIC,,,12,0,1
talkie-base,restricted,avail,False,availe,ORTHOGRAPHIC,,,5,4,12
talkie-base,restricted,avail,False,availle,ORTHOGRAPHIC,,,5,4,12
talkie-base,restricted,avail,False,auaile,ORTHOGRAPHIC,,,5,4,12
talkie-base,restricted,avail,False,availl,ORTHOGRAPHIC,,,5,4,12
talkie-base,restricted,avail,False,avayle,ORTHOGRAPHIC,,,5,4,12
talkie-base,restricted,avail,False,availles,ORTHOGRAPHIC,,,5,4,12
talkie-base,restricted,avail,False,availlé,ORTHOGRAPHIC,,,5,4,12
talkie-base,restricted,axle,False,axie,ORTHOGRAPHIC,,,4,5,1
talkie-base,restricted,axle,False,azle,ORTHOGRAPHIC,,,4,5,1
talkie-base,restricted,axle,False,axl,ORTHOGRAPHIC,,,4,5,1
talkie-base,restricted,base,False,brasse,ORTHOGRAPHIC,,,4,91,3
talkie-base,restricted,bay,False,baye,ORTHOGRAPHIC,,,3,57,2
talkie-base,restricted,beak,False,beake,ORTHOGRAPHIC,,,4,0,1
talkie-base,restricted,beak,False,beakc,ORTHOGRAPHIC,,,4,0,1
talkie-base,restricted,beak,False,beakes,ORTHOGRAPHIC,,,4,0,1
talkie-base,restricted,bellow,False,belloweth,ORTHOGRAPHIC,,,6,4,99
talkie-base,restricted,bent,False,bente,ORTHOGRAPHIC,,,4,34,1
talkie-base,restricted,bent,False,bentt,ORTHOGRAPHIC,,,4,34,1
talkie-base,restricted,bent,False,hent,DERIVATIONAL,,undated,4,34,1
talkie-base,restricted,binomial,False,binominall,ORTHOGRAPHIC,,,8,36,14
talkie-base,restricted,blot,False,blott,ORTHOGRAPHIC,,,4,6,1
talkie-base,restricted,blunder,False,blimder,ORTHOGRAPHIC,,,7,2,1
talkie-base,restricted,brew,False,rew,DERIVATIONAL,,undated,4,4,1
talkie-base,restricted,brew,False,bew,ORTHOGRAPHIC,,,4,4,1
talkie-base,restricted,brew,False,brewe,ORTHOGRAPHIC,,,4,4,1
talkie-base,restricted,brink,False,brinke,ORTHOGRAPHIC,,,5,3,4
talkie-base,restricted,brink,False,brynk,ORTHOGRAPHIC,,,5,3,4
talkie-base,restricted,brink,False,brinck,ORTHOGRAPHIC,,,5,3,4
talkie-base,restricted,brood,False,broode,ORTHOGRAPHIC,,,5,9,1
talkie-base,restricted,brood,False,broade,ORTHOGRAPHIC,,,5,9,1
talkie-base,restricted,brood,False,broo,ORTHOGRAPHIC,,,5,9,1
talkie-base,restricted,brood,False,brod,ORTHOGRAPHIC,,,5,9,1
talkie-base,restricted,bushel,False,busliel,ORTHOGRAPHIC,,,6,1,1
talkie-base,restricted,bushel,False,bushe,ORTHOGRAPHIC,,,6,1,1
talkie-base,restricted,bushel,False,bashel,ORTHOGRAPHIC,,,6,1,1
talkie-base,restricted,calling,False,speking,INFLECTION,,,7,45,-1
talkie-base,restricted,causative,False,denominative,DERIVATIONAL,,undated,9,1,2
talkie-base,restricted,centrifugal,False,centrifu,ORTHOGRAPHIC,,,11,1,1
talkie-base,restricted,centrifugal,False,centrifuga,ORTHOGRAPHIC,,,11,1,1
talkie-base,restricted,centrifugal,False,centrifu,ORTHOGRAPHIC,,,11,1,1
talkie-base,restricted,cholinergic,True,acetylenergic,DERIVATIONAL,,undated,11,0,4
talkie-base,restricted,cholinergic,True,cholineergic,ORTHOGRAPHIC,,,11,0,4
talkie-base,restricted,cholinergic,True,acetoergic,DERIVATIONAL,,undated,11,0,4
talkie-base,restricted,cholinergic,True,acetylergic,DERIVATIONAL,,undated,11,0,4
talkie-base,restricted,cholinergic,True,acetolergic,DERIVATIONAL,,undated,11,0,4
talkie-base,restricted,cholinergic,True,acetenergic,DERIVATIONAL,,undated,11,0,4
talkie-base,restricted,circumcision,False,circumcison,ORTHOGRAPHIC,,,12,1,1
talkie-base,restricted,circumcision,False,cireumcision,ORTHOGRAPHIC,,,12,1,1
talkie-base,restricted,claw,False,clawes,ORTHOGRAPHIC,,,4,1,80
talkie-base,restricted,claw,False,clawes,ORTHOGRAPHIC,,,4,1,12
talkie-base,restricted,claw,False,clawes,ORTHOGRAPHIC,,,4,1,16
talkie-base,restricted,claw,False,cla,ORTHOGRAPHIC,,,4,1,1
talkie-base,restricted,collusion,False,collusioun,ORTHOGRAPHIC,,,9,3,3
talkie-base,restricted,commonwealth,False,comnionwealth,ORTHOGRAPHIC,,,12,7,1
talkie-base,restricted,commonwealth,False,commonweath,ORTHOGRAPHIC,,,12,7,1
talkie-base,restricted,commonwealth,False,commouwealth,ORTHOGRAPHIC,,,12,7,1
talkie-base,restricted,commonwealth,False,oommonwealth,DERIVATIONAL,,undated,12,7,1
talkie-base,restricted,commonwealth,False,cominonwealth,ORTHOGRAPHIC,,,12,7,1
talkie-base,restricted,congratulation,False,gratulation,DERIVATIONAL,,undated,14,1,7
talkie-base,restricted,consortium,True,servitium,DERIVATIONAL,,undated,10,0,1
talkie-base,restricted,consortium,True,consorlium,ORTHOGRAPHIC,,,10,0,1
talkie-base,restricted,consortium,True,consorium,ORTHOGRAPHIC,,,10,0,1
talkie-base,restricted,consortium,True,consorsium,ORTHOGRAPHIC,,,10,0,1
talkie-base,restricted,consortium,True,consortum,ORTHOGRAPHIC,,,10,0,1
talkie-base,restricted,consortium,True,consultum,DERIVATIONAL,,undated,10,0,1
talkie-base,restricted,consortium,True,consortiam,ORTHOGRAPHIC,,,10,0,1
talkie-base,restricted,convergent,False,converg,ORTHOGRAPHIC,,,10,0,1
talkie-base,restricted,cornea,False,comea,ORTHOGRAPHIC,,,6,0,1
talkie-base,restricted,cornea,False,cornese,ORTHOGRAPHIC,,,6,0,1
talkie-base,restricted,cornea,False,comea,ORTHOGRAPHIC,,,6,0,1
talkie-base,restricted,deacon,False,deacone,ORTHOGRAPHIC,,,6,5,1
talkie-base,restricted,deacon,False,deac,ORTHOGRAPHIC,,,6,5,1
talkie-base,restricted,deacon,False,deakon,ORTHOGRAPHIC,,,6,5,1
talkie-base,restricted,delicately,False,delicat,ORTHOGRAPHIC,,,10,2,26
talkie-base,restricted,delicately,False,delicatly,ORTHOGRAPHIC,,,10,2,26
talkie-base,restricted,delicately,False,delicateli,ORTHOGRAPHIC,,,10,2,26
talkie-base,restricted,delicately,False,delicatelie,ORTHOGRAPHIC,,,10,2,4
talkie-base,restricted,delicately,False,deintely,DERIVATIONAL,,undated,10,2,4
talkie-base,restricted,determinate,False,determinates,ORTHOGRAPHIC,,,11,1,21
talkie-base,restricted,determinate,False,determinables,INFLECTION,,,11,1,21
talkie-base,restricted,devolve,False,deyolve,ORTHOGRAPHIC,,,7,0,1
talkie-base,restricted,dharma,False,dhamma,ORTHOGRAPHIC,,,6,1,15
talkie-base,restricted,diaper,False,diper,ORTHOGRAPHIC,,,6,0,1
talkie-base,restricted,diaper,False,daper,ORTHOGRAPHIC,,,6,0,1
talkie-base,restricted,disagreeable,False,disagreeables,ORTHOGRAPHIC,,,12,1,5
talkie-base,restricted,dismay,False,diſmay,ORTHOGRAPHIC,,,6,5,2
talkie-base,restricted,dismay,False,difmay,ORTHOGRAPHIC,,,6,5,2
talkie-base,restricted,dismay,False,dilmay,ORTHOGRAPHIC,,,6,5,2
talkie-base,restricted,disparage,False,desparaged,ORTHOGRAPHIC,,,9,0,22
talkie-base,restricted,doom,False,doome,ORTHOGRAPHIC,,,4,3,4
talkie-base,restricted,doom,False,doomc,ORTHOGRAPHIC,,,4,3,4
talkie-base,restricted,driving,False,brimstoning,INFLECTION,,,7,53,1
talkie-base,restricted,drummer,True,drummes,ORTHOGRAPHIC,,,7,2,6
talkie-base,restricted,drummer,True,drommers,ORTHOGRAPHIC,,,7,2,6
talkie-base,restricted,drummer,True,drumes,ORTHOGRAPHIC,,,7,2,6
talkie-base,restricted,drummer,True,drumme,ORTHOGRAPHIC,,,7,2,6
talkie-base,restricted,dung,False,dunghills,ORTHOGRAPHIC,,,4,2,3
talkie-base,restricted,dung,False,dungheaps,ORTHOGRAPHIC,,,4,2,3
talkie-base,restricted,dung,False,dungheap,ORTHOGRAPHIC,,,4,2,3
talkie-base,restricted,earnest,False,earneft,ORTHOGRAPHIC,,,7,18,1
talkie-base,restricted,easement,False,amendement,DERIVATIONAL,,undated,8,2,58
talkie-base,restricted,effector,False,effectors,ORTHOGRAPHIC,,,8,0,48
talkie-base,restricted,elk,False,elke,ORTHOGRAPHIC,,,3,1,17
talkie-base,restricted,empiricism,False,traducianism,DERIVATIONAL,,undated,10,2,1
talkie-base,restricted,empiricism,False,preformationism,DERIVATIONAL,,undated,10,2,1
talkie-base,restricted,empiricism,False,empirieism,ORTHOGRAPHIC,,,10,2,1
talkie-base,restricted,empiricism,False,imitationism,DERIVATIONAL,,undated,10,2,2
talkie-base,restricted,empiricism,False,adoptionism,DERIVATIONAL,,undated,10,2,2
talkie-base,restricted,empiricism,False,acquisitionism,DERIVATIONAL,,undated,10,2,2
talkie-base,restricted,ethyl,False,ethyle,ORTHOGRAPHIC,,,5,4,5
talkie-base,restricted,excise,False,excife,ORTHOGRAPHIC,,,6,4,1
talkie-base,restricted,excise,False,excize,ORTHOGRAPHIC,,,6,4,1
talkie-base,restricted,excise,False,exciſe,ORTHOGRAPHIC,,,6,4,1
talkie-base,restricted,excise,False,excis,ORTHOGRAPHIC,,,6,4,1
talkie-base,restricted,fanatic,False,fanatick,ORTHOGRAPHIC,,,7,0,1
talkie-base,restricted,fatality,False,fatalitie,ORTHOGRAPHIC,,,8,1,1
talkie-base,restricted,figurative,False,figurate,ORTHOGRAPHIC,,,10,5,-1
talkie-base,restricted,fledge,False,fledg,ORTHOGRAPHIC,,,6,0,11
talkie-base,restricted,footprint,False,footmarks,INFLECTION,,,9,0,42
talkie-base,restricted,formalism,False,deductionism,DERIVATIONAL,,undated,9,2,5
talkie-base,restricted,fro,False,froe,ORTHOGRAPHIC,,,3,0,1
talkie-base,restricted,fro,False,froo,ORTHOGRAPHIC,,,3,0,1
talkie-base,restricted,fro,False,froe,ORTHOGRAPHIC,,,3,0,1
talkie-base,restricted,fro,False,froo,ORTHOGRAPHIC,,,3,0,1
talkie-base,restricted,fro,False,fio,ORTHOGRAPHIC,,,3,0,1
talkie-base,restricted,fro,False,firo,ORTHOGRAPHIC,,,3,0,1
talkie-base,restricted,fro,False,fre,ORTHOGRAPHIC,,,3,0,1
talkie-base,restricted,fro,False,fron,ORTHOGRAPHIC,,,3,0,2
talkie-base,restricted,fro,False,froe,ORTHOGRAPHIC,,,3,0,1
talkie-base,restricted,fro,False,froo,ORTHOGRAPHIC,,,3,0,1
talkie-base,restricted,fro,False,fre,ORTHOGRAPHIC,,,3,0,1
talkie-base,restricted,fume,False,gume,DERIVATIONAL,,undated,4,0,1
talkie-base,restricted,galley,False,gallies,ORTHOGRAPHIC,,,6,4,6
talkie-base,restricted,gape,False,gapeth,ORTHOGRAPHIC,,,4,0,-1
talkie-base,restricted,generative,False,germinative,DERIVATIONAL,,undated,10,0,3
talkie-base,restricted,genotype,False,idotype,DERIVATIONAL,,undated,8,0,2
talkie-base,restricted,gin,False,gyn,ORTHOGRAPHIC,,,3,23,11
talkie-base,restricted,gin,False,ginn,ORTHOGRAPHIC,,,3,23,1
talkie-base,restricted,gin,False,ginnery,ORTHOGRAPHIC,,,3,23,1
talkie-base,restricted,gin,False,ginneries,ORTHOGRAPHIC,,,3,23,1
talkie-base,restricted,gin,False,ginhouse,ORTHOGRAPHIC,,,3,23,1
talkie-base,restricted,girdle,False,girdell,ORTHOGRAPHIC,,,6,2,1
talkie-base,restricted,girdle,False,girdel,ORTHOGRAPHIC,,,6,2,1
talkie-base,restricted,girdle,False,gyrdle,ORTHOGRAPHIC,,,6,2,1
talkie-base,restricted,girdle,False,gurdle,ORTHOGRAPHIC,,,6,2,1
talkie-base,restricted,globally,False,dimensionally,DERIVATIONAL,,undated,8,1,-1
talkie-base,restricted,globulin,False,globuline,ORTHOGRAPHIC,,,8,4,9
talkie-base,restricted,globulin,False,globulins,ORTHOGRAPHIC,,,8,4,17
talkie-base,restricted,glycol,False,glycols,ORTHOGRAPHIC,,,6,2,6
talkie-base,restricted,gorge,False,gorg,ORTHOGRAPHIC,,,5,1,1
talkie-base,restricted,gorge,False,gorgé,ORTHOGRAPHIC,,,5,1,1
talkie-base,restricted,grope,False,growe,ORTHOGRAPHIC,,,5,1,1
talkie-base,restricted,grope,False,groe,ORTHOGRAPHIC,,,5,1,1
talkie-base,restricted,gunner,False,gunship,DERIVATIONAL,,undated,6,1,22
talkie-base,restricted,harp,False,harn,ORTHOGRAPHIC,,,4,1,2
talkie-base,restricted,homology,True,homologies,DERIVATIONAL,,undated,8,0,2
talkie-base,restricted,homology,True,homologues,INFLECTION,,,8,0,2
talkie-base,restricted,homology,True,homolog,ORTHOGRAPHIC,,,8,0,1
talkie-base,restricted,homology,True,homœology,ORTHOGRAPHIC,,,8,0,1
talkie-base,restricted,homology,True,homalogy,ORTHOGRAPHIC,,,8,0,1
talkie-base,restricted,homology,True,homologv,ORTHOGRAPHIC,,,8,0,1
talkie-base,restricted,husbandry,False,husbandr,ORTHOGRAPHIC,,,9,2,1
talkie-base,restricted,husbandry,False,husbandiy,ORTHOGRAPHIC,,,9,2,1
talkie-base,restricted,husbandry,False,hushandry,ORTHOGRAPHIC,,,9,2,1
talkie-base,restricted,husbandry,False,husbandrj,ORTHOGRAPHIC,,,9,2,1
talkie-base,restricted,husbandry,False,husbandrie,ORTHOGRAPHIC,,,9,2,1
talkie-base,restricted,husbandry,False,husbandmen,DERIVATIONAL,,undated,9,2,1
talkie-base,restricted,husbandry,False,husbandries,DERIVATIONAL,,undated,9,2,1
talkie-base,restricted,husbandry,False,huſbandry,ORTHOGRAPHIC,,,9,2,1
talkie-base,restricted,hydroxyl,True,hydroxyle,ORTHOGRAPHIC,,,8,0,1
talkie-base,restricted,hydroxyl,True,hydryl,ORTHOGRAPHIC,,,8,0,1
talkie-base,restricted,hydroxyl,True,hydrozyl,ORTHOGRAPHIC,,,8,0,1
talkie-base,restricted,hyperplasia,False,hypergenesis,DERIVATIONAL,,undated,11,1,1
talkie-base,restricted,incense,False,incenſe,ORTHOGRAPHIC,,,7,2,2
talkie-base,restricted,incense,False,incence,ORTHOGRAPHIC,,,7,2,2
talkie-base,restricted,incense,False,incenfe,ORTHOGRAPHIC,,,7,2,2
talkie-base,restricted,incense,False,incens,ORTHOGRAPHIC,,,7,2,2
talkie-base,restricted,incense,False,incente,ORTHOGRAPHIC,,,7,2,2
talkie-base,restricted,incense,False,inccnfe,ORTHOGRAPHIC,,,7,2,2
talkie-base,restricted,incense,False,inſenſe,ORTHOGRAPHIC,,,7,2,2
talkie-base,restricted,incense,False,inccnce,ORTHOGRAPHIC,,,7,2,2
talkie-base,restricted,indivisible,False,undivisible,DERIVATIONAL,,undated,11,1,1
talkie-base,restricted,indivisible,False,indivisable,ORTHOGRAPHIC,,,11,1,1
talkie-base,restricted,inflame,False,enflame,DERIVATIONAL,,undated,7,1,1
talkie-base,restricted,inflame,False,infame,ORTHOGRAPHIC,,,7,1,1
talkie-base,restricted,inflame,False,infiame,ORTHOGRAPHIC,,,7,1,1
talkie-base,restricted,initiator,False,expirator,DERIVATIONAL,,undated,9,2,61
talkie-base,restricted,interlude,False,enterludes,DERIVATIONAL,,undated,9,5,10
talkie-base,restricted,jerk,False,jerke,ORTHOGRAPHIC,,,4,2,1
talkie-base,restricted,jerk,False,jirk,ORTHOGRAPHIC,,,4,2,1
talkie-base,restricted,jerk,False,jer,ORTHOGRAPHIC,,,4,2,1
talkie-base,restricted,jerk,False,yerk,DERIVATIONAL,,undated,4,2,1
talkie-base,restricted,joyful,False,joyfull,ORTHOGRAPHIC,,,6,1,1
talkie-base,restricted,joyful,False,joyfuls,ORTHOGRAPHIC,,,6,1,1
talkie-base,restricted,joyful,False,joiful,ORTHOGRAPHIC,,,6,1,1
talkie-base,restricted,joyful,False,joytul,ORTHOGRAPHIC,,,6,1,1
talkie-base,restricted,keep,False,keepe,ORTHOGRAPHIC,,,4,264,5
talkie-base,restricted,keep,False,keepin,ORTHOGRAPHIC,,,4,264,2
talkie-base,restricted,kite,False,kitc,ORTHOGRAPHIC,,,4,1,1
talkie-base,restricted,kite,False,kito,ORTHOGRAPHIC,,,4,1,1
talkie-base,restricted,labyrinth,False,labyrinthus,ORTHOGRAPHIC,,,9,1,31
talkie-base,restricted,labyrinth,False,labyrinthum,ORTHOGRAPHIC,,,9,1,31
talkie-base,restricted,labyrinth,False,labyrinthi,ORTHOGRAPHIC,,,9,1,31
talkie-base,restricted,labyrinth,False,labyrinthiform,ORTHOGRAPHIC,,,9,1,2
talkie-base,restricted,lame,False,lamc,ORTHOGRAPHIC,,,4,2,1
talkie-base,restricted,larynx,False,larynz,ORTHOGRAPHIC,,,6,0,1
talkie-base,restricted,larynx,False,laryngo,ORTHOGRAPHIC,,,6,0,1
talkie-base,restricted,larynx,False,larnyx,ORTHOGRAPHIC,,,6,0,1
talkie-base,restricted,larynx,False,laryn,ORTHOGRAPHIC,,,6,0,1
talkie-base,restricted,leprosy,False,leproma,ORTHOGRAPHIC,,,7,1,1
talkie-base,restricted,lettuce,False,lettice,ORTHOGRAPHIC,,,7,0,1
talkie-base,restricted,lettuce,False,lettice,ORTHOGRAPHIC,,,7,0,1
talkie-base,restricted,lettuce,False,lettices,ORTHOGRAPHIC,,,7,0,1
talkie-base,restricted,lining,False,hning,DERIVATIONAL,,undated,6,2,1
talkie-base,restricted,lotus,False,lotos,ORTHOGRAPHIC,,,5,1,2
talkie-base,restricted,lotus,False,lotos,ORTHOGRAPHIC,,,5,1,7
talkie-base,restricted,lotus,False,lotos,ORTHOGRAPHIC,,,5,1,1
talkie-base,restricted,lowest,False,lowist,ORTHOGRAPHIC,,,6,13,1
talkie-base,restricted,lowest,False,loweste,ORTHOGRAPHIC,,,6,13,1
talkie-base,restricted,lowest,False,netherest,DERIVATIONAL,,undated,6,13,1
talkie-base,restricted,lumber,False,tymber,DERIVATIONAL,,undated,6,35,6
talkie-base,restricted,lupus,False,jupus,DERIVATIONAL,,undated,5,0,1
talkie-base,restricted,lupus,False,lupis,ORTHOGRAPHIC,,,5,0,1
talkie-base,restricted,lure,False,eure,DERIVATIONAL,,undated,4,7,2
talkie-base,restricted,magnetism,False,magnetical,DERIVATIONAL,,undated,9,8,1
talkie-base,restricted,match,False,matcli,ORTHOGRAPHIC,,,5,41,1
talkie-base,restricted,match,False,matcn,ORTHOGRAPHIC,,,5,41,1
talkie-base,restricted,match,False,mutch,ORTHOGRAPHIC,,,5,41,1
talkie-base,restricted,match,False,mateh,ORTHOGRAPHIC,,,5,41,1
talkie-base,restricted,match,False,matoh,ORTHOGRAPHIC,,,5,41,1
talkie-base,restricted,match,False,matcli,ORTHOGRAPHIC,,,5,41,1
talkie-base,restricted,match,False,matchlocks,ORTHOGRAPHIC,,,5,41,5
talkie-base,restricted,materialist,False,materiarii,DERIVATIONAL,,undated,11,0,64
talkie-base,restricted,materialist,False,materiarians,DERIVATIONAL,,undated,11,0,64
talkie-base,restricted,materialist,False,materialifts,ORTHOGRAPHIC,,,11,0,64
talkie-base,restricted,mathematic,False,mathematici,ORTHOGRAPHIC,,,10,0,-1
talkie-base,restricted,meridian,False,meridan,ORTHOGRAPHIC,,,8,0,1
talkie-base,restricted,microcosm,False,microcosin,ORTHOGRAPHIC,,,9,3,1
talkie-base,restricted,microcosm,False,microcosn,ORTHOGRAPHIC,,,9,3,1
talkie-base,restricted,microcosm,False,microscosm,ORTHOGRAPHIC,,,9,3,42
talkie-base,restricted,millet,False,millett,ORTHOGRAPHIC,,,6,0,3
talkie-base,restricted,millet,False,milke,ORTHOGRAPHIC,,,6,0,3
talkie-base,restricted,misuse,False,misusinge,DERIVATIONAL,,undated,6,5,-1
talkie-base,restricted,mitigation,False,mitigations,ORTHOGRAPHIC,,,10,1,-1
talkie-base,restricted,mockery,False,mockerie,ORTHOGRAPHIC,,,7,2,1
talkie-base,restricted,mockery,False,mockerye,ORTHOGRAPHIC,,,7,2,1
talkie-base,restricted,mockery,False,mockeric,ORTHOGRAPHIC,,,7,2,1
talkie-base,restricted,monoclonal,False,monoclone,ORTHOGRAPHIC,,,10,0,-1
talkie-base,restricted,monoclonal,False,monophyletic,DERIVATIONAL,,undated,10,0,-1
talkie-base,restricted,monsoon,False,mousoon,ORTHOGRAPHIC,,,7,3,1
talkie-base,restricted,monsoon,False,monsoous,ORTHOGRAPHIC,,,7,3,1
talkie-base,restricted,monsoon,False,monsoou,ORTHOGRAPHIC,,,7,3,1
talkie-base,restricted,mow,False,mowe,ORTHOGRAPHIC,,,3,0,-1
talkie-base,restricted,mow,False,mowe,ORTHOGRAPHIC,,,3,0,1
talkie-base,restricted,mow,False,mowe,ORTHOGRAPHIC,,,3,0,13
talkie-base,restricted,mow,False,mowes,ORTHOGRAPHIC,,,3,0,3
talkie-base,restricted,mow,False,moweth,ORTHOGRAPHIC,,,3,0,3
talkie-base,restricted,mud,False,mudded,ORTHOGRAPHIC,,,3,32,3
talkie-base,restricted,mud,False,mudden,ORTHOGRAPHIC,,,3,32,3
talkie-base,restricted,mute,False,mude,ORTHOGRAPHIC,,,4,3,1
talkie-base,restricted,mute,False,mue,ORTHOGRAPHIC,,,4,3,1
talkie-base,restricted,napkin,False,napkiu,ORTHOGRAPHIC,,,6,3,1
talkie-base,restricted,napkin,False,napkia,ORTHOGRAPHIC,,,6,3,1
talkie-base,restricted,nay,False,nav,ORTHOGRAPHIC,,,3,2,1
talkie-base,restricted,nay,False,naye,ORTHOGRAPHIC,,,3,2,1
talkie-base,restricted,nay,False,naye,ORTHOGRAPHIC,,,3,2,1
talkie-base,restricted,nay,False,naye,ORTHOGRAPHIC,,,3,2,1
talkie-base,restricted,nay,False,naye,ORTHOGRAPHIC,,,3,2,1
talkie-base,restricted,nay,False,nav,ORTHOGRAPHIC,,,3,2,1
talkie-base,restricted,nay,False,naye,ORTHOGRAPHIC,,,3,2,21
talkie-base,restricted,nay,False,nav,ORTHOGRAPHIC,,,3,2,1
talkie-base,restricted,nay,False,naye,ORTHOGRAPHIC,,,3,2,1
talkie-base,restricted,nay,False,nav,ORTHOGRAPHIC,,,3,2,1
talkie-base,restricted,nay,False,naye,ORTHOGRAPHIC,,,3,2,1
talkie-base,restricted,nay,False,nayl,ORTHOGRAPHIC,,,3,2,1
talkie-base,restricted,nay,False,nayp,ORTHOGRAPHIC,,,3,2,1
talkie-base,restricted,nay,False,nav,ORTHOGRAPHIC,,,3,2,1
talkie-base,restricted,nay,False,nayl,ORTHOGRAPHIC,,,3,2,1
talkie-base,restricted,nay,False,nayf,ORTHOGRAPHIC,,,3,2,1
talkie-base,restricted,nay,False,nayr,ORTHOGRAPHIC,,,3,2,1
talkie-base,restricted,nay,False,nav,ORTHOGRAPHIC,,,3,2,1
talkie-base,restricted,nay,False,nayl,ORTHOGRAPHIC,,,3,2,1
talkie-base,restricted,nay,False,naye,ORTHOGRAPHIC,,,3,2,1
talkie-base,restricted,nay,False,nayes,ORTHOGRAPHIC,,,3,2,7
talkie-base,restricted,nay,False,nav,ORTHOGRAPHIC,,,3,2,1
talkie-base,restricted,nay,False,naye,ORTHOGRAPHIC,,,3,2,1
talkie-base,restricted,nay,False,nae,ORTHOGRAPHIC,,,3,2,1
talkie-base,restricted,nay,False,naye,ORTHOGRAPHIC,,,3,2,1
talkie-base,restricted,nay,False,nav,ORTHOGRAPHIC,,,3,2,1
talkie-base,restricted,nay,False,nav,ORTHOGRAPHIC,,,3,2,1
talkie-base,restricted,nay,False,naye,ORTHOGRAPHIC,,,3,2,1
talkie-base,restricted,nay,False,nav,ORTHOGRAPHIC,,,3,2,1
talkie-base,restricted,nay,False,naye,ORTHOGRAPHIC,,,3,2,1
talkie-base,restricted,neutrophil,False,oxyphile,DERIVATIONAL,,undated,10,0,98
talkie-base,restricted,neutrophil,False,chromophile,DERIVATIONAL,,undated,10,0,98
talkie-base,restricted,neutrophil,False,neutrophiles,ORTHOGRAPHIC,,,10,0,-1
talkie-base,restricted,nigger,False,niggur,ORTHOGRAPHIC,,,6,12,1
talkie-base,restricted,no,False,noo,ORTHOGRAPHIC,,,2,2139,2
talkie-base,restricted,nominally,False,nominatively,DERIVATIONAL,,undated,9,3,22
talkie-base,restricted,oar,False,oares,ORTHOGRAPHIC,,,3,0,7
talkie-base,restricted,obituary,False,obitual,ORTHOGRAPHIC,,,8,0,2
talkie-base,restricted,obituary,False,obitual,ORTHOGRAPHIC,,,8,0,1
talkie-base,restricted,obituary,False,obituarium,DERIVATIONAL,,undated,8,0,1
talkie-base,restricted,occipital,False,occipitis,ORTHOGRAPHIC,,,9,2,2
talkie-base,restricted,occipital,False,occipitalis,ORTHOGRAPHIC,,,9,2,2
talkie-base,restricted,octave,False,octayes,ORTHOGRAPHIC,,,6,2,7
talkie-base,restricted,oldest,False,myghtiest,DERIVATIONAL,,undated,6,14,-1
talkie-base,restricted,oldest,False,hyest,DERIVATIONAL,,undated,6,14,-1
talkie-base,restricted,oldest,False,myghtest,DERIVATIONAL,,undated,6,14,-1
talkie-base,restricted,oldest,False,myghttest,DERIVATIONAL,,undated,6,14,-1
talkie-base,restricted,oldest,False,eldeſt,ORTHOGRAPHIC,,,6,14,6
talkie-base,restricted,oldest,False,eldeft,DERIVATIONAL,,undated,6,14,6
talkie-base,restricted,omen,False,omin,ORTHOGRAPHIC,,,4,2,1
talkie-base,restricted,opacity,False,opacitie,ORTHOGRAPHIC,,,7,0,2
talkie-base,restricted,open,False,oper,ORTHOGRAPHIC,,,4,318,3
talkie-base,restricted,open-ended,False,openminded,ORTHOGRAPHIC,,,10,1,-1
talkie-base,restricted,oratory,False,oratoire,ORTHOGRAPHIC,,,7,3,1
talkie-base,restricted,oratory,False,oratoire,ORTHOGRAPHIC,,,7,3,1
talkie-base,restricted,outwardly,False,outwarde,ORTHOGRAPHIC,,,9,3,-1
talkie-base,restricted,overdue,False,everdue,DERIVATIONAL,,undated,7,2,1
talkie-base,restricted,overtone,False,overtonic,ORTHOGRAPHIC,,,8,0,1
talkie-base,restricted,overtone,False,overnote,ORTHOGRAPHIC,,,8,0,1
talkie-base,restricted,pale,False,palle,ORTHOGRAPHIC,,,4,58,1
talkie-base,restricted,pale,False,palice,ORTHOGRAPHIC,,,4,58,-1
talkie-base,restricted,palsy,False,palesy,ORTHOGRAPHIC,,,5,2,1
talkie-base,restricted,palsy,False,palsey,ORTHOGRAPHIC,,,5,2,1
talkie-base,restricted,palsy,False,palsie,ORTHOGRAPHIC,,,5,2,1
talkie-base,restricted,palsy,False,palsye,ORTHOGRAPHIC,,,5,2,1
talkie-base,restricted,palsy,False,palsi,ORTHOGRAPHIC,,,5,2,1
talkie-base,restricted,palsy,False,palesey,ORTHOGRAPHIC,,,5,2,1
talkie-base,restricted,palsy,False,parlesy,ORTHOGRAPHIC,,,5,2,1
talkie-base,restricted,palsy,False,palesye,ORTHOGRAPHIC,,,5,2,1
talkie-base,restricted,pang,False,panges,ORTHOGRAPHIC,,,4,0,12
talkie-base,restricted,parenchyma,False,parenchymes,ORTHOGRAPHIC,,,10,4,1
talkie-base,restricted,parenchyma,False,parenchymatous,ORTHOGRAPHIC,,,10,4,1
talkie-base,restricted,parenchyma,False,parenchymas,ORTHOGRAPHIC,,,10,4,1
talkie-base,restricted,parietal,False,parietals,ORTHOGRAPHIC,,,8,0,3
talkie-base,restricted,parietal,False,parieto,ORTHOGRAPHIC,,,8,0,1
talkie-base,restricted,paw,False,pawes,ORTHOGRAPHIC,,,3,3,3
talkie-base,restricted,paw,False,pawe,ORTHOGRAPHIC,,,3,3,3
talkie-base,restricted,pedestal,False,pedestai,ORTHOGRAPHIC,,,8,5,1
talkie-base,restricted,penance,False,pennance,ORTHOGRAPHIC,,,7,5,1
talkie-base,restricted,penance,False,penaunce,ORTHOGRAPHIC,,,7,5,1
talkie-base,restricted,penance,False,pennaunce,ORTHOGRAPHIC,,,7,5,1
talkie-base,restricted,perch,False,perche,ORTHOGRAPHIC,,,5,1,55
talkie-base,restricted,peroxide,True,protoxide,DERIVATIONAL,,undated,8,2,5
talkie-base,restricted,pew,False,pewa,ORTHOGRAPHIC,,,3,0,2
talkie-base,restricted,phenol,False,phenic,ORTHOGRAPHIC,,,6,0,1
talkie-base,restricted,phenol,False,phenols,ORTHOGRAPHIC,,,6,0,49
talkie-base,restricted,pie,False,pyet,ORTHOGRAPHIC,,,3,14,1
talkie-base,restricted,pinch,False,pincn,ORTHOGRAPHIC,,,5,6,1
talkie-base,restricted,pinch,False,binch,DERIVATIONAL,,undated,5,6,1
talkie-base,restricted,pinch,False,linch,DERIVATIONAL,,undated,5,6,1
talkie-base,restricted,placental,False,placentalia,ORTHOGRAPHIC,,,9,0,2
talkie-base,restricted,pleading,False,pleadings,ORTHOGRAPHIC,,,8,12,2
talkie-base,restricted,poetical,False,poeticall,ORTHOGRAPHIC,,,8,0,4
talkie-base,restricted,poker,False,rokers,INFLECTION,,,5,6,13
talkie-base,restricted,polish,False,poliſh,ORTHOGRAPHIC,,,6,19,12
talkie-base,restricted,polish,False,polifh,ORTHOGRAPHIC,,,6,19,12
talkie-base,restricted,politique,False,politiques,ORTHOGRAPHIC,,,9,0,96
talkie-base,restricted,porter,False,scenter,DERIVATIONAL,,undated,6,17,-1
talkie-base,restricted,positron,True,metron,DERIVATIONAL,,undated,8,0,36
talkie-base,restricted,positron,True,protron,DERIVATIONAL,,undated,8,0,36
talkie-base,restricted,poster,False,poste,ORTHOGRAPHIC,,,6,4,1
talkie-base,restricted,poured,False,outpoured,DERIVATIONAL,,undated,6,29,2
talkie-base,restricted,prefix,False,prefixede,ORTHOGRAPHIC,,,6,0,-1
talkie-base,restricted,prey,False,preye,ORTHOGRAPHIC,,,4,7,1
talkie-base,restricted,prick,False,prickt,ORTHOGRAPHIC,,,5,2,4
talkie-base,restricted,profane,False,prophane,ORTHOGRAPHIC,,,7,1,1
talkie-base,restricted,profane,False,profan,ORTHOGRAPHIC,,,7,1,1
talkie-base,restricted,profane,False,profaine,ORTHOGRAPHIC,,,7,1,1
talkie-base,restricted,profane,False,profain,ORTHOGRAPHIC,,,7,1,1
talkie-base,restricted,profane,False,profene,ORTHOGRAPHIC,,,7,1,1
talkie-base,restricted,profane,False,frophane,DERIVATIONAL,,undated,7,1,1
talkie-base,restricted,pudding,False,pudden,ORTHOGRAPHIC,,,7,0,2
talkie-base,restricted,pudding,False,puddin,ORTHOGRAPHIC,,,7,0,2
talkie-base,restricted,quartet,False,quartett,ORTHOGRAPHIC,,,7,9,1
talkie-base,restricted,radicalism,False,toryism,DERIVATIONAL,,undated,10,4,1
talkie-base,restricted,rake,False,raken,ORTHOGRAPHIC,,,4,11,-1
talkie-base,restricted,rake,False,wraken,DERIVATIONAL,,undated,4,11,-1
talkie-base,restricted,rancher,False,ranchmen,ORTHOGRAPHIC,,,7,15,-1
talkie-base,restricted,ransom,False,ransomes,ORTHOGRAPHIC,,,6,5,3
talkie-base,restricted,ransom,False,ransome,ORTHOGRAPHIC,,,6,5,3
talkie-base,restricted,ransom,False,ranson,ORTHOGRAPHIC,,,6,5,3
talkie-base,restricted,ransom,False,ranfoms,ORTHOGRAPHIC,,,6,5,-1
talkie-base,restricted,ransom,False,ranſoms,ORTHOGRAPHIC,,,6,5,-1
talkie-base,restricted,ransom,False,ransome,ORTHOGRAPHIC,,,6,5,1
talkie-base,restricted,ransom,False,ranson,ORTHOGRAPHIC,,,6,5,1
talkie-base,restricted,ransom,False,ranfom,ORTHOGRAPHIC,,,6,5,1
talkie-base,restricted,rash,False,rashe,ORTHOGRAPHIC,,,4,1,1
talkie-base,restricted,rash,False,rauish,ORTHOGRAPHIC,,,4,1,1
talkie-base,restricted,rash,False,rashc,ORTHOGRAPHIC,,,4,1,1
talkie-base,restricted,recessive,False,recessire,ORTHOGRAPHIC,,,9,0,1
talkie-base,restricted,recoil,False,recoyl,ORTHOGRAPHIC,,,6,5,2
talkie-base,restricted,recoil,False,reſoil,ORTHOGRAPHIC,,,6,5,2
talkie-base,restricted,recoil,False,reco,ORTHOGRAPHIC,,,6,5,1
talkie-base,restricted,rector,False,reetor,ORTHOGRAPHIC,,,6,33,1
talkie-base,restricted,redress,False,redrefs,ORTHOGRAPHIC,,,7,2,1
talkie-base,restricted,redress,False,redreſs,ORTHOGRAPHIC,,,7,2,1
talkie-base,restricted,redress,False,redresse,ORTHOGRAPHIC,,,7,2,15
talkie-base,restricted,reel,False,reele,ORTHOGRAPHIC,,,4,2,1
talkie-base,restricted,reel,False,reell,ORTHOGRAPHIC,,,4,2,1
talkie-base,restricted,reel,False,reell,ORTHOGRAPHIC,,,4,2,1
talkie-base,restricted,reel,False,reell,ORTHOGRAPHIC,,,4,2,2
talkie-base,restricted,reel,False,reell,ORTHOGRAPHIC,,,4,2,1
talkie-base,restricted,reel,False,reele,ORTHOGRAPHIC,,,4,2,23
talkie-base,restricted,reel,False,reele,ORTHOGRAPHIC,,,4,2,1
talkie-base,restricted,reel,False,reell,ORTHOGRAPHIC,,,4,2,1
talkie-base,restricted,referee,False,beferees,DERIVATIONAL,,undated,7,1,26
talkie-base,restricted,referee,False,eeferees,DERIVATIONAL,,undated,7,1,26
talkie-base,restricted,referee,False,keferees,DERIVATIONAL,,undated,7,1,26
talkie-base,restricted,referee,False,heferees,DERIVATIONAL,,undated,7,1,26
talkie-base,restricted,referee,False,eeference,DERIVATIONAL,,undated,7,1,26
talkie-base,restricted,refraction,False,refractions,ORTHOGRAPHIC,,,10,1,1
talkie-base,restricted,refund,False,refunde,ORTHOGRAPHIC,,,6,22,5
talkie-base,restricted,refund,False,refun,ORTHOGRAPHIC,,,6,22,5
talkie-base,restricted,rein,False,reind,ORTHOGRAPHIC,,,4,3,1
talkie-base,restricted,rein,False,reia,ORTHOGRAPHIC,,,4,3,1
talkie-base,restricted,remittance,False,remittence,ORTHOGRAPHIC,,,10,0,1
talkie-base,restricted,remittance,False,remittall,DERIVATIONAL,,undated,10,0,1
talkie-base,restricted,remove,False,remov,ORTHOGRAPHIC,,,6,58,10
talkie-base,restricted,repose,False,repofe,ORTHOGRAPHIC,,,6,2,1
talkie-base,restricted,repose,False,repoſe,ORTHOGRAPHIC,,,6,2,1
talkie-base,restricted,repose,False,repote,ORTHOGRAPHIC,,,6,2,1
talkie-base,restricted,repose,False,repoie,ORTHOGRAPHIC,,,6,2,1
talkie-base,restricted,repose,False,repore,ORTHOGRAPHIC,,,6,2,1
talkie-base,restricted,repose,False,repole,ORTHOGRAPHIC,,,6,2,1
talkie-base,restricted,repulsion,False,eepulsion,DERIVATIONAL,,undated,9,1,1
talkie-base,restricted,repulsion,False,pulsion,DERIVATIONAL,,undated,9,1,1
talkie-base,restricted,respite,False,merite,DERIVATIONAL,,undated,7,2,-1
talkie-base,restricted,rest,False,restes,ORTHOGRAPHIC,,,4,163,2
talkie-base,restricted,rest,False,reste,ORTHOGRAPHIC,,,4,163,2
talkie-base,restricted,restitution,False,restitutio,ORTHOGRAPHIC,,,11,1,3
talkie-base,restricted,retrograde,False,retrogade,ORTHOGRAPHIC,,,10,3,1
talkie-base,restricted,retrograde,False,retrograd,ORTHOGRAPHIC,,,10,3,1
talkie-base,restricted,retrograde,False,retrogradiue,ORTHOGRAPHIC,,,10,3,1
talkie-base,restricted,retrograde,False,retrogradive,ORTHOGRAPHIC,,,10,3,1
talkie-base,restricted,retrograde,False,retrogra,ORTHOGRAPHIC,,,10,3,1
talkie-base,restricted,retrograde,False,retrogradine,ORTHOGRAPHIC,,,10,3,1
talkie-base,restricted,riding,False,cucking,DERIVATIONAL,,undated,6,45,1
talkie-base,restricted,riding,False,kneling,DERIVATIONAL,,undated,6,45,20
talkie-base,restricted,riding,False,rysing,ORTHOGRAPHIC,,,6,45,20
talkie-base,restricted,riding,False,eting,DERIVATIONAL,,undated,6,45,20
talkie-base,restricted,riding,False,ryding,ORTHOGRAPHIC,,,6,45,20
talkie-base,restricted,riding,False,knelying,DERIVATIONAL,,undated,6,45,20
talkie-base,restricted,riding,False,ridinge,ORTHOGRAPHIC,,,6,45,6
talkie-base,restricted,rift,False,kift,DERIVATIONAL,,undated,4,1,1
talkie-base,restricted,rising,False,riseing,ORTHOGRAPHIC,,,6,62,1
talkie-base,restricted,rising,False,risings,ORTHOGRAPHIC,,,6,62,9
talkie-base,restricted,rising,False,risings,ORTHOGRAPHIC,,,6,62,22
talkie-base,restricted,rising,False,riseings,ORTHOGRAPHIC,,,6,62,22
talkie-base,restricted,roast,False,rost,ORTHOGRAPHIC,,,5,10,1
talkie-base,restricted,roast,False,roastings,ORTHOGRAPHIC,,,5,10,4
talkie-base,restricted,rolling,False,rollings,ORTHOGRAPHIC,,,7,19,5
talkie-base,restricted,rot,False,fot,DERIVATIONAL,,undated,3,8,73
talkie-base,restricted,rot,False,rott,ORTHOGRAPHIC,,,3,8,2
talkie-base,restricted,rubric,False,rubrick,ORTHOGRAPHIC,,,6,1,1
talkie-base,restricted,rue,False,rne,ORTHOGRAPHIC,,,3,6,1
talkie-base,restricted,rue,False,ruc,ORTHOGRAPHIC,,,3,6,1
talkie-base,restricted,rue,False,rua,ORTHOGRAPHIC,,,3,6,1
talkie-base,restricted,ruled,False,ruld,ORTHOGRAPHIC,,,5,31,1
talkie-base,restricted,ruled,False,ruledy,ORTHOGRAPHIC,,,5,31,1
talkie-base,restricted,ruled,False,ruied,ORTHOGRAPHIC,,,5,31,1
talkie-base,restricted,ruled,False,ruied,ORTHOGRAPHIC,,,5,31,1
talkie-base,restricted,ruled,False,raled,ORTHOGRAPHIC,,,5,31,1
talkie-base,restricted,rusty,False,rusti,ORTHOGRAPHIC,,,5,8,74
talkie-base,restricted,sac,False,sae,ORTHOGRAPHIC,,,3,8,1
talkie-base,restricted,salt,False,falt,DERIVATIONAL,,undated,4,46,4
talkie-base,restricted,saw,False,sawe,ORTHOGRAPHIC,,,3,352,-1
talkie-base,restricted,saw,False,faw,DERIVATIONAL,,undated,3,352,3
talkie-base,restricted,saw,False,ſaw,ORTHOGRAPHIC,,,3,352,3
talkie-base,restricted,saw,False,sawes,ORTHOGRAPHIC,,,3,352,4
talkie-base,restricted,say,False,saye,ORTHOGRAPHIC,,,3,504,2
talkie-base,restricted,say,False,asay,DERIVATIONAL,,undated,3,504,2
talkie-base,restricted,schism,False,schisme,ORTHOGRAPHIC,,,6,1,7
talkie-base,restricted,schism,False,schismes,ORTHOGRAPHIC,,,6,1,7
talkie-base,restricted,schism,False,schisin,ORTHOGRAPHIC,,,6,1,1
talkie-base,restricted,schism,False,scbism,ORTHOGRAPHIC,,,6,1,1
talkie-base,restricted,schism,False,schi,ORTHOGRAPHIC,,,6,1,1
talkie-base,restricted,schism,False,schiam,ORTHOGRAPHIC,,,6,1,1
talkie-base,restricted,schism,False,scliism,ORTHOGRAPHIC,,,6,1,1
talkie-base,restricted,scold,False,ſcold,ORTHOGRAPHIC,,,5,0,1
talkie-base,restricted,sealed,False,seeled,ORTHOGRAPHIC,,,6,13,1
talkie-base,restricted,sealed,False,sealled,ORTHOGRAPHIC,,,6,13,1
talkie-base,restricted,sealed,False,ſealed,ORTHOGRAPHIC,,,6,13,1
talkie-base,restricted,sealed,False,fealed,INFLECTION,,,6,13,1
talkie-base,restricted,sealed,False,seald,ORTHOGRAPHIC,,,6,13,1
talkie-base,restricted,sealed,False,seuled,ORTHOGRAPHIC,,,6,13,1
talkie-base,restricted,see,False,sete,ORTHOGRAPHIC,,,3,772,2
talkie-base,restricted,see,False,sele,ORTHOGRAPHIC,,,3,772,2
talkie-base,restricted,see,False,sye,ORTHOGRAPHIC,,,3,772,2
talkie-base,restricted,see,False,seye,ORTHOGRAPHIC,,,3,772,2
talkie-base,restricted,see,False,sege,ORTHOGRAPHIC,,,3,772,2
talkie-base,restricted,see,False,sete,ORTHOGRAPHIC,,,3,772,2
talkie-base,restricted,see,False,seet,ORTHOGRAPHIC,,,3,772,2
talkie-base,restricted,see,False,sete,ORTHOGRAPHIC,,,3,772,24
talkie-base,restricted,self-defence,False,selfdefence,ORTHOGRAPHIC,,,12,0,-1
talkie-base,restricted,semblance,False,semblants,ORTHOGRAPHIC,,,9,2,10
talkie-base,restricted,semblance,False,semblaunts,DERIVATIONAL,,undated,9,2,10
talkie-base,restricted,semblance,False,semblantes,ORTHOGRAPHIC,,,9,2,10
talkie-base,restricted,semblance,False,semelants,DERIVATIONAL,,undated,9,2,10
talkie-base,restricted,semblance,False,semelances,ORTHOGRAPHIC,,,9,2,10
talkie-base,restricted,semblance,False,semblaunces,ORTHOGRAPHIC,,,9,2,10
talkie-base,restricted,semblance,False,semblant,ORTHOGRAPHIC,,,9,2,10
talkie-base,restricted,sentry,False,centry,DERIVATIONAL,,undated,6,6,9
talkie-base,restricted,separatist,False,separationists,INFLECTION,,,10,0,16
talkie-base,restricted,sequel,False,sequell,ORTHOGRAPHIC,,,6,1,3
talkie-base,restricted,sequel,False,sequele,ORTHOGRAPHIC,,,6,1,3
talkie-base,restricted,sequel,False,sequell,ORTHOGRAPHIC,,,6,1,1
talkie-base,restricted,sequel,False,sequele,ORTHOGRAPHIC,,,6,1,1
talkie-base,restricted,sequel,False,sequell,ORTHOGRAPHIC,,,6,1,1
talkie-base,restricted,sequel,False,sequele,ORTHOGRAPHIC,,,6,1,1
talkie-base,restricted,sequel,False,sequeu,ORTHOGRAPHIC,,,6,1,1
talkie-base,restricted,sequel,False,sequeil,ORTHOGRAPHIC,,,6,1,1
talkie-base,restricted,sequel,False,seque,ORTHOGRAPHIC,,,6,1,1
talkie-base,restricted,serene,False,seren,ORTHOGRAPHIC,,,6,10,1
talkie-base,restricted,serene,False,serent,ORTHOGRAPHIC,,,6,10,1
talkie-base,restricted,serene,False,serein,ORTHOGRAPHIC,,,6,10,1
talkie-base,restricted,serene,False,sereine,ORTHOGRAPHIC,,,6,10,1
talkie-base,restricted,serene,False,serean,ORTHOGRAPHIC,,,6,10,1
talkie-base,restricted,serene,False,serem,ORTHOGRAPHIC,,,6,10,1
talkie-base,restricted,serene,False,serend,ORTHOGRAPHIC,,,6,10,1
talkie-base,restricted,sexism,False,hitlerism,DERIVATIONAL,,undated,6,0,-1
talkie-base,restricted,shopper,False,shopman,DERIVATIONAL,,undated,7,1,1
talkie-base,restricted,sickle,False,sickies,ORTHOGRAPHIC,,,6,0,2
talkie-base,restricted,sinking,False,downsetting,DERIVATIONAL,,undated,7,6,32
talkie-base,restricted,siren,False,syrens,ORTHOGRAPHIC,,,5,1,-1
talkie-base,restricted,siren,False,syrens,ORTHOGRAPHIC,,,5,1,2
talkie-base,restricted,siren,False,syren,ORTHOGRAPHIC,,,5,1,2
talkie-base,restricted,slain,False,slayn,ORTHOGRAPHIC,,,5,0,1
talkie-base,restricted,slain,False,slaine,ORTHOGRAPHIC,,,5,0,1
talkie-base,restricted,slain,False,slains,ORTHOGRAPHIC,,,5,0,-1
talkie-base,restricted,small,False,smallar,ORTHOGRAPHIC,,,5,542,87
talkie-base,restricted,small,False,smalar,ORTHOGRAPHIC,,,5,542,87
talkie-base,restricted,soprano,False,soprana,ORTHOGRAPHIC,,,7,6,1
talkie-base,restricted,sore,False,sorwe,ORTHOGRAPHIC,,,4,10,9
talkie-base,restricted,sounding,False,ſounding,ORTHOGRAPHIC,,,8,3,1
talkie-base,restricted,spa,False,spaw,ORTHOGRAPHIC,,,3,2,3
talkie-base,restricted,spa,False,spau,ORTHOGRAPHIC,,,3,2,3
talkie-base,restricted,spa,False,spaa,ORTHOGRAPHIC,,,3,2,3
talkie-base,restricted,spectre,False,spectres,ORTHOGRAPHIC,,,7,1,4
talkie-base,restricted,spent,False,spen,ORTHOGRAPHIC,,,5,104,1
talkie-base,restricted,spent,False,spenr,ORTHOGRAPHIC,,,5,104,1
talkie-base,restricted,spent,False,spenl,ORTHOGRAPHIC,,,5,104,1
talkie-base,restricted,spent,False,ſpent,ORTHOGRAPHIC,,,5,104,1
talkie-base,restricted,spent,False,spcnt,ORTHOGRAPHIC,,,5,104,1
talkie-base,restricted,spent,False,sprent,ORTHOGRAPHIC,,,5,104,1
talkie-base,restricted,spent,False,speni,ORTHOGRAPHIC,,,5,104,1
talkie-base,restricted,spent,False,spents,ORTHOGRAPHIC,,,5,104,1
talkie-base,restricted,spent,False,shent,ORTHOGRAPHIC,,,5,104,1
talkie-base,restricted,spent,False,drent,DERIVATIONAL,,undated,5,104,1
talkie-base,restricted,spent,False,spente,ORTHOGRAPHIC,,,5,104,1
talkie-base,restricted,spent,False,spente,ORTHOGRAPHIC,,,5,104,1
talkie-base,restricted,splint,False,splents,ORTHOGRAPHIC,,,6,0,11
talkie-base,restricted,spoil,False,spoyls,ORTHOGRAPHIC,,,5,3,2
talkie-base,restricted,spoil,False,spoyle,ORTHOGRAPHIC,,,5,3,2
talkie-base,restricted,spoil,False,spoyl,ORTHOGRAPHIC,,,5,3,2
talkie-base,restricted,spoil,False,spoiles,ORTHOGRAPHIC,,,5,3,2
talkie-base,restricted,spoil,False,ſpoils,ORTHOGRAPHIC,,,5,3,2
talkie-base,restricted,spoil,False,spoile,ORTHOGRAPHIC,,,5,3,2
talkie-base,restricted,spoil,False,ſpoil,ORTHOGRAPHIC,,,5,3,2
talkie-base,restricted,spoil,False,ſpoil,ORTHOGRAPHIC,,,5,3,1
talkie-base,restricted,spoil,False,spoi,ORTHOGRAPHIC,,,5,3,1
talkie-base,restricted,spoil,False,spoiles,ORTHOGRAPHIC,,,5,3,6
talkie-base,restricted,spoil,False,spoyls,ORTHOGRAPHIC,,,5,3,6
talkie-base,restricted,spoil,False,spoiis,ORTHOGRAPHIC,,,5,3,6
talkie-base,restricted,spoil,False,fpoil,DERIVATIONAL,,undated,5,3,1
talkie-base,restricted,spoil,False,fpoils,DERIVATIONAL,,undated,5,3,1
talkie-base,restricted,spoil,False,ſpoil,ORTHOGRAPHIC,,,5,3,1
talkie-base,restricted,spoil,False,ſpoils,ORTHOGRAPHIC,,,5,3,1
talkie-base,restricted,spoil,False,spoi,ORTHOGRAPHIC,,,5,3,1
talkie-base,restricted,spoil,False,spoyle,ORTHOGRAPHIC,,,5,3,14
talkie-base,restricted,spoil,False,spoile,ORTHOGRAPHIC,,,5,3,14
talkie-base,restricted,spoil,False,spoyle,ORTHOGRAPHIC,,,5,3,10
talkie-base,restricted,spoil,False,spoile,ORTHOGRAPHIC,,,5,3,10
talkie-base,restricted,spoil,False,spoiles,ORTHOGRAPHIC,,,5,3,10
talkie-base,restricted,spoil,False,ſpoile,ORTHOGRAPHIC,,,5,3,10
talkie-base,restricted,stay,False,staye,ORTHOGRAPHIC,,,4,113,2
talkie-base,restricted,steep,False,stecp,ORTHOGRAPHIC,,,5,13,1
talkie-base,restricted,steep,False,stecp,ORTHOGRAPHIC,,,5,13,1
talkie-base,restricted,steep,False,stecp,ORTHOGRAPHIC,,,5,13,1
talkie-base,restricted,steep,False,stesp,ORTHOGRAPHIC,,,5,13,1
talkie-base,restricted,steep,False,stcep,ORTHOGRAPHIC,,,5,13,1
talkie-base,restricted,stew,False,stewe,ORTHOGRAPHIC,,,4,5,1
talkie-base,restricted,stew,False,ſtew,ORTHOGRAPHIC,,,4,5,1
talkie-base,restricted,stew,False,stewes,ORTHOGRAPHIC,,,4,5,1
talkie-base,restricted,stew,False,ftew,DERIVATIONAL,,undated,4,5,1
talkie-base,restricted,stew,False,stewes,ORTHOGRAPHIC,,,4,5,70
talkie-base,restricted,stew,False,stewes,ORTHOGRAPHIC,,,4,5,1
talkie-base,restricted,stew,False,stewe,ORTHOGRAPHIC,,,4,5,1
talkie-base,restricted,sting,False,stinges,ORTHOGRAPHIC,,,5,5,3
talkie-base,restricted,sting,False,stingea,ORTHOGRAPHIC,,,5,5,3
talkie-base,restricted,sting,False,stingcs,ORTHOGRAPHIC,,,5,5,3
talkie-base,restricted,sting,False,stinga,ORTHOGRAPHIC,,,5,5,3
talkie-base,restricted,sting,False,stinget,ORTHOGRAPHIC,,,5,5,3
talkie-base,restricted,sting,False,stingee,ORTHOGRAPHIC,,,5,5,3
talkie-base,restricted,sting,False,stingos,ORTHOGRAPHIC,,,5,5,3
talkie-base,restricted,sting,False,stingi,ORTHOGRAPHIC,,,5,5,3
talkie-base,restricted,streak,False,steek,ORTHOGRAPHIC,,,6,10,85
talkie-base,restricted,streak,False,streek,ORTHOGRAPHIC,,,6,10,85
talkie-base,restricted,structuralist,False,structureist,ORTHOGRAPHIC,,,13,0,11
talkie-base,restricted,stud,False,studds,ORTHOGRAPHIC,,,4,7,4
talkie-base,restricted,stud,False,studa,ORTHOGRAPHIC,,,4,7,4
talkie-base,restricted,stud,False,studes,ORTHOGRAPHIC,,,4,7,4
talkie-base,restricted,stud,False,studi,ORTHOGRAPHIC,,,4,7,4
talkie-base,restricted,subscript,False,subscriptum,ORTHOGRAPHIC,,,9,0,1
talkie-base,restricted,subscript,False,fubfcript,DERIVATIONAL,,undated,9,0,1
talkie-base,restricted,subscript,False,subscriptum,ORTHOGRAPHIC,,,9,0,1
talkie-base,restricted,sullen,False,sullens,ORTHOGRAPHIC,,,6,9,-1
talkie-base,restricted,sunflower,False,sunneflower,ORTHOGRAPHIC,,,9,0,1
talkie-base,restricted,sunflower,False,sunfloure,DERIVATIONAL,,undated,9,0,1
talkie-base,restricted,superstructure,False,suprastructure,ORTHOGRAPHIC,,,14,1,1
talkie-base,restricted,superstructure,False,extrastructure,DERIVATIONAL,,undated,14,1,1
talkie-base,restricted,superstructure,False,intrastructure,DERIVATIONAL,,undated,14,1,1
talkie-base,restricted,superstructure,False,overstructure,DERIVATIONAL,,undated,14,1,1
talkie-base,restricted,supine,False,supe,ORTHOGRAPHIC,,,6,1,1
talkie-base,restricted,supine,False,supme,ORTHOGRAPHIC,,,6,1,1
talkie-base,restricted,supine,False,supinc,ORTHOGRAPHIC,,,6,1,1
talkie-base,restricted,supine,False,supiue,ORTHOGRAPHIC,,,6,1,1
talkie-base,restricted,surety,False,surete,ORTHOGRAPHIC,,,6,0,3
talkie-base,restricted,surety,False,suretie,ORTHOGRAPHIC,,,6,0,3
talkie-base,restricted,surety,False,surey,ORTHOGRAPHIC,,,6,0,3
talkie-base,restricted,surety,False,sureie,ORTHOGRAPHIC,,,6,0,3
talkie-base,restricted,surety,False,suretee,ORTHOGRAPHIC,,,6,0,3
talkie-base,restricted,surmise,False,surmize,ORTHOGRAPHIC,,,7,1,74
talkie-base,restricted,surmise,False,ſurmiſe,ORTHOGRAPHIC,,,7,1,82
talkie-base,restricted,surmise,False,ſurmize,ORTHOGRAPHIC,,,7,1,82
talkie-base,restricted,surmount,False,surmounte,ORTHOGRAPHIC,,,8,1,1
talkie-base,restricted,swan,False,swanne,ORTHOGRAPHIC,,,4,3,1
talkie-base,restricted,swan,False,swann,ORTHOGRAPHIC,,,4,3,1
talkie-base,restricted,swan,False,swyan,ORTHOGRAPHIC,,,4,3,1
talkie-base,restricted,swan,False,swane,ORTHOGRAPHIC,,,4,3,1
talkie-base,restricted,swan,False,swyn,ORTHOGRAPHIC,,,4,3,1
talkie-base,restricted,swan,False,swanne,ORTHOGRAPHIC,,,4,3,1
talkie-base,restricted,swan,False,swanne,ORTHOGRAPHIC,,,4,3,1
talkie-base,restricted,swan,False,swaine,ORTHOGRAPHIC,,,4,3,1
talkie-base,restricted,swan,False,swane,ORTHOGRAPHIC,,,4,3,1
talkie-base,restricted,swan,False,swanne,ORTHOGRAPHIC,,,4,3,1
talkie-base,restricted,tack,False,taok,ORTHOGRAPHIC,,,4,4,1
talkie-base,restricted,tactile,False,tactiles,ORTHOGRAPHIC,,,7,2,4
talkie-base,restricted,tail,False,taile,ORTHOGRAPHIC,,,4,24,30
talkie-base,restricted,taint,False,taintsd,ORTHOGRAPHIC,,,5,1,4
talkie-base,restricted,taint,False,tain,ORTHOGRAPHIC,,,5,1,4
talkie-base,restricted,tally,False,taly,ORTHOGRAPHIC,,,5,4,7
talkie-base,restricted,tally,False,tallye,ORTHOGRAPHIC,,,5,4,7
talkie-base,restricted,tame,False,tamej,ORTHOGRAPHIC,,,4,5,1
talkie-base,restricted,testator,False,testators,ORTHOGRAPHIC,,,8,0,2
talkie-base,restricted,thaw,False,thawe,ORTHOGRAPHIC,,,4,6,1
talkie-base,restricted,thaw,False,thawme,ORTHOGRAPHIC,,,4,6,1
talkie-base,restricted,thaw,False,thau,ORTHOGRAPHIC,,,4,6,1
talkie-base,restricted,thaw,False,thawc,ORTHOGRAPHIC,,,4,6,1
talkie-base,restricted,thump,False,thumpt,ORTHOGRAPHIC,,,5,3,12
talkie-base,restricted,thump,False,thumpd,ORTHOGRAPHIC,,,5,3,12
talkie-base,restricted,thump,False,thumd,ORTHOGRAPHIC,,,5,3,12
talkie-base,restricted,toad,False,toade,ORTHOGRAPHIC,,,4,4,1
talkie-base,restricted,toad,False,toadc,ORTHOGRAPHIC,,,4,4,1
talkie-base,restricted,toad,False,tooade,ORTHOGRAPHIC,,,4,4,1
talkie-base,restricted,toad,False,tooad,ORTHOGRAPHIC,,,4,4,1
talkie-base,restricted,toad,False,toadé,ORTHOGRAPHIC,,,4,4,1
talkie-base,restricted,toleration,False,tolleration,ORTHOGRAPHIC,,,10,1,1
talkie-base,restricted,topple,False,toppy,ORTHOGRAPHIC,,,6,1,6
talkie-base,restricted,topple,False,toppleth,ORTHOGRAPHIC,,,6,1,6
talkie-base,restricted,torpedo,False,torpeda,ORTHOGRAPHIC,,,7,1,1
talkie-base,restricted,torpedo,False,torpedoe,ORTHOGRAPHIC,,,7,1,1
talkie-base,restricted,transpire,False,tranfpire,ORTHOGRAPHIC,,,9,0,4
talkie-base,restricted,transpire,False,tranſpire,ORTHOGRAPHIC,,,9,0,4
talkie-base,restricted,triglyceride,True,glycerides,INFLECTION,,,12,0,-1
talkie-base,restricted,triglyceride,True,trihydric,DERIVATIONAL,,undated,12,0,-1
talkie-base,restricted,triglyceride,True,glycerides,INFLECTION,,,12,0,-1
talkie-base,restricted,trillion,False,decillion,DERIVATIONAL,,undated,8,1,1
talkie-base,restricted,trillion,False,trilion,ORTHOGRAPHIC,,,8,1,1
talkie-base,restricted,trillion,False,trillious,ORTHOGRAPHIC,,,8,1,3
talkie-base,restricted,trillion,False,trillons,ORTHOGRAPHIC,,,8,1,3
talkie-base,restricted,trillion,False,triilions,ORTHOGRAPHIC,,,8,1,3
talkie-base,restricted,trillion,False,decillion,DERIVATIONAL,,undated,8,1,4
talkie-base,restricted,trim,False,trym,ORTHOGRAPHIC,,,4,20,1
talkie-base,restricted,trim,False,trimme,ORTHOGRAPHIC,,,4,20,1
talkie-base,restricted,trim,False,trime,ORTHOGRAPHIC,,,4,20,1
talkie-base,restricted,trim,False,trimme,ORTHOGRAPHIC,,,4,20,1
talkie-base,restricted,trot,False,trotte,ORTHOGRAPHIC,,,4,12,4
talkie-base,restricted,trot,False,trott,ORTHOGRAPHIC,,,4,12,4
talkie-base,restricted,trot,False,trote,ORTHOGRAPHIC,,,4,12,4
talkie-base,restricted,turning,False,swouning,DERIVATIONAL,,undated,7,75,2
talkie-base,restricted,turning,False,liuing,DERIVATIONAL,,undated,7,75,21
talkie-base,restricted,umbilical,False,umbilicated,INFLECTION,,,9,0,50
talkie-base,restricted,unborn,False,unform,ORTHOGRAPHIC,,,6,4,1
talkie-base,restricted,unborn,False,unbuilt,DERIVATIONAL,,undated,6,4,1
talkie-base,restricted,unison,False,vnison,DERIVATIONAL,,undated,6,3,1
talkie-base,restricted,unison,False,uuison,ORTHOGRAPHIC,,,6,3,1
talkie-base,restricted,unison,False,umson,ORTHOGRAPHIC,,,6,3,1
talkie-base,restricted,unjustified,False,unimpeached,DERIVATIONAL,,undated,11,1,-1
talkie-base,restricted,unsaturated,False,unappropriated,DERIVATIONAL,,undated,11,2,2
talkie-base,restricted,unsaturated,False,unprovided,DERIVATIONAL,,undated,11,2,2
talkie-base,restricted,untrue,False,imtrue,DERIVATIONAL,,undated,6,2,1
talkie-base,restricted,untrue,False,untrae,ORTHOGRAPHIC,,,6,2,1
talkie-base,restricted,untrue,False,untme,ORTHOGRAPHIC,,,6,2,1
talkie-base,restricted,urethra,False,ureters,ORTHOGRAPHIC,,,7,1,1
talkie-base,restricted,usurp,False,usurpe,ORTHOGRAPHIC,,,5,1,1
talkie-base,restricted,usurp,False,usuip,ORTHOGRAPHIC,,,5,1,1
talkie-base,restricted,valour,False,valure,ORTHOGRAPHIC,,,6,0,19
talkie-base,restricted,valour,False,valure,ORTHOGRAPHIC,,,6,0,70
talkie-base,restricted,valour,False,valoure,ORTHOGRAPHIC,,,6,0,70
talkie-base,restricted,vent,False,vente,ORTHOGRAPHIC,,,4,10,3
talkie-base,restricted,vent,False,veut,ORTHOGRAPHIC,,,4,10,2
talkie-base,restricted,vent,False,ventage,ORTHOGRAPHIC,,,4,10,1
talkie-base,restricted,vent,False,yent,DERIVATIONAL,,undated,4,10,1
talkie-base,restricted,vex,False,vext,ORTHOGRAPHIC,,,3,1,1
talkie-base,restricted,vex,False,vez,ORTHOGRAPHIC,,,3,1,1
talkie-base,restricted,vigilance,False,vigilancie,ORTHOGRAPHIC,,,9,4,22
talkie-base,restricted,vile,False,vyle,ORTHOGRAPHIC,,,4,5,1
talkie-base,restricted,vile,False,vil,ORTHOGRAPHIC,,,4,5,1
talkie-base,restricted,vile,False,vild,ORTHOGRAPHIC,,,4,5,1
talkie-base,restricted,vile,False,yile,DERIVATIONAL,,undated,4,5,1
talkie-base,restricted,vile,False,vite,ORTHOGRAPHIC,,,4,5,1
talkie-base,restricted,vile,False,gile,DERIVATIONAL,,undated,4,5,2
talkie-base,restricted,violet,False,vellet,ORTHOGRAPHIC,,,6,7,17
talkie-base,restricted,wade,False,vade,DERIVATIONAL,,undated,4,2,1
talkie-base,restricted,waking,False,wakings,ORTHOGRAPHIC,,,6,11,2
talkie-base,restricted,waking,False,wakeing,ORTHOGRAPHIC,,,6,11,1
talkie-base,restricted,waking,False,wakin,ORTHOGRAPHIC,,,6,11,1
talkie-base,restricted,warp,False,warpe,ORTHOGRAPHIC,,,4,4,2
talkie-base,restricted,warp,False,warpc,ORTHOGRAPHIC,,,4,4,2
talkie-base,restricted,warp,False,warepe,ORTHOGRAPHIC,,,4,4,2
talkie-base,restricted,warp,False,warrpe,ORTHOGRAPHIC,,,4,4,2
talkie-base,restricted,warp,False,warep,ORTHOGRAPHIC,,,4,4,2
talkie-base,restricted,warp,False,warpe,ORTHOGRAPHIC,,,4,4,1
talkie-base,restricted,warp,False,warpe,ORTHOGRAPHIC,,,4,4,6
talkie-base,restricted,wearing,False,attyring,DERIVATIONAL,,undated,7,47,3
talkie-base,restricted,well,False,dwelle,DERIVATIONAL,,undated,4,897,-1
talkie-base,restricted,wharf,False,wharfes,ORTHOGRAPHIC,,,5,4,8
talkie-base,restricted,wharf,False,wharfe,ORTHOGRAPHIC,,,5,4,8
talkie-base,restricted,wharf,False,wharffs,ORTHOGRAPHIC,,,5,4,8
talkie-base,restricted,whine,False,rine,DERIVATIONAL,,undated,5,4,-1
talkie-base,restricted,wig,False,wigj,ORTHOGRAPHIC,,,3,1,1
talkie-base,restricted,woo,False,wooe,ORTHOGRAPHIC,,,3,3,1
talkie-base,restricted,wrest,False,wreast,ORTHOGRAPHIC,,,5,1,1
talkie-base,restricted,wrest,False,wreft,ORTHOGRAPHIC,,,5,1,1
talkie-base,restricted,wrest,False,wreste,ORTHOGRAPHIC,,,5,1,1
talkie-base,restricted,wring,False,wronge,ORTHOGRAPHIC,,,5,2,-1
talkie-base,restricted,wring,False,wringed,ORTHOGRAPHIC,,,5,2,-1
talkie-base,restricted,wring,False,bringe,DERIVATIONAL,,undated,5,2,-1
talkie-base,restricted,wrong,False,wron,ORTHOGRAPHIC,,,5,129,1
talkie-base,restricted,wrong,False,wrongm,ORTHOGRAPHIC,,,5,129,1
talkie-base,restricted,wrong,False,wrongd,ORTHOGRAPHIC,,,5,129,1
talkie-base,restricted,wrong,False,wroog,ORTHOGRAPHIC,,,5,129,1
talkie-base,restricted,wrong,False,wronge,ORTHOGRAPHIC,,,5,129,1
talkie-base,restricted,acquittal,False,acquital,ORTHOGRAPHIC,,,9,2,1
talkie-base,restricted,acquittal,False,acquittai,ORTHOGRAPHIC,,,9,2,1
talkie-base,restricted,acquittal,False,acauittal,ORTHOGRAPHIC,,,9,2,1
talkie-base,restricted,acquittal,False,acquitta,ORTHOGRAPHIC,,,9,2,1
talkie-base,restricted,acquittal,False,aequittal,ORTHOGRAPHIC,,,9,2,1
talkie-base,restricted,adder,False,addar,ORTHOGRAPHIC,,,5,0,1
talkie-base,restricted,adenine,True,neurine,DERIVATIONAL,,undated,7,0,23
talkie-base,restricted,adenine,True,hypoxanthine,DERIVATIONAL,,undated,7,0,23
talkie-base,restricted,adenine,True,oxyneurine,DERIVATIONAL,,undated,7,0,23
talkie-base,restricted,aerospace,False,electrospace,DERIVATIONAL,,undated,9,4,2
talkie-base,restricted,aerospace,False,radiospace,DERIVATIONAL,,undated,9,4,2
talkie-base,restricted,afloat,False,awork,DERIVATIONAL,,undated,6,7,3
talkie-base,restricted,afresh,False,afreſh,ORTHOGRAPHIC,,,6,2,6
talkie-base,restricted,alcove,False,alcoye,ORTHOGRAPHIC,,,6,0,1
talkie-base,restricted,alight,False,alighten,ORTHOGRAPHIC,,,6,3,1
talkie-base,restricted,alight,False,alyght,ORTHOGRAPHIC,,,6,3,1
talkie-base,restricted,allay,False,allayd,ORTHOGRAPHIC,,,5,2,1
talkie-base,restricted,allay,False,allaid,ORTHOGRAPHIC,,,5,2,1
talkie-base,restricted,amide,False,amides,ORTHOGRAPHIC,,,5,1,9
talkie-base,restricted,amide,False,amines,ORTHOGRAPHIC,,,5,1,9
talkie-base,restricted,amiss,False,amisse,ORTHOGRAPHIC,,,5,2,12
talkie-base,restricted,amiss,False,amiſs,ORTHOGRAPHIC,,,5,2,12
talkie-base,restricted,amiss,False,amis,ORTHOGRAPHIC,,,5,2,12
talkie-base,restricted,amiss,False,amiſs,ORTHOGRAPHIC,,,5,2,11
talkie-base,restricted,amiss,False,amis,ORTHOGRAPHIC,,,5,2,1
talkie-base,restricted,amiss,False,amies,ORTHOGRAPHIC,,,5,2,1
talkie-base,restricted,amiss,False,amisa,ORTHOGRAPHIC,,,5,2,1
talkie-base,restricted,amiss,False,amis,ORTHOGRAPHIC,,,5,2,1
talkie-base,restricted,amiss,False,amies,ORTHOGRAPHIC,,,5,2,1
talkie-base,restricted,amiss,False,amisa,ORTHOGRAPHIC,,,5,2,1
talkie-base,restricted,amiss,False,amias,ORTHOGRAPHIC,,,5,2,1
talkie-base,restricted,amiss,False,amis,ORTHOGRAPHIC,,,5,2,1
talkie-base,restricted,amulet,False,amuletum,ORTHOGRAPHIC,,,6,1,8
talkie-base,restricted,anvil,False,anvile,ORTHOGRAPHIC,,,5,1,3
talkie-base,restricted,anvil,False,anvills,ORTHOGRAPHIC,,,5,1,3
talkie-base,restricted,anvil,False,anvill,ORTHOGRAPHIC,,,5,1,3
talkie-base,restricted,anvil,False,anviles,ORTHOGRAPHIC,,,5,1,3
talkie-base,restricted,arteriole,False,arterioles,ORTHOGRAPHIC,,,9,0,53
talkie-base,restricted,atheism,False,atheisme,ORTHOGRAPHIC,,,7,0,2
talkie-base,restricted,atheism,False,atheisnie,DERIVATIONAL,,undated,7,0,2
talkie-base,restricted,atheism,False,atheifme,ORTHOGRAPHIC,,,7,0,2
talkie-base,restricted,atheism,False,attheisme,ORTHOGRAPHIC,,,7,0,2
talkie-base,restricted,atheism,False,atheiſme,ORTHOGRAPHIC,,,7,0,2
talkie-base,restricted,atheism,False,atlieisme,DERIVATIONAL,,undated,7,0,2
talkie-base,restricted,atheism,False,atheisine,DERIVATIONAL,,undated,7,0,2
talkie-base,restricted,balk,False,balkt,ORTHOGRAPHIC,,,4,0,24
talkie-base,restricted,balk,False,balke,ORTHOGRAPHIC,,,4,0,24
talkie-base,restricted,balk,False,baulkt,ORTHOGRAPHIC,,,4,0,24
talkie-base,restricted,balk,False,balckt,ORTHOGRAPHIC,,,4,0,24
talkie-base,restricted,biosphere,False,protosphere,DERIVATIONAL,,undated,9,0,1
talkie-base,restricted,biosphere,False,plasmosphere,DERIVATIONAL,,undated,9,0,1
talkie-base,restricted,blush,False,blushe,ORTHOGRAPHIC,,,5,2,1
talkie-base,restricted,blush,False,blusli,ORTHOGRAPHIC,,,5,2,1
talkie-base,restricted,blush,False,blusb,ORTHOGRAPHIC,,,5,2,1
talkie-base,restricted,blush,False,blnsh,ORTHOGRAPHIC,,,5,2,1
talkie-base,restricted,blush,False,bluſh,ORTHOGRAPHIC,,,5,2,1
talkie-base,restricted,bran,False,branne,ORTHOGRAPHIC,,,4,1,1
talkie-base,restricted,bran,False,braune,ORTHOGRAPHIC,,,4,1,1
talkie-base,restricted,brim,False,brimme,ORTHOGRAPHIC,,,4,4,1
talkie-base,restricted,brim,False,brime,ORTHOGRAPHIC,,,4,4,1
talkie-base,restricted,brim,False,brimm,ORTHOGRAPHIC,,,4,4,1
talkie-base,restricted,brim,False,biim,ORTHOGRAPHIC,,,4,4,1
talkie-base,restricted,brim,False,hrim,DERIVATIONAL,,undated,4,4,1
talkie-base,restricted,brunt,False,brunts,ORTHOGRAPHIC,,,5,1,25
talkie-base,restricted,buttress,False,butresses,DERIVATIONAL,,undated,8,0,11
talkie-base,restricted,caribou,False,cariboo,ORTHOGRAPHIC,,,7,0,1
talkie-base,restricted,casserole,False,dariole,DERIVATIONAL,,undated,9,0,5
talkie-base,restricted,catholic,False,catholici,ORTHOGRAPHIC,,,8,84,10
talkie-base,restricted,catholic,False,catholice,ORTHOGRAPHIC,,,8,84,10
talkie-base,restricted,catholic,False,catholict,ORTHOGRAPHIC,,,8,84,10
talkie-base,restricted,catholic,False,cathol,ORTHOGRAPHIC,,,8,84,10
talkie-base,restricted,catholic,False,catholiei,ORTHOGRAPHIC,,,8,84,10
talkie-base,restricted,catholic,False,catholica,ORTHOGRAPHIC,,,8,84,10
talkie-base,restricted,chloroform,False,chloroforme,ORTHOGRAPHIC,,,10,0,-1
talkie-base,restricted,choline,True,cholin,ORTHOGRAPHIC,,,7,0,1
talkie-base,restricted,choline,True,cholic,ORTHOGRAPHIC,,,7,0,1
talkie-base,restricted,choline,True,biline,DERIVATIONAL,,undated,7,0,1
talkie-base,restricted,clout,False,clowt,ORTHOGRAPHIC,,,5,1,1
talkie-base,restricted,clout,False,cloute,ORTHOGRAPHIC,,,5,1,1
talkie-base,restricted,clout,False,clowte,ORTHOGRAPHIC,,,5,1,1
talkie-base,restricted,clout,False,cloot,ORTHOGRAPHIC,,,5,1,1
talkie-base,restricted,coaster,False,coastmen,ORTHOGRAPHIC,,,7,0,-1
talkie-base,restricted,coaster,False,coasties,ORTHOGRAPHIC,,,7,0,-1
talkie-base,restricted,cocoon,False,cocon,ORTHOGRAPHIC,,,6,3,1
talkie-base,restricted,cocoon,False,cooon,ORTHOGRAPHIC,,,6,3,1
talkie-base,restricted,cocoon,False,cokoon,ORTHOGRAPHIC,,,6,3,1
talkie-base,restricted,coffer,False,cofer,ORTHOGRAPHIC,,,6,0,4
talkie-base,restricted,cornice,False,corniſh,ORTHOGRAPHIC,,,7,0,1
talkie-base,restricted,cornice,False,cornifh,ORTHOGRAPHIC,,,7,0,1
talkie-base,restricted,cornice,False,corniche,ORTHOGRAPHIC,,,7,0,1
talkie-base,restricted,cornice,False,cornich,ORTHOGRAPHIC,,,7,0,1
talkie-base,restricted,cornice,False,cornith,ORTHOGRAPHIC,,,7,0,1
talkie-base,restricted,cornice,False,cornilh,ORTHOGRAPHIC,,,7,0,1
talkie-base,restricted,cornice,False,comice,ORTHOGRAPHIC,,,7,0,1
talkie-base,restricted,cornice,False,corniſhe,ORTHOGRAPHIC,,,7,0,1
talkie-base,restricted,corporal,False,corporall,ORTHOGRAPHIC,,,8,4,1
talkie-base,restricted,corporal,False,corperall,ORTHOGRAPHIC,,,8,4,1
talkie-base,restricted,craze,False,cracke,ORTHOGRAPHIC,,,5,2,-1
talkie-base,restricted,dame,False,dammes,ORTHOGRAPHIC,,,4,7,3
talkie-base,restricted,daze,False,dazle,ORTHOGRAPHIC,,,4,0,1
talkie-base,restricted,daze,False,dase,ORTHOGRAPHIC,,,4,0,1
talkie-base,restricted,daze,False,dazel,ORTHOGRAPHIC,,,4,0,1
talkie-base,restricted,daze,False,daz,ORTHOGRAPHIC,,,4,0,1
talkie-base,restricted,daze,False,dazell,ORTHOGRAPHIC,,,4,0,1
talkie-base,restricted,daze,False,dazc,ORTHOGRAPHIC,,,4,0,1
talkie-base,restricted,debatable,False,debateable,ORTHOGRAPHIC,,,9,1,2
talkie-base,restricted,decorum,False,decoram,ORTHOGRAPHIC,,,7,2,1
talkie-base,restricted,diphtheria,False,diphtheritis,DERIVATIONAL,,undated,10,0,2
talkie-base,restricted,diphtheria,False,diphtheritic,DERIVATIONAL,,undated,10,0,2
talkie-base,restricted,diphtheria,False,diphtheritis,DERIVATIONAL,,undated,10,0,1
talkie-base,restricted,diphtheria,False,diphtheritic,DERIVATIONAL,,undated,10,0,1
talkie-base,restricted,diphtheria,False,diphtheroid,ORTHOGRAPHIC,,,10,0,1
talkie-base,restricted,disclaimer,True,disclamer,ORTHOGRAPHIC,,,10,1,1
talkie-base,restricted,disorderly,False,disordery,ORTHOGRAPHIC,,,10,3,1
talkie-base,restricted,disorderly,False,disordely,ORTHOGRAPHIC,,,10,3,1
talkie-base,restricted,down,False,downes,ORTHOGRAPHIC,,,4,895,9
talkie-base,restricted,down,False,downa,ORTHOGRAPHIC,,,4,895,2
talkie-base,restricted,down,False,downes,ORTHOGRAPHIC,,,4,895,2
talkie-base,restricted,down,False,downa,ORTHOGRAPHIC,,,4,895,2
talkie-base,restricted,dryness,False,dryhess,ORTHOGRAPHIC,,,7,2,1
talkie-base,restricted,duet,False,duetts,ORTHOGRAPHIC,,,4,1,34
talkie-base,restricted,duet,False,duett,ORTHOGRAPHIC,,,4,1,1
talkie-base,restricted,dyad,False,dyas,ORTHOGRAPHIC,,,4,0,1
talkie-base,restricted,dyad,False,daad,ORTHOGRAPHIC,,,4,0,1
talkie-base,restricted,dyad,False,dvad,ORTHOGRAPHIC,,,4,0,1
talkie-base,restricted,dyad,False,dyade,ORTHOGRAPHIC,,,4,0,1
talkie-base,restricted,earthy,False,karthy,DERIVATIONAL,,undated,6,10,1
talkie-base,restricted,earthy,False,eartliy,ORTHOGRAPHIC,,,6,10,1
talkie-base,restricted,earthy,False,harthy,DERIVATIONAL,,undated,6,10,1
talkie-base,restricted,earthy,False,earthey,ORTHOGRAPHIC,,,6,10,1
talkie-base,restricted,earthy,False,eartby,ORTHOGRAPHIC,,,6,10,1
talkie-base,restricted,earthy,False,earthish,DERIVATIONAL,,undated,6,10,11
talkie-base,restricted,ebb,False,ebh,ORTHOGRAPHIC,,,3,1,1
talkie-base,restricted,ecologically,False,botanically,DERIVATIONAL,,undated,12,0,14
talkie-base,restricted,egoism,False,egoisme,ORTHOGRAPHIC,,,6,0,5
talkie-base,restricted,empiricist,False,experimentalist,DERIVATIONAL,,undated,10,0,10
talkie-base,restricted,empiricist,False,experimentalist,DERIVATIONAL,,undated,10,0,1
talkie-base,restricted,endoscopic,False,entoscopic,ORTHOGRAPHIC,,,10,0,1
talkie-base,restricted,endoscopic,False,endosopic,ORTHOGRAPHIC,,,10,0,1
talkie-base,restricted,endoscopic,False,mesoscopic,DERIVATIONAL,,undated,10,0,1
talkie-base,restricted,endoscopic,False,enscopic,ORTHOGRAPHIC,,,10,0,1
talkie-base,restricted,entreat,False,intreat,DERIVATIONAL,,undated,7,1,1
talkie-base,restricted,entreat,False,intreated,DERIVATIONAL,,undated,7,1,-1
talkie-base,restricted,etymology,True,glossology,DERIVATIONAL,,undated,9,0,5
talkie-base,restricted,etymology,True,onomatology,DERIVATIONAL,,undated,9,0,5
talkie-base,restricted,etymology,True,glottology,DERIVATIONAL,,undated,9,0,5
talkie-base,restricted,exciton,False,excitron,ORTHOGRAPHIC,,,7,0,86
talkie-base,restricted,eyelash,False,eyeash,ORTHOGRAPHIC,,,7,0,1
talkie-base,restricted,falcon,False,faulcon,ORTHOGRAPHIC,,,6,4,1
talkie-base,restricted,falcon,False,faloon,ORTHOGRAPHIC,,,6,4,1
talkie-base,restricted,falcon,False,falkon,ORTHOGRAPHIC,,,6,4,1
talkie-base,restricted,falcon,False,faleon,ORTHOGRAPHIC,,,6,4,1
talkie-base,restricted,ferric,False,ferrie,ORTHOGRAPHIC,,,6,0,1
talkie-base,restricted,ferric,False,ferri,ORTHOGRAPHIC,,,6,0,1
talkie-base,restricted,ferrite,False,sericite,DERIVATIONAL,,undated,7,0,-1
talkie-base,restricted,fibril,False,fibres,ORTHOGRAPHIC,,,6,0,36
talkie-base,restricted,fibril,False,fibrils,ORTHOGRAPHIC,,,6,0,36
talkie-base,restricted,fibril,False,fibrils,ORTHOGRAPHIC,,,6,0,-1
talkie-base,restricted,flag,False,flagge,ORTHOGRAPHIC,,,4,16,5
talkie-base,restricted,flammable,False,inflammabie,DERIVATIONAL,,undated,9,1,5
talkie-base,restricted,flammable,False,inflamable,DERIVATIONAL,,undated,9,1,5
talkie-base,restricted,flammable,False,infammable,DERIVATIONAL,,undated,9,1,5
talkie-base,restricted,fleet,False,fleete,ORTHOGRAPHIC,,,5,17,1
talkie-base,restricted,flit,False,flie,ORTHOGRAPHIC,,,4,0,12
talkie-base,restricted,footman,False,footboy,DERIVATIONAL,,undated,7,1,3
talkie-base,restricted,fray,False,fraye,ORTHOGRAPHIC,,,4,1,1
talkie-base,restricted,fresco,False,freſco,ORTHOGRAPHIC,,,6,8,3
talkie-base,restricted,frock,False,frocke,ORTHOGRAPHIC,,,5,2,1
talkie-base,restricted,frock,False,frecke,ORTHOGRAPHIC,,,5,2,1
talkie-base,restricted,frock,False,froc,ORTHOGRAPHIC,,,5,2,1
talkie-base,restricted,frock,False,trocke,DERIVATIONAL,,undated,5,2,1
talkie-base,restricted,frock,False,frockc,ORTHOGRAPHIC,,,5,2,1
talkie-base,restricted,fugue,False,fugne,ORTHOGRAPHIC,,,5,0,1
talkie-base,restricted,fugue,False,fughe,ORTHOGRAPHIC,,,5,0,1
talkie-base,restricted,fugue,False,fuguc,ORTHOGRAPHIC,,,5,0,1
talkie-base,restricted,fugue,False,fuguo,ORTHOGRAPHIC,,,5,0,1
talkie-base,restricted,gall,False,galle,ORTHOGRAPHIC,,,4,7,3
talkie-base,restricted,garland,False,garlande,ORTHOGRAPHIC,,,7,9,4
talkie-base,restricted,garland,False,garlandes,ORTHOGRAPHIC,,,7,9,5
talkie-base,restricted,generalist,False,generalists,ORTHOGRAPHIC,,,10,1,27
talkie-base,restricted,germanium,False,carolinium,DERIVATIONAL,,undated,9,8,1
talkie-base,restricted,glee,False,glees,ORTHOGRAPHIC,,,4,3,17
talkie-base,restricted,gout,False,goute,ORTHOGRAPHIC,,,4,2,38
talkie-base,restricted,grease,False,greas,ORTHOGRAPHIC,,,6,9,6
talkie-base,restricted,grease,False,greasd,ORTHOGRAPHIC,,,6,9,6
talkie-base,restricted,grease,False,greazed,ORTHOGRAPHIC,,,6,9,6
talkie-base,restricted,grease,False,greascd,ORTHOGRAPHIC,,,6,9,6
talkie-base,restricted,groin,False,groined,ORTHOGRAPHIC,,,5,4,88
talkie-base,restricted,groin,False,groining,ORTHOGRAPHIC,,,5,4,88
talkie-base,restricted,gust,False,gustes,ORTHOGRAPHIC,,,4,2,7
talkie-base,restricted,haploid,True,haploicl,ORTHOGRAPHIC,,,7,0,1
talkie-base,restricted,haploid,True,gametoid,DERIVATIONAL,,undated,7,0,1
talkie-base,restricted,harem,False,harema,ORTHOGRAPHIC,,,5,2,3
talkie-base,restricted,hateful,False,hatefull,ORTHOGRAPHIC,,,7,3,2
talkie-base,restricted,hateful,False,hatfull,ORTHOGRAPHIC,,,7,3,2
talkie-base,restricted,hazel,False,hasel,ORTHOGRAPHIC,,,5,2,6
talkie-base,restricted,hazel,False,hasell,ORTHOGRAPHIC,,,5,2,6
talkie-base,restricted,headway,False,headwav,ORTHOGRAPHIC,,,7,0,1
talkie-base,restricted,high,False,hig,ORTHOGRAPHIC,,,4,497,1
talkie-base,restricted,holocaust,False,holocast,ORTHOGRAPHIC,,,9,5,1
talkie-base,restricted,holocaust,False,holocust,ORTHOGRAPHIC,,,9,5,1
talkie-base,restricted,holocaust,False,holocaus,ORTHOGRAPHIC,,,9,5,1
talkie-base,restricted,holocaust,False,holocaut,ORTHOGRAPHIC,,,9,5,1
talkie-base,restricted,holocaust,False,holocost,ORTHOGRAPHIC,,,9,5,1
talkie-base,restricted,holocaust,False,holocause,ORTHOGRAPHIC,,,9,5,1
talkie-base,restricted,hyperbolic,False,hyperbolie,ORTHOGRAPHIC,,,10,2,1
talkie-base,restricted,hyperbolic,False,hyperbolio,ORTHOGRAPHIC,,,10,2,1
talkie-base,restricted,hyperbolic,False,hyperholic,ORTHOGRAPHIC,,,10,2,1
talkie-base,restricted,hypha,False,hyphæ,ORTHOGRAPHIC,,,5,0,69
talkie-base,restricted,identically,False,corporally,DERIVATIONAL,,undated,11,1,66
talkie-base,restricted,identically,False,corporeally,DERIVATIONAL,,undated,11,1,66
talkie-base,restricted,illumine,True,refraine,DERIVATIONAL,,undated,8,1,65
talkie-base,restricted,incongruous,False,incongruom,ORTHOGRAPHIC,,,11,1,1
talkie-base,restricted,incongruous,False,incongru,ORTHOGRAPHIC,,,11,1,1
talkie-base,restricted,indistinct,False,indistinctive,ORTHOGRAPHIC,,,10,1,1
talkie-base,restricted,indistinct,False,indiftinct,ORTHOGRAPHIC,,,10,1,1
talkie-base,restricted,infarct,False,infarctus,ORTHOGRAPHIC,,,7,1,1
talkie-base,restricted,inning,False,innins,ORTHOGRAPHIC,,,6,12,2
talkie-base,restricted,intern,False,interms,ORTHOGRAPHIC,,,6,2,9
talkie-base,restricted,intern,False,interncs,ORTHOGRAPHIC,,,6,2,9
talkie-base,restricted,invite,False,inwite,ORTHOGRAPHIC,,,6,11,1
talkie-base,restricted,isometric,False,isobaric,DERIVATIONAL,,undated,9,0,22
talkie-base,restricted,ivy,False,ivv,ORTHOGRAPHIC,,,3,9,1
talkie-base,restricted,ivy,False,iyy,ORTHOGRAPHIC,,,3,9,1
talkie-base,restricted,ivy,False,ivj,ORTHOGRAPHIC,,,3,9,1
talkie-base,restricted,ivy,False,lvy,DERIVATIONAL,,undated,3,9,1
talkie-base,restricted,jig,False,jigg,ORTHOGRAPHIC,,,3,8,1
talkie-base,restricted,juniper,False,jimiper,ORTHOGRAPHIC,,,7,0,1
talkie-base,restricted,keel,False,keele,ORTHOGRAPHIC,,,4,6,2
talkie-base,restricted,keel,False,keeles,ORTHOGRAPHIC,,,4,6,2
talkie-base,restricted,keel,False,keelc,ORTHOGRAPHIC,,,4,6,2
talkie-base,restricted,keel,False,keell,ORTHOGRAPHIC,,,4,6,2
talkie-base,restricted,lade,False,loaden,ORTHOGRAPHIC,,,4,0,99
talkie-base,restricted,lash,False,lashcs,ORTHOGRAPHIC,,,4,6,3
talkie-base,restricted,lash,False,lashos,ORTHOGRAPHIC,,,4,6,3
talkie-base,restricted,lash,False,lashe,ORTHOGRAPHIC,,,4,6,2
talkie-base,restricted,lee,False,leel,ORTHOGRAPHIC,,,3,34,1
talkie-base,restricted,levee,False,levée,ORTHOGRAPHIC,,,5,1,1
talkie-base,restricted,levee,False,leveé,ORTHOGRAPHIC,,,5,1,1
talkie-base,restricted,levee,False,leyee,ORTHOGRAPHIC,,,5,1,1
talkie-base,restricted,lightness,False,lightnesse,ORTHOGRAPHIC,,,9,1,1
talkie-base,restricted,lignin,False,lignine,ORTHOGRAPHIC,,,6,0,1
talkie-base,restricted,lignin,False,lignine,ORTHOGRAPHIC,,,6,0,1
talkie-base,restricted,lignin,False,ligno,ORTHOGRAPHIC,,,6,0,1
talkie-base,restricted,lignin,False,lignone,ORTHOGRAPHIC,,,6,0,1
talkie-base,restricted,liposome,False,lipochromes,DERIVATIONAL,,undated,8,0,-1
talkie-base,restricted,liposome,False,lipo,DERIVATIONAL,,undated,8,0,-1
talkie-base,restricted,lira,False,lirah,ORTHOGRAPHIC,,,4,0,1
talkie-base,restricted,livery,False,liverie,ORTHOGRAPHIC,,,6,5,1
talkie-base,restricted,livery,False,liveiy,ORTHOGRAPHIC,,,6,5,1
talkie-base,restricted,lotion,False,lixiuiation,DERIVATIONAL,,undated,6,8,1
talkie-base,restricted,lotion,False,levigation,DERIVATIONAL,,undated,6,8,1
talkie-base,restricted,lotion,False,folution,DERIVATIONAL,,undated,6,8,1
talkie-base,restricted,lotion,False,edulcoration,DERIVATIONAL,,undated,6,8,1
talkie-base,restricted,lowly,False,lowlie,ORTHOGRAPHIC,,,5,1,1
talkie-base,restricted,lowly,False,lowely,ORTHOGRAPHIC,,,5,1,1
talkie-base,restricted,lowly,False,lowlye,ORTHOGRAPHIC,,,5,1,1
talkie-base,restricted,lowly,False,lowlv,ORTHOGRAPHIC,,,5,1,1
talkie-base,restricted,lowly,False,lowl,ORTHOGRAPHIC,,,5,1,1
talkie-base,restricted,lowly,False,lowlic,ORTHOGRAPHIC,,,5,1,1
talkie-base,restricted,membranous,False,membranaceous,DERIVATIONAL,,undated,10,0,3
talkie-base,restricted,micelle,False,micelles,ORTHOGRAPHIC,,,7,6,18
talkie-base,restricted,misplace,False,mifplaces,ORTHOGRAPHIC,,,8,0,72
talkie-base,restricted,misplace,False,misplaceth,ORTHOGRAPHIC,,,8,0,72
talkie-base,restricted,moraine,True,morain,ORTHOGRAPHIC,,,7,0,1
talkie-base,restricted,moraine,True,morame,ORTHOGRAPHIC,,,7,0,1
talkie-base,restricted,moraine,True,morainey,ORTHOGRAPHIC,,,7,0,1
talkie-base,restricted,moralist,False,formalist,DERIVATIONAL,,undated,8,2,4
talkie-base,restricted,mouthful,False,mouthfull,ORTHOGRAPHIC,,,8,3,4
talkie-base,restricted,mouthful,False,mouthfuu,ORTHOGRAPHIC,,,8,3,4
talkie-base,restricted,muffin,False,muffineers,ORTHOGRAPHIC,,,6,0,9
talkie-base,restricted,mummy,False,mumm,ORTHOGRAPHIC,,,5,0,1
talkie-base,restricted,mummy,False,mummv,ORTHOGRAPHIC,,,5,0,1
talkie-base,restricted,mummy,False,mummj,ORTHOGRAPHIC,,,5,0,1
talkie-base,restricted,mummy,False,mumm,ORTHOGRAPHIC,,,5,0,1
talkie-base,restricted,mummy,False,mummie,ORTHOGRAPHIC,,,5,0,1
talkie-base,restricted,mummy,False,mummv,ORTHOGRAPHIC,,,5,0,1
talkie-base,restricted,muse,False,muſe,ORTHOGRAPHIC,,,4,4,1
talkie-base,restricted,muse,False,mufe,ORTHOGRAPHIC,,,4,4,1
talkie-base,restricted,muse,False,musc,ORTHOGRAPHIC,,,4,4,1
talkie-base,restricted,muse,False,musé,ORTHOGRAPHIC,,,4,4,1
talkie-base,restricted,muse,False,mufe,ORTHOGRAPHIC,,,4,4,1
talkie-base,restricted,muse,False,musc,ORTHOGRAPHIC,,,4,4,1
talkie-base,restricted,muse,False,muſe,ORTHOGRAPHIC,,,4,4,1
talkie-base,restricted,muse,False,muso,ORTHOGRAPHIC,,,4,4,1
talkie-base,restricted,naught,False,noght,ORTHOGRAPHIC,,,6,2,6
talkie-base,restricted,naught,False,nouht,ORTHOGRAPHIC,,,6,2,6
talkie-base,restricted,naught,False,noughte,ORTHOGRAPHIC,,,6,2,6
talkie-base,restricted,naught,False,noughte,ORTHOGRAPHIC,,,6,2,2
talkie-base,restricted,naught,False,noght,ORTHOGRAPHIC,,,6,2,2
talkie-base,restricted,naught,False,naughte,ORTHOGRAPHIC,,,6,2,2
talkie-base,restricted,naught,False,nanght,ORTHOGRAPHIC,,,6,2,2
talkie-base,restricted,naught,False,noughr,ORTHOGRAPHIC,,,6,2,3
talkie-base,restricted,naught,False,nanght,ORTHOGRAPHIC,,,6,2,1
talkie-base,restricted,nitrite,False,nitrites,ORTHOGRAPHIC,,,7,0,6
talkie-base,restricted,nitrite,False,nitriles,ORTHOGRAPHIC,,,7,0,6
talkie-base,restricted,nook,False,nookl,ORTHOGRAPHIC,,,4,0,1
talkie-base,restricted,nook,False,nookf,ORTHOGRAPHIC,,,4,0,1
talkie-base,restricted,nook,False,nookt,ORTHOGRAPHIC,,,4,0,1
talkie-base,restricted,nook,False,nooki,ORTHOGRAPHIC,,,4,0,1
talkie-base,restricted,ordinary,False,ordinar,ORTHOGRAPHIC,,,8,72,1
talkie-base,restricted,orgy,False,orgie,ORTHOGRAPHIC,,,4,1,1
talkie-base,restricted,ostrich,False,estrich,DERIVATIONAL,,undated,7,0,2
talkie-base,restricted,outcry,False,outcrye,ORTHOGRAPHIC,,,6,3,6
talkie-base,restricted,outcry,False,outcrye,ORTHOGRAPHIC,,,6,3,1
talkie-base,restricted,outcry,False,outery,ORTHOGRAPHIC,,,6,3,1
talkie-base,restricted,outcry,False,outcree,ORTHOGRAPHIC,,,6,3,1
talkie-base,restricted,outcry,False,oute,DERIVATIONAL,,undated,6,3,1
talkie-base,restricted,outcry,False,outcrey,ORTHOGRAPHIC,,,6,3,1
talkie-base,restricted,outcry,False,owtcry,ORTHOGRAPHIC,,,6,3,1
talkie-base,restricted,papillary,False,papillæ,ORTHOGRAPHIC,,,9,1,7
talkie-base,restricted,papillary,False,papille,DERIVATIONAL,,undated,9,1,7
talkie-base,restricted,papillary,False,papillce,DERIVATIONAL,,undated,9,1,7
talkie-base,restricted,papillary,False,papillas,ORTHOGRAPHIC,,,9,1,7
talkie-base,restricted,papyrus,False,papirus,ORTHOGRAPHIC,,,7,0,2
talkie-base,restricted,papyrus,False,papyr,ORTHOGRAPHIC,,,7,0,2
talkie-base,restricted,parasympathetic,False,craniosympathetic,DERIVATIONAL,,undated,15,8,1
talkie-base,restricted,parentage,False,sorrage,DERIVATIONAL,,undated,9,2,-1
talkie-base,restricted,parentage,False,sororage,DERIVATIONAL,,undated,9,2,-1
talkie-base,restricted,parentage,False,sorage,DERIVATIONAL,,undated,9,2,-1
talkie-base,restricted,parentage,False,sorurage,DERIVATIONAL,,undated,9,2,-1
talkie-base,restricted,parentage,False,sisterage,DERIVATIONAL,,undated,9,2,-1
talkie-base,restricted,parentage,False,sortage,DERIVATIONAL,,undated,9,2,-1
talkie-base,restricted,parentage,False,sororrage,DERIVATIONAL,,undated,9,2,-1
talkie-base,restricted,parentage,False,soorage,DERIVATIONAL,,undated,9,2,-1
talkie-base,restricted,pawn,False,pawne,ORTHOGRAPHIC,,,4,2,5
talkie-base,restricted,payee,False,payée,ORTHOGRAPHIC,,,5,0,1
talkie-base,restricted,peg,False,pegg,ORTHOGRAPHIC,,,3,4,2
talkie-base,restricted,perjury,False,peijury,ORTHOGRAPHIC,,,7,3,1
talkie-base,restricted,perusal,False,perufal,ORTHOGRAPHIC,,,7,2,1
talkie-base,restricted,perusal,False,peruſal,ORTHOGRAPHIC,,,7,2,1
talkie-base,restricted,pharmacology,True,pharmacognosy,DERIVATIONAL,,undated,12,0,1
talkie-base,restricted,pharmacology,True,pharmacodynamics,DERIVATIONAL,,undated,12,0,1
talkie-base,restricted,pharmacology,True,pharmacologia,ORTHOGRAPHIC,,,12,0,1
talkie-base,restricted,pickle,False,pickie,ORTHOGRAPHIC,,,6,1,1
talkie-base,restricted,pickle,False,pickl,ORTHOGRAPHIC,,,6,1,1
talkie-base,restricted,pickle,False,pickel,ORTHOGRAPHIC,,,6,1,1
talkie-base,restricted,pickle,False,picklo,ORTHOGRAPHIC,,,6,1,1
talkie-base,restricted,pickle,False,pickk,ORTHOGRAPHIC,,,6,1,1
talkie-base,restricted,pickle,False,pickla,ORTHOGRAPHIC,,,6,1,1
talkie-base,restricted,pill,False,pille,ORTHOGRAPHIC,,,4,15,8
talkie-base,restricted,pill,False,pillen,ORTHOGRAPHIC,,,4,15,8
talkie-base,restricted,plane,False,meane,DERIVATIONAL,,undated,5,114,-1
talkie-base,restricted,plankton,False,plankion,ORTHOGRAPHIC,,,8,0,1
talkie-base,restricted,plating,False,platting,ORTHOGRAPHIC,,,7,0,1
talkie-base,restricted,pluralist,False,pluralists,ORTHOGRAPHIC,,,9,0,61
talkie-base,restricted,pluralist,False,monadist,DERIVATIONAL,,undated,9,0,5
talkie-base,restricted,pomp,False,pompis,ORTHOGRAPHIC,,,4,1,-1
talkie-base,restricted,potash,False,potashes,ORTHOGRAPHIC,,,6,0,19
talkie-base,restricted,potash,False,potass,ORTHOGRAPHIC,,,6,0,1
talkie-base,restricted,potash,False,pota,ORTHOGRAPHIC,,,6,0,1
talkie-base,restricted,potash,False,potasli,ORTHOGRAPHIC,,,6,0,1
talkie-base,restricted,potash,False,potas,ORTHOGRAPHIC,,,6,0,1
talkie-base,restricted,potash,False,potass,ORTHOGRAPHIC,,,6,0,1
talkie-base,restricted,potash,False,potasii,ORTHOGRAPHIC,,,6,0,1
talkie-base,restricted,pox,False,poxe,ORTHOGRAPHIC,,,3,0,4
talkie-base,restricted,pox,False,poxe,ORTHOGRAPHIC,,,3,0,1
talkie-base,restricted,priming,False,superheating,DERIVATIONAL,,undated,7,2,1
talkie-base,restricted,priming,False,priminge,ORTHOGRAPHIC,,,7,2,3
talkie-base,restricted,privation,False,privative,ORTHOGRAPHIC,,,9,0,2
talkie-base,restricted,proving,False,provings,ORTHOGRAPHIC,,,7,5,2
talkie-base,restricted,proving,False,provers,DERIVATIONAL,,undated,7,5,2
talkie-base,restricted,proving,False,provinga,ORTHOGRAPHIC,,,7,5,2
talkie-base,restricted,puddle,False,mudde,DERIVATIONAL,,undated,6,1,14
talkie-base,restricted,pun,False,punj,ORTHOGRAPHIC,,,3,1,1
talkie-base,restricted,purge,False,purg,ORTHOGRAPHIC,,,5,2,1
talkie-base,restricted,purge,False,purgcy,ORTHOGRAPHIC,,,5,2,1
talkie-base,restricted,purge,False,purgt,ORTHOGRAPHIC,,,5,2,1
talkie-base,restricted,purge,False,purg,ORTHOGRAPHIC,,,5,2,1
talkie-base,restricted,purge,False,pwrge,ORTHOGRAPHIC,,,5,2,1
talkie-base,restricted,purge,False,purg,ORTHOGRAPHIC,,,5,2,1
talkie-base,restricted,purge,False,parge,ORTHOGRAPHIC,,,5,2,1
talkie-base,restricted,purge,False,pwrge,ORTHOGRAPHIC,,,5,2,1
talkie-base,restricted,purge,False,purg,ORTHOGRAPHIC,,,5,2,1
talkie-base,restricted,pus,False,pns,ORTHOGRAPHIC,,,3,0,1
talkie-base,restricted,pus,False,pua,ORTHOGRAPHIC,,,3,0,1
talkie-base,restricted,quill,False,quil,ORTHOGRAPHIC,,,5,9,1
talkie-base,restricted,quill,False,quyll,ORTHOGRAPHIC,,,5,9,1
talkie-base,restricted,quill,False,quil,ORTHOGRAPHIC,,,5,9,1
talkie-base,restricted,quill,False,quilis,ORTHOGRAPHIC,,,5,9,47
talkie-base,restricted,quit,False,quitte,ORTHOGRAPHIC,,,4,15,18
talkie-base,restricted,quit,False,quitt,ORTHOGRAPHIC,,,4,15,1
talkie-base,restricted,quit,False,quitd,ORTHOGRAPHIC,,,4,15,1
talkie-base,restricted,quit,False,quyt,ORTHOGRAPHIC,,,4,15,1
talkie-base,restricted,quit,False,quité,ORTHOGRAPHIC,,,4,15,1
talkie-base,restricted,quit,False,quitte,ORTHOGRAPHIC,,,4,15,26
talkie-base,restricted,quit,False,quyt,ORTHOGRAPHIC,,,4,15,26
talkie-base,restricted,quit,False,quyt,ORTHOGRAPHIC,,,4,15,5
talkie-base,restricted,quit,False,quiete,ORTHOGRAPHIC,,,4,15,5
talkie-base,restricted,radium,False,pollonium,DERIVATIONAL,,undated,6,0,2
talkie-base,restricted,radium,False,pelopium,DERIVATIONAL,,undated,6,0,2
talkie-base,restricted,rave,False,raue,ORTHOGRAPHIC,,,4,0,2
talkie-base,restricted,rear,False,rar,ORTHOGRAPHIC,,,4,51,42
talkie-base,restricted,rebound,False,reſound,ORTHOGRAPHIC,,,7,2,1
talkie-base,restricted,rebuke,False,rebuk,ORTHOGRAPHIC,,,6,2,1
talkie-base,restricted,rebuke,False,rebnke,ORTHOGRAPHIC,,,6,2,1
talkie-base,restricted,rebuke,False,rehuke,ORTHOGRAPHIC,,,6,2,1
talkie-base,restricted,rebuke,False,rebake,ORTHOGRAPHIC,,,6,2,1
talkie-base,restricted,rebuke,False,rebiike,ORTHOGRAPHIC,,,6,2,1
talkie-base,restricted,rebuke,False,reduke,ORTHOGRAPHIC,,,6,2,1
talkie-base,restricted,rectus,False,directus,DERIVATIONAL,,undated,6,0,7
talkie-base,restricted,reductive,False,revulsive,DERIVATIONAL,,undated,9,0,-1
talkie-base,restricted,regal,False,regall,ORTHOGRAPHIC,,,5,2,27
talkie-base,restricted,relent,False,relenten,ORTHOGRAPHIC,,,6,0,1
talkie-base,restricted,relent,False,relente,ORTHOGRAPHIC,,,6,0,1
talkie-base,restricted,relent,False,relentz,ORTHOGRAPHIC,,,6,0,1
talkie-base,restricted,relent,False,relentt,ORTHOGRAPHIC,,,6,0,1
talkie-base,restricted,relent,False,relenthe,ORTHOGRAPHIC,,,6,0,1
talkie-base,restricted,relent,False,relentr,ORTHOGRAPHIC,,,6,0,1
talkie-base,restricted,relent,False,relentg,ORTHOGRAPHIC,,,6,0,1
talkie-base,restricted,relent,False,relentj,ORTHOGRAPHIC,,,6,0,1
talkie-base,restricted,relent,False,repen,ORTHOGRAPHIC,,,6,0,3
talkie-base,restricted,render,False,rendei,ORTHOGRAPHIC,,,6,11,1
talkie-base,restricted,render,False,rendre,ORTHOGRAPHIC,,,6,11,1
talkie-base,restricted,render,False,reuder,ORTHOGRAPHIC,,,6,11,1
talkie-base,restricted,renegade,False,renegado,ORTHOGRAPHIC,,,8,0,20
talkie-base,restricted,repose,False,repos,ORTHOGRAPHIC,,,6,2,11
talkie-base,restricted,repose,False,reposde,ORTHOGRAPHIC,,,6,2,11
talkie-base,restricted,repose,False,reposd,ORTHOGRAPHIC,,,6,2,11
talkie-base,restricted,repose,False,repoſe,ORTHOGRAPHIC,,,6,2,1
talkie-base,restricted,repose,False,repofe,ORTHOGRAPHIC,,,6,2,1
talkie-base,restricted,repose,False,repoze,ORTHOGRAPHIC,,,6,2,1
talkie-base,restricted,repose,False,reposc,ORTHOGRAPHIC,,,6,2,1
talkie-base,restricted,repose,False,repoie,ORTHOGRAPHIC,,,6,2,1
talkie-base,restricted,repugnant,False,contrariant,DERIVATIONAL,,undated,9,1,-1
talkie-base,restricted,responder,False,responders,ORTHOGRAPHIC,,,9,0,58
talkie-base,restricted,retainer,False,retriuer,ORTHOGRAPHIC,,,8,0,-1
talkie-base,restricted,retainer,False,detainer,DERIVATIONAL,,undated,8,0,18
talkie-base,restricted,reuse,False,remanufacture,DERIVATIONAL,,undated,5,0,14
talkie-base,restricted,rife,False,riue,ORTHOGRAPHIC,,,4,0,84
talkie-base,restricted,rife,False,riþe,ORTHOGRAPHIC,,,4,0,84
talkie-base,restricted,riser,False,risér,ORTHOGRAPHIC,,,5,0,1
talkie-base,restricted,rosary,False,rofary,ORTHOGRAPHIC,,,6,0,2
talkie-base,restricted,rosary,False,roſary,ORTHOGRAPHIC,,,6,0,2
talkie-base,restricted,rote,False,roote,ORTHOGRAPHIC,,,4,0,1
talkie-base,restricted,rote,False,rute,ORTHOGRAPHIC,,,4,0,1
talkie-base,restricted,rote,False,roate,ORTHOGRAPHIC,,,4,0,1
talkie-base,restricted,rounded,False,moulded,INFLECTION,,,7,15,1
talkie-base,restricted,rout,False,rowt,ORTHOGRAPHIC,,,4,0,1
talkie-base,restricted,rout,False,routh,ORTHOGRAPHIC,,,4,0,1
talkie-base,restricted,rub,False,ruba,ORTHOGRAPHIC,,,3,6,4
talkie-base,restricted,rudely,False,radely,ORTHOGRAPHIC,,,6,2,1
talkie-base,restricted,rudely,False,ruddily,ORTHOGRAPHIC,,,6,2,1
talkie-base,restricted,rudely,False,rndely,ORTHOGRAPHIC,,,6,2,1
talkie-base,restricted,rudely,False,radly,ORTHOGRAPHIC,,,6,2,1
talkie-base,restricted,sacramental,False,sacramenta,ORTHOGRAPHIC,,,11,0,15
talkie-base,restricted,sacramental,False,sacramentals,ORTHOGRAPHIC,,,11,0,15
talkie-base,restricted,sap,False,saj,ORTHOGRAPHIC,,,3,1,1
talkie-base,restricted,scapula,False,scapule,ORTHOGRAPHIC,,,7,0,1
talkie-base,restricted,scapula,False,scapulæ,ORTHOGRAPHIC,,,7,0,1
talkie-base,restricted,scorpion,False,scorpiones,ORTHOGRAPHIC,,,8,0,26
talkie-base,restricted,seeding,False,seede,DERIVATIONAL,,undated,7,0,6
talkie-base,restricted,sexist,False,sexualist,DERIVATIONAL,,undated,6,0,2
talkie-base,restricted,sexist,False,sexologist,DERIVATIONAL,,undated,6,0,2
talkie-base,restricted,sexist,False,womanist,DERIVATIONAL,,undated,6,0,2
talkie-base,restricted,sexist,False,sextist,ORTHOGRAPHIC,,,6,0,2
talkie-base,restricted,sexist,False,bisexist,DERIVATIONAL,,undated,6,0,2
talkie-base,restricted,sexist,False,femaleist,DERIVATIONAL,,undated,6,0,2
talkie-base,restricted,sexist,False,genist,DERIVATIONAL,,undated,6,0,2
talkie-base,restricted,shine,False,ſhine,ORTHOGRAPHIC,,,5,5,1
talkie-base,restricted,shine,False,shyne,ORTHOGRAPHIC,,,5,5,1
talkie-base,restricted,shine,False,fhine,DERIVATIONAL,,undated,5,5,1
talkie-base,restricted,shooter,False,shootin,ORTHOGRAPHIC,,,7,4,24
talkie-base,restricted,shred,False,sprede,ORTHOGRAPHIC,,,5,3,-1
talkie-base,restricted,shred,False,threde,DERIVATIONAL,,undated,5,3,-1
talkie-base,restricted,silo,False,siloes,ORTHOGRAPHIC,,,4,1,6
talkie-base,restricted,slight,False,sligh,ORTHOGRAPHIC,,,6,53,37
talkie-base,restricted,slime,False,slimes,ORTHOGRAPHIC,,,5,0,1
talkie-base,restricted,slime,False,slinie,ORTHOGRAPHIC,,,5,0,1
talkie-base,restricted,slime,False,sliine,ORTHOGRAPHIC,,,5,0,1
talkie-base,restricted,slime,False,slimes,ORTHOGRAPHIC,,,5,0,3
talkie-base,restricted,smoothness,False,smoothnesse,ORTHOGRAPHIC,,,10,5,1
talkie-base,restricted,smoothness,False,smoothnes,ORTHOGRAPHIC,,,10,5,1
talkie-base,restricted,smoothness,False,smoothe,DERIVATIONAL,,undated,10,5,1
talkie-base,restricted,smoothness,False,smothnesse,ORTHOGRAPHIC,,,10,5,1
talkie-base,restricted,smoothness,False,smothnes,ORTHOGRAPHIC,,,10,5,1
talkie-base,restricted,snow,False,snowe,ORTHOGRAPHIC,,,4,59,1
talkie-base,restricted,snow,False,snew,ORTHOGRAPHIC,,,4,59,1
talkie-base,restricted,sojourn,False,ſojourn,ORTHOGRAPHIC,,,7,5,1
talkie-base,restricted,sojourn,False,sojoum,ORTHOGRAPHIC,,,7,5,1
talkie-base,restricted,sojourn,False,sojoum,ORTHOGRAPHIC,,,7,5,1
talkie-base,restricted,sojourn,False,sojurn,ORTHOGRAPHIC,,,7,5,1
talkie-base,restricted,sojourn,False,sojorn,ORTHOGRAPHIC,,,7,5,1
talkie-base,restricted,sojourn,False,sourn,ORTHOGRAPHIC,,,7,5,1
talkie-base,restricted,sojourn,False,soiourn,ORTHOGRAPHIC,,,7,5,1
talkie-base,restricted,sordid,False,sordes,ORTHOGRAPHIC,,,6,3,2
talkie-base,restricted,southerner,False,southemer,ORTHOGRAPHIC,,,10,8,1
talkie-base,restricted,southerner,False,southener,ORTHOGRAPHIC,,,10,8,1
talkie-base,restricted,spire,False,sprre,ORTHOGRAPHIC,,,5,5,1
talkie-base,restricted,spire,False,ſpire,ORTHOGRAPHIC,,,5,5,1
talkie-base,restricted,spire,False,spirc,ORTHOGRAPHIC,,,5,5,1
talkie-base,restricted,spire,False,spyre,ORTHOGRAPHIC,,,5,5,1
talkie-base,restricted,spit,False,spitt,ORTHOGRAPHIC,,,4,11,1
talkie-base,restricted,spout,False,shoute,ORTHOGRAPHIC,,,5,1,95
talkie-base,restricted,spout,False,spoute,ORTHOGRAPHIC,,,5,1,95
talkie-base,restricted,stator,False,atator,DERIVATIONAL,,undated,6,1,1
talkie-base,restricted,stator,False,stato,ORTHOGRAPHIC,,,6,1,1
talkie-base,restricted,stator,False,staior,ORTHOGRAPHIC,,,6,1,1
talkie-base,restricted,stead,False,sted,ORTHOGRAPHIC,,,5,4,2
talkie-base,restricted,stead,False,steade,ORTHOGRAPHIC,,,5,4,2
talkie-base,restricted,stead,False,steede,ORTHOGRAPHIC,,,5,4,3
talkie-base,restricted,stead,False,steade,ORTHOGRAPHIC,,,5,4,3
talkie-base,restricted,stead,False,ftead,DERIVATIONAL,,undated,5,4,1
talkie-base,restricted,stead,False,ſtead,ORTHOGRAPHIC,,,5,4,1
talkie-base,restricted,stead,False,sted,ORTHOGRAPHIC,,,5,4,1
talkie-base,restricted,stead,False,stcad,ORTHOGRAPHIC,,,5,4,1
talkie-base,restricted,stern,False,steere,ORTHOGRAPHIC,,,5,23,72
talkie-base,restricted,sternum,False,sternuni,ORTHOGRAPHIC,,,7,1,1
talkie-base,restricted,sternum,False,sternuin,ORTHOGRAPHIC,,,7,1,1
talkie-base,restricted,sternum,False,sternwm,ORTHOGRAPHIC,,,7,1,1
talkie-base,restricted,sternum,False,sternmn,ORTHOGRAPHIC,,,7,1,1
talkie-base,restricted,sternum,False,sternwn,ORTHOGRAPHIC,,,7,1,1
talkie-base,restricted,sternum,False,sternurn,ORTHOGRAPHIC,,,7,1,1
talkie-base,restricted,still,False,spille,ORTHOGRAPHIC,,,5,782,3
talkie-base,restricted,stint,False,ſtint,ORTHOGRAPHIC,,,5,6,1
talkie-base,restricted,stint,False,stynt,ORTHOGRAPHIC,,,5,6,1
talkie-base,restricted,stint,False,ftint,DERIVATIONAL,,undated,5,6,1
talkie-base,restricted,stipend,False,ſtipend,ORTHOGRAPHIC,,,7,0,25
talkie-base,restricted,stipend,False,ftipend,DERIVATIONAL,,undated,7,0,25
talkie-base,restricted,stipend,False,stipendes,ORTHOGRAPHIC,,,7,0,2
talkie-base,restricted,stirrup,False,stirup,ORTHOGRAPHIC,,,7,1,1
talkie-base,restricted,stirrup,False,stirrap,ORTHOGRAPHIC,,,7,1,1
talkie-base,restricted,stoppage,False,stopples,INFLECTION,,,8,1,22
talkie-base,restricted,stopping,False,disbudding,INFLECTION,,,8,14,11
talkie-base,restricted,stub,False,stubbe,ORTHOGRAPHIC,,,4,3,3
talkie-base,restricted,stub,False,stubb,ORTHOGRAPHIC,,,4,3,3
talkie-base,restricted,stub,False,stube,ORTHOGRAPHIC,,,4,3,3
talkie-base,restricted,stub,False,stuble,ORTHOGRAPHIC,,,4,3,3
talkie-base,restricted,stupor,False,stupour,ORTHOGRAPHIC,,,6,4,1
talkie-base,restricted,stupor,False,stuper,ORTHOGRAPHIC,,,6,4,1
talkie-base,restricted,subjectively,False,substantively,DERIVATIONAL,,undated,12,6,1
talkie-base,restricted,sulcus,False,sulci,ORTHOGRAPHIC,,,6,0,1
talkie-base,restricted,supple,False,supples,ORTHOGRAPHIC,,,6,0,1
talkie-base,restricted,supple,False,ſupple,ORTHOGRAPHIC,,,6,0,1
talkie-base,restricted,supple,False,fupple,DERIVATIONAL,,undated,6,0,1
talkie-base,restricted,swerve,False,sterve,ORTHOGRAPHIC,,,6,2,1
talkie-base,restricted,swerve,False,smerte,ORTHOGRAPHIC,,,6,2,1
talkie-base,restricted,swerve,False,kerve,DERIVATIONAL,,undated,6,2,1
talkie-base,restricted,swerve,False,stere,ORTHOGRAPHIC,,,6,2,1
talkie-base,restricted,swerve,False,sterre,ORTHOGRAPHIC,,,6,2,1
talkie-base,restricted,swerve,False,sterte,ORTHOGRAPHIC,,,6,2,1
talkie-base,restricted,swerve,False,swarved,ORTHOGRAPHIC,,,6,2,88
talkie-base,restricted,syllogism,False,syllogizing,INFLECTION,,,9,0,1
talkie-base,restricted,synapsis,False,syndesis,ORTHOGRAPHIC,,,8,0,1
talkie-base,restricted,tackle,False,tacklinge,DERIVATIONAL,,undated,6,10,2
talkie-base,restricted,ternary,False,trinary,ORTHOGRAPHIC,,,7,0,2
talkie-base,restricted,throttle,False,throatle,ORTHOGRAPHIC,,,8,6,1
talkie-base,restricted,throttle,False,grottle,DERIVATIONAL,,undated,8,6,1
talkie-base,restricted,throttle,False,throtle,ORTHOGRAPHIC,,,8,6,1
talkie-base,restricted,throttle,False,throttie,ORTHOGRAPHIC,,,8,6,1
talkie-base,restricted,tine,False,tene,ORTHOGRAPHIC,,,4,0,2
talkie-base,restricted,trafficking,False,duffing,INFLECTION,,,11,0,89
talkie-base,restricted,trespass,False,tresspass,ORTHOGRAPHIC,,,8,0,1
talkie-base,restricted,trespass,False,trespa,ORTHOGRAPHIC,,,8,0,1
talkie-base,restricted,trimming,False,apostatizing,INFLECTION,,,8,2,23
talkie-base,restricted,tulip,False,tulipas,ORTHOGRAPHIC,,,5,4,52
talkie-base,restricted,two-step,False,twostep,ORTHOGRAPHIC,,,8,1,-1
talkie-base,restricted,unoccupied,False,unhabitable,DERIVATIONAL,,undated,10,3,-1
talkie-base,restricted,untie,False,unriddle,DERIVATIONAL,,undated,5,2,7
talkie-base,restricted,untold,False,untolde,ORTHOGRAPHIC,,,6,2,1
talkie-base,restricted,untold,False,untoldi,ORTHOGRAPHIC,,,6,2,1
talkie-base,restricted,untold,False,untoldj,ORTHOGRAPHIC,,,6,2,1
talkie-base,restricted,untold,False,untoldy,ORTHOGRAPHIC,,,6,2,1
talkie-base,restricted,untold,False,untolds,ORTHOGRAPHIC,,,6,2,1
talkie-base,restricted,untold,False,untoldt,ORTHOGRAPHIC,,,6,2,1
talkie-base,restricted,urchin,False,urchen,ORTHOGRAPHIC,,,6,0,1
talkie-base,restricted,urchin,False,urehin,ORTHOGRAPHIC,,,6,0,1
talkie-base,restricted,usurpation,False,vsurpation,DERIVATIONAL,,undated,10,0,2
talkie-base,restricted,usurpation,False,vsuipation,DERIVATIONAL,,undated,10,0,2
talkie-base,restricted,usurpation,False,vusurpation,DERIVATIONAL,,undated,10,0,2
talkie-base,restricted,usurpation,False,vsurpacion,DERIVATIONAL,,undated,10,0,2
talkie-base,restricted,usurpation,False,vurpation,DERIVATIONAL,,undated,10,0,2
talkie-base,restricted,vainly,False,vainely,ORTHOGRAPHIC,,,6,2,1
talkie-base,restricted,vainly,False,vaine,ORTHOGRAPHIC,,,6,2,1
talkie-base,restricted,vainly,False,vaynly,ORTHOGRAPHIC,,,6,2,1
talkie-base,restricted,vainly,False,vaynely,ORTHOGRAPHIC,,,6,2,1
talkie-base,restricted,vainly,False,vainlie,ORTHOGRAPHIC,,,6,2,1
talkie-base,restricted,veracity,False,reallity,DERIVATIONAL,,undated,8,3,43
talkie-base,restricted,versed,False,vers,ORTHOGRAPHIC,,,6,2,2
talkie-base,restricted,violator,False,violater,ORTHOGRAPHIC,,,8,0,1
talkie-base,restricted,vodka,False,vodki,ORTHOGRAPHIC,,,5,0,1
talkie-base,restricted,waft,False,wafftt,ORTHOGRAPHIC,,,4,0,4
talkie-base,restricted,waft,False,wafft,ORTHOGRAPHIC,,,4,0,4
talkie-base,restricted,waft,False,waffte,ORTHOGRAPHIC,,,4,0,4
talkie-base,restricted,wan,False,wann,ORTHOGRAPHIC,,,3,2,1
talkie-base,restricted,wan,False,wanf,ORTHOGRAPHIC,,,3,2,1
talkie-base,restricted,wan,False,wanr,ORTHOGRAPHIC,,,3,2,1
talkie-base,restricted,wan,False,wanp,ORTHOGRAPHIC,,,3,2,1
talkie-base,restricted,wand,False,wynd,ORTHOGRAPHIC,,,4,1,12
talkie-base,restricted,wand,False,wande,ORTHOGRAPHIC,,,4,1,1
talkie-base,restricted,wand,False,wande,ORTHOGRAPHIC,,,4,1,1
talkie-base,restricted,wand,False,wana,ORTHOGRAPHIC,,,4,1,1
talkie-base,restricted,wand,False,waud,ORTHOGRAPHIC,,,4,1,1
talkie-base,restricted,wand,False,wandj,ORTHOGRAPHIC,,,4,1,1
talkie-base,restricted,whipping,False,striuing,DERIVATIONAL,,undated,8,7,21
talkie-base,restricted,whorl,False,whor,ORTHOGRAPHIC,,,5,0,1
talkie-base,restricted,whorl,False,whorll,ORTHOGRAPHIC,,,5,0,1
talkie-base,restricted,whorl,False,wliorl,ORTHOGRAPHIC,,,5,0,1
talkie-base,restricted,whorl,False,whori,ORTHOGRAPHIC,,,5,0,1
talkie-base,restricted,widower,False,widover,ORTHOGRAPHIC,,,7,1,1
talkie-base,restricted,wink,False,winke,ORTHOGRAPHIC,,,4,7,2
talkie-base,restricted,wink,False,winck,ORTHOGRAPHIC,,,4,7,2
talkie-base,restricted,wink,False,wincke,ORTHOGRAPHIC,,,4,7,2
talkie-base,restricted,wreak,False,wreake,ORTHOGRAPHIC,,,5,1,1
talkie-base,restricted,yin,False,yín,ORTHOGRAPHIC,,,3,8,1
talkie-base,restricted,yin,False,yih,ORTHOGRAPHIC,,,3,8,1
talkie-base,restricted,yin,False,yiu,ORTHOGRAPHIC,,,3,8,1
talkie-base,restricted,zest,False,zcst,ORTHOGRAPHIC,,,4,5,1
talkie-base,restricted,zest,False,zést,ORTHOGRAPHIC,,,4,5,1
talkie-base,restricted,zest,False,zett,ORTHOGRAPHIC,,,4,5,1
talkie-base,restricted,according,False,accordin,ORTHOGRAPHIC,,,9,140,7
talkie-base,restricted,acid,False,acide,ORTHOGRAPHIC,,,4,13,2
talkie-base,restricted,acid,False,aci,ORTHOGRAPHIC,,,4,13,2
talkie-base,restricted,active,False,activ,ORTHOGRAPHIC,,,6,88,1
talkie-base,restricted,active,False,actwe,ORTHOGRAPHIC,,,6,88,1
talkie-base,restricted,active,False,achve,ORTHOGRAPHIC,,,6,88,1
talkie-base,restricted,bear,False,beare,ORTHOGRAPHIC,,,4,57,6
talkie-base,restricted,bear,False,beare,ORTHOGRAPHIC,,,4,57,1
talkie-base,restricted,bear,False,beare,ORTHOGRAPHIC,,,4,57,28
talkie-base,restricted,bear,False,beare,ORTHOGRAPHIC,,,4,57,1
talkie-base,restricted,bed,False,bedj,ORTHOGRAPHIC,,,3,127,1
talkie-base,restricted,bed,False,bedi,ORTHOGRAPHIC,,,3,127,1
talkie-base,restricted,bed,False,bedd,ORTHOGRAPHIC,,,3,127,1
talkie-base,restricted,bed,False,bedd,ORTHOGRAPHIC,,,3,127,1
talkie-base,restricted,bed,False,bedr,ORTHOGRAPHIC,,,3,127,1
talkie-base,restricted,client,False,clientes,ORTHOGRAPHIC,,,6,15,10
talkie-base,restricted,client,False,clientela,ORTHOGRAPHIC,,,6,15,10
talkie-base,restricted,client,False,cliens,ORTHOGRAPHIC,,,6,15,10
talkie-base,restricted,client,False,clyent,ORTHOGRAPHIC,,,6,15,1
talkie-base,restricted,client,False,elient,DERIVATIONAL,,undated,6,15,1
talkie-base,restricted,client,False,clicnt,ORTHOGRAPHIC,,,6,15,1
talkie-base,restricted,client,False,chent,ORTHOGRAPHIC,,,6,15,1
talkie-base,restricted,critical,False,criticks,ORTHOGRAPHIC,,,8,58,5
talkie-base,restricted,duty,False,daty,ORTHOGRAPHIC,,,4,61,1
talkie-base,restricted,duty,False,dutie,ORTHOGRAPHIC,,,4,61,1
talkie-base,restricted,duty,False,dury,ORTHOGRAPHIC,,,4,61,1
talkie-base,restricted,duty,False,dut,ORTHOGRAPHIC,,,4,61,2
talkie-base,restricted,duty,False,daty,ORTHOGRAPHIC,,,4,61,1
talkie-base,restricted,duty,False,dutv,ORTHOGRAPHIC,,,4,61,1
talkie-base,restricted,duty,False,dut,ORTHOGRAPHIC,,,4,61,1
talkie-base,restricted,duty,False,dnty,ORTHOGRAPHIC,,,4,61,1
talkie-base,restricted,entire,False,intire,DERIVATIONAL,,undated,6,149,1
talkie-base,restricted,entire,False,entir,ORTHOGRAPHIC,,,6,149,1
talkie-base,restricted,entire,False,entiro,ORTHOGRAPHIC,,,6,149,1
talkie-base,restricted,entire,False,eutire,ORTHOGRAPHIC,,,6,149,1
talkie-base,restricted,equal,False,equall,ORTHOGRAPHIC,,,5,90,2
talkie-base,restricted,equal,False,cquall,DERIVATIONAL,,undated,5,90,2
talkie-base,restricted,equal,False,equali,ORTHOGRAPHIC,,,5,90,2
talkie-base,restricted,equal,False,equail,ORTHOGRAPHIC,,,5,90,2
talkie-base,restricted,equal,False,eqnall,ORTHOGRAPHIC,,,5,90,2
talkie-base,restricted,fire,False,firef,ORTHOGRAPHIC,,,4,187,1
talkie-base,restricted,fire,False,firel,ORTHOGRAPHIC,,,4,187,1
talkie-base,restricted,fire,False,firej,ORTHOGRAPHIC,,,4,187,1
talkie-base,restricted,fire,False,firei,ORTHOGRAPHIC,,,4,187,1
talkie-base,restricted,game,False,gamester,ORTHOGRAPHIC,,,4,123,1
talkie-base,restricted,game,False,gamc,ORTHOGRAPHIC,,,4,123,1
talkie-base,restricted,game,False,gamie,ORTHOGRAPHIC,,,4,123,1
talkie-base,restricted,game,False,gaime,ORTHOGRAPHIC,,,4,123,1
talkie-base,restricted,game,False,gamesome,ORTHOGRAPHIC,,,4,123,1
talkie-base,restricted,game,False,gamé,ORTHOGRAPHIC,,,4,123,1
talkie-base,restricted,game,False,gamen,ORTHOGRAPHIC,,,4,123,4
talkie-base,restricted,game,False,grames,ORTHOGRAPHIC,,,4,123,4
talkie-base,restricted,independent,False,independant,ORTHOGRAPHIC,,,11,70,1
talkie-base,restricted,join,False,joyn,ORTHOGRAPHIC,,,4,65,2
talkie-base,restricted,latter,False,laste,ORTHOGRAPHIC,,,6,114,5
talkie-base,restricted,latter,False,jatter,DERIVATIONAL,,undated,6,114,1
talkie-base,restricted,latter,False,iatter,DERIVATIONAL,,undated,6,114,1
talkie-base,restricted,manner,False,maner,ORTHOGRAPHIC,,,6,124,1
talkie-base,restricted,message,False,meſſage,ORTHOGRAPHIC,,,7,64,1
talkie-base,restricted,message,False,meffage,ORTHOGRAPHIC,,,7,64,1
talkie-base,restricted,name,False,namede,ORTHOGRAPHIC,,,4,294,6
talkie-base,restricted,name,False,namo,ORTHOGRAPHIC,,,4,294,1
talkie-base,restricted,pain,False,painc,ORTHOGRAPHIC,,,4,88,2
talkie-base,restricted,pain,False,paines,ORTHOGRAPHIC,,,4,88,2
talkie-base,restricted,red,False,rcd,ORTHOGRAPHIC,,,3,197,1
talkie-base,restricted,red,False,rtd,ORTHOGRAPHIC,,,3,197,1
talkie-base,restricted,red,False,reda,ORTHOGRAPHIC,,,3,197,3
talkie-base,restricted,return,False,returne,ORTHOGRAPHIC,,,6,180,1
talkie-base,restricted,return,False,retura,ORTHOGRAPHIC,,,6,180,1
talkie-base,restricted,return,False,retorn,ORTHOGRAPHIC,,,6,180,1
talkie-base,restricted,return,False,returne,ORTHOGRAPHIC,,,6,180,51
talkie-base,restricted,return,False,yeturns,DERIVATIONAL,,undated,6,180,5
talkie-base,restricted,road,False,roade,ORTHOGRAPHIC,,,4,197,1
talkie-base,restricted,road,False,koad,DERIVATIONAL,,undated,4,197,1
talkie-base,restricted,share,False,ſhare,ORTHOGRAPHIC,,,5,98,1
talkie-base,restricted,share,False,fhare,DERIVATIONAL,,undated,5,98,1
talkie-base,restricted,share,False,shar,ORTHOGRAPHIC,,,5,98,2
talkie-base,restricted,spirit,False,ſpirit,ORTHOGRAPHIC,,,6,182,1
talkie-base,restricted,spirit,False,fpirit,DERIVATIONAL,,undated,6,182,1
talkie-base,restricted,spirit,False,spir,ORTHOGRAPHIC,,,6,182,1
talkie-base,restricted,spirit,False,spint,ORTHOGRAPHIC,,,6,182,1
talkie-base,restricted,spirit,False,spiril,ORTHOGRAPHIC,,,6,182,1
talkie-base,restricted,spirit,False,spirite,ORTHOGRAPHIC,,,6,182,1
talkie-base,restricted,spirit,False,spiritt,ORTHOGRAPHIC,,,6,182,1
talkie-base,restricted,spirit,False,spint,ORTHOGRAPHIC,,,6,182,1
talkie-base,restricted,spirit,False,spirite,ORTHOGRAPHIC,,,6,182,1
talkie-base,restricted,spirit,False,fpirit,DERIVATIONAL,,undated,6,182,2
talkie-base,restricted,staff,False,staffe,ORTHOGRAPHIC,,,5,113,1
talkie-base,restricted,staff,False,staft,ORTHOGRAPHIC,,,5,113,1
talkie-base,restricted,staff,False,stafl,ORTHOGRAPHIC,,,5,113,1
talkie-base,restricted,staff,False,staif,ORTHOGRAPHIC,,,5,113,1
talkie-base,restricted,staff,False,stafi,ORTHOGRAPHIC,,,5,113,1
talkie-base,restricted,staff,False,staffe,ORTHOGRAPHIC,,,5,113,37
talkie-base,restricted,staff,False,staffe,ORTHOGRAPHIC,,,5,113,-1
talkie-base,restricted,staff,False,staffe,ORTHOGRAPHIC,,,5,113,8
talkie-base,restricted,staff,False,stafe,ORTHOGRAPHIC,,,5,113,8
talkie-base,restricted,staff,False,stauffe,ORTHOGRAPHIC,,,5,113,8
talkie-base,restricted,staff,False,stafie,ORTHOGRAPHIC,,,5,113,8
talkie-base,restricted,staff,False,staf,ORTHOGRAPHIC,,,5,113,2
talkie-base,restricted,stay,False,stav,ORTHOGRAPHIC,,,4,113,1
talkie-base,restricted,stay,False,sta,ORTHOGRAPHIC,,,4,113,1
talkie-base,restricted,stay,False,stayes,ORTHOGRAPHIC,,,4,113,4
talkie-base,restricted,stay,False,sta,ORTHOGRAPHIC,,,4,113,4
talkie-base,restricted,stay,False,staj,ORTHOGRAPHIC,,,4,113,4
talkie-base,restricted,stay,False,staye,ORTHOGRAPHIC,,,4,113,1
talkie-base,restricted,strength,False,strenght,ORTHOGRAPHIC,,,8,137,2
talkie-base,restricted,strength,False,strengthe,ORTHOGRAPHIC,,,8,137,2
talkie-base,restricted,strength,False,strenth,ORTHOGRAPHIC,,,8,137,2
talkie-base,restricted,strength,False,ftrength,DERIVATIONAL,,undated,8,137,1
talkie-base,restricted,strength,False,strenght,ORTHOGRAPHIC,,,8,137,1
talkie-base,restricted,strength,False,strengtli,ORTHOGRAPHIC,,,8,137,1
talkie-base,restricted,strength,False,ſtrength,ORTHOGRAPHIC,,,8,137,1
talkie-base,restricted,strength,False,strengh,ORTHOGRAPHIC,,,8,137,1
talkie-base,restricted,strength,False,stregth,ORTHOGRAPHIC,,,8,137,1
talkie-base,restricted,style,False,ftyle,DERIVATIONAL,,undated,5,98,2
talkie-base,restricted,style,False,styll,ORTHOGRAPHIC,,,5,98,2
talkie-base,restricted,style,False,stille,ORTHOGRAPHIC,,,5,98,2
talkie-base,restricted,style,False,styill,ORTHOGRAPHIC,,,5,98,2
talkie-base,restricted,style,False,styl,ORTHOGRAPHIC,,,5,98,1
talkie-base,restricted,style,False,ſtyle,ORTHOGRAPHIC,,,5,98,3
talkie-base,restricted,style,False,stvle,ORTHOGRAPHIC,,,5,98,1
talkie-base,restricted,style,False,stylé,ORTHOGRAPHIC,,,5,98,1
talkie-base,restricted,useful,False,usefull,ORTHOGRAPHIC,,,6,58,1
talkie-base,restricted,weight,False,iveight,DERIVATIONAL,,undated,6,91,1
talkie-base,restricted,weight,False,weiglit,ORTHOGRAPHIC,,,6,91,1
talkie-base,restricted,weight,False,loeight,DERIVATIONAL,,undated,6,91,1
talkie-base,restricted,weight,False,tveight,DERIVATIONAL,,undated,6,91,1
talkie-base,restricted,weight,False,spight,DERIVATIONAL,,undated,6,91,3
talkie-base,restricted,weight,False,waight,ORTHOGRAPHIC,,,6,91,1
talkie-base,restricted,weight,False,weyght,ORTHOGRAPHIC,,,6,91,3
talkie-base,restricted,writer,False,writir,ORTHOGRAPHIC,,,6,73,3
talkie-base,restricted,writer,False,writar,ORTHOGRAPHIC,,,6,73,3
talkie-base,restricted,actual,False,actuel,ORTHOGRAPHIC,,,6,99,1
talkie-base,restricted,answer,False,answere,ORTHOGRAPHIC,,,6,152,3
talkie-base,restricted,answer,False,answere,ORTHOGRAPHIC,,,6,152,10
talkie-base,restricted,attempt,False,attemp,ORTHOGRAPHIC,,,7,95,1
talkie-base,restricted,attempt,False,atempt,ORTHOGRAPHIC,,,7,95,1
talkie-base,restricted,attempt,False,attemt,ORTHOGRAPHIC,,,7,95,1
talkie-base,restricted,attempt,False,atttempt,ORTHOGRAPHIC,,,7,95,1
talkie-base,restricted,attempt,False,attempte,ORTHOGRAPHIC,,,7,95,1
talkie-base,restricted,attempt,False,attem,ORTHOGRAPHIC,,,7,95,1
talkie-base,restricted,attempt,False,attempl,ORTHOGRAPHIC,,,7,95,1
talkie-base,restricted,contact,False,conta,ORTHOGRAPHIC,,,7,63,1
talkie-base,restricted,contact,False,contaét,ORTHOGRAPHIC,,,7,63,1
talkie-base,restricted,contact,False,contac,ORTHOGRAPHIC,,,7,63,1
talkie-base,restricted,cut,False,cutt,ORTHOGRAPHIC,,,3,192,1
talkie-base,restricted,deal,False,deale,ORTHOGRAPHIC,,,4,143,1
talkie-base,restricted,direct,False,directe,ORTHOGRAPHIC,,,6,129,2
talkie-base,restricted,direct,False,dyrecte,ORTHOGRAPHIC,,,6,129,2
talkie-base,restricted,direct,False,direkte,ORTHOGRAPHIC,,,6,129,2
talkie-base,restricted,direct,False,direcc,ORTHOGRAPHIC,,,6,129,2
talkie-base,restricted,direct,False,directe,ORTHOGRAPHIC,,,6,129,1
talkie-base,restricted,direct,False,direc,ORTHOGRAPHIC,,,6,129,1
talkie-base,restricted,direct,False,dired,ORTHOGRAPHIC,,,6,129,1
talkie-base,restricted,employ,False,employd,ORTHOGRAPHIC,,,6,12,58
talkie-base,restricted,employ,False,imploy,DERIVATIONAL,,undated,6,12,4
talkie-base,restricted,exchange,False,exchaunge,ORTHOGRAPHIC,,,8,70,1
talkie-base,restricted,exchange,False,exchang,ORTHOGRAPHIC,,,8,70,1
talkie-base,restricted,exchange,False,eschange,ORTHOGRAPHIC,,,8,70,1
talkie-base,restricted,experiment,False,experi,ORTHOGRAPHIC,,,10,63,1
talkie-base,restricted,file,False,fyle,ORTHOGRAPHIC,,,4,81,1
talkie-base,restricted,file,False,filea,ORTHOGRAPHIC,,,4,81,1
talkie-base,restricted,freedom,False,jreedom,DERIVATIONAL,,undated,7,128,1
talkie-base,restricted,freedom,False,fieedom,ORTHOGRAPHIC,,,7,128,1
talkie-base,restricted,freedom,False,freedome,ORTHOGRAPHIC,,,7,128,1
talkie-base,restricted,inside,False,inſides,ORTHOGRAPHIC,,,6,174,2
talkie-base,restricted,inside,False,insidea,ORTHOGRAPHIC,,,6,174,2
talkie-base,restricted,inside,False,infides,ORTHOGRAPHIC,,,6,174,2
talkie-base,restricted,inside,False,intides,ORTHOGRAPHIC,,,6,174,2
talkie-base,restricted,lack,False,lacke,ORTHOGRAPHIC,,,4,110,-1
talkie-base,restricted,majority,False,majoritv,ORTHOGRAPHIC,,,8,57,1
talkie-base,restricted,majority,False,majorit,ORTHOGRAPHIC,,,8,57,1
talkie-base,restricted,majority,False,majori,ORTHOGRAPHIC,,,8,57,1
talkie-base,restricted,marriage,False,matriage,ORTHOGRAPHIC,,,8,95,1
talkie-base,restricted,mass,False,mafs,ORTHOGRAPHIC,,,4,98,1
talkie-base,restricted,mass,False,massc,ORTHOGRAPHIC,,,4,98,6
talkie-base,restricted,mass,False,mafs,ORTHOGRAPHIC,,,4,98,1
talkie-base,restricted,note,False,sote,DERIVATIONAL,,undated,4,127,1
talkie-base,restricted,note,False,notte,ORTHOGRAPHIC,,,4,127,1
talkie-base,restricted,note,False,nota,ORTHOGRAPHIC,,,4,127,1
talkie-base,restricted,note,False,knote,DERIVATIONAL,,undated,4,127,1
talkie-base,restricted,note,False,noto,ORTHOGRAPHIC,,,4,127,1
talkie-base,restricted,note,False,notc,ORTHOGRAPHIC,,,4,127,1
talkie-base,restricted,note,False,nute,ORTHOGRAPHIC,,,4,127,1
talkie-base,restricted,note,False,nota,ORTHOGRAPHIC,,,4,127,1
talkie-base,restricted,note,False,uote,DERIVATIONAL,,undated,4,127,1
talkie-base,restricted,note,False,notel,ORTHOGRAPHIC,,,4,127,1
talkie-base,restricted,note,False,ncte,ORTHOGRAPHIC,,,4,127,1
talkie-base,restricted,note,False,pote,DERIVATIONAL,,undated,4,127,1
talkie-base,restricted,note,False,notej,ORTHOGRAPHIC,,,4,127,1
talkie-base,restricted,note,False,þote,ORTHOGRAPHIC,,,4,127,3
talkie-base,restricted,output,False,outpu,ORTHOGRAPHIC,,,6,35,1
talkie-base,restricted,output,False,outout,ORTHOGRAPHIC,,,6,35,1
talkie-base,restricted,popular,False,populo,ORTHOGRAPHIC,,,7,98,-1
talkie-base,restricted,rest,False,reste,ORTHOGRAPHIC,,,4,163,6
talkie-base,restricted,rest,False,reste,ORTHOGRAPHIC,,,4,163,1
talkie-base,restricted,rest,False,reſt,ORTHOGRAPHIC,,,4,163,1
talkie-base,restricted,rest,False,reft,ORTHOGRAPHIC,,,4,163,1
talkie-base,restricted,scene,False,sceane,ORTHOGRAPHIC,,,5,106,1
talkie-base,restricted,scene,False,sceene,ORTHOGRAPHIC,,,5,106,1
talkie-base,restricted,scene,False,scence,ORTHOGRAPHIC,,,5,106,1
talkie-base,restricted,scene,False,scæne,ORTHOGRAPHIC,,,5,106,1
talkie-base,restricted,scene,False,scaene,ORTHOGRAPHIC,,,5,106,1
talkie-base,restricted,scene,False,scsene,ORTHOGRAPHIC,,,5,106,1
talkie-base,restricted,scene,False,sccene,ORTHOGRAPHIC,,,5,106,1
talkie-base,restricted,scene,False,scœne,ORTHOGRAPHIC,,,5,106,1
talkie-base,restricted,scene,False,sceue,ORTHOGRAPHIC,,,5,106,1
talkie-base,restricted,scene,False,fcene,DERIVATIONAL,,undated,5,106,5
talkie-base,restricted,sea,False,seae,ORTHOGRAPHIC,,,3,95,1
talkie-base,restricted,sea,False,sca,ORTHOGRAPHIC,,,3,95,1
talkie-base,restricted,sea,False,fea,DERIVATIONAL,,undated,3,95,1
talkie-base,restricted,sea,False,seaw,ORTHOGRAPHIC,,,3,95,1
talkie-base,restricted,sea,False,sca,ORTHOGRAPHIC,,,3,95,1
talkie-base,restricted,sea,False,ſea,ORTHOGRAPHIC,,,3,95,1
talkie-base,restricted,sea,False,fea,DERIVATIONAL,,undated,3,95,1
talkie-base,restricted,sea,False,ſea,ORTHOGRAPHIC,,,3,95,1
talkie-base,restricted,sea,False,fea,DERIVATIONAL,,undated,3,95,1
talkie-base,restricted,select,False,selecte,ORTHOGRAPHIC,,,6,23,5
talkie-base,restricted,sex,False,sexe,ORTHOGRAPHIC,,,3,84,1
talkie-base,restricted,sign,False,signes,ORTHOGRAPHIC,,,4,94,4
talkie-base,restricted,sign,False,signe,ORTHOGRAPHIC,,,4,94,1
talkie-base,restricted,sign,False,signes,ORTHOGRAPHIC,,,4,94,1
talkie-base,restricted,sign,False,signes,ORTHOGRAPHIC,,,4,94,-1
talkie-base,restricted,sign,False,signe,ORTHOGRAPHIC,,,4,94,-1
talkie-base,restricted,sort,False,sorte,ORTHOGRAPHIC,,,4,164,1
talkie-base,restricted,sort,False,sortt,ORTHOGRAPHIC,,,4,164,1
talkie-base,restricted,sort,False,sert,ORTHOGRAPHIC,,,4,164,1
talkie-base,restricted,sort,False,sory,ORTHOGRAPHIC,,,4,164,1
talkie-base,restricted,sort,False,sert,ORTHOGRAPHIC,,,4,164,1
talkie-base,restricted,sort,False,sor,ORTHOGRAPHIC,,,4,164,1
talkie-base,restricted,sort,False,sart,ORTHOGRAPHIC,,,4,164,1
talkie-base,restricted,sort,False,soit,ORTHOGRAPHIC,1889,,4,164,1
talkie-base,restricted,sort,False,gort,DERIVATIONAL,,undated,4,164,1
talkie-base,restricted,sort,False,sorte,ORTHOGRAPHIC,,,4,164,2
talkie-base,restricted,sort,False,sortes,ORTHOGRAPHIC,,,4,164,73
talkie-base,restricted,sort,False,sorte,ORTHOGRAPHIC,,,4,164,73
talkie-base,restricted,sort,False,sorte,ORTHOGRAPHIC,,,4,164,2
talkie-base,restricted,stock,False,stockes,ORTHOGRAPHIC,,,5,147,9
talkie-base,restricted,stock,False,stocke,ORTHOGRAPHIC,,,5,147,9
talkie-base,restricted,stock,False,stocke,ORTHOGRAPHIC,,,5,147,3
talkie-base,restricted,stock,False,atock,DERIVATIONAL,,undated,5,147,1
talkie-base,restricted,stock,False,stoek,ORTHOGRAPHIC,,,5,147,1
talkie-base,restricted,suffer,False,ſuffer,ORTHOGRAPHIC,,,6,33,3
talkie-base,restricted,suffer,False,ſuffer,ORTHOGRAPHIC,,,6,33,12
talkie-base,restricted,suffer,False,fuffer,DERIVATIONAL,,undated,6,33,12
talkie-base,restricted,union,False,reſtoration,ORTHOGRAPHIC,,,5,182,1
talkie-base,restricted,union,False,diviſion,ORTHOGRAPHIC,,,5,182,-1
talkie-base,restricted,union,False,divifion,DERIVATIONAL,,undated,5,182,-1
talkie-base,restricted,wear,False,weare,ORTHOGRAPHIC,,,4,35,36
talkie-base,restricted,wear,False,vear,DERIVATIONAL,,undated,4,35,1
talkie-base,restricted,wear,False,wea,ORTHOGRAPHIC,,,4,35,1
talkie-base,restricted,wear,False,weare,ORTHOGRAPHIC,,,4,35,8
talkie-base,restricted,well,False,wel,ORTHOGRAPHIC,,,4,897,1
talkie-base,restricted,well,False,wel,ORTHOGRAPHIC,,,4,897,1
talkie-base,restricted,well,False,wel,ORTHOGRAPHIC,,,4,897,1
talkie-base,restricted,well,False,weel,ORTHOGRAPHIC,,,4,897,1
talkie-base,restricted,wish,False,wiſh,ORTHOGRAPHIC,,,4,110,2
talkie-base,restricted,wish,False,wilh,ORTHOGRAPHIC,,,4,110,2
talkie-base,restricted,wish,False,wifh,ORTHOGRAPHIC,,,4,110,2
talkie-base,restricted,wish,False,wishéd,ORTHOGRAPHIC,,,4,110,7
talkie-base,restricted,writing,False,wtiting,ORTHOGRAPHIC,,,7,117,1
talkie-base,restricted,writing,False,writin,ORTHOGRAPHIC,,,7,117,1
talkie-base,restricted,writing,False,writting,ORTHOGRAPHIC,,,7,117,2
talkie-base,restricted,ago,False,agoe,ORTHOGRAPHIC,,,3,246,5
talkie-base,restricted,ago,False,agol,ORTHOGRAPHIC,,,3,246,1
talkie-base,restricted,arm,False,arme,ORTHOGRAPHIC,,,3,94,2
talkie-base,restricted,arm,False,armc,ORTHOGRAPHIC,,,3,94,2
talkie-base,restricted,arm,False,arme,ORTHOGRAPHIC,,,3,94,2
talkie-base,restricted,army,False,armie,ORTHOGRAPHIC,,,4,132,2
talkie-base,restricted,balance,False,halance,DERIVATIONAL,,undated,7,90,1
talkie-base,restricted,base,False,bafe,ORTHOGRAPHIC,,,4,91,1
talkie-base,restricted,base,False,baſe,ORTHOGRAPHIC,,,4,91,1
talkie-base,restricted,base,False,basepoints,ORTHOGRAPHIC,,,4,91,1
talkie-base,restricted,base,False,hase,DERIVATIONAL,,undated,4,91,1
talkie-base,restricted,base,False,basepoint,ORTHOGRAPHIC,,,4,91,1
talkie-base,restricted,base,False,hase,DERIVATIONAL,,undated,4,91,1
talkie-base,restricted,base,False,hase,DERIVATIONAL,,undated,4,91,1
talkie-base,restricted,base,False,baſe,ORTHOGRAPHIC,,,4,91,3
talkie-base,restricted,base,False,bafe,ORTHOGRAPHIC,,,4,91,3
talkie-base,restricted,base,False,baie,ORTHOGRAPHIC,,,4,91,3
talkie-base,restricted,board,False,councilboard,DERIVATIONAL,,undated,5,239,1
talkie-base,restricted,board,False,boord,ORTHOGRAPHIC,,,5,239,1
talkie-base,restricted,board,False,bord,ORTHOGRAPHIC,,,5,239,1
talkie-base,restricted,board,False,boarde,ORTHOGRAPHIC,,,5,239,1
talkie-base,restricted,board,False,bourd,ORTHOGRAPHIC,,,5,239,1
talkie-base,restricted,board,False,boord,ORTHOGRAPHIC,,,5,239,1
talkie-base,restricted,board,False,bourd,ORTHOGRAPHIC,,,5,239,1
talkie-base,restricted,board,False,boardj,ORTHOGRAPHIC,,,5,239,1
talkie-base,restricted,board,False,boord,ORTHOGRAPHIC,,,5,239,1
talkie-base,restricted,board,False,boaid,ORTHOGRAPHIC,,,5,239,1
talkie-base,restricted,brain,False,braine,ORTHOGRAPHIC,,,5,45,28
talkie-base,restricted,brain,False,braines,ORTHOGRAPHIC,,,5,45,28
talkie-base,restricted,code,False,codile,ORTHOGRAPHIC,,,4,39,1
talkie-base,restricted,code,False,codice,ORTHOGRAPHIC,,,4,39,1
talkie-base,restricted,college,False,collegia,ORTHOGRAPHIC,,,7,267,10
talkie-base,restricted,column,False,eolumn,DERIVATIONAL,,undated,6,71,1
talkie-base,restricted,divide,False,divid,ORTHOGRAPHIC,,,6,14,1
talkie-base,restricted,divide,False,diyide,ORTHOGRAPHIC,,,6,14,1
talkie-base,restricted,doubt,False,dout,ORTHOGRAPHIC,,,5,114,1
talkie-base,restricted,doubt,False,donbt,ORTHOGRAPHIC,,,5,114,1
talkie-base,restricted,enemy,False,enemye,ORTHOGRAPHIC,,,5,88,1
talkie-base,restricted,enemy,False,enmy,ORTHOGRAPHIC,,,5,88,1
talkie-base,restricted,enemy,False,enemi,ORTHOGRAPHIC,,,5,88,1
talkie-base,restricted,enemy,False,enemie,ORTHOGRAPHIC,,,5,88,1
talkie-base,restricted,enemy,False,enemyes,ORTHOGRAPHIC,,,5,88,1
talkie-base,restricted,enemy,False,enem,ORTHOGRAPHIC,,,5,88,1
talkie-base,restricted,enemy,False,enemee,ORTHOGRAPHIC,,,5,88,1
talkie-base,restricted,enemy,False,nemy,DERIVATIONAL,,undated,5,88,1
talkie-base,restricted,except,False,excepte,ORTHOGRAPHIC,,,6,181,1
talkie-base,restricted,except,False,exceptid,ORTHOGRAPHIC,,,6,181,1
talkie-base,restricted,except,False,excepte,ORTHOGRAPHIC,,,6,181,6
talkie-base,restricted,except,False,exceptyd,ORTHOGRAPHIC,,,6,181,6
talkie-base,restricted,forward,False,forwarde,ORTHOGRAPHIC,,,7,115,1
talkie-base,restricted,forward,False,foreward,ORTHOGRAPHIC,,,7,115,1
talkie-base,restricted,forward,False,fordward,ORTHOGRAPHIC,,,7,115,1
talkie-base,restricted,gain,False,gaind,ORTHOGRAPHIC,,,4,74,1
talkie-base,restricted,gain,False,galn,ORTHOGRAPHIC,,,4,74,1
talkie-base,restricted,gain,False,gai,ORTHOGRAPHIC,,,4,74,1
talkie-base,restricted,gain,False,gair,ORTHOGRAPHIC,,,4,74,1
talkie-base,restricted,heat,False,heate,ORTHOGRAPHIC,,,4,97,3
talkie-base,restricted,horse,False,horae,ORTHOGRAPHIC,,,5,117,1
talkie-base,restricted,horse,False,horee,ORTHOGRAPHIC,,,5,117,1
talkie-base,restricted,horse,False,horsmen,ORTHOGRAPHIC,,,5,117,9
talkie-base,restricted,horse,False,horsé,ORTHOGRAPHIC,,,5,117,1
talkie-base,restricted,horse,False,horge,ORTHOGRAPHIC,,,5,117,1
talkie-base,restricted,horse,False,hérse,ORTHOGRAPHIC,,,5,117,1
talkie-base,restricted,horse,False,borse,DERIVATIONAL,,undated,5,117,1
talkie-base,restricted,horse,False,liorse,DERIVATIONAL,,undated,5,117,1
talkie-base,restricted,horse,False,hoise,ORTHOGRAPHIC,,,5,117,1
talkie-base,restricted,horse,False,horee,ORTHOGRAPHIC,,,5,117,1
talkie-base,restricted,horse,False,horsse,ORTHOGRAPHIC,,,5,117,1
talkie-base,restricted,horse,False,hoorse,ORTHOGRAPHIC,,,5,117,1
talkie-base,restricted,horse,False,borse,DERIVATIONAL,,undated,5,117,1
talkie-base,restricted,horse,False,horfe,ORTHOGRAPHIC,,,5,117,1
talkie-base,restricted,horse,False,horſe,ORTHOGRAPHIC,,,5,117,1
talkie-base,restricted,horse,False,horfe,ORTHOGRAPHIC,,,5,117,1
talkie-base,restricted,horse,False,borse,DERIVATIONAL,,undated,5,117,1
talkie-base,restricted,horse,False,horle,ORTHOGRAPHIC,,,5,117,1
talkie-base,restricted,horse,False,horie,ORTHOGRAPHIC,,,5,117,1
talkie-base,restricted,horse,False,horte,ORTHOGRAPHIC,,,5,117,1
talkie-base,restricted,horse,False,horfe,ORTHOGRAPHIC,,,5,117,1
talkie-base,restricted,horse,False,horsse,ORTHOGRAPHIC,,,5,117,1
talkie-base,restricted,hospital,False,hospitalls,ORTHOGRAPHIC,,,8,110,-1
talkie-base,restricted,hospital,False,hoſpital,ORTHOGRAPHIC,,,8,110,45
talkie-base,restricted,hospital,False,hofpitall,ORTHOGRAPHIC,,,8,110,45
talkie-base,restricted,hospital,False,hospitall,ORTHOGRAPHIC,,,8,110,3
talkie-base,restricted,hospital,False,hospitalls,ORTHOGRAPHIC,,,8,110,3
talkie-base,restricted,instruction,False,instmctions,DERIVATIONAL,,undated,11,26,2
talkie-base,restricted,instruction,False,instnictions,DERIVATIONAL,,undated,11,26,2
talkie-base,restricted,instrument,False,instrumente,ORTHOGRAPHIC,,,10,47,1
talkie-base,restricted,lay,False,layd,ORTHOGRAPHIC,,,3,139,35
talkie-base,restricted,lay,False,layd,ORTHOGRAPHIC,,,3,139,1
talkie-base,restricted,lay,False,laj,ORTHOGRAPHIC,,,3,139,1
talkie-base,restricted,lay,False,layj,ORTHOGRAPHIC,,,3,139,1
talkie-base,restricted,layer,False,layings,INFLECTION,,,5,12,-1
talkie-base,restricted,learning,False,learninge,ORTHOGRAPHIC,,,8,60,1
talkie-base,restricted,learning,False,lerning,ORTHOGRAPHIC,,,8,60,1
talkie-base,restricted,learning,False,learuing,ORTHOGRAPHIC,,,8,60,1
talkie-base,restricted,learning,False,learneing,ORTHOGRAPHIC,,,8,60,1
talkie-base,restricted,light,False,liglit,ORTHOGRAPHIC,,,5,333,1
talkie-base,restricted,light,False,ligbt,ORTHOGRAPHIC,,,5,333,1
talkie-base,restricted,light,False,liglit,ORTHOGRAPHIC,,,5,333,1
talkie-base,restricted,light,False,ligh,ORTHOGRAPHIC,,,5,333,1
talkie-base,restricted,like,False,likie,ORTHOGRAPHIC,,,4,1292,1
talkie-base,restricted,like,False,likeð,ORTHOGRAPHIC,,,4,1292,1
talkie-base,restricted,like,False,likede,ORTHOGRAPHIC,,,4,1292,1
talkie-base,restricted,like,False,liki,ORTHOGRAPHIC,,,4,1292,1
talkie-base,restricted,like,False,likep,ORTHOGRAPHIC,,,4,1292,1
talkie-base,restricted,like,False,likide,ORTHOGRAPHIC,,,4,1292,23
talkie-base,restricted,manage,False,mannage,ORTHOGRAPHIC,,,6,20,2
talkie-base,restricted,mode,False,moode,ORTHOGRAPHIC,,,4,21,3
talkie-base,restricted,motion,False,mocion,ORTHOGRAPHIC,,,6,55,1
talkie-base,restricted,motion,False,motio,ORTHOGRAPHIC,,,6,55,1
talkie-base,restricted,motion,False,moti,ORTHOGRAPHIC,,,6,55,1
talkie-base,restricted,option,False,opton,ORTHOGRAPHIC,,,6,5,1
talkie-base,restricted,peace,False,peac,ORTHOGRAPHIC,,,5,198,1
talkie-base,restricted,peace,False,peaoe,ORTHOGRAPHIC,,,5,198,1
talkie-base,restricted,play,False,plaj,ORTHOGRAPHIC,,,4,200,1
talkie-base,restricted,play,False,pla,ORTHOGRAPHIC,,,4,200,1
talkie-base,restricted,play,False,playe,ORTHOGRAPHIC,,,4,200,1
talkie-base,restricted,play,False,pleay,ORTHOGRAPHIC,,,4,200,1
talkie-base,restricted,play,False,plai,ORTHOGRAPHIC,,,4,200,1
talkie-base,restricted,play,False,plav,ORTHOGRAPHIC,,,4,200,1
talkie-base,restricted,play,False,pley,ORTHOGRAPHIC,,,4,200,1
talkie-base,restricted,play,False,playe,ORTHOGRAPHIC,,,4,200,8
talkie-base,restricted,protection,False,proteetion,ORTHOGRAPHIC,,,10,68,1
talkie-base,restricted,pull,False,pulle,ORTHOGRAPHIC,,,4,51,-1
talkie-base,restricted,pull,False,pulle,ORTHOGRAPHIC,,,4,51,6
talkie-base,restricted,pull,False,pullen,ORTHOGRAPHIC,,,4,51,6
talkie-base,restricted,pull,False,pulle,ORTHOGRAPHIC,,,4,51,7
talkie-base,restricted,ready,False,readie,ORTHOGRAPHIC,,,5,143,2
talkie-base,restricted,record,False,recorde,ORTHOGRAPHIC,,,6,137,1
talkie-base,restricted,refuse,False,refvse,ORTHOGRAPHIC,,,6,16,1
talkie-base,restricted,refuse,False,refyse,ORTHOGRAPHIC,,,6,16,1
talkie-base,restricted,refuse,False,refuſe,ORTHOGRAPHIC,,,6,16,1
talkie-base,restricted,refuse,False,refu,ORTHOGRAPHIC,,,6,16,1
talkie-base,restricted,refuse,False,refuze,ORTHOGRAPHIC,,,6,16,1
talkie-base,restricted,refuse,False,reffuse,ORTHOGRAPHIC,,,6,16,1
talkie-base,restricted,refuse,False,refufe,ORTHOGRAPHIC,,,6,16,1
talkie-base,restricted,river,False,eiver,DERIVATIONAL,,undated,5,165,1
talkie-base,restricted,river,False,biver,DERIVATIONAL,,undated,5,165,1
talkie-base,restricted,river,False,kiver,DERIVATIONAL,,undated,5,165,1
talkie-base,restricted,river,False,riyer,ORTHOGRAPHIC,,,5,165,1
talkie-base,restricted,river,False,hiver,DERIVATIONAL,,undated,5,165,1
talkie-base,restricted,river,False,rirer,ORTHOGRAPHIC,,,5,165,1
talkie-base,restricted,scale,False,fcale,DERIVATIONAL,,undated,5,60,1
talkie-base,restricted,scale,False,soale,ORTHOGRAPHIC,,,5,60,1
talkie-base,restricted,scale,False,ecale,DERIVATIONAL,,undated,5,60,1
talkie-base,restricted,scale,False,ecale,DERIVATIONAL,,undated,5,60,1
talkie-base,restricted,scale,False,soale,ORTHOGRAPHIC,,,5,60,1
talkie-base,restricted,seven,False,fevens,DERIVATIONAL,,undated,5,113,2
talkie-base,restricted,seven,False,ſevens,ORTHOGRAPHIC,,,5,113,2
talkie-base,restricted,shape,False,shap,ORTHOGRAPHIC,,,5,85,1
talkie-base,restricted,shape,False,shope,ORTHOGRAPHIC,,,5,85,1
talkie-base,restricted,ship,False,ſhip,ORTHOGRAPHIC,,,4,83,1
talkie-base,restricted,ship,False,fhip,DERIVATIONAL,,undated,4,83,1
talkie-base,restricted,skin,False,skinne,ORTHOGRAPHIC,,,4,47,1
talkie-base,restricted,soul,False,soal,ORTHOGRAPHIC,,,4,47,1
talkie-base,restricted,soul,False,soules,ORTHOGRAPHIC,,,4,47,47
talkie-base,restricted,soul,False,soules,ORTHOGRAPHIC,,,4,47,19
talkie-base,restricted,station,False,stution,ORTHOGRAPHIC,,,7,105,1
talkie-base,restricted,station,False,statiou,ORTHOGRAPHIC,,,7,105,1
talkie-base,restricted,station,False,tation,DERIVATIONAL,,undated,7,105,1
talkie-base,restricted,station,False,scituation,DERIVATIONAL,,undated,7,105,-1
talkie-base,restricted,suppose,False,suppos,ORTHOGRAPHIC,,,7,97,14
talkie-base,restricted,suppose,False,supposde,ORTHOGRAPHIC,,,7,97,14
talkie-base,restricted,suppose,False,supposd,ORTHOGRAPHIC,,,7,97,14
talkie-base,restricted,suppose,False,supposen,ORTHOGRAPHIC,,,7,97,2
talkie-base,restricted,suppose,False,supposeth,ORTHOGRAPHIC,,,7,97,26
talkie-base,restricted,suppose,False,fuppofe,DERIVATIONAL,,undated,7,97,1
talkie-base,restricted,suppose,False,ſuppoſe,ORTHOGRAPHIC,,,7,97,1
talkie-base,restricted,throw,False,throweth,ORTHOGRAPHIC,,,5,42,32
talkie-base,restricted,throw,False,throwe,ORTHOGRAPHIC,,,5,42,32
talkie-base,restricted,throw,False,thro,ORTHOGRAPHIC,,,5,42,32
talkie-base,restricted,throw,False,thro,ORTHOGRAPHIC,,,5,42,1
talkie-base,restricted,throw,False,throv,ORTHOGRAPHIC,,,5,42,1
talkie-base,restricted,throw,False,throww,ORTHOGRAPHIC,,,5,42,1
talkie-base,restricted,tissue,False,tissu,ORTHOGRAPHIC,,,6,41,1
talkie-base,restricted,tissue,False,tissiie,ORTHOGRAPHIC,,,6,41,1
talkie-base,restricted,tissue,False,tissuc,ORTHOGRAPHIC,,,6,41,1
talkie-base,restricted,tissue,False,tiss,ORTHOGRAPHIC,,,6,41,1
talkie-base,restricted,tissue,False,tissne,ORTHOGRAPHIC,,,6,41,1
talkie-base,restricted,title,False,titie,ORTHOGRAPHIC,,,5,77,1
talkie-base,restricted,trial,False,triall,ORTHOGRAPHIC,,,5,134,1
talkie-base,restricted,trial,False,tryall,ORTHOGRAPHIC,,,5,134,1
talkie-base,restricted,variation,False,yariation,DERIVATIONAL,,undated,9,32,1
talkie-base,restricted,variation,False,vartation,ORTHOGRAPHIC,,,9,32,1
talkie-base,restricted,vary,False,tary,DERIVATIONAL,,undated,4,34,1
talkie-base,restricted,vary,False,varye,ORTHOGRAPHIC,,,4,34,1
talkie-base,restricted,vary,False,varie,ORTHOGRAPHIC,,,4,34,14
talkie-base,restricted,visit,False,visite,ORTHOGRAPHIC,,,5,109,2
talkie-base,restricted,visit,False,visitid,ORTHOGRAPHIC,,,5,109,2
talkie-base,restricted,visit,False,visitted,ORTHOGRAPHIC,,,5,109,2
talkie-base,restricted,visit,False,visite,ORTHOGRAPHIC,,,5,109,1
talkie-base,restricted,visit,False,visitt,ORTHOGRAPHIC,,,5,109,1
talkie-base,restricted,visit,False,visite,ORTHOGRAPHIC,,,5,109,2
talkie-base,restricted,visit,False,visitt,ORTHOGRAPHIC,,,5,109,2
talkie-base,restricted,visit,False,viset,ORTHOGRAPHIC,,,5,109,2
talkie-base,restricted,visit,False,visile,ORTHOGRAPHIC,,,5,109,2
talkie-base,restricted,visit,False,visitys,ORTHOGRAPHIC,,,5,109,2
talkie-base,restricted,visit,False,viſit,ORTHOGRAPHIC,,,5,109,2
talkie-base,restricted,visit,False,visi,ORTHOGRAPHIC,,,5,109,2
talkie-base,restricted,wave,False,wav,ORTHOGRAPHIC,,,4,46,1
talkie-base,restricted,wave,False,waue,ORTHOGRAPHIC,,,4,46,1
talkie-base,restricted,wave,False,wavo,ORTHOGRAPHIC,,,4,46,1
talkie-base,restricted,wave,False,waye,ORTHOGRAPHIC,,,4,46,1
talkie-base,restricted,wave,False,warve,ORTHOGRAPHIC,,,4,46,1
talkie-base,restricted,wave,False,wav,ORTHOGRAPHIC,,,4,46,1
talkie-base,restricted,wave,False,waye,ORTHOGRAPHIC,,,4,46,1
talkie-base,restricted,wave,False,wavc,ORTHOGRAPHIC,,,4,46,1
talkie-base,restricted,wave,False,wavé,ORTHOGRAPHIC,,,4,46,1
talkie-base,restricted,wave,False,wavo,ORTHOGRAPHIC,,,4,46,1
talkie-base,restricted,wrong,False,wrongy,ORTHOGRAPHIC,,,5,129,1
talkie-base,restricted,wrong,False,wron,ORTHOGRAPHIC,,,5,129,1
talkie-base,restricted,wrong,False,wrongj,ORTHOGRAPHIC,,,5,129,1
talkie-base,restricted,wrong,False,wron,ORTHOGRAPHIC,,,5,129,1
talkie-base,restricted,wrong,False,wiong,ORTHOGRAPHIC,,,5,129,1
talkie-base,restricted,wrong,False,wronge,ORTHOGRAPHIC,,,5,129,1
talkie-base,restricted,wrong,False,wron,ORTHOGRAPHIC,,,5,129,1
talkie-base,restricted,wrong,False,wtong,ORTHOGRAPHIC,,,5,129,1
talkie-base,restricted,wrong,False,wroug,ORTHOGRAPHIC,,,5,129,1
talkie-base,restricted,wrong,False,wron,ORTHOGRAPHIC,,,5,129,1
talkie-base,restricted,wrong,False,wreng,ORTHOGRAPHIC,,,5,129,1
talkie-base,restricted,wrong,False,wrang,ORTHOGRAPHIC,,,5,129,1
talkie-base,restricted,wrong,False,wiong,ORTHOGRAPHIC,,,5,129,1
talkie-base,restricted,wrong,False,wtong,ORTHOGRAPHIC,,,5,129,1
talkie-base,restricted,wrong,False,wrang,ORTHOGRAPHIC,,,5,129,1
talkie-base,restricted,wrong,False,wron,ORTHOGRAPHIC,,,5,129,1
talkie-base,restricted,wrong,False,wiong,ORTHOGRAPHIC,,,5,129,1
talkie-base,restricted,absence,False,absense,ORTHOGRAPHIC,,,7,53,1
talkie-base,restricted,absence,False,absens,ORTHOGRAPHIC,,,7,53,1
talkie-base,restricted,asset,False,assct,ORTHOGRAPHIC,,,5,5,1
talkie-base,restricted,attend,False,attende,ORTHOGRAPHIC,,,6,54,1
talkie-base,restricted,attend,False,atend,ORTHOGRAPHIC,,,6,54,1
talkie-base,restricted,attend,False,atténd,ORTHOGRAPHIC,,,6,54,1
talkie-base,restricted,back,False,baek,ORTHOGRAPHIC,,,4,966,1
talkie-base,restricted,back,False,baek,ORTHOGRAPHIC,,,4,966,1
talkie-base,restricted,back,False,backes,ORTHOGRAPHIC,,,4,966,3
talkie-base,restricted,back,False,backe,ORTHOGRAPHIC,,,4,966,3
talkie-base,restricted,back,False,backsy,ORTHOGRAPHIC,,,4,966,3
talkie-base,restricted,back,False,baek,ORTHOGRAPHIC,,,4,966,1
talkie-base,restricted,back,False,backe,ORTHOGRAPHIC,,,4,966,1
talkie-base,restricted,back,False,backes,ORTHOGRAPHIC,,,4,966,2
talkie-base,restricted,back,False,backe,ORTHOGRAPHIC,,,4,966,2
talkie-base,restricted,back,False,backe,ORTHOGRAPHIC,,,4,966,60
talkie-base,restricted,birth,False,biith,ORTHOGRAPHIC,,,5,66,1
talkie-base,restricted,birth,False,birthes,ORTHOGRAPHIC,,,5,66,1
talkie-base,restricted,birth,False,birthe,ORTHOGRAPHIC,,,5,66,1
talkie-base,restricted,birth,False,birtli,ORTHOGRAPHIC,,,5,66,1
talkie-base,restricted,birth,False,byrth,ORTHOGRAPHIC,,,5,66,1
talkie-base,restricted,birth,False,birtb,ORTHOGRAPHIC,,,5,66,1
talkie-base,restricted,birth,False,birlh,ORTHOGRAPHIC,,,5,66,1
talkie-base,restricted,block,False,blocke,ORTHOGRAPHIC,,,5,66,1
talkie-base,restricted,block,False,blockc,ORTHOGRAPHIC,,,5,66,1
talkie-base,restricted,block,False,biocke,ORTHOGRAPHIC,,,5,66,1
talkie-base,restricted,block,False,bleck,ORTHOGRAPHIC,,,5,66,1
talkie-base,restricted,blue,False,biue,ORTHOGRAPHIC,,,4,143,1
talkie-base,restricted,blue,False,bluei,ORTHOGRAPHIC,,,4,143,1
talkie-base,restricted,blue,False,bluc,ORTHOGRAPHIC,,,4,143,1
talkie-base,restricted,blue,False,bue,ORTHOGRAPHIC,,,4,143,1
talkie-base,restricted,blue,False,blne,ORTHOGRAPHIC,,,4,143,1
talkie-base,restricted,blue,False,bluc,ORTHOGRAPHIC,,,4,143,1
talkie-base,restricted,blue,False,biue,ORTHOGRAPHIC,,,4,143,1
talkie-base,restricted,blue,False,hlue,DERIVATIONAL,,undated,4,143,1
talkie-base,restricted,blue,False,blne,ORTHOGRAPHIC,,,4,143,2
talkie-base,restricted,blue,False,bluet,ORTHOGRAPHIC,,,4,143,2
talkie-base,restricted,blue,False,bluel,ORTHOGRAPHIC,,,4,143,2
talkie-base,restricted,blue,False,bluc,ORTHOGRAPHIC,,,4,143,2
talkie-base,restricted,bone,False,bonie,ORTHOGRAPHIC,,,4,33,2
talkie-base,restricted,born,False,borns,ORTHOGRAPHIC,,,4,113,1
talkie-base,restricted,bottom,False,bottome,ORTHOGRAPHIC,,,6,88,1
talkie-base,restricted,bottom,False,hottom,DERIVATIONAL,,undated,6,88,1
talkie-base,restricted,call,False,calle,ORTHOGRAPHIC,,,4,188,3
talkie-base,restricted,campaign,False,campagne,ORTHOGRAPHIC,,,8,81,1
talkie-base,restricted,card,False,cardes,ORTHOGRAPHIC,,,4,26,-1
talkie-base,restricted,card,False,ecards,DERIVATIONAL,,undated,4,26,8
talkie-base,restricted,card,False,carde,ORTHOGRAPHIC,,,4,26,1
talkie-base,restricted,card,False,carde,ORTHOGRAPHIC,,,4,26,1
talkie-base,restricted,chemical,False,chymical,ORTHOGRAPHIC,,,8,60,3
talkie-base,restricted,chemical,False,empyrical,DERIVATIONAL,,undated,8,60,3
talkie-base,restricted,citizen,False,eitizen,DERIVATIONAL,,undated,7,30,1
talkie-base,restricted,civil,False,civiliz,ORTHOGRAPHIC,,,5,91,1
talkie-base,restricted,cold,False,colde,ORTHOGRAPHIC,,,4,171,28
talkie-base,restricted,cold,False,colde,ORTHOGRAPHIC,,,4,171,1
talkie-base,restricted,cold,False,eold,DERIVATIONAL,,undated,4,171,1
talkie-base,restricted,cold,False,cald,ORTHOGRAPHIC,,,4,171,1
talkie-base,restricted,cold,False,coid,ORTHOGRAPHIC,,,4,171,1
talkie-base,restricted,command,False,cominand,ORTHOGRAPHIC,,,7,72,1
talkie-base,restricted,command,False,commaud,ORTHOGRAPHIC,,,7,72,1
talkie-base,restricted,credit,False,credite,ORTHOGRAPHIC,,,6,64,3
talkie-base,restricted,credit,False,oredit,DERIVATIONAL,,undated,6,64,1
talkie-base,restricted,credit,False,oedit,DERIVATIONAL,,undated,6,64,1
talkie-base,restricted,credit,False,eredits,DERIVATIONAL,,undated,6,64,2
talkie-base,restricted,declare,False,dedare,ORTHOGRAPHIC,,,7,8,1
talkie-base,restricted,declare,False,deckre,ORTHOGRAPHIC,,,7,8,1
talkie-base,restricted,declare,False,deelare,ORTHOGRAPHIC,,,7,8,1
talkie-base,restricted,demand,False,demaund,ORTHOGRAPHIC,,,6,102,1
talkie-base,restricted,demand,False,demande,ORTHOGRAPHIC,,,6,102,1
talkie-base,restricted,demand,False,demaunde,ORTHOGRAPHIC,,,6,102,1
talkie-base,restricted,demand,False,demannd,ORTHOGRAPHIC,,,6,102,1
talkie-base,restricted,demand,False,demane,ORTHOGRAPHIC,,,6,102,1
talkie-base,restricted,demand,False,deinand,ORTHOGRAPHIC,,,6,102,1
talkie-base,restricted,deny,False,denye,ORTHOGRAPHIC,,,4,47,2
talkie-base,restricted,deny,False,denie,ORTHOGRAPHIC,,,4,47,2
talkie-base,restricted,deny,False,denyen,ORTHOGRAPHIC,,,4,47,2
talkie-base,restricted,dimension,False,dimenſions,ORTHOGRAPHIC,,,9,15,5
talkie-base,restricted,dimension,False,dimentions,ORTHOGRAPHIC,,,9,15,5
talkie-base,restricted,dimension,False,dimenfions,ORTHOGRAPHIC,,,9,15,5
talkie-base,restricted,dimension,False,dimenjions,ORTHOGRAPHIC,,,9,15,5
talkie-base,restricted,dimension,False,dimenstons,ORTHOGRAPHIC,,,9,15,5
talkie-base,restricted,dollar,False,douar,ORTHOGRAPHIC,,,6,46,1
talkie-base,restricted,dollar,False,doliar,ORTHOGRAPHIC,,,6,46,1
talkie-base,restricted,dollar,False,dollai,ORTHOGRAPHIC,,,6,46,1
talkie-base,restricted,domestic,False,domestick,ORTHOGRAPHIC,,,8,63,1
talkie-base,restricted,domestic,False,domeftic,ORTHOGRAPHIC,,,8,63,1
talkie-base,restricted,domestic,False,domeſtic,ORTHOGRAPHIC,,,8,63,1
talkie-base,restricted,domestic,False,domeatic,ORTHOGRAPHIC,,,8,63,1
talkie-base,restricted,domestic,False,domeftick,ORTHOGRAPHIC,,,8,63,1
talkie-base,restricted,domestic,False,domesticjoy,ORTHOGRAPHIC,,,8,63,1
talkie-base,restricted,domestic,False,domeſtick,ORTHOGRAPHIC,,,8,63,1
talkie-base,restricted,domestic,False,domestie,ORTHOGRAPHIC,,,8,63,1
talkie-base,restricted,drop,False,droope,ORTHOGRAPHIC,,,4,59,1
talkie-base,restricted,drop,False,drope,ORTHOGRAPHIC,,,4,59,1
talkie-base,restricted,drop,False,droupe,ORTHOGRAPHIC,,,4,59,1
talkie-base,restricted,drop,False,droy,ORTHOGRAPHIC,,,4,59,1
talkie-base,restricted,drop,False,droppe,ORTHOGRAPHIC,,,4,59,1
talkie-base,restricted,drop,False,dropj,ORTHOGRAPHIC,,,4,59,1
talkie-base,restricted,drop,False,diop,ORTHOGRAPHIC,,,4,59,1
talkie-base,restricted,entry,False,entrie,ORTHOGRAPHIC,,,5,26,2
talkie-base,restricted,flow,False,fiow,ORTHOGRAPHIC,,,4,68,1
talkie-base,restricted,flow,False,flowe,ORTHOGRAPHIC,,,4,68,1
talkie-base,restricted,glass,False,glas,ORTHOGRAPHIC,,,5,99,1
talkie-base,restricted,glass,False,giass,ORTHOGRAPHIC,,,5,99,1
talkie-base,restricted,glass,False,glas,ORTHOGRAPHIC,,,5,99,2
talkie-base,restricted,glass,False,giasse,ORTHOGRAPHIC,,,5,99,2
talkie-base,restricted,glass,False,glase,ORTHOGRAPHIC,,,5,99,2
talkie-base,restricted,green,False,greeu,ORTHOGRAPHIC,,,5,116,1
talkie-base,restricted,green,False,gieen,ORTHOGRAPHIC,,,5,116,1
talkie-base,restricted,green,False,oreen,DERIVATIONAL,,undated,5,116,1
talkie-base,restricted,green,False,qreen,DERIVATIONAL,,undated,5,116,1
talkie-base,restricted,green,False,grecns,ORTHOGRAPHIC,,,5,116,7
talkie-base,restricted,happy,False,happie,ORTHOGRAPHIC,,,5,98,1
talkie-base,restricted,happy,False,happic,ORTHOGRAPHIC,,,5,98,1
talkie-base,restricted,happy,False,happyj,ORTHOGRAPHIC,,,5,98,1
talkie-base,restricted,happy,False,happyi,ORTHOGRAPHIC,,,5,98,1
talkie-base,restricted,imply,False,implyes,ORTHOGRAPHIC,,,5,13,37
talkie-base,restricted,leg,False,legg,ORTHOGRAPHIC,,,3,58,1
talkie-base,restricted,library,False,libraty,ORTHOGRAPHIC,,,7,62,1
talkie-base,restricted,metal,False,metalls,ORTHOGRAPHIC,,,5,61,2
talkie-base,restricted,metal,False,mettals,ORTHOGRAPHIC,,,5,61,2
talkie-base,restricted,metal,False,metall,ORTHOGRAPHIC,,,5,61,2
talkie-base,restricted,metal,False,merals,ORTHOGRAPHIC,,,5,61,2
talkie-base,restricted,metal,False,metalling,ORTHOGRAPHIC,,,5,61,1
talkie-base,restricted,mouth,False,mouthes,ORTHOGRAPHIC,,,5,103,5
talkie-base,restricted,north,False,nort,ORTHOGRAPHIC,,,5,206,1
talkie-base,restricted,north,False,northe,ORTHOGRAPHIC,,,5,206,1
talkie-base,restricted,north,False,nort,ORTHOGRAPHIC,,,5,206,1
talkie-base,restricted,north,False,northe,ORTHOGRAPHIC,,,5,206,1
talkie-base,restricted,north,False,northt,ORTHOGRAPHIC,,,5,206,1
talkie-base,restricted,north,False,northe,ORTHOGRAPHIC,,,5,206,1
talkie-base,restricted,north,False,nerthe,ORTHOGRAPHIC,,,5,206,1
talkie-base,restricted,north,False,nerth,ORTHOGRAPHIC,,,5,206,1
talkie-base,restricted,north,False,nort,ORTHOGRAPHIC,,,5,206,1
talkie-base,restricted,north,False,nortli,ORTHOGRAPHIC,,,5,206,1
talkie-base,restricted,north,False,northe,ORTHOGRAPHIC,,,5,206,1
talkie-base,restricted,north,False,noith,ORTHOGRAPHIC,,,5,206,1
talkie-base,restricted,north,False,korth,DERIVATIONAL,,undated,5,206,1
talkie-base,restricted,north,False,nortli,ORTHOGRAPHIC,,,5,206,1
talkie-base,restricted,occasion,False,occasyon,ORTHOGRAPHIC,,,8,58,1
talkie-base,restricted,occasion,False,occafion,ORTHOGRAPHIC,,,8,58,1
talkie-base,restricted,occasion,False,occations,ORTHOGRAPHIC,,,8,58,6
talkie-base,restricted,otherwise,False,otherwyse,ORTHOGRAPHIC,,,9,86,2
talkie-base,restricted,passage,False,passuge,ORTHOGRAPHIC,,,7,49,1
talkie-base,restricted,passage,False,passag,ORTHOGRAPHIC,,,7,49,1
talkie-base,restricted,passage,False,passa,ORTHOGRAPHIC,,,7,49,1
talkie-base,restricted,passage,False,passsage,ORTHOGRAPHIC,,,7,49,1
talkie-base,restricted,permit,False,permitt,ORTHOGRAPHIC,,,6,77,1
talkie-base,restricted,poem,False,poeme,ORTHOGRAPHIC,,,4,48,1
talkie-base,restricted,poem,False,poeme,ORTHOGRAPHIC,,,4,48,5
talkie-base,restricted,practical,False,practick,ORTHOGRAPHIC,,,9,68,1
talkie-base,restricted,practical,False,practicall,ORTHOGRAPHIC,,,9,68,1
talkie-base,restricted,press,False,presse,ORTHOGRAPHIC,,,5,127,14
talkie-base,restricted,press,False,prefs,ORTHOGRAPHIC,,,5,127,1
talkie-base,restricted,press,False,presse,ORTHOGRAPHIC,,,5,127,1
talkie-base,restricted,press,False,preas,ORTHOGRAPHIC,,,5,127,1
talkie-base,restricted,press,False,presa,ORTHOGRAPHIC,,,5,127,1
talkie-base,restricted,press,False,presse,ORTHOGRAPHIC,,,5,127,1
talkie-base,restricted,press,False,prefs,ORTHOGRAPHIC,,,5,127,1
talkie-base,restricted,principal,False,principalle,ORTHOGRAPHIC,,,9,92,-1
talkie-base,restricted,progress,False,progresse,ORTHOGRAPHIC,,,8,120,17
talkie-base,restricted,progress,False,progressyon,ORTHOGRAPHIC,,,8,120,17
talkie-base,restricted,progress,False,progres,ORTHOGRAPHIC,,,8,120,17
talkie-base,restricted,progress,False,progressses,ORTHOGRAPHIC,,,8,120,2
talkie-base,restricted,progress,False,progresse,ORTHOGRAPHIC,,,8,120,5
talkie-base,restricted,reading,False,readinge,ORTHOGRAPHIC,,,7,141,1
talkie-base,restricted,reading,False,readeing,ORTHOGRAPHIC,,,7,141,1
talkie-base,restricted,reading,False,readin,ORTHOGRAPHIC,,,7,141,1
talkie-base,restricted,reduction,False,redactions,ORTHOGRAPHIC,,,9,42,4
talkie-base,restricted,representative,False,representa,ORTHOGRAPHIC,,,14,47,5
talkie-base,restricted,resistance,False,resistence,ORTHOGRAPHIC,,,10,48,1
talkie-base,restricted,rock,False,rocke,ORTHOGRAPHIC,,,4,75,2
talkie-base,restricted,rock,False,rockc,ORTHOGRAPHIC,,,4,75,2
talkie-base,restricted,rock,False,rockes,ORTHOGRAPHIC,,,4,75,-1
talkie-base,restricted,root,False,rootstocks,ORTHOGRAPHIC,,,4,30,4
talkie-base,restricted,root,False,roote,ORTHOGRAPHIC,,,4,30,1
talkie-base,restricted,root,False,rootj,ORTHOGRAPHIC,,,4,30,1
talkie-base,restricted,root,False,rootes,ORTHOGRAPHIC,,,4,30,15
talkie-base,restricted,root,False,roote,ORTHOGRAPHIC,,,4,30,15
talkie-base,restricted,root,False,rootez,ORTHOGRAPHIC,,,4,30,15
talkie-base,restricted,root,False,rootis,ORTHOGRAPHIC,,,4,30,15
talkie-base,restricted,save,False,saue,ORTHOGRAPHIC,,,4,62,2
talkie-base,restricted,selection,False,seleetion,ORTHOGRAPHIC,,,9,39,1
talkie-base,restricted,selection,False,seleotion,ORTHOGRAPHIC,,,9,39,1
talkie-base,restricted,selection,False,selectio,ORTHOGRAPHIC,,,9,39,1
talkie-base,restricted,selection,False,selecton,ORTHOGRAPHIC,,,9,39,1
talkie-base,restricted,selection,False,selectiou,ORTHOGRAPHIC,,,9,39,1
talkie-base,restricted,sentence,False,sentens,ORTHOGRAPHIC,,,8,34,1
talkie-base,restricted,sentence,False,sentens,ORTHOGRAPHIC,,,8,34,1
talkie-base,restricted,sentence,False,sentense,ORTHOGRAPHIC,,,8,34,1
talkie-base,restricted,sign,False,signe,ORTHOGRAPHIC,,,4,94,2
talkie-base,restricted,sign,False,signes,ORTHOGRAPHIC,,,4,94,2
talkie-base,restricted,sound,False,ſound,ORTHOGRAPHIC,,,5,204,1
talkie-base,restricted,sound,False,ound,DERIVATIONAL,,undated,5,204,1
talkie-base,restricted,sound,False,sonnd,ORTHOGRAPHIC,,,5,204,1
talkie-base,restricted,sound,False,scund,ORTHOGRAPHIC,,,5,204,1
talkie-base,restricted,sound,False,stound,ORTHOGRAPHIC,,,5,204,2
talkie-base,restricted,sound,False,sounde,ORTHOGRAPHIC,,,5,204,6
talkie-base,restricted,sound,False,soun,ORTHOGRAPHIC,,,5,204,1
talkie-base,restricted,sound,False,sounde,ORTHOGRAPHIC,,,5,204,1
talkie-base,restricted,sound,False,sownd,ORTHOGRAPHIC,,,5,204,1
talkie-base,restricted,sound,False,sounes,ORTHOGRAPHIC,,,5,204,1
talkie-base,restricted,sound,False,souna,ORTHOGRAPHIC,,,5,204,1
talkie-base,restricted,south,False,sonth,ORTHOGRAPHIC,,,5,240,1
talkie-base,restricted,south,False,soutli,ORTHOGRAPHIC,,,5,240,1
talkie-base,restricted,south,False,sowth,ORTHOGRAPHIC,,,5,240,1
talkie-base,restricted,south,False,southe,ORTHOGRAPHIC,,,5,240,1
talkie-base,restricted,south,False,sowthe,ORTHOGRAPHIC,,,5,240,1
talkie-base,restricted,south,False,soth,ORTHOGRAPHIC,,,5,240,1
talkie-base,restricted,south,False,suth,ORTHOGRAPHIC,,,5,240,1
talkie-base,restricted,south,False,sonth,ORTHOGRAPHIC,,,5,240,1
talkie-base,restricted,speed,False,ſpeed,ORTHOGRAPHIC,,,5,83,1
talkie-base,restricted,speed,False,spee,ORTHOGRAPHIC,,,5,83,1
talkie-base,restricted,speed,False,specd,ORTHOGRAPHIC,,,5,83,1
talkie-base,restricted,speed,False,speede,ORTHOGRAPHIC,,,5,83,2
talkie-base,restricted,stone,False,stoncs,ORTHOGRAPHIC,,,5,58,4
talkie-base,restricted,stone,False,ſtone,ORTHOGRAPHIC,,,5,58,1
talkie-base,restricted,stone,False,stonne,ORTHOGRAPHIC,,,5,58,1
talkie-base,restricted,stone,False,ftone,DERIVATIONAL,,undated,5,58,1
talkie-base,restricted,stone,False,ston,ORTHOGRAPHIC,,,5,58,1
talkie-base,restricted,stone,False,stoue,ORTHOGRAPHIC,,,5,58,1
talkie-base,restricted,stone,False,stoole,ORTHOGRAPHIC,,,5,58,1
talkie-base,restricted,stone,False,ston,ORTHOGRAPHIC,,,5,58,1
talkie-base,restricted,stone,False,stons,ORTHOGRAPHIC,,,5,58,15
talkie-base,restricted,stone,False,stanes,ORTHOGRAPHIC,,,5,58,15
talkie-base,restricted,stone,False,ſtone,ORTHOGRAPHIC,,,5,58,13
talkie-base,restricted,stone,False,ston,ORTHOGRAPHIC,,,5,58,1
talkie-base,restricted,stone,False,mone,DERIVATIONAL,,undated,5,58,1
talkie-base,restricted,store,False,ſtore,ORTHOGRAPHIC,,,5,74,1
talkie-base,restricted,store,False,stocke,ORTHOGRAPHIC,,,5,74,5
talkie-base,restricted,subject,False,subiecta,ORTHOGRAPHIC,,,7,161,-1
talkie-base,restricted,subject,False,subiectum,DERIVATIONAL,,undated,7,161,-1
talkie-base,restricted,subject,False,subjecta,ORTHOGRAPHIC,,,7,161,-1
talkie-base,restricted,subject,False,subjectum,ORTHOGRAPHIC,,,7,161,-1
talkie-base,restricted,subject,False,subiectam,DERIVATIONAL,,undated,7,161,-1
talkie-base,restricted,substance,False,substaunce,ORTHOGRAPHIC,,,9,33,1
talkie-base,restricted,substance,False,substauce,ORTHOGRAPHIC,,,9,33,1
talkie-base,restricted,substance,False,substace,ORTHOGRAPHIC,,,9,33,1
talkie-base,restricted,substance,False,subatance,ORTHOGRAPHIC,,,9,33,1
talkie-base,restricted,sun,False,suna,ORTHOGRAPHIC,,,3,112,2
talkie-base,restricted,vision,False,yision,DERIVATIONAL,,undated,6,56,1
talkie-base,restricted,vision,False,fision,DERIVATIONAL,,undated,6,56,1
talkie-base,restricted,vision,False,vison,ORTHOGRAPHIC,,,6,56,1
talkie-base,restricted,vision,False,visio,ORTHOGRAPHIC,,,6,56,1
talkie-base,restricted,wind,False,winde,ORTHOGRAPHIC,,,4,63,9
talkie-base,restricted,wind,False,winde,ORTHOGRAPHIC,,,4,63,2
talkie-base,restricted,wind,False,wynd,ORTHOGRAPHIC,,,4,63,2
talkie-base,restricted,wind,False,windj,ORTHOGRAPHIC,,,4,63,1
talkie-base,restricted,wind,False,vind,DERIVATIONAL,,undated,4,63,1
talkie-base,restricted,wind,False,winde,ORTHOGRAPHIC,,,4,63,20
talkie-base,restricted,wind,False,winde,ORTHOGRAPHIC,,,4,63,5
talkie-base,restricted,wind,False,winde,ORTHOGRAPHIC,,,4,63,6
talkie-base,restricted,wind,False,windes,ORTHOGRAPHIC,,,4,63,6
talkie-base,restricted,wind,False,winde,ORTHOGRAPHIC,,,4,63,1
talkie-base,restricted,wood,False,woode,ORTHOGRAPHIC,,,4,55,1
talkie-base,restricted,wood,False,woodde,ORTHOGRAPHIC,,,4,55,1
talkie-base,restricted,wood,False,wod,ORTHOGRAPHIC,,,4,55,1
talkie-base,restricted,wood,False,woode,ORTHOGRAPHIC,,,4,55,1
talkie-base,restricted,wood,False,wod,ORTHOGRAPHIC,,,4,55,1
talkie-base,restricted,wood,False,woodde,ORTHOGRAPHIC,,,4,55,1
talkie-base,restricted,wood,False,wodd,ORTHOGRAPHIC,,,4,55,1
talkie-base,restricted,wood,False,woodd,ORTHOGRAPHIC,,,4,55,1
talkie-base,restricted,best,False,hest,DERIVATIONAL,,undated,4,351,1
talkie-base,restricted,best,False,bestj,ORTHOGRAPHIC,,,4,351,1
talkie-base,restricted,best,False,hest,DERIVATIONAL,,undated,4,351,1
talkie-base,restricted,best,False,beſt,ORTHOGRAPHIC,,,4,351,9
talkie-base,restricted,best,False,hest,DERIVATIONAL,,undated,4,351,1
talkie-base,restricted,best,False,bes,ORTHOGRAPHIC,,,4,351,1
talkie-base,restricted,best,False,beſt,ORTHOGRAPHIC,,,4,351,1
talkie-base,restricted,best,False,beft,ORTHOGRAPHIC,,,4,351,1
talkie-base,restricted,bond,False,sond,DERIVATIONAL,,undated,4,46,2
talkie-base,restricted,bond,False,wond,DERIVATIONAL,,undated,4,46,2
talkie-base,restricted,bond,False,hond,DERIVATIONAL,,undated,4,46,2
talkie-base,restricted,bond,False,bonde,ORTHOGRAPHIC,,,4,46,1
talkie-base,restricted,bond,False,boud,ORTHOGRAPHIC,,,4,46,1
talkie-base,restricted,bond,False,boond,ORTHOGRAPHIC,,,4,46,1
talkie-base,restricted,bond,False,hond,DERIVATIONAL,,undated,4,46,1
talkie-base,restricted,camp,False,campe,ORTHOGRAPHIC,,,4,75,6
talkie-base,restricted,camp,False,eamp,DERIVATIONAL,,undated,4,75,1
talkie-base,restricted,camp,False,eamp,DERIVATIONAL,,undated,4,75,2
talkie-base,restricted,camp,False,campe,ORTHOGRAPHIC,,,4,75,1
talkie-base,restricted,chain,False,ohains,DERIVATIONAL,,undated,5,50,2
talkie-base,restricted,chain,False,cbains,ORTHOGRAPHIC,,,5,50,2
talkie-base,restricted,chain,False,chaine,ORTHOGRAPHIC,,,5,50,3
talkie-base,restricted,chain,False,chayne,ORTHOGRAPHIC,,,5,50,3
talkie-base,restricted,chain,False,chainc,ORTHOGRAPHIC,,,5,50,3
talkie-base,restricted,chain,False,cheine,ORTHOGRAPHIC,,,5,50,3
talkie-base,restricted,chain,False,chatne,ORTHOGRAPHIC,,,5,50,3
talkie-base,restricted,chain,False,ehaine,DERIVATIONAL,,undated,5,50,3
talkie-base,restricted,chain,False,chaiae,ORTHOGRAPHIC,,,5,50,3
talkie-base,restricted,chain,False,chainef,ORTHOGRAPHIC,,,5,50,3
talkie-base,restricted,chain,False,chaine,ORTHOGRAPHIC,,,5,50,1
talkie-base,restricted,chain,False,chaln,ORTHOGRAPHIC,,,5,50,1
talkie-base,restricted,chain,False,chaiu,ORTHOGRAPHIC,,,5,50,1
talkie-base,restricted,chain,False,ohain,DERIVATIONAL,,undated,5,50,1
talkie-base,restricted,channel,False,channell,ORTHOGRAPHIC,,,7,16,1
talkie-base,restricted,channel,False,chanell,ORTHOGRAPHIC,,,7,16,1
talkie-base,restricted,channel,False,channil,ORTHOGRAPHIC,,,7,16,1
talkie-base,restricted,channel,False,channal,ORTHOGRAPHIC,,,7,16,1
talkie-base,restricted,channel,False,channe,ORTHOGRAPHIC,,,7,16,1
talkie-base,restricted,circle,False,cireles,ORTHOGRAPHIC,,,6,60,22
talkie-base,restricted,commitment,False,committment,ORTHOGRAPHIC,,,10,13,3
talkie-base,restricted,commitment,False,comitment,ORTHOGRAPHIC,,,10,13,3
talkie-base,restricted,corner,False,corne,ORTHOGRAPHIC,,,6,115,1
talkie-base,restricted,corner,False,coꝛner,ORTHOGRAPHIC,,,6,115,1
talkie-base,restricted,cost,False,coste,ORTHOGRAPHIC,,,4,229,10
talkie-base,restricted,cost,False,costen,ORTHOGRAPHIC,,,4,229,10
talkie-base,restricted,cost,False,kost,DERIVATIONAL,,undated,4,229,10
talkie-base,restricted,cost,False,coste,ORTHOGRAPHIC,,,4,229,6
talkie-base,restricted,creation,False,creatio,ORTHOGRAPHIC,,,8,46,1
talkie-base,restricted,cry,False,crye,ORTHOGRAPHIC,,,3,48,1
talkie-base,restricted,cry,False,ery,DERIVATIONAL,,undated,3,48,1
talkie-base,restricted,cry,False,ory,DERIVATIONAL,,undated,3,48,1
talkie-base,restricted,depth,False,depthe,ORTHOGRAPHIC,,,5,53,5
talkie-base,restricted,depth,False,deepe,DERIVATIONAL,,undated,5,53,5
talkie-base,restricted,depth,False,deapth,ORTHOGRAPHIC,,,5,53,2
talkie-base,restricted,dream,False,dreame,ORTHOGRAPHIC,,,5,64,1
talkie-base,restricted,dream,False,drcame,ORTHOGRAPHIC,,,5,64,1
talkie-base,restricted,dream,False,dreames,ORTHOGRAPHIC,,,5,64,-1
talkie-base,restricted,dream,False,dreames,ORTHOGRAPHIC,,,5,64,14
talkie-base,restricted,dry,False,dryed,ORTHOGRAPHIC,,,3,68,79
talkie-base,restricted,dry,False,diy,ORTHOGRAPHIC,,,3,68,1
talkie-base,restricted,dry,False,dryj,ORTHOGRAPHIC,,,3,68,1
talkie-base,restricted,ear,False,eare,ORTHOGRAPHIC,,,3,29,1
talkie-base,restricted,estate,False,ſtate,ORTHOGRAPHIC,,,6,51,10
talkie-base,restricted,estate,False,eftate,ORTHOGRAPHIC,,,6,51,1
talkie-base,restricted,estate,False,estat,ORTHOGRAPHIC,,,6,51,1
talkie-base,restricted,estate,False,eſtate,ORTHOGRAPHIC,,,6,51,1
talkie-base,restricted,exception,False,exceptio,ORTHOGRAPHIC,,,9,40,1
talkie-base,restricted,exception,False,exceptive,ORTHOGRAPHIC,,,9,40,1
talkie-base,restricted,expense,False,expence,ORTHOGRAPHIC,,,7,50,2
talkie-base,restricted,expense,False,expenfe,ORTHOGRAPHIC,,,7,50,2
talkie-base,restricted,expense,False,expenſe,ORTHOGRAPHIC,,,7,50,2
talkie-base,restricted,expense,False,expencc,ORTHOGRAPHIC,,,7,50,2
talkie-base,restricted,expense,False,expcnce,ORTHOGRAPHIC,,,7,50,2
talkie-base,restricted,fibre,False,fibro,ORTHOGRAPHIC,,,5,0,1
talkie-base,restricted,fibre,False,fibres,ORTHOGRAPHIC,,,5,0,10
talkie-base,restricted,fibre,False,fibres,ORTHOGRAPHIC,,,5,0,96
talkie-base,restricted,fibre,False,fibres,ORTHOGRAPHIC,,,5,0,1
talkie-base,restricted,fix,False,fiz,ORTHOGRAPHIC,,,3,14,1
talkie-base,restricted,forth,False,foorth,ORTHOGRAPHIC,,,5,71,4
talkie-base,restricted,frame,False,fram,ORTHOGRAPHIC,,,5,74,1
talkie-base,restricted,frame,False,fraine,ORTHOGRAPHIC,,,5,74,1
talkie-base,restricted,frame,False,firame,ORTHOGRAPHIC,,,5,74,1
talkie-base,restricted,frame,False,franie,ORTHOGRAPHIC,,,5,74,1
talkie-base,restricted,frame,False,frume,ORTHOGRAPHIC,,,5,74,1
talkie-base,restricted,frame,False,fraine,ORTHOGRAPHIC,,,5,74,2
talkie-base,restricted,frame,False,franke,ORTHOGRAPHIC,,,5,74,2
talkie-base,restricted,gift,False,gitt,ORTHOGRAPHIC,,,4,33,1
talkie-base,restricted,gift,False,giftes,ORTHOGRAPHIC,,,4,33,19
talkie-base,restricted,gift,False,guifts,ORTHOGRAPHIC,,,4,33,19
talkie-base,restricted,gold,False,golde,ORTHOGRAPHIC,,,4,52,18
talkie-base,restricted,hang,False,hanges,ORTHOGRAPHIC,,,4,26,4
talkie-base,restricted,inch,False,inoh,ORTHOGRAPHIC,,,4,39,1
talkie-base,restricted,inch,False,incb,ORTHOGRAPHIC,,,4,39,1
talkie-base,restricted,inch,False,inche,ORTHOGRAPHIC,,,4,39,1
talkie-base,restricted,inch,False,ynch,DERIVATIONAL,,undated,4,39,1
talkie-base,restricted,infection,False,infectyon,ORTHOGRAPHIC,,,9,8,2
talkie-base,restricted,insurance,False,aflurance,DERIVATIONAL,,undated,9,46,-1
talkie-base,restricted,insurance,False,affurance,DERIVATIONAL,,undated,9,46,-1
talkie-base,restricted,insurance,False,afturance,DERIVATIONAL,,undated,9,46,-1
talkie-base,restricted,insurance,False,infurance,ORTHOGRAPHIC,,,9,46,1
talkie-base,restricted,insurance,False,inſurance,ORTHOGRAPHIC,,,9,46,1
talkie-base,restricted,insurance,False,aſſurance,ORTHOGRAPHIC,,,9,46,1
talkie-base,restricted,insurance,False,affurance,DERIVATIONAL,,undated,9,46,1
talkie-base,restricted,insurance,False,aflurance,DERIVATIONAL,,undated,9,46,1
talkie-base,restricted,issue,False,issu,ORTHOGRAPHIC,,,5,152,2
talkie-base,restricted,issue,False,issud,ORTHOGRAPHIC,,,5,152,2
talkie-base,restricted,issue,False,issude,ORTHOGRAPHIC,,,5,152,2
talkie-base,restricted,issue,False,issned,ORTHOGRAPHIC,,,5,152,2
talkie-base,restricted,judge,False,jadge,ORTHOGRAPHIC,,,5,77,1
talkie-base,restricted,judge,False,jndge,ORTHOGRAPHIC,,,5,77,1
talkie-base,restricted,left,False,lefte,ORTHOGRAPHIC,,,4,480,1
talkie-base,restricted,left,False,lett,ORTHOGRAPHIC,,,4,480,1
talkie-base,restricted,left,False,jeft,DERIVATIONAL,,undated,4,480,1
talkie-base,restricted,left,False,leit,ORTHOGRAPHIC,,,4,480,1
talkie-base,restricted,left,False,lef,ORTHOGRAPHIC,,,4,480,1
talkie-base,restricted,left,False,teft,DERIVATIONAL,,undated,4,480,1
talkie-base,restricted,left,False,ieft,DERIVATIONAL,,undated,4,480,1
talkie-base,restricted,left,False,lett,ORTHOGRAPHIC,,,4,480,1
talkie-base,restricted,left,False,leit,ORTHOGRAPHIC,,,4,480,1
talkie-base,restricted,left,False,lefl,ORTHOGRAPHIC,,,4,480,1
talkie-base,restricted,left,False,lef,ORTHOGRAPHIC,,,4,480,1
talkie-base,restricted,left,False,ieft,DERIVATIONAL,,undated,4,480,1
talkie-base,restricted,left,False,jeft,DERIVATIONAL,,undated,4,480,1
talkie-base,restricted,left,False,jeft,DERIVATIONAL,,undated,4,480,1
talkie-base,restricted,left,False,lef,ORTHOGRAPHIC,,,4,480,1
talkie-base,restricted,left,False,lett,ORTHOGRAPHIC,,,4,480,1
talkie-base,restricted,left,False,leit,ORTHOGRAPHIC,,,4,480,1
talkie-base,restricted,left,False,ieft,DERIVATIONAL,,undated,4,480,1
talkie-base,restricted,left,False,jeft,DERIVATIONAL,,undated,4,480,1
talkie-base,restricted,left,False,lef,ORTHOGRAPHIC,,,4,480,1
talkie-base,restricted,left,False,lett,ORTHOGRAPHIC,,,4,480,1
talkie-base,restricted,left,False,ieft,DERIVATIONAL,,undated,4,480,1
talkie-base,restricted,left,False,teft,DERIVATIONAL,,undated,4,480,1
talkie-base,restricted,like,False,likein,ORTHOGRAPHIC,,,4,1292,1
talkie-base,restricted,like,False,jike,DERIVATIONAL,,undated,4,1292,1
talkie-base,restricted,look,False,looke,ORTHOGRAPHIC,,,4,399,1
talkie-base,restricted,look,False,looke,ORTHOGRAPHIC,,,4,399,1
talkie-base,restricted,look,False,looky,ORTHOGRAPHIC,,,4,399,1
talkie-base,restricted,look,False,lookj,ORTHOGRAPHIC,,,4,399,1
talkie-base,restricted,master,False,maſters,ORTHOGRAPHIC,,,6,72,7
talkie-base,restricted,master,False,masier,ORTHOGRAPHIC,,,6,72,1
talkie-base,restricted,master,False,maste,ORTHOGRAPHIC,,,6,72,1
talkie-base,restricted,master,False,maſter,ORTHOGRAPHIC,,,6,72,1
talkie-base,restricted,master,False,maſters,ORTHOGRAPHIC,,,6,72,6
talkie-base,restricted,minimum,False,mininum,ORTHOGRAPHIC,,,7,68,1
talkie-base,restricted,minimum,False,minimtim,ORTHOGRAPHIC,,,7,68,1
talkie-base,restricted,minimum,False,mimmum,ORTHOGRAPHIC,,,7,68,1
talkie-base,restricted,minimum,False,minimiun,ORTHOGRAPHIC,,,7,68,1
talkie-base,restricted,minimum,False,minimtun,ORTHOGRAPHIC,,,7,68,1
talkie-base,restricted,miss,False,miſs,ORTHOGRAPHIC,,,4,253,4
talkie-base,restricted,miss,False,mifs,ORTHOGRAPHIC,,,4,253,4
talkie-base,restricted,miss,False,misse,ORTHOGRAPHIC,,,4,253,5
talkie-base,restricted,miss,False,mis,ORTHOGRAPHIC,1937,,4,253,5
talkie-base,restricted,miss,False,miſs,ORTHOGRAPHIC,,,4,253,1
talkie-base,restricted,miss,False,mifs,ORTHOGRAPHIC,,,4,253,1
talkie-base,restricted,miss,False,mis,ORTHOGRAPHIC,1937,,4,253,1
talkie-base,restricted,miss,False,misse,ORTHOGRAPHIC,,,4,253,1
talkie-base,restricted,miss,False,misa,ORTHOGRAPHIC,,,4,253,1
talkie-base,restricted,miss,False,mis,ORTHOGRAPHIC,1937,,4,253,1
talkie-base,restricted,miss,False,mifs,ORTHOGRAPHIC,,,4,253,1
talkie-base,restricted,miss,False,miſs,ORTHOGRAPHIC,,,4,253,1
talkie-base,restricted,miss,False,misd,ORTHOGRAPHIC,,,4,253,1
talkie-base,restricted,miss,False,misse,ORTHOGRAPHIC,,,4,253,-1
talkie-base,restricted,mission,False,miffion,ORTHOGRAPHIC,,,7,78,1
talkie-base,restricted,move,False,movea,ORTHOGRAPHIC,,,4,171,2
talkie-base,restricted,move,False,moye,ORTHOGRAPHIC,,,4,171,1
talkie-base,restricted,opposite,False,opposit,ORTHOGRAPHIC,,,8,81,9
talkie-base,restricted,opposition,False,oppoſition,ORTHOGRAPHIC,,,10,46,1
talkie-base,restricted,opposition,False,oppofition,ORTHOGRAPHIC,,,10,46,1
talkie-base,restricted,opposition,False,oppinion,DERIVATIONAL,,undated,10,46,1
talkie-base,restricted,opposition,False,opposit,ORTHOGRAPHIC,,,10,46,1
talkie-base,restricted,pair,False,paire,ORTHOGRAPHIC,,,4,50,1
talkie-base,restricted,pair,False,pai,ORTHOGRAPHIC,,,4,50,1
talkie-base,restricted,pair,False,paii,ORTHOGRAPHIC,,,4,50,1
talkie-base,restricted,pair,False,pairl,ORTHOGRAPHIC,,,4,50,1
talkie-base,restricted,perfect,False,perfe,ORTHOGRAPHIC,,,7,58,2
talkie-base,restricted,perfect,False,perfeft,ORTHOGRAPHIC,,,7,58,2
talkie-base,restricted,perfect,False,perfed,ORTHOGRAPHIC,,,7,58,2
talkie-base,restricted,perfect,False,perſect,ORTHOGRAPHIC,,,7,58,2
talkie-base,restricted,pick,False,pickt,ORTHOGRAPHIC,,,4,55,1
talkie-base,restricted,pick,False,picke,ORTHOGRAPHIC,,,4,55,1
talkie-base,restricted,pick,False,pickd,ORTHOGRAPHIC,,,4,55,1
talkie-base,restricted,pick,False,pickm,ORTHOGRAPHIC,,,4,55,1
talkie-base,restricted,plate,False,platis,ORTHOGRAPHIC,,,5,22,1
talkie-base,restricted,plate,False,piates,ORTHOGRAPHIC,,,5,22,2
talkie-base,restricted,plate,False,plattes,ORTHOGRAPHIC,,,5,22,2
talkie-base,restricted,plate,False,plats,ORTHOGRAPHIC,,,5,22,2
talkie-base,restricted,plate,False,poleplate,DERIVATIONAL,,undated,5,22,6
talkie-base,restricted,plate,False,wallplate,DERIVATIONAL,,undated,5,22,6
talkie-base,restricted,plate,False,plats,ORTHOGRAPHIC,,,5,22,3
talkie-base,restricted,possess,False,possessid,ORTHOGRAPHIC,,,7,17,-1
talkie-base,restricted,preparation,False,preparatives,INFLECTION,,,11,54,10
talkie-base,restricted,push,False,pushe,ORTHOGRAPHIC,,,4,37,1
talkie-base,restricted,push,False,pish,ORTHOGRAPHIC,,,4,37,1
talkie-base,restricted,push,False,pusb,ORTHOGRAPHIC,,,4,37,1
talkie-base,restricted,push,False,pusht,ORTHOGRAPHIC,,,4,37,1
talkie-base,restricted,reply,False,repiy,ORTHOGRAPHIC,,,5,42,1
talkie-base,restricted,reply,False,replye,ORTHOGRAPHIC,,,5,42,1
talkie-base,restricted,reply,False,replie,ORTHOGRAPHIC,,,5,42,1
talkie-base,restricted,reply,False,repl,ORTHOGRAPHIC,,,5,42,1
talkie-base,restricted,reply,False,replyd,ORTHOGRAPHIC,,,5,42,1
talkie-base,restricted,reply,False,replys,ORTHOGRAPHIC,,,5,42,1
talkie-base,restricted,reply,False,replye,ORTHOGRAPHIC,,,5,42,1
talkie-base,restricted,reply,False,repiy,ORTHOGRAPHIC,,,5,42,1
talkie-base,restricted,reply,False,replie,ORTHOGRAPHIC,,,5,42,1
talkie-base,restricted,reply,False,replye,ORTHOGRAPHIC,,,5,42,1
talkie-base,restricted,reply,False,repiy,ORTHOGRAPHIC,,,5,42,1
talkie-base,restricted,resolution,False,reſolution,ORTHOGRAPHIC,,,10,64,1
talkie-base,restricted,resolution,False,kesolution,DERIVATIONAL,,undated,10,64,1
talkie-base,restricted,safe,False,saife,ORTHOGRAPHIC,,,4,58,1
talkie-base,restricted,safe,False,saffe,ORTHOGRAPHIC,,,4,58,1
talkie-base,restricted,safe,False,saft,ORTHOGRAPHIC,,,4,58,1
talkie-base,restricted,seat,False,seate,ORTHOGRAPHIC,,,4,54,1
talkie-base,restricted,seat,False,seate,ORTHOGRAPHIC,,,4,54,3
talkie-base,restricted,seat,False,seate,ORTHOGRAPHIC,,,4,54,2
talkie-base,restricted,secondary,False,secondar,ORTHOGRAPHIC,,,9,31,1
talkie-base,restricted,secret,False,fecret,DERIVATIONAL,,undated,6,78,1
talkie-base,restricted,session,False,sessioun,ORTHOGRAPHIC,,,7,80,1
talkie-base,restricted,session,False,sessione,ORTHOGRAPHIC,,,7,80,1
talkie-base,restricted,setting,False,seting,ORTHOGRAPHIC,,,7,60,1
talkie-base,restricted,setting,False,setring,ORTHOGRAPHIC,,,7,60,1
talkie-base,restricted,setting,False,sotting,ORTHOGRAPHIC,,,7,60,1
talkie-base,restricted,setting,False,sctting,ORTHOGRAPHIC,,,7,60,1
talkie-base,restricted,setting,False,setling,ORTHOGRAPHIC,,,7,60,1
talkie-base,restricted,setting,False,serting,ORTHOGRAPHIC,,,7,60,1
talkie-base,restricted,settlement,False,incouragement,DERIVATIONAL,,undated,10,26,7
talkie-base,restricted,severe,False,ſevere,ORTHOGRAPHIC,,,6,39,1
talkie-base,restricted,severe,False,fevere,DERIVATIONAL,,undated,6,39,1
talkie-base,restricted,severe,False,seyere,ORTHOGRAPHIC,,,6,39,1
talkie-base,restricted,severe,False,seveie,ORTHOGRAPHIC,,,6,39,1
talkie-base,restricted,severe,False,ſevere,ORTHOGRAPHIC,,,6,39,1
talkie-base,restricted,severe,False,fevere,DERIVATIONAL,,undated,6,39,1
talkie-base,restricted,severe,False,sereue,ORTHOGRAPHIC,,,6,39,1
talkie-base,restricted,severe,False,seveie,ORTHOGRAPHIC,,,6,39,1
talkie-base,restricted,severe,False,serere,ORTHOGRAPHIC,,,6,39,1
talkie-base,restricted,severe,False,serere,ORTHOGRAPHIC,,,6,39,1
talkie-base,restricted,severe,False,seuere,ORTHOGRAPHIC,,,6,39,1
talkie-base,restricted,severe,False,sevcre,ORTHOGRAPHIC,,,6,39,1
talkie-base,restricted,shift,False,shiftes,ORTHOGRAPHIC,,,5,41,7
talkie-base,restricted,shift,False,shifls,ORTHOGRAPHIC,,,5,41,7
talkie-base,restricted,slow,False,alow,DERIVATIONAL,,undated,4,60,1
talkie-base,restricted,slow,False,siow,ORTHOGRAPHIC,,,4,60,1
talkie-base,restricted,smile,False,smiie,ORTHOGRAPHIC,,,5,58,1
talkie-base,restricted,song,False,ſong,ORTHOGRAPHIC,,,4,70,1
talkie-base,restricted,spiritual,False,spiritualls,ORTHOGRAPHIC,,,9,64,9
talkie-base,restricted,spiritual,False,spirituall,ORTHOGRAPHIC,,,9,64,9
talkie-base,restricted,spiritual,False,spiritualles,ORTHOGRAPHIC,,,9,64,9
talkie-base,restricted,spiritual,False,spiritualls,ORTHOGRAPHIC,,,9,64,12
talkie-base,restricted,spiritual,False,spirituall,ORTHOGRAPHIC,,,9,64,12
talkie-base,restricted,spiritual,False,spiritualles,ORTHOGRAPHIC,,,9,64,12
talkie-base,restricted,spread,False,ſpread,ORTHOGRAPHIC,,,6,83,7
talkie-base,restricted,spread,False,fpread,DERIVATIONAL,,undated,6,83,7
talkie-base,restricted,spread,False,ſpread,ORTHOGRAPHIC,,,6,83,1
talkie-base,restricted,spread,False,fpread,DERIVATIONAL,,undated,6,83,1
talkie-base,restricted,spread,False,ſpreads,ORTHOGRAPHIC,,,6,83,1
talkie-base,restricted,spread,False,ſpred,ORTHOGRAPHIC,,,6,83,1
talkie-base,restricted,spread,False,spred,ORTHOGRAPHIC,,,6,83,1
talkie-base,restricted,spread,False,fprcad,DERIVATIONAL,,undated,6,83,1
talkie-base,restricted,spring,False,springtides,ORTHOGRAPHIC,,,6,127,1
talkie-base,restricted,spring,False,springers,ORTHOGRAPHIC,,,6,127,2
talkie-base,restricted,spring,False,sprynge,ORTHOGRAPHIC,,,6,127,3
talkie-base,restricted,spring,False,spryng,ORTHOGRAPHIC,,,6,127,3
talkie-base,restricted,spring,False,springe,ORTHOGRAPHIC,,,6,127,3
talkie-base,restricted,star,False,ſtar,ORTHOGRAPHIC,,,4,25,2
talkie-base,restricted,strike,False,ftrike,DERIVATIONAL,,undated,6,50,1
talkie-base,restricted,strike,False,striue,ORTHOGRAPHIC,,,6,50,1
talkie-base,restricted,strike,False,ſtrike,ORTHOGRAPHIC,,,6,50,3
talkie-base,restricted,strike,False,ftrike,DERIVATIONAL,,undated,6,50,3
talkie-base,restricted,strike,False,firike,DERIVATIONAL,,undated,6,50,3
talkie-base,restricted,strike,False,ftrikc,DERIVATIONAL,,undated,6,50,3
talkie-base,restricted,strike,False,flrike,DERIVATIONAL,,undated,6,50,3
talkie-base,restricted,strike,False,itrike,DERIVATIONAL,,undated,6,50,3
talkie-base,restricted,strike,False,frike,DERIVATIONAL,,undated,6,50,3
talkie-base,restricted,strike,False,ttrike,DERIVATIONAL,,undated,6,50,3
talkie-base,restricted,strike,False,ftrike,DERIVATIONAL,,undated,6,50,1
talkie-base,restricted,strike,False,ſtrike,ORTHOGRAPHIC,,,6,50,1
talkie-base,restricted,strike,False,strik,ORTHOGRAPHIC,,,6,50,1
talkie-base,restricted,strike,False,striket,ORTHOGRAPHIC,,,6,50,1
talkie-base,restricted,succeed,False,succed,ORTHOGRAPHIC,,,7,15,1
talkie-base,restricted,succeed,False,succeéd,ORTHOGRAPHIC,,,7,15,1
talkie-base,restricted,supply,False,sapply,ORTHOGRAPHIC,,,6,102,1
talkie-base,restricted,supply,False,fupply,DERIVATIONAL,,undated,6,102,1
talkie-base,restricted,supply,False,snpply,ORTHOGRAPHIC,,,6,102,1
talkie-base,restricted,symbol,False,symboles,ORTHOGRAPHIC,,,6,54,16
talkie-base,restricted,target,False,targes,ORTHOGRAPHIC,,,6,45,4
talkie-base,restricted,target,False,targe,ORTHOGRAPHIC,,,6,45,4
talkie-base,restricted,turn,False,turne,ORTHOGRAPHIC,,,4,233,34
talkie-base,restricted,victim,False,victime,ORTHOGRAPHIC,,,6,27,1
talkie-base,restricted,victim,False,victime,ORTHOGRAPHIC,,,6,27,2
talkie-base,restricted,visit,False,yisit,DERIVATIONAL,,undated,5,109,1
talkie-base,restricted,visit,False,visitt,ORTHOGRAPHIC,,,5,109,1
talkie-base,restricted,visit,False,visite,ORTHOGRAPHIC,,,5,109,1
talkie-base,restricted,visit,False,visite,ORTHOGRAPHIC,,,5,109,1
talkie-base,restricted,visit,False,visitt,ORTHOGRAPHIC,,,5,109,1
talkie-base,restricted,visit,False,vissit,ORTHOGRAPHIC,,,5,109,1
talkie-base,restricted,wage,False,waiges,ORTHOGRAPHIC,,,4,56,13
talkie-base,restricted,west,False,weste,ORTHOGRAPHIC,,,4,235,1
talkie-base,restricted,west,False,weste,ORTHOGRAPHIC,,,4,235,1
talkie-base,restricted,west,False,wast,ORTHOGRAPHIC,,,4,235,1
talkie-base,restricted,west,False,weast,ORTHOGRAPHIC,,,4,235,1
talkie-base,restricted,west,False,westh,ORTHOGRAPHIC,,,4,235,1
talkie-base,restricted,west,False,weat,ORTHOGRAPHIC,,,4,235,1
talkie-base,restricted,west,False,weſt,ORTHOGRAPHIC,,,4,235,8
talkie-base,restricted,west,False,weste,ORTHOGRAPHIC,,,4,235,2
talkie-base,restricted,west,False,weste,ORTHOGRAPHIC,,,4,235,2
talkie-base,restricted,west,False,weeste,ORTHOGRAPHIC,,,4,235,2
talkie-base,restricted,west,False,weet,ORTHOGRAPHIC,,,4,235,2
talkie-base,restricted,west,False,westo,ORTHOGRAPHIC,,,4,235,2
talkie-base,restricted,west,False,westc,ORTHOGRAPHIC,,,4,235,2
talkie-base,restricted,west,False,weast,ORTHOGRAPHIC,,,4,235,1
talkie-base,restricted,west,False,westering,ORTHOGRAPHIC,,,4,235,1
talkie-base,restricted,west,False,weste,ORTHOGRAPHIC,,,4,235,1
talkie-base,restricted,west,False,weast,ORTHOGRAPHIC,,,4,235,1
talkie-base,restricted,west,False,westy,ORTHOGRAPHIC,,,4,235,1
talkie-base,restricted,west,False,weste,ORTHOGRAPHIC,,,4,235,1
talkie-base,restricted,west,False,weat,ORTHOGRAPHIC,,,4,235,1
talkie-base,restricted,will,False,wyll,ORTHOGRAPHIC,,,4,2245,2
talkie-base,restricted,wonder,False,wondet,ORTHOGRAPHIC,,,6,67,1
talkie-base,restricted,wonder,False,wondcr,ORTHOGRAPHIC,,,6,67,1
talkie-base,restricted,wonder,False,wond,ORTHOGRAPHIC,,,6,67,1
talkie-base,restricted,wonder,False,wondert,ORTHOGRAPHIC,,,6,67,1
talkie-base,restricted,wonder,False,wonde,ORTHOGRAPHIC,,,6,67,1
talkie-base,restricted,worth,False,worthe,ORTHOGRAPHIC,,,5,94,1
talkie-base,restricted,zone,False,zon,ORTHOGRAPHIC,,,4,11,2
talkie-base,restricted,academic,False,academicals,ORTHOGRAPHIC,,,8,56,2
talkie-base,restricted,academic,False,academico,ORTHOGRAPHIC,,,8,56,22
talkie-base,restricted,actor,False,actour,ORTHOGRAPHIC,,,5,24,1
talkie-base,restricted,address,False,addresse,ORTHOGRAPHIC,,,7,77,3
talkie-base,restricted,address,False,adresse,ORTHOGRAPHIC,,,7,77,3
talkie-base,restricted,address,False,addressc,ORTHOGRAPHIC,,,7,77,3
talkie-base,restricted,address,False,addresso,ORTHOGRAPHIC,,,7,77,3
talkie-base,restricted,address,False,addres,ORTHOGRAPHIC,,,7,77,3
talkie-base,restricted,address,False,addressé,ORTHOGRAPHIC,,,7,77,3
talkie-base,restricted,address,False,addrese,ORTHOGRAPHIC,,,7,77,3
talkie-base,restricted,address,False,aduresse,ORTHOGRAPHIC,,,7,77,3
talkie-base,restricted,afternoon,False,afthernoon,ORTHOGRAPHIC,,,9,106,2
talkie-base,restricted,afternoon,False,arternoon,ORTHOGRAPHIC,,,9,106,2
talkie-base,restricted,attach,False,attaches,ORTHOGRAPHIC,,,6,14,58
talkie-base,restricted,average,False,averadge,ORTHOGRAPHIC,,,7,130,1
talkie-base,restricted,ball,False,balle,ORTHOGRAPHIC,,,4,110,3
talkie-base,restricted,being,False,comming,INFLECTION,,,5,712,-1
talkie-base,restricted,being,False,comeing,INFLECTION,,,5,712,-1
talkie-base,restricted,being,False,beeing,ORTHOGRAPHIC,,,5,712,1
talkie-base,restricted,bill,False,billes,ORTHOGRAPHIC,,,4,143,-1
talkie-base,restricted,bill,False,bille,ORTHOGRAPHIC,,,4,143,4
talkie-base,restricted,bill,False,byll,ORTHOGRAPHIC,,,4,143,4
talkie-base,restricted,bill,False,bils,ORTHOGRAPHIC,,,4,143,1
talkie-base,restricted,bill,False,biil,ORTHOGRAPHIC,,,4,143,1
talkie-base,restricted,bill,False,blll,ORTHOGRAPHIC,,,4,143,1
talkie-base,restricted,bill,False,bili,ORTHOGRAPHIC,,,4,143,1
talkie-base,restricted,bill,False,biil,ORTHOGRAPHIC,,,4,143,1
talkie-base,restricted,brief,False,breefe,ORTHOGRAPHIC,,,5,73,1
talkie-base,restricted,brief,False,briefle,ORTHOGRAPHIC,,,5,73,1
talkie-base,restricted,brief,False,briefc,ORTHOGRAPHIC,,,5,73,1
talkie-base,restricted,brief,False,briefe,ORTHOGRAPHIC,,,5,73,1
talkie-base,restricted,brief,False,briefel,ORTHOGRAPHIC,,,5,73,1
talkie-base,restricted,brief,False,briefie,ORTHOGRAPHIC,,,5,73,1
talkie-base,restricted,burn,False,burnes,ORTHOGRAPHIC,,,4,15,2
talkie-base,restricted,burn,False,burnr,ORTHOGRAPHIC,,,4,15,2
talkie-base,restricted,candidate,False,eandidate,DERIVATIONAL,,undated,9,34,1
talkie-base,restricted,candidate,False,didate,DERIVATIONAL,,undated,9,34,1
talkie-base,restricted,chair,False,chaira,ORTHOGRAPHIC,,,5,66,6
talkie-base,restricted,chair,False,chaire,ORTHOGRAPHIC,,,5,66,20
talkie-base,restricted,chair,False,chayre,ORTHOGRAPHIC,,,5,66,20
talkie-base,restricted,chair,False,chaire,ORTHOGRAPHIC,,,5,66,2
talkie-base,restricted,chair,False,chayre,ORTHOGRAPHIC,,,5,66,2
talkie-base,restricted,chair,False,chayr,ORTHOGRAPHIC,,,5,66,2
talkie-base,restricted,chair,False,ehair,DERIVATIONAL,,undated,5,66,1
talkie-base,restricted,chair,False,ohair,DERIVATIONAL,,undated,5,66,1
talkie-base,restricted,chair,False,cbair,ORTHOGRAPHIC,,,5,66,1
talkie-base,restricted,chair,False,chaii,ORTHOGRAPHIC,,,5,66,1
talkie-base,restricted,chair,False,cliair,ORTHOGRAPHIC,,,5,66,1
talkie-base,restricted,chair,False,chuir,ORTHOGRAPHIC,,,5,66,1
talkie-base,restricted,chair,False,chiir,ORTHOGRAPHIC,,,5,66,1
talkie-base,restricted,chair,False,ohair,DERIVATIONAL,,undated,5,66,1
talkie-base,restricted,chair,False,ehair,DERIVATIONAL,,undated,5,66,1
talkie-base,restricted,chair,False,chaire,ORTHOGRAPHIC,,,5,66,1
talkie-base,restricted,chair,False,ohair,DERIVATIONAL,,undated,5,66,1
talkie-base,restricted,conception,False,concepcon,ORTHOGRAPHIC,,,10,32,1
talkie-base,restricted,conception,False,conceptio,ORTHOGRAPHIC,,,10,32,1
talkie-base,restricted,conception,False,conceptidn,ORTHOGRAPHIC,,,10,32,1
talkie-base,restricted,core,False,eore,DERIVATIONAL,,undated,4,43,1
talkie-base,restricted,critic,False,criticks,ORTHOGRAPHIC,,,6,25,9
talkie-base,restricted,critic,False,critick,ORTHOGRAPHIC,,,6,25,9
talkie-base,restricted,cross,False,cros,ORTHOGRAPHIC,,,5,55,7
talkie-base,restricted,cross,False,croys,ORTHOGRAPHIC,,,5,55,7
talkie-base,restricted,cross,False,crose,ORTHOGRAPHIC,,,5,55,2
talkie-base,restricted,cross,False,cros,ORTHOGRAPHIC,,,5,55,2
talkie-base,restricted,cross,False,erosse,DERIVATIONAL,,undated,5,55,2
talkie-base,restricted,cross,False,cros,ORTHOGRAPHIC,,,5,55,1
talkie-base,restricted,cross,False,crofs,ORTHOGRAPHIC,,,5,55,1
talkie-base,restricted,cross,False,oross,DERIVATIONAL,,undated,5,55,1
talkie-base,restricted,cross,False,crose,ORTHOGRAPHIC,,,5,55,1
talkie-base,restricted,cup,False,cupp,ORTHOGRAPHIC,,,3,45,9
talkie-base,restricted,cup,False,gup,DERIVATIONAL,,undated,3,45,1
talkie-base,restricted,cup,False,oup,DERIVATIONAL,,undated,3,45,1
talkie-base,restricted,custom,False,customes,ORTHOGRAPHIC,,,6,14,6
talkie-base,restricted,custom,False,customis,ORTHOGRAPHIC,,,6,14,6
talkie-base,restricted,custom,False,customys,ORTHOGRAPHIC,,,6,14,6
talkie-base,restricted,custom,False,custome,ORTHOGRAPHIC,,,6,14,6
talkie-base,restricted,defendant,False,defendaunt,ORTHOGRAPHIC,,,9,6,1
talkie-base,restricted,defendant,False,defendent,ORTHOGRAPHIC,,,9,6,1
talkie-base,restricted,democracy,False,democratical,DERIVATIONAL,,undated,9,24,1
talkie-base,restricted,disappear,False,disapp,ORTHOGRAPHIC,,,9,11,1
talkie-base,restricted,domain,False,domainwe,ORTHOGRAPHIC,,,6,9,1
talkie-base,restricted,domain,False,domainthe,ORTHOGRAPHIC,,,6,9,1
talkie-base,restricted,domain,False,domaini,ORTHOGRAPHIC,,,6,9,1
talkie-base,restricted,domain,False,domainl,ORTHOGRAPHIC,,,6,9,1
talkie-base,restricted,east,False,easte,ORTHOGRAPHIC,,,4,183,1
talkie-base,restricted,east,False,kast,DERIVATIONAL,,undated,4,183,1
talkie-base,restricted,east,False,eaft,ORTHOGRAPHIC,,,4,183,1
talkie-base,restricted,east,False,easte,ORTHOGRAPHIC,,,4,183,1
talkie-base,restricted,east,False,kast,DERIVATIONAL,,undated,4,183,1
talkie-base,restricted,east,False,kast,DERIVATIONAL,,undated,4,183,1
talkie-base,restricted,electron,False,clectron,DERIVATIONAL,,undated,8,29,1
talkie-base,restricted,engine,False,engins,ORTHOGRAPHIC,,,6,50,27
talkie-base,restricted,escape,False,escap,ORTHOGRAPHIC,,,6,65,1
talkie-base,restricted,essay,False,essa,ORTHOGRAPHIC,,,5,19,1
talkie-base,restricted,essay,False,essat,ORTHOGRAPHIC,,,5,19,1
talkie-base,restricted,essay,False,essai,ORTHOGRAPHIC,,,5,19,1
talkie-base,restricted,essay,False,essav,ORTHOGRAPHIC,,,5,19,1
talkie-base,restricted,essay,False,essaj,ORTHOGRAPHIC,,,5,19,1
talkie-base,restricted,evil,False,evills,ORTHOGRAPHIC,,,4,72,12
talkie-base,restricted,expose,False,expofe,ORTHOGRAPHIC,,,6,8,1
talkie-base,restricted,expose,False,expoze,ORTHOGRAPHIC,,,6,8,1
talkie-base,restricted,expose,False,expoſe,ORTHOGRAPHIC,,,6,8,1
talkie-base,restricted,expose,False,expone,ORTHOGRAPHIC,,,6,8,1
talkie-base,restricted,expose,False,expoſed,ORTHOGRAPHIC,,,6,8,34
talkie-base,restricted,expose,False,expofed,ORTHOGRAPHIC,,,6,8,34
talkie-base,restricted,expose,False,unclose,DERIVATIONAL,,undated,6,8,1
talkie-base,restricted,extreme,False,extreames,ORTHOGRAPHIC,,,7,62,6
talkie-base,restricted,false,False,falſe,ORTHOGRAPHIC,,,5,29,45
talkie-base,restricted,false,False,falfe,ORTHOGRAPHIC,,,5,29,45
talkie-base,restricted,favour,False,favours,ORTHOGRAPHIC,,,6,2,1
talkie-base,restricted,fee,False,feo,ORTHOGRAPHIC,,,3,16,1
talkie-base,restricted,fee,False,fée,ORTHOGRAPHIC,,,3,16,1
talkie-base,restricted,fee,False,feez,ORTHOGRAPHIC,,,3,16,1
talkie-base,restricted,fee,False,ffee,ORTHOGRAPHIC,,,3,16,1
talkie-base,restricted,fee,False,fre,ORTHOGRAPHIC,,,3,16,1
talkie-base,restricted,fee,False,fée,ORTHOGRAPHIC,,,3,16,1
talkie-base,restricted,fee,False,fse,ORTHOGRAPHIC,,,3,16,1
talkie-base,restricted,fee,False,feez,ORTHOGRAPHIC,,,3,16,21
talkie-base,restricted,fee,False,ffee,ORTHOGRAPHIC,,,3,16,1
talkie-base,restricted,fee,False,feea,ORTHOGRAPHIC,,,3,16,1
talkie-base,restricted,fee,False,feee,ORTHOGRAPHIC,,,3,16,1
talkie-base,restricted,fellow,False,fellowes,ORTHOGRAPHIC,,,6,63,36
talkie-base,restricted,fellow,False,fellowes,ORTHOGRAPHIC,,,6,63,4
talkie-base,restricted,fellow,False,fellowmen,ORTHOGRAPHIC,,,6,63,1
talkie-base,restricted,flat,False,flatte,ORTHOGRAPHIC,,,4,67,1
talkie-base,restricted,flat,False,flatte,ORTHOGRAPHIC,,,4,67,1
talkie-base,restricted,flat,False,flate,ORTHOGRAPHIC,,,4,67,1
talkie-base,restricted,flat,False,flates,ORTHOGRAPHIC,,,4,67,3
talkie-base,restricted,flat,False,flatts,ORTHOGRAPHIC,,,4,67,3
talkie-base,restricted,flat,False,flatte,ORTHOGRAPHIC,,,4,67,1
talkie-base,restricted,flat,False,flate,ORTHOGRAPHIC,,,4,67,1
talkie-base,restricted,flight,False,flicht,ORTHOGRAPHIC,,,6,46,1
talkie-base,restricted,flight,False,hight,DERIVATIONAL,,undated,6,46,1
talkie-base,restricted,flight,False,fliget,ORTHOGRAPHIC,,,6,46,1
talkie-base,restricted,flight,False,flig,ORTHOGRAPHIC,,,6,46,1
talkie-base,restricted,flight,False,flitt,ORTHOGRAPHIC,,,6,46,1
talkie-base,restricted,fly,False,fiy,ORTHOGRAPHIC,,,3,33,1
talkie-base,restricted,fly,False,flye,ORTHOGRAPHIC,,,3,33,1
talkie-base,restricted,fly,False,fiy,ORTHOGRAPHIC,,,3,33,1
talkie-base,restricted,fly,False,fiy,ORTHOGRAPHIC,,,3,33,1
talkie-base,restricted,focus,False,focis,ORTHOGRAPHIC,,,5,40,1
talkie-base,restricted,focus,False,focum,ORTHOGRAPHIC,,,5,40,1
talkie-base,restricted,focus,False,foculus,ORTHOGRAPHIC,,,5,40,1
talkie-base,restricted,focus,False,focu,ORTHOGRAPHIC,,,5,40,1
talkie-base,restricted,focus,False,focula,ORTHOGRAPHIC,,,5,40,1
talkie-base,restricted,fourth,False,fourtbs,ORTHOGRAPHIC,,,6,74,16
talkie-base,restricted,fourth,False,fourthe,ORTHOGRAPHIC,,,6,74,16
talkie-base,restricted,fruit,False,frut,ORTHOGRAPHIC,,,5,35,1
talkie-base,restricted,fruit,False,frait,ORTHOGRAPHIC,,,5,35,1
talkie-base,restricted,fruit,False,frutt,ORTHOGRAPHIC,,,5,35,1
talkie-base,restricted,fruit,False,frui,ORTHOGRAPHIC,,,5,35,1
talkie-base,restricted,fruit,False,frnit,ORTHOGRAPHIC,,,5,35,1
talkie-base,restricted,functional,False,funetional,ORTHOGRAPHIC,,,10,24,1
talkie-base,restricted,gather,False,gatherd,ORTHOGRAPHIC,,,6,20,5
talkie-base,restricted,gather,False,gathred,ORTHOGRAPHIC,,,6,20,5
talkie-base,restricted,gather,False,gathei,ORTHOGRAPHIC,,,6,20,5
talkie-base,restricted,gather,False,gatberd,ORTHOGRAPHIC,,,6,20,5
talkie-base,restricted,gender,False,genderj,ORTHOGRAPHIC,,,6,2,1
talkie-base,restricted,gender,False,genderl,ORTHOGRAPHIC,,,6,2,1
talkie-base,restricted,govern,False,governe,ORTHOGRAPHIC,,,6,7,1
talkie-base,restricted,grain,False,graines,ORTHOGRAPHIC,,,5,27,46
talkie-base,restricted,grain,False,graine,ORTHOGRAPHIC,,,5,27,4
talkie-base,restricted,grain,False,graine,ORTHOGRAPHIC,,,5,27,2
talkie-base,restricted,grain,False,grainc,ORTHOGRAPHIC,,,5,27,2
talkie-base,restricted,grain,False,gratne,ORTHOGRAPHIC,,,5,27,2
talkie-base,restricted,grain,False,grained,ORTHOGRAPHIC,,,5,27,1
talkie-base,restricted,habit,False,habite,ORTHOGRAPHIC,,,5,23,4
talkie-base,restricted,height,False,hight,ORTHOGRAPHIC,,,6,35,1
talkie-base,restricted,height,False,heighth,ORTHOGRAPHIC,,,6,35,1
talkie-base,restricted,height,False,heig,ORTHOGRAPHIC,,,6,35,1
talkie-base,restricted,height,False,heighr,ORTHOGRAPHIC,,,6,35,1
talkie-base,restricted,hence,False,henee,ORTHOGRAPHIC,,,5,58,1
talkie-base,restricted,hit,False,hitt,ORTHOGRAPHIC,,,3,114,1
talkie-base,restricted,hit,False,hitf,ORTHOGRAPHIC,,,3,114,1
talkie-base,restricted,hit,False,hitr,ORTHOGRAPHIC,,,3,114,1
talkie-base,restricted,hit,False,hitl,ORTHOGRAPHIC,,,3,114,1
talkie-base,restricted,hit,False,hir,ORTHOGRAPHIC,,,3,114,1
talkie-base,restricted,hit,False,hitp,ORTHOGRAPHIC,,,3,114,1
talkie-base,restricted,ice,False,icel,ORTHOGRAPHIC,,,3,45,1
talkie-base,restricted,ice,False,icer,ORTHOGRAPHIC,,,3,45,1
talkie-base,restricted,ice,False,iee,ORTHOGRAPHIC,,,3,45,1
talkie-base,restricted,identification,False,identifications,ORTHOGRAPHIC,,,14,43,1
talkie-base,restricted,incorporate,False,incorperate,ORTHOGRAPHIC,,,11,2,1
talkie-base,restricted,incorporate,False,incorporat,ORTHOGRAPHIC,,,11,2,1
talkie-base,restricted,incorporate,False,incoporate,ORTHOGRAPHIC,,,11,2,1
talkie-base,restricted,inner,False,innei,ORTHOGRAPHIC,,,5,55,1
talkie-base,restricted,inner,False,innei,ORTHOGRAPHIC,,,5,55,1
talkie-base,restricted,lack,False,lacke,ORTHOGRAPHIC,,,4,110,14
talkie-base,restricted,lady,False,ladie,ORTHOGRAPHIC,,,4,80,1
talkie-base,restricted,lady,False,ladi,ORTHOGRAPHIC,,,4,80,1
talkie-base,restricted,lady,False,ladye,ORTHOGRAPHIC,,,4,80,1
talkie-base,restricted,lady,False,ladie,ORTHOGRAPHIC,,,4,80,1
talkie-base,restricted,lady,False,ladye,ORTHOGRAPHIC,,,4,80,1
talkie-base,restricted,lesson,False,jesson,DERIVATIONAL,,undated,6,29,1
talkie-base,restricted,lesson,False,leason,ORTHOGRAPHIC,,,6,29,1
talkie-base,restricted,lesson,False,lesgon,ORTHOGRAPHIC,,,6,29,1
talkie-base,restricted,lesson,False,leffon,ORTHOGRAPHIC,,,6,29,1
talkie-base,restricted,lip,False,lipp,ORTHOGRAPHIC,,,3,18,1
talkie-base,restricted,lip,False,lipp,ORTHOGRAPHIC,,,3,18,2
talkie-base,restricted,lip,False,lipe,ORTHOGRAPHIC,,,3,18,2
talkie-base,restricted,lip,False,lij,ORTHOGRAPHIC,,,3,18,1
talkie-base,restricted,load,False,loade,ORTHOGRAPHIC,,,4,45,1
talkie-base,restricted,load,False,loades,ORTHOGRAPHIC,,,4,45,1
talkie-base,restricted,matrix,False,matria,ORTHOGRAPHIC,,,6,1,1
talkie-base,restricted,membrane,False,membraneous,ORTHOGRAPHIC,,,8,6,1
talkie-base,restricted,membrane,False,membraue,ORTHOGRAPHIC,,,8,6,1
talkie-base,restricted,membrane,False,membiane,ORTHOGRAPHIC,,,8,6,1
talkie-base,restricted,mere,False,meere,ORTHOGRAPHIC,,,4,47,9
talkie-base,restricted,minister,False,ministera,ORTHOGRAPHIC,,,8,61,6
talkie-base,restricted,minor,False,minores,ORTHOGRAPHIC,,,5,58,2
talkie-base,restricted,minor,False,minores,ORTHOGRAPHIC,,,5,58,9
talkie-base,restricted,minor,False,minores,ORTHOGRAPHIC,,,5,58,2
talkie-base,restricted,molecule,False,molecnle,ORTHOGRAPHIC,,,8,6,1
talkie-base,restricted,motor,False,motores,ORTHOGRAPHIC,,,5,56,2
talkie-base,restricted,motor,False,motory,ORTHOGRAPHIC,,,5,56,2
talkie-base,restricted,neck,False,necl,ORTHOGRAPHIC,,,4,81,1
talkie-base,restricted,neck,False,neek,ORTHOGRAPHIC,,,4,81,1
talkie-base,restricted,neck,False,necke,ORTHOGRAPHIC,,,4,81,4
talkie-base,restricted,neck,False,necke,ORTHOGRAPHIC,,,4,81,2
talkie-base,restricted,neck,False,necky,ORTHOGRAPHIC,,,4,81,1
talkie-base,restricted,nerve,False,nerue,ORTHOGRAPHIC,,,5,12,2
talkie-base,restricted,nerve,False,nerues,ORTHOGRAPHIC,,,5,12,2
talkie-base,restricted,noise,False,noyse,ORTHOGRAPHIC,,,5,37,2
talkie-base,restricted,noise,False,noife,ORTHOGRAPHIC,,,5,37,1
talkie-base,restricted,noise,False,noiſe,ORTHOGRAPHIC,,,5,37,1
talkie-base,restricted,noise,False,noife,ORTHOGRAPHIC,,,5,37,1
talkie-base,restricted,noise,False,noiſe,ORTHOGRAPHIC,,,5,37,1
talkie-base,restricted,notice,False,notioe,ORTHOGRAPHIC,,,6,59,1
talkie-base,restricted,novel,False,novells,ORTHOGRAPHIC,,,5,59,7
talkie-base,restricted,novel,False,novell,ORTHOGRAPHIC,,,5,59,7
talkie-base,restricted,obligation,False,obhgation,ORTHOGRAPHIC,,,10,16,1
talkie-base,restricted,obligation,False,obhgation,ORTHOGRAPHIC,,,10,16,1
talkie-base,restricted,obligation,False,obligaton,ORTHOGRAPHIC,,,10,16,1
talkie-base,restricted,ordinary,False,ordinar,ORTHOGRAPHIC,,,8,72,1
talkie-base,restricted,ought,False,oughte,ORTHOGRAPHIC,,,5,68,3
talkie-base,restricted,paint,False,peint,ORTHOGRAPHIC,,,5,37,2
talkie-base,restricted,paint,False,paynt,ORTHOGRAPHIC,,,5,37,2
talkie-base,restricted,paint,False,paynte,ORTHOGRAPHIC,,,5,37,2
talkie-base,restricted,please,False,pleafe,ORTHOGRAPHIC,,,6,62,1
talkie-base,restricted,please,False,pleaſe,ORTHOGRAPHIC,,,6,62,1
talkie-base,restricted,please,False,pleafe,ORTHOGRAPHIC,,,6,62,2
talkie-base,restricted,please,False,pleese,ORTHOGRAPHIC,,,6,62,1
talkie-base,restricted,please,False,plaze,ORTHOGRAPHIC,,,6,62,1
talkie-base,restricted,please,False,pleasel,ORTHOGRAPHIC,,,6,62,1
talkie-base,restricted,please,False,plese,ORTHOGRAPHIC,,,6,62,1
talkie-base,restricted,pleasure,False,pleasare,ORTHOGRAPHIC,,,8,62,1
talkie-base,restricted,pleasure,False,pléasure,ORTHOGRAPHIC,,,8,62,1
talkie-base,restricted,possibly,False,possiblys,ORTHOGRAPHIC,,,8,61,18
talkie-base,restricted,prayer,False,praver,ORTHOGRAPHIC,,,6,28,1
talkie-base,restricted,prayer,False,praiers,ORTHOGRAPHIC,,,6,28,11
talkie-base,restricted,preserve,False,preſerved,ORTHOGRAPHIC,,,8,35,-1
talkie-base,restricted,preserve,False,preferved,ORTHOGRAPHIC,,,8,35,-1
talkie-base,restricted,priest,False,highpriest,DERIVATIONAL,,undated,6,16,2
talkie-base,restricted,priest,False,prieſt,ORTHOGRAPHIC,,,6,16,1
talkie-base,restricted,priest,False,pnest,ORTHOGRAPHIC,,,6,16,1
talkie-base,restricted,priest,False,priesl,ORTHOGRAPHIC,,,6,16,1
talkie-base,restricted,priest,False,priesi,ORTHOGRAPHIC,,,6,16,1
talkie-base,restricted,priest,False,pricst,ORTHOGRAPHIC,,,6,16,1
talkie-base,restricted,print,False,grint,DERIVATIONAL,,undated,5,18,1
talkie-base,restricted,profit,False,profite,ORTHOGRAPHIC,,,6,28,1
talkie-base,restricted,profit,False,profitt,ORTHOGRAPHIC,,,6,28,1
talkie-base,restricted,profit,False,proffit,ORTHOGRAPHIC,,,6,28,1
talkie-base,restricted,profit,False,proflt,ORTHOGRAPHIC,,,6,28,1
talkie-base,restricted,proof,False,proofe,ORTHOGRAPHIC,,,5,40,3
talkie-base,restricted,proof,False,proofes,ORTHOGRAPHIC,,,5,40,3
talkie-base,restricted,proof,False,proofe,ORTHOGRAPHIC,,,5,40,2
talkie-base,restricted,proof,False,proot,ORTHOGRAPHIC,,,5,40,1
talkie-base,restricted,proof,False,proot,ORTHOGRAPHIC,,,5,40,1
talkie-base,restricted,proof,False,jiroof,DERIVATIONAL,,undated,5,40,1
talkie-base,restricted,proof,False,proofe,ORTHOGRAPHIC,,,5,40,5
talkie-base,restricted,purchase,False,purchace,ORTHOGRAPHIC,,,8,47,1
talkie-base,restricted,pursue,False,pursu,ORTHOGRAPHIC,,,6,20,3
talkie-base,restricted,pursue,False,purſues,ORTHOGRAPHIC,,,6,20,3
talkie-base,restricted,pursue,False,pursués,ORTHOGRAPHIC,,,6,20,3
talkie-base,restricted,pursue,False,purfues,ORTHOGRAPHIC,,,6,20,3
talkie-base,restricted,pursue,False,pursuess,ORTHOGRAPHIC,,,6,20,3
talkie-base,restricted,pursue,False,persues,ORTHOGRAPHIC,,,6,20,3
talkie-base,restricted,pursue,False,pursucs,ORTHOGRAPHIC,,,6,20,3
talkie-base,restricted,quarter,False,quaiter,ORTHOGRAPHIC,,,7,34,1
talkie-base,restricted,quarter,False,quartei,ORTHOGRAPHIC,,,7,34,1
talkie-base,restricted,quarter,False,quarterings,ORTHOGRAPHIC,,,7,34,6
talkie-base,restricted,quarter,False,quarterings,ORTHOGRAPHIC,,,7,34,-1
talkie-base,restricted,quarter,False,quaiter,ORTHOGRAPHIC,,,7,34,1
talkie-base,restricted,quick,False,quicke,ORTHOGRAPHIC,,,5,68,1
talkie-base,restricted,quick,False,quicke,ORTHOGRAPHIC,,,5,68,15
talkie-base,restricted,race,False,raoe,ORTHOGRAPHIC,,,4,103,1
talkie-base,restricted,race,False,rac,ORTHOGRAPHIC,,,4,103,1
talkie-base,restricted,race,False,raee,ORTHOGRAPHIC,,,4,103,1
talkie-base,restricted,race,False,raco,ORTHOGRAPHIC,,,4,103,1
talkie-base,restricted,race,False,racel,ORTHOGRAPHIC,,,4,103,1
talkie-base,restricted,race,False,racc,ORTHOGRAPHIC,,,4,103,1
talkie-base,restricted,race,False,eace,DERIVATIONAL,,undated,4,103,1
talkie-base,restricted,race,False,kace,DERIVATIONAL,,undated,4,103,1
talkie-base,restricted,radical,False,radicall,ORTHOGRAPHIC,,,7,30,3
talkie-base,restricted,radical,False,radikal,ORTHOGRAPHIC,,,7,30,3
talkie-base,restricted,ray,False,rayes,ORTHOGRAPHIC,,,3,19,6
talkie-base,restricted,ray,False,rayes,ORTHOGRAPHIC,,,3,19,8
talkie-base,restricted,ray,False,rayes,ORTHOGRAPHIC,,,3,19,54
talkie-base,restricted,ray,False,rayes,ORTHOGRAPHIC,,,3,19,4
talkie-base,restricted,ray,False,rdy,ORTHOGRAPHIC,,,3,19,1
talkie-base,restricted,ray,False,rav,ORTHOGRAPHIC,,,3,19,1
talkie-base,restricted,regard,False,regarde,ORTHOGRAPHIC,,,6,89,1
talkie-base,restricted,regard,False,regaid,ORTHOGRAPHIC,,,6,89,1
talkie-base,restricted,regard,False,regai,ORTHOGRAPHIC,,,6,89,1
talkie-base,restricted,regard,False,regaird,ORTHOGRAPHIC,,,6,89,1
talkie-base,restricted,regard,False,legard,DERIVATIONAL,,undated,6,89,1
talkie-base,restricted,regard,False,regaxd,ORTHOGRAPHIC,,,6,89,1
talkie-base,restricted,relief,False,relicf,ORTHOGRAPHIC,,,6,66,1
talkie-base,restricted,relief,False,reliefe,ORTHOGRAPHIC,,,6,66,1
talkie-base,restricted,relief,False,relefs,ORTHOGRAPHIC,,,6,66,9
talkie-base,restricted,relief,False,relef,ORTHOGRAPHIC,,,6,66,9
talkie-base,restricted,relief,False,reliefe,ORTHOGRAPHIC,,,6,66,15
talkie-base,restricted,resident,False,besident,DERIVATIONAL,,undated,8,13,1
talkie-base,restricted,resident,False,eesident,DERIVATIONAL,,undated,8,13,1
talkie-base,restricted,resident,False,kesident,DERIVATIONAL,,undated,8,13,1
talkie-base,restricted,rest,False,reste,ORTHOGRAPHIC,,,4,163,2
talkie-base,restricted,rest,False,resten,ORTHOGRAPHIC,,,4,163,2
talkie-base,restricted,rest,False,restel,ORTHOGRAPHIC,,,4,163,2
talkie-base,restricted,rest,False,restyn,ORTHOGRAPHIC,,,4,163,2
talkie-base,restricted,rest,False,restey,ORTHOGRAPHIC,,,4,163,2
talkie-base,restricted,rest,False,reeste,ORTHOGRAPHIC,,,4,163,2
talkie-base,restricted,rest,False,reſt,ORTHOGRAPHIC,,,4,163,4
talkie-base,restricted,rest,False,reft,ORTHOGRAPHIC,,,4,163,4
talkie-base,restricted,rest,False,reste,ORTHOGRAPHIC,,,4,163,14
talkie-base,restricted,rest,False,reste,ORTHOGRAPHIC,,,4,163,10
talkie-base,restricted,retain,False,retaine,ORTHOGRAPHIC,,,6,11,9
talkie-base,restricted,retain,False,retayne,ORTHOGRAPHIC,,,6,11,9
talkie-base,restricted,revolution,False,eevolution,DERIVATIONAL,,undated,10,70,1
talkie-base,restricted,ride,False,ryde,ORTHOGRAPHIC,,,4,49,1
talkie-base,restricted,ride,False,riſe,ORTHOGRAPHIC,,,4,49,2
talkie-base,restricted,ring,False,ringe,ORTHOGRAPHIC,,,4,47,1
talkie-base,restricted,ring,False,ringin,ORTHOGRAPHIC,,,4,47,2
talkie-base,restricted,ring,False,rying,ORTHOGRAPHIC,,,4,47,2
talkie-base,restricted,rise,False,risings,INFLECTION,,,4,102,12
talkie-base,restricted,rise,False,riſe,ORTHOGRAPHIC,,,4,102,3
talkie-base,restricted,rise,False,ris,ORTHOGRAPHIC,,,4,102,2
talkie-base,restricted,rise,False,riſe,ORTHOGRAPHIC,,,4,102,3
talkie-base,restricted,rise,False,risej,ORTHOGRAPHIC,,,4,102,1
talkie-base,restricted,rise,False,riae,ORTHOGRAPHIC,,,4,102,1
talkie-base,restricted,row,False,kow,DERIVATIONAL,,undated,3,35,1
talkie-base,restricted,row,False,eow,DERIVATIONAL,,undated,3,35,1
talkie-base,restricted,row,False,eow,DERIVATIONAL,,undated,3,35,1
talkie-base,restricted,row,False,kow,DERIVATIONAL,,undated,3,35,1
talkie-base,restricted,row,False,rew,ORTHOGRAPHIC,,,3,35,1
talkie-base,restricted,salt,False,sait,ORTHOGRAPHIC,,,4,46,1
talkie-base,restricted,salt,False,saulte,ORTHOGRAPHIC,,,4,46,1
talkie-base,restricted,score,False,skore,ORTHOGRAPHIC,,,5,66,6
talkie-base,restricted,season,False,seafon,ORTHOGRAPHIC,,,6,105,1
talkie-base,restricted,season,False,seaſon,ORTHOGRAPHIC,,,6,105,1
talkie-base,restricted,season,False,seafon,ORTHOGRAPHIC,,,6,105,1
talkie-base,restricted,season,False,seaſon,ORTHOGRAPHIC,,,6,105,1
talkie-base,restricted,season,False,seaaon,ORTHOGRAPHIC,,,6,105,1
talkie-base,restricted,season,False,seafon,ORTHOGRAPHIC,,,6,105,1
talkie-base,restricted,season,False,seaſon,ORTHOGRAPHIC,,,6,105,1
talkie-base,restricted,season,False,ſeaſon,ORTHOGRAPHIC,,,6,105,-1
talkie-base,restricted,season,False,seson,ORTHOGRAPHIC,,,6,105,2
talkie-base,restricted,season,False,seasoun,ORTHOGRAPHIC,,,6,105,2
talkie-base,restricted,season,False,seasone,ORTHOGRAPHIC,,,6,105,2
talkie-base,restricted,servant,False,seruants,ORTHOGRAPHIC,,,7,19,2
talkie-base,restricted,servant,False,servantes,ORTHOGRAPHIC,,,7,19,2
talkie-base,restricted,servant,False,servents,ORTHOGRAPHIC,,,7,19,2
talkie-base,restricted,servant,False,servaunts,ORTHOGRAPHIC,,,7,19,2
talkie-base,restricted,servant,False,servanta,ORTHOGRAPHIC,,,7,19,2
talkie-base,restricted,servant,False,servante,ORTHOGRAPHIC,,,7,19,2
talkie-base,restricted,servant,False,servent,ORTHOGRAPHIC,,,7,19,1
talkie-base,restricted,sheet,False,sheetes,ORTHOGRAPHIC,,,5,45,14
talkie-base,restricted,sheet,False,sheete,ORTHOGRAPHIC,,,5,45,14
talkie-base,restricted,sheet,False,shcets,ORTHOGRAPHIC,,,5,45,14
talkie-base,restricted,sheet,False,shects,ORTHOGRAPHIC,,,5,45,14
talkie-base,restricted,sheet,False,sheete,ORTHOGRAPHIC,,,5,45,2
talkie-base,restricted,sheet,False,sheetc,ORTHOGRAPHIC,,,5,45,2
talkie-base,restricted,sheet,False,cheete,DERIVATIONAL,,undated,5,45,2
talkie-base,restricted,sheet,False,shecte,ORTHOGRAPHIC,,,5,45,2
talkie-base,restricted,sheet,False,sheeto,ORTHOGRAPHIC,,,5,45,2
talkie-base,restricted,sheet,False,shcet,ORTHOGRAPHIC,,,5,45,2
talkie-base,restricted,shoot,False,ſhoot,ORTHOGRAPHIC,,,5,27,1
talkie-base,restricted,shoot,False,fhoot,DERIVATIONAL,,undated,5,27,1
talkie-base,restricted,shoot,False,ihoot,DERIVATIONAL,,undated,5,27,1
talkie-base,restricted,shoot,False,slioot,ORTHOGRAPHIC,,,5,27,1
talkie-base,restricted,shoot,False,thoot,DERIVATIONAL,,undated,5,27,1
talkie-base,restricted,shoot,False,shooty,ORTHOGRAPHIC,,,5,27,1
talkie-base,restricted,shoot,False,ſhoot,ORTHOGRAPHIC,,,5,27,4
talkie-base,restricted,shoot,False,fhoot,DERIVATIONAL,,undated,5,27,4
talkie-base,restricted,shoot,False,shotte,ORTHOGRAPHIC,,,5,27,25
talkie-base,restricted,shoot,False,shoote,ORTHOGRAPHIC,,,5,27,25
talkie-base,restricted,shop,False,shopps,ORTHOGRAPHIC,,,4,63,2
talkie-base,restricted,shop,False,shoppe,ORTHOGRAPHIC,,,4,63,1
talkie-base,restricted,shop,False,shopp,ORTHOGRAPHIC,,,4,63,1
talkie-base,restricted,sight,False,sighte,ORTHOGRAPHIC,,,5,83,1
talkie-base,restricted,sight,False,syght,ORTHOGRAPHIC,,,5,83,1
talkie-base,restricted,sight,False,siht,ORTHOGRAPHIC,,,5,83,1
talkie-base,restricted,sight,False,ſight,ORTHOGRAPHIC,,,5,83,74
talkie-base,restricted,sight,False,sightin,ORTHOGRAPHIC,,,5,83,1
talkie-base,restricted,sight,False,sightl,ORTHOGRAPHIC,,,5,83,1
talkie-base,restricted,sight,False,siglit,ORTHOGRAPHIC,,,5,83,1
talkie-base,restricted,sight,False,syght,ORTHOGRAPHIC,,,5,83,1
talkie-base,restricted,sight,False,siglit,ORTHOGRAPHIC,,,5,83,1
talkie-base,restricted,sight,False,ſight,ORTHOGRAPHIC,,,5,83,1
talkie-base,restricted,sight,False,siglit,ORTHOGRAPHIC,,,5,83,1
talkie-base,restricted,sight,False,ſight,ORTHOGRAPHIC,,,5,83,5
talkie-base,restricted,sight,False,sightes,ORTHOGRAPHIC,,,5,83,4
talkie-base,restricted,sky,False,skí,ORTHOGRAPHIC,,,3,58,3
talkie-base,restricted,sky,False,skī,ORTHOGRAPHIC,,,3,58,3
talkie-base,restricted,sky,False,skv,ORTHOGRAPHIC,,,3,58,1
talkie-base,restricted,soft,False,softe,ORTHOGRAPHIC,,,4,61,23
talkie-base,restricted,soft,False,softe,ORTHOGRAPHIC,,,4,61,67
talkie-base,restricted,soft,False,softe,ORTHOGRAPHIC,,,4,61,1
talkie-base,restricted,soft,False,foft,DERIVATIONAL,,undated,4,61,1
talkie-base,restricted,soft,False,soit,ORTHOGRAPHIC,1889,,4,61,1
talkie-base,restricted,soft,False,sof,ORTHOGRAPHIC,,,4,61,1
talkie-base,restricted,soft,False,sofl,ORTHOGRAPHIC,,,4,61,1
talkie-base,restricted,soft,False,solt,ORTHOGRAPHIC,,,4,61,1
talkie-base,restricted,soft,False,solt,ORTHOGRAPHIC,,,4,61,1
talkie-base,restricted,soft,False,soff,ORTHOGRAPHIC,,,4,61,1
talkie-base,restricted,soft,False,soit,ORTHOGRAPHIC,1889,,4,61,1
talkie-base,restricted,soft,False,sott,ORTHOGRAPHIC,,,4,61,1
talkie-base,restricted,soft,False,sof,ORTHOGRAPHIC,,,4,61,1
talkie-base,restricted,soft,False,seft,ORTHOGRAPHIC,,,4,61,1
talkie-base,restricted,soil,False,soib,ORTHOGRAPHIC,,,4,54,7
talkie-base,restricted,sound,False,sounde,ORTHOGRAPHIC,,,5,204,1
talkie-base,restricted,sound,False,sounde,ORTHOGRAPHIC,,,5,204,5
talkie-base,restricted,sound,False,soundeth,ORTHOGRAPHIC,,,5,204,5
talkie-base,restricted,southern,False,southron,ORTHOGRAPHIC,,,8,137,1
talkie-base,restricted,spot,False,spotst,ORTHOGRAPHIC,,,4,57,2
talkie-base,restricted,spot,False,spotsf,ORTHOGRAPHIC,,,4,57,2
talkie-base,restricted,spot,False,spotsl,ORTHOGRAPHIC,,,4,57,2
talkie-base,restricted,spot,False,spoto,ORTHOGRAPHIC,,,4,57,2
talkie-base,restricted,spot,False,spotsp,ORTHOGRAPHIC,,,4,57,2
talkie-base,restricted,spot,False,spoti,ORTHOGRAPHIC,,,4,57,2
talkie-base,restricted,spot,False,spotts,ORTHOGRAPHIC,,,4,57,2
talkie-base,restricted,spot,False,spott,ORTHOGRAPHIC,,,4,57,1
talkie-base,restricted,spot,False,spottie,ORTHOGRAPHIC,,,4,57,26
talkie-base,restricted,steel,False,stel,ORTHOGRAPHIC,,,5,45,1
talkie-base,restricted,steel,False,stcel,ORTHOGRAPHIC,,,5,45,1
talkie-base,restricted,steel,False,sleel,ORTHOGRAPHIC,,,5,45,1
talkie-base,restricted,storage,False,storages,ORTHOGRAPHIC,,,7,41,1
talkie-base,restricted,strange,False,straunge,ORTHOGRAPHIC,,,7,84,3
talkie-base,restricted,struggle,False,strugele,ORTHOGRAPHIC,,,8,62,1
talkie-base,restricted,struggle,False,struggie,ORTHOGRAPHIC,,,8,62,1
talkie-base,restricted,submit,False,submitt,ORTHOGRAPHIC,,,6,18,3
talkie-base,restricted,superior,False,superiours,ORTHOGRAPHIC,,,8,46,8
talkie-base,restricted,thin,False,thinne,ORTHOGRAPHIC,,,4,92,1
talkie-base,restricted,tooth,False,tooths,ORTHOGRAPHIC,,,5,20,1
talkie-base,restricted,tooth,False,toothe,ORTHOGRAPHIC,,,5,20,1
talkie-base,restricted,tooth,False,toothi,ORTHOGRAPHIC,,,5,20,1
talkie-base,restricted,tooth,False,toothj,ORTHOGRAPHIC,,,5,20,1
talkie-base,restricted,train,False,trayne,ORTHOGRAPHIC,,,5,82,42
talkie-base,restricted,train,False,traine,ORTHOGRAPHIC,,,5,82,42
talkie-base,restricted,train,False,tain,ORTHOGRAPHIC,,,5,82,1
talkie-base,restricted,train,False,traine,ORTHOGRAPHIC,,,5,82,1
talkie-base,restricted,train,False,trayn,ORTHOGRAPHIC,,,5,82,1
talkie-base,restricted,trust,False,truste,ORTHOGRAPHIC,,,5,52,1
talkie-base,restricted,trust,False,truste,ORTHOGRAPHIC,,,5,52,3
talkie-base,restricted,unknown,False,unkno,ORTHOGRAPHIC,,,7,47,1
talkie-base,restricted,unknown,False,unknow,ORTHOGRAPHIC,,,7,47,1
talkie-base,restricted,unknown,False,unknowa,ORTHOGRAPHIC,,,7,47,1
talkie-base,restricted,unknown,False,unknownt,ORTHOGRAPHIC,,,7,47,1
talkie-base,restricted,unknown,False,unknowu,ORTHOGRAPHIC,,,7,47,1
talkie-base,restricted,unknown,False,imknown,DERIVATIONAL,,undated,7,47,1
talkie-base,restricted,unknown,False,nnknown,DERIVATIONAL,,undated,7,47,1
talkie-base,restricted,unknown,False,unknoivn,ORTHOGRAPHIC,,,7,47,1
talkie-base,restricted,vehicle,False,vehiculum,DERIVATIONAL,,undated,7,35,1
talkie-base,restricted,virtue,False,yirtue,DERIVATIONAL,,undated,6,30,1
talkie-base,restricted,visual,False,visuels,ORTHOGRAPHIC,,,6,40,-1
talkie-base,restricted,vote,False,vot,ORTHOGRAPHIC,,,4,75,1
talkie-base,restricted,warm,False,warme,ORTHOGRAPHIC,,,4,67,3
talkie-base,restricted,warm,False,werm,ORTHOGRAPHIC,,,4,67,3
talkie-base,restricted,wealth,False,wealths,ORTHOGRAPHIC,,,6,22,1
talkie-base,restricted,wealth,False,wealthe,ORTHOGRAPHIC,,,6,22,1
talkie-base,restricted,weapon,False,wepon,ORTHOGRAPHIC,,,6,42,1
talkie-base,restricted,weapon,False,wepon,ORTHOGRAPHIC,,,6,42,1
talkie-base,restricted,weapon,False,weapone,ORTHOGRAPHIC,,,6,42,1
talkie-base,restricted,weapon,False,weap,ORTHOGRAPHIC,,,6,42,1
talkie-base,restricted,wild,False,wyld,ORTHOGRAPHIC,,,4,56,1
talkie-base,restricted,wild,False,wyld,ORTHOGRAPHIC,,,4,56,2
talkie-base,restricted,wild,False,wildc,ORTHOGRAPHIC,,,4,56,2
talkie-base,restricted,wild,False,wildes,ORTHOGRAPHIC,,,4,56,2
talkie-base,restricted,wine,False,wiue,ORTHOGRAPHIC,,,4,72,1
talkie-base,restricted,wine,False,winc,ORTHOGRAPHIC,,,4,72,1
talkie-base,restricted,wish,False,wifh,ORTHOGRAPHIC,,,4,110,1
talkie-base,restricted,wish,False,wiſh,ORTHOGRAPHIC,,,4,110,1
talkie-base,restricted,wish,False,wishc,ORTHOGRAPHIC,,,4,110,1
talkie-base,restricted,wish,False,wysh,ORTHOGRAPHIC,,,4,110,1
talkie-base,restricted,zero,False,sero,DERIVATIONAL,,undated,4,24,1
talkie-base,restricted,zero,False,sero,DERIVATIONAL,,undated,4,24,1
talkie-base,restricted,zero,False,zéro,ORTHOGRAPHIC,,,4,24,1
talkie-base,restricted,abstract,False,abſtract,ORTHOGRAPHIC,,,8,34,1
talkie-base,restricted,abstract,False,abftract,ORTHOGRAPHIC,,,8,34,1
talkie-base,restricted,abstract,False,abstra,ORTHOGRAPHIC,,,8,34,1
talkie-base,restricted,abstract,False,abstraet,ORTHOGRAPHIC,,,8,34,1
talkie-base,restricted,abstract,False,abstrac,ORTHOGRAPHIC,,,8,34,1
talkie-base,restricted,abstract,False,abstra,ORTHOGRAPHIC,,,8,34,1
talkie-base,restricted,acceptance,False,acceptations,INFLECTION,,,10,49,1
talkie-base,restricted,acceptance,False,acceptaunce,ORTHOGRAPHIC,,,10,49,1
talkie-base,restricted,accident,False,accidens,ORTHOGRAPHIC,,,8,33,1
talkie-base,restricted,acute,False,acuta,ORTHOGRAPHIC,,,5,13,1
talkie-base,restricted,acute,False,acnte,ORTHOGRAPHIC,,,5,13,1
talkie-base,restricted,acute,False,acut,ORTHOGRAPHIC,,,5,13,1
talkie-base,restricted,alcohol,False,alcool,ORTHOGRAPHIC,,,7,13,3
talkie-base,restricted,alcohol,False,alcahol,ORTHOGRAPHIC,,,7,13,3
talkie-base,restricted,alive,False,aliye,ORTHOGRAPHIC,,,5,57,1
talkie-base,restricted,aside,False,asid,ORTHOGRAPHIC,,,5,67,1
talkie-base,restricted,aside,False,asidé,ORTHOGRAPHIC,,,5,67,1
talkie-base,restricted,atom,False,atomes,ORTHOGRAPHIC,,,4,37,14
talkie-base,restricted,axis,False,axzs,ORTHOGRAPHIC,,,4,38,1
talkie-base,restricted,bag,False,pag,DERIVATIONAL,,undated,3,42,1
talkie-base,restricted,beam,False,heam,DERIVATIONAL,,undated,4,21,1
talkie-base,restricted,beside,False,beſide,ORTHOGRAPHIC,,,6,78,1
talkie-base,restricted,beside,False,belide,ORTHOGRAPHIC,,,6,78,1
talkie-base,restricted,beside,False,befide,ORTHOGRAPHIC,,,6,78,1
talkie-base,restricted,beside,False,beſide,ORTHOGRAPHIC,,,6,78,1
talkie-base,restricted,beside,False,befide,ORTHOGRAPHIC,,,6,78,1
talkie-base,restricted,beside,False,beſides,ORTHOGRAPHIC,,,6,78,1
talkie-base,restricted,beside,False,befides,ORTHOGRAPHIC,,,6,78,1
talkie-base,restricted,camera,False,camer,ORTHOGRAPHIC,,,6,36,1
talkie-base,restricted,centre,False,centred,ORTHOGRAPHIC,,,6,2,-1
talkie-base,restricted,chamber,False,chambre,ORTHOGRAPHIC,,,7,46,1
talkie-base,restricted,chamber,False,chaumber,ORTHOGRAPHIC,,,7,46,1
talkie-base,restricted,chamber,False,chambre,ORTHOGRAPHIC,,,7,46,1
talkie-base,restricted,chamber,False,chaumber,ORTHOGRAPHIC,,,7,46,1
talkie-base,restricted,chamber,False,chambere,ORTHOGRAPHIC,,,7,46,1
talkie-base,restricted,chamber,False,chamiel,ORTHOGRAPHIC,,,7,46,2
talkie-base,restricted,chamber,False,chambera,ORTHOGRAPHIC,,,7,46,3
talkie-base,restricted,chamber,False,chamher,ORTHOGRAPHIC,,,7,46,2
talkie-base,restricted,chamber,False,chamhers,ORTHOGRAPHIC,,,7,46,2
talkie-base,restricted,classical,False,claſſical,ORTHOGRAPHIC,,,9,33,1
talkie-base,restricted,classical,False,claffical,ORTHOGRAPHIC,,,9,33,1
talkie-base,restricted,clause,False,clau,ORTHOGRAPHIC,,,6,9,2
talkie-base,restricted,clause,False,clauces,ORTHOGRAPHIC,,,6,9,2
talkie-base,restricted,clause,False,clawses,ORTHOGRAPHIC,,,6,9,2
talkie-base,restricted,clause,False,clanses,ORTHOGRAPHIC,,,6,9,2
talkie-base,restricted,clause,False,clanse,ORTHOGRAPHIC,,,6,9,2
talkie-base,restricted,clause,False,clawse,ORTHOGRAPHIC,,,6,9,2
talkie-base,restricted,clean,False,cleane,ORTHOGRAPHIC,,,5,69,13
talkie-base,restricted,clean,False,cleare,ORTHOGRAPHIC,,,5,69,13
talkie-base,restricted,clear,False,cleare,ORTHOGRAPHIC,,,5,219,23
talkie-base,restricted,clear,False,cleere,ORTHOGRAPHIC,,,5,219,23
talkie-base,restricted,clear,False,cleare,ORTHOGRAPHIC,,,5,219,85
talkie-base,restricted,climate,False,clymate,ORTHOGRAPHIC,,,7,26,1
talkie-base,restricted,climate,False,climat,ORTHOGRAPHIC,,,7,26,1
talkie-base,restricted,climate,False,climats,ORTHOGRAPHIC,,,7,26,2
talkie-base,restricted,climate,False,climat,ORTHOGRAPHIC,,,7,26,2
talkie-base,restricted,climate,False,climata,ORTHOGRAPHIC,,,7,26,2
talkie-base,restricted,climate,False,clima,ORTHOGRAPHIC,,,7,26,2
talkie-base,restricted,cloud,False,clond,ORTHOGRAPHIC,,,5,28,1
talkie-base,restricted,cloud,False,cload,ORTHOGRAPHIC,,,5,28,1
talkie-base,restricted,cloud,False,gloud,DERIVATIONAL,,undated,5,28,1
talkie-base,restricted,club,False,clubbe,ORTHOGRAPHIC,,,4,145,1
talkie-base,restricted,club,False,clnb,ORTHOGRAPHIC,,,4,145,1
talkie-base,restricted,club,False,clubb,ORTHOGRAPHIC,,,4,145,1
talkie-base,restricted,club,False,clubbs,ORTHOGRAPHIC,,,4,145,31
talkie-base,restricted,club,False,clubb,ORTHOGRAPHIC,,,4,145,4
talkie-base,restricted,club,False,clnb,ORTHOGRAPHIC,,,4,145,1
talkie-base,restricted,club,False,cluh,ORTHOGRAPHIC,,,4,145,1
talkie-base,restricted,club,False,olub,DERIVATIONAL,,undated,4,145,1
talkie-base,restricted,club,False,clab,ORTHOGRAPHIC,,,4,145,1
talkie-base,restricted,coast,False,coaft,ORTHOGRAPHIC,,,5,61,3
talkie-base,restricted,coast,False,coaſt,ORTHOGRAPHIC,,,5,61,3
talkie-base,restricted,coast,False,coaſts,ORTHOGRAPHIC,,,5,61,3
talkie-base,restricted,coast,False,coafts,ORTHOGRAPHIC,,,5,61,3
talkie-base,restricted,coast,False,coastes,ORTHOGRAPHIC,,,5,61,-1
talkie-base,restricted,colony,False,colonie,ORTHOGRAPHIC,,,6,28,1
talkie-base,restricted,committee,False,committce,ORTHOGRAPHIC,,,9,168,1
talkie-base,restricted,committee,False,comittee,ORTHOGRAPHIC,,,9,168,1
talkie-base,restricted,dance,False,daunce,ORTHOGRAPHIC,,,5,90,1
talkie-base,restricted,defend,False,defende,ORTHOGRAPHIC,,,6,21,5
talkie-base,restricted,delivery,False,dehvery,ORTHOGRAPHIC,,,8,19,1
talkie-base,restricted,delivery,False,deliveiy,ORTHOGRAPHIC,,,8,19,1
talkie-base,restricted,desk,False,deskes,ORTHOGRAPHIC,,,4,65,34
talkie-base,restricted,desk,False,deske,ORTHOGRAPHIC,,,4,65,16
talkie-base,restricted,diameter,False,dyameter,ORTHOGRAPHIC,,,8,45,1
talkie-base,restricted,diameter,False,diametre,ORTHOGRAPHIC,,,8,45,1
talkie-base,restricted,diameter,False,diamiter,ORTHOGRAPHIC,,,8,45,1
talkie-base,restricted,discrimination,False,discriminations,ORTHOGRAPHIC,,,14,23,1
talkie-base,restricted,drawing,False,drawin,ORTHOGRAPHIC,,,7,40,1
talkie-base,restricted,dress,False,dresse,ORTHOGRAPHIC,,,5,67,6
talkie-base,restricted,dress,False,drest,ORTHOGRAPHIC,,,5,67,6
talkie-base,restricted,dress,False,dres,ORTHOGRAPHIC,,,5,67,6
talkie-base,restricted,dress,False,dresseth,ORTHOGRAPHIC,,,5,67,6
talkie-base,restricted,dress,False,dressea,ORTHOGRAPHIC,,,5,67,6
talkie-base,restricted,drink,False,diink,ORTHOGRAPHIC,,,5,82,1
talkie-base,restricted,drink,False,drinke,ORTHOGRAPHIC,,,5,82,3
talkie-base,restricted,driver,False,driyer,ORTHOGRAPHIC,,,6,49,1
talkie-base,restricted,electric,False,electrick,ORTHOGRAPHIC,,,8,68,1
talkie-base,restricted,electric,False,electri,ORTHOGRAPHIC,,,8,68,3
talkie-base,restricted,empty,False,emptie,ORTHOGRAPHIC,,,5,64,1
talkie-base,restricted,empty,False,emply,ORTHOGRAPHIC,,,5,64,1
talkie-base,restricted,empty,False,emptye,ORTHOGRAPHIC,,,5,64,1
talkie-base,restricted,empty,False,emty,ORTHOGRAPHIC,,,5,64,1
talkie-base,restricted,evening,False,eyening,ORTHOGRAPHIC,,,7,133,1
talkie-base,restricted,evening,False,eveming,ORTHOGRAPHIC,,,7,133,1
talkie-base,restricted,evening,False,eyening,ORTHOGRAPHIC,,,7,133,1
talkie-base,restricted,fall,False,falle,ORTHOGRAPHIC,,,4,147,1
talkie-base,restricted,fall,False,fally,ORTHOGRAPHIC,,,4,147,1
talkie-base,restricted,fall,False,faul,ORTHOGRAPHIC,,,4,147,1
talkie-base,restricted,fast,False,fatt,ORTHOGRAPHIC,,,4,78,-1
talkie-base,restricted,fast,False,fost,ORTHOGRAPHIC,,,4,78,1
talkie-base,restricted,fault,False,fanlts,ORTHOGRAPHIC,,,5,22,2
talkie-base,restricted,fault,False,fawlt,ORTHOGRAPHIC,,,5,22,1
talkie-base,restricted,fault,False,faultes,ORTHOGRAPHIC,,,5,22,84
talkie-base,restricted,fault,False,faulte,ORTHOGRAPHIC,,,5,22,1
talkie-base,restricted,fault,False,faule,ORTHOGRAPHIC,,,5,22,1
talkie-base,restricted,fault,False,fanlt,ORTHOGRAPHIC,,,5,22,1
talkie-base,restricted,fault,False,faut,ORTHOGRAPHIC,,,5,22,1
talkie-base,restricted,fault,False,tault,DERIVATIONAL,,undated,5,22,1
talkie-base,restricted,fault,False,fauit,ORTHOGRAPHIC,,,5,22,1
talkie-base,restricted,fault,False,faul,ORTHOGRAPHIC,,,5,22,1
talkie-base,restricted,fiction,False,inuention,DERIVATIONAL,,undated,7,46,-1
talkie-base,restricted,fiction,False,fiftion,ORTHOGRAPHIC,,,7,46,1
talkie-base,restricted,fight,False,fyght,ORTHOGRAPHIC,,,5,98,1
talkie-base,restricted,fight,False,fighte,ORTHOGRAPHIC,,,5,98,1
talkie-base,restricted,fraction,False,seperation,DERIVATIONAL,,undated,8,23,-1
talkie-base,restricted,fulfil,False,fulfild,ORTHOGRAPHIC,,,6,0,60
talkie-base,restricted,fulfil,False,fulfillid,ORTHOGRAPHIC,,,6,0,60
talkie-base,restricted,gap,False,gapp,ORTHOGRAPHIC,,,3,17,2
talkie-base,restricted,grant,False,grrants,ORTHOGRAPHIC,,,5,47,2
talkie-base,restricted,grant,False,granta,ORTHOGRAPHIC,,,5,47,2
talkie-base,restricted,grant,False,grrant,ORTHOGRAPHIC,,,5,47,2
talkie-base,restricted,grass,False,grasse,ORTHOGRAPHIC,,,5,53,12
talkie-base,restricted,grass,False,grassers,ORTHOGRAPHIC,,,5,53,1
talkie-base,restricted,grey,False,greye,ORTHOGRAPHIC,,,4,12,2
talkie-base,restricted,grey,False,grev,ORTHOGRAPHIC,,,4,12,2
talkie-base,restricted,grey,False,grev,ORTHOGRAPHIC,,,4,12,2
talkie-base,restricted,grey,False,gre,ORTHOGRAPHIC,,,4,12,2
talkie-base,restricted,guard,False,guarde,ORTHOGRAPHIC,,,5,48,1
talkie-base,restricted,guess,False,ghesse,ORTHOGRAPHIC,,,5,56,1
talkie-base,restricted,guess,False,guesse,ORTHOGRAPHIC,,,5,56,1
talkie-base,restricted,guess,False,gues,ORTHOGRAPHIC,,,5,56,1
talkie-base,restricted,guess,False,guesse,ORTHOGRAPHIC,,,5,56,2
talkie-base,restricted,guess,False,ghesse,ORTHOGRAPHIC,,,5,56,2
talkie-base,restricted,guess,False,geesse,ORTHOGRAPHIC,,,5,56,2
talkie-base,restricted,guess,False,guesse,ORTHOGRAPHIC,,,5,56,1
talkie-base,restricted,guess,False,ghesse,ORTHOGRAPHIC,,,5,56,1
talkie-base,restricted,guess,False,gueese,ORTHOGRAPHIC,,,5,56,1
talkie-base,restricted,guess,False,guessc,ORTHOGRAPHIC,,,5,56,1
talkie-base,restricted,guess,False,gueesse,ORTHOGRAPHIC,,,5,56,1
talkie-base,restricted,hard,False,harde,ORTHOGRAPHIC,,,4,202,1
talkie-base,restricted,hard,False,hardj,ORTHOGRAPHIC,,,4,202,1
talkie-base,restricted,heaven,False,heav,ORTHOGRAPHIC,,,6,43,1
talkie-base,restricted,heaven,False,heavenl,ORTHOGRAPHIC,,,6,43,1
talkie-base,restricted,heaven,False,heayen,ORTHOGRAPHIC,,,6,43,1
talkie-base,restricted,heaven,False,heaveu,ORTHOGRAPHIC,,,6,43,1
talkie-base,restricted,heaven,False,heavea,ORTHOGRAPHIC,,,6,43,1
talkie-base,restricted,host,False,hoste,ORTHOGRAPHIC,,,4,36,2
talkie-base,restricted,host,False,hooste,ORTHOGRAPHIC,,,4,36,2
talkie-base,restricted,host,False,hostes,ORTHOGRAPHIC,,,4,36,2
talkie-base,restricted,host,False,hoost,ORTHOGRAPHIC,,,4,36,2
talkie-base,restricted,host,False,hostis,ORTHOGRAPHIC,,,4,36,2
talkie-base,restricted,host,False,hoste,ORTHOGRAPHIC,,,4,36,1
talkie-base,restricted,host,False,hest,ORTHOGRAPHIC,,,4,36,1
talkie-base,restricted,host,False,hoast,ORTHOGRAPHIC,,,4,36,1
talkie-base,restricted,host,False,bost,DERIVATIONAL,,undated,4,36,1
talkie-base,restricted,hurt,False,hurte,ORTHOGRAPHIC,,,4,37,1
talkie-base,restricted,hurt,False,nurt,DERIVATIONAL,,undated,4,37,1
talkie-base,restricted,hurt,False,hirt,ORTHOGRAPHIC,,,4,37,1
talkie-base,restricted,hurt,False,schurt,DERIVATIONAL,,undated,4,37,1
talkie-base,restricted,hurt,False,hurtt,ORTHOGRAPHIC,,,4,37,1
talkie-base,restricted,ill,False,ille,ORTHOGRAPHIC,,,3,26,4
talkie-base,restricted,ill,False,yll,DERIVATIONAL,,undated,3,26,6
talkie-base,restricted,ill,False,ille,ORTHOGRAPHIC,,,3,26,6
talkie-base,restricted,joint,False,jointe,ORTHOGRAPHIC,,,5,39,1
talkie-base,restricted,joy,False,joye,ORTHOGRAPHIC,,,3,40,1
talkie-base,restricted,lift,False,lifte,ORTHOGRAPHIC,,,4,23,2
talkie-base,restricted,magnetic,False,magnetick,ORTHOGRAPHIC,,,8,25,1
talkie-base,restricted,magnetic,False,magnifick,DERIVATIONAL,,undated,8,25,1
talkie-base,restricted,magnetic,False,magnetich,ORTHOGRAPHIC,,,8,25,1
talkie-base,restricted,magnetic,False,magnetiek,ORTHOGRAPHIC,,,8,25,1
talkie-base,restricted,magnetic,False,magnific,ORTHOGRAPHIC,,,8,25,1
talkie-base,restricted,mark,False,marke,ORTHOGRAPHIC,,,4,83,-1
talkie-base,restricted,mark,False,markes,ORTHOGRAPHIC,,,4,83,93
talkie-base,restricted,mark,False,marke,ORTHOGRAPHIC,,,4,83,14
talkie-base,restricted,mark,False,marke,ORTHOGRAPHIC,,,4,83,2
talkie-base,restricted,mark,False,marcke,ORTHOGRAPHIC,,,4,83,2
talkie-base,restricted,mark,False,marck,ORTHOGRAPHIC,,,4,83,2
talkie-base,restricted,mark,False,markc,ORTHOGRAPHIC,,,4,83,2
talkie-base,restricted,mark,False,markel,ORTHOGRAPHIC,,,4,83,2
talkie-base,restricted,mark,False,maik,ORTHOGRAPHIC,,,4,83,1
talkie-base,restricted,mark,False,marke,ORTHOGRAPHIC,,,4,83,14
talkie-base,restricted,mark,False,marke,ORTHOGRAPHIC,,,4,83,1
talkie-base,restricted,match,False,mateh,ORTHOGRAPHIC,,,5,41,1
talkie-base,restricted,match,False,matoh,ORTHOGRAPHIC,,,5,41,1
talkie-base,restricted,match,False,matcli,ORTHOGRAPHIC,,,5,41,1
talkie-base,restricted,meat,False,meate,ORTHOGRAPHIC,,,4,45,1
talkie-base,restricted,meat,False,meac,ORTHOGRAPHIC,,,4,45,1
talkie-base,restricted,meat,False,mea,ORTHOGRAPHIC,,,4,45,1
talkie-base,restricted,meat,False,meate,ORTHOGRAPHIC,,,4,45,2
talkie-base,restricted,meat,False,meatte,ORTHOGRAPHIC,,,4,45,2
talkie-base,restricted,meat,False,meatc,ORTHOGRAPHIC,,,4,45,2
talkie-base,restricted,meat,False,ment,ORTHOGRAPHIC,,,4,45,2
talkie-base,restricted,milk,False,milke,ORTHOGRAPHIC,,,4,49,2
talkie-base,restricted,milk,False,milr,ORTHOGRAPHIC,,,4,49,4
talkie-base,restricted,mix,False,mixt,ORTHOGRAPHIC,,,3,13,20
talkie-base,restricted,mix,False,mixe,ORTHOGRAPHIC,,,3,13,1
talkie-base,restricted,mix,False,mixt,ORTHOGRAPHIC,,,3,13,1
talkie-base,restricted,mix,False,mixt,ORTHOGRAPHIC,,,3,13,24
talkie-base,restricted,modification,False,modifica,ORTHOGRAPHIC,,,12,4,1
talkie-base,restricted,nice,False,niee,ORTHOGRAPHIC,,,4,76,1
talkie-base,restricted,nice,False,nioe,ORTHOGRAPHIC,,,4,76,1
talkie-base,restricted,nice,False,nicel,ORTHOGRAPHIC,,,4,76,1
talkie-base,restricted,nice,False,nise,ORTHOGRAPHIC,,,4,76,1
talkie-base,restricted,nose,False,nofe,ORTHOGRAPHIC,,,4,60,1
talkie-base,restricted,nose,False,nese,ORTHOGRAPHIC,,,4,60,1
talkie-base,restricted,nose,False,nosea,ORTHOGRAPHIC,,,4,60,2
talkie-base,restricted,nose,False,snose,DERIVATIONAL,,undated,4,60,1
talkie-base,restricted,nose,False,nese,ORTHOGRAPHIC,,,4,60,1
talkie-base,restricted,nose,False,noze,ORTHOGRAPHIC,,,4,60,1
talkie-base,restricted,nose,False,nofe,ORTHOGRAPHIC,,,4,60,11
talkie-base,restricted,nose,False,noſe,ORTHOGRAPHIC,,,4,60,11
talkie-base,restricted,nose,False,noze,ORTHOGRAPHIC,,,4,60,2
talkie-base,restricted,nucleus,False,nudeus,ORTHOGRAPHIC,,,7,11,1
talkie-base,restricted,nucleus,False,nuclens,ORTHOGRAPHIC,,,7,11,1
talkie-base,restricted,nucleus,False,nwcleus,ORTHOGRAPHIC,,,7,11,1
talkie-base,restricted,nucleus,False,nwleus,ORTHOGRAPHIC,,,7,11,1
talkie-base,restricted,nucleus,False,nacleus,ORTHOGRAPHIC,,,7,11,1
talkie-base,restricted,nurse,False,nurce,ORTHOGRAPHIC,,,5,17,1
talkie-base,restricted,nurse,False,nurfe,ORTHOGRAPHIC,,,5,17,1
talkie-base,restricted,nurse,False,nurſe,ORTHOGRAPHIC,,,5,17,1
talkie-base,restricted,nurse,False,nurs,ORTHOGRAPHIC,,,5,17,1
talkie-base,restricted,nurse,False,narse,ORTHOGRAPHIC,,,5,17,1
talkie-base,restricted,nurse,False,nursc,ORTHOGRAPHIC,,,5,17,1
talkie-base,restricted,offence,False,offences,ORTHOGRAPHIC,,,7,0,1
talkie-base,restricted,offence,False,offens,ORTHOGRAPHIC,,,7,0,1
talkie-base,restricted,offence,False,ofience,ORTHOGRAPHIC,,,7,0,1
talkie-base,restricted,offence,False,offensiue,DERIVATIONAL,,undated,7,0,1
talkie-base,restricted,offence,False,ofience,ORTHOGRAPHIC,,,7,0,1
talkie-base,restricted,offence,False,offenc,ORTHOGRAPHIC,,,7,0,1
talkie-base,restricted,offence,False,offences,ORTHOGRAPHIC,,,7,0,1
talkie-base,restricted,offence,False,ofience,ORTHOGRAPHIC,,,7,0,1
talkie-base,restricted,offence,False,offens,ORTHOGRAPHIC,,,7,0,1
talkie-base,restricted,offence,False,affence,DERIVATIONAL,,undated,7,0,1
talkie-base,restricted,offer,False,ofier,ORTHOGRAPHIC,,,5,80,1
talkie-base,restricted,offer,False,ofter,ORTHOGRAPHIC,,,5,80,1
talkie-base,restricted,offer,False,ofler,ORTHOGRAPHIC,,,5,80,1
talkie-base,restricted,offer,False,ofer,ORTHOGRAPHIC,,,5,80,1
talkie-base,restricted,offer,False,offerof,ORTHOGRAPHIC,,,5,80,1
talkie-base,restricted,offer,False,offér,ORTHOGRAPHIC,,,5,80,1
talkie-base,restricted,offer,False,offerd,ORTHOGRAPHIC,,,5,80,1
talkie-base,restricted,opening,False,opénings,ORTHOGRAPHIC,,,7,83,3
talkie-base,restricted,opening,False,openiugs,ORTHOGRAPHIC,,,7,83,3
talkie-base,restricted,opening,False,openin,ORTHOGRAPHIC,,,7,83,3
talkie-base,restricted,opening,False,openngs,ORTHOGRAPHIC,,,7,83,3
talkie-base,restricted,outer,False,onter,ORTHOGRAPHIC,,,5,31,1
talkie-base,restricted,owe,False,oweth,ORTHOGRAPHIC,,,3,10,2
talkie-base,restricted,panel,False,pannels,ORTHOGRAPHIC,,,5,31,4
talkie-base,restricted,park,False,parke,ORTHOGRAPHIC,,,4,94,2
talkie-base,restricted,park,False,parck,ORTHOGRAPHIC,,,4,94,2
talkie-base,restricted,park,False,parcke,ORTHOGRAPHIC,,,4,94,2
talkie-base,restricted,park,False,paik,ORTHOGRAPHIC,,,4,94,1
talkie-base,restricted,photograph,False,lucigraph,DERIVATIONAL,,undated,10,18,13
talkie-base,restricted,photograph,False,lucograph,DERIVATIONAL,,undated,10,18,13
talkie-base,restricted,plot,False,plott,ORTHOGRAPHIC,,,4,37,1
talkie-base,restricted,plot,False,plotte,ORTHOGRAPHIC,,,4,37,1
talkie-base,restricted,plot,False,plor,ORTHOGRAPHIC,,,4,37,1
talkie-base,restricted,plot,False,plott,ORTHOGRAPHIC,,,4,37,2
talkie-base,restricted,post,False,postis,ORTHOGRAPHIC,,,4,85,1
talkie-base,restricted,post,False,poste,ORTHOGRAPHIC,,,4,85,1
talkie-base,restricted,post,False,poste,ORTHOGRAPHIC,,,4,85,1
talkie-base,restricted,post,False,poast,ORTHOGRAPHIC,,,4,85,1
talkie-base,restricted,post,False,poste,ORTHOGRAPHIC,,,4,85,1
talkie-base,restricted,post,False,postoffice,ORTHOGRAPHIC,,,4,85,1
talkie-base,restricted,post,False,postoffice,ORTHOGRAPHIC,,,4,85,1
talkie-base,restricted,pour,False,poures,ORTHOGRAPHIC,,,4,9,14
talkie-base,restricted,pour,False,pou,ORTHOGRAPHIC,,,4,9,14
talkie-base,restricted,pour,False,poui,ORTHOGRAPHIC,,,4,9,14
talkie-base,restricted,pour,False,poure,ORTHOGRAPHIC,,,4,9,1
talkie-base,restricted,pour,False,pou,ORTHOGRAPHIC,,,4,9,1
talkie-base,restricted,pray,False,prav,ORTHOGRAPHIC,,,4,12,1
talkie-base,restricted,pray,False,pra,ORTHOGRAPHIC,,,4,12,1
talkie-base,restricted,pray,False,praj,ORTHOGRAPHIC,,,4,12,1
talkie-base,restricted,prison,False,prisonj,ORTHOGRAPHIC,,,6,42,1
talkie-base,restricted,prison,False,prisone,ORTHOGRAPHIC,,,6,42,1
talkie-base,restricted,prison,False,prisoun,ORTHOGRAPHIC,,,6,42,1
talkie-base,restricted,prison,False,prision,ORTHOGRAPHIC,,,6,42,1
talkie-base,restricted,prison,False,prisson,ORTHOGRAPHIC,,,6,42,1
talkie-base,restricted,prison,False,prifon,ORTHOGRAPHIC,,,6,42,1
talkie-base,restricted,prisoner,False,prisonner,ORTHOGRAPHIC,,,8,7,1
talkie-base,restricted,prisoner,False,prissoner,ORTHOGRAPHIC,,,8,7,1
talkie-base,restricted,prisoner,False,prysoner,ORTHOGRAPHIC,,,8,7,1
talkie-base,restricted,promise,False,promiſe,ORTHOGRAPHIC,,,7,45,4
talkie-base,restricted,promise,False,promife,ORTHOGRAPHIC,,,7,45,4
talkie-base,restricted,promise,False,promile,ORTHOGRAPHIC,,,7,45,4
talkie-base,restricted,purchase,False,purchasé,ORTHOGRAPHIC,,,8,47,1
talkie-base,restricted,purchase,False,purehase,ORTHOGRAPHIC,,,8,47,1
talkie-base,restricted,purchase,False,purcliase,ORTHOGRAPHIC,,,8,47,1
talkie-base,restricted,purchase,False,purchace,ORTHOGRAPHIC,,,8,47,1
talkie-base,restricted,purchase,False,purchafe,ORTHOGRAPHIC,,,8,47,1
talkie-base,restricted,purchase,False,purchaſe,ORTHOGRAPHIC,,,8,47,1
talkie-base,restricted,purchase,False,purchale,ORTHOGRAPHIC,,,8,47,1
talkie-base,restricted,purchase,False,purcha,ORTHOGRAPHIC,,,8,47,1
talkie-base,restricted,purchase,False,purchace,ORTHOGRAPHIC,,,8,47,1
talkie-base,restricted,purchase,False,purchaie,ORTHOGRAPHIC,,,8,47,1
talkie-base,restricted,purchase,False,purchate,ORTHOGRAPHIC,,,8,47,1
talkie-base,restricted,quiet,False,quyet,ORTHOGRAPHIC,,,5,76,1
talkie-base,restricted,quiet,False,quiete,ORTHOGRAPHIC,,,5,76,1
talkie-base,restricted,quiet,False,quyete,ORTHOGRAPHIC,,,5,76,1
talkie-base,restricted,quiet,False,quict,ORTHOGRAPHIC,,,5,76,1
talkie-base,restricted,quiet,False,quiett,ORTHOGRAPHIC,,,5,76,1
talkie-base,restricted,rank,False,rankes,ORTHOGRAPHIC,,,4,24,-1
talkie-base,restricted,rank,False,rancks,ORTHOGRAPHIC,,,4,24,-1
talkie-base,restricted,rank,False,ranke,ORTHOGRAPHIC,,,4,24,12
talkie-base,restricted,rank,False,ranke,ORTHOGRAPHIC,,,4,24,32
talkie-base,restricted,rank,False,rancke,ORTHOGRAPHIC,,,4,24,32
talkie-base,restricted,rank,False,rankes,ORTHOGRAPHIC,,,4,24,32
talkie-base,restricted,rational,False,rationall,ORTHOGRAPHIC,,,8,25,3
talkie-base,restricted,recover,False,recovcred,DERIVATIONAL,,undated,7,11,8
talkie-base,restricted,recovery,False,recovcry,ORTHOGRAPHIC,,,8,29,1
talkie-base,restricted,release,False,belease,DERIVATIONAL,,undated,7,37,1
talkie-base,restricted,removal,False,removall,ORTHOGRAPHIC,,,7,41,1
talkie-base,restricted,reserve,False,reserue,ORTHOGRAPHIC,,,7,37,1
talkie-base,restricted,reserve,False,eeserves,DERIVATIONAL,,undated,7,37,4
talkie-base,restricted,restore,False,restoryd,ORTHOGRAPHIC,,,7,9,28
talkie-base,restricted,restore,False,restorid,ORTHOGRAPHIC,,,7,9,28
talkie-base,restricted,roll,False,rolle,ORTHOGRAPHIC,,,4,34,4
talkie-base,restricted,round,False,rouud,ORTHOGRAPHIC,,,5,75,1
talkie-base,restricted,round,False,roand,ORTHOGRAPHIC,,,5,75,1
talkie-base,restricted,round,False,roand,ORTHOGRAPHIC,,,5,75,1
talkie-base,restricted,round,False,ronnd,ORTHOGRAPHIC,,,5,75,1
talkie-base,restricted,round,False,rouud,ORTHOGRAPHIC,,,5,75,1
talkie-base,restricted,round,False,roundings,ORTHOGRAPHIC,,,5,75,8
talkie-base,restricted,round,False,rownd,ORTHOGRAPHIC,,,5,75,1
talkie-base,restricted,round,False,rounde,ORTHOGRAPHIC,,,5,75,1
talkie-base,restricted,round,False,roun,ORTHOGRAPHIC,,,5,75,1
talkie-base,restricted,round,False,eound,DERIVATIONAL,,undated,5,75,1
talkie-base,restricted,round,False,rounde,ORTHOGRAPHIC,,,5,75,1
talkie-base,restricted,round,False,roundes,ORTHOGRAPHIC,,,5,75,1
talkie-base,restricted,run,False,runn,ORTHOGRAPHIC,,,3,212,1
talkie-base,restricted,run,False,eun,DERIVATIONAL,,undated,3,212,1
talkie-base,restricted,sand,False,sande,ORTHOGRAPHIC,,,4,28,5
talkie-base,restricted,sand,False,sond,ORTHOGRAPHIC,,,4,28,5
talkie-base,restricted,sand,False,sande,ORTHOGRAPHIC,,,4,28,2
talkie-base,restricted,sand,False,sond,ORTHOGRAPHIC,,,4,28,2
talkie-base,restricted,sand,False,sond,ORTHOGRAPHIC,,,4,28,6
talkie-base,restricted,sand,False,sande,ORTHOGRAPHIC,,,4,28,6
talkie-base,restricted,sand,False,sandes,ORTHOGRAPHIC,,,4,28,5
talkie-base,restricted,sand,False,sande,ORTHOGRAPHIC,,,4,28,5
talkie-base,restricted,sand,False,saud,ORTHOGRAPHIC,,,4,28,1
talkie-base,restricted,satisfaction,False,fatisfaction,DERIVATIONAL,,undated,12,28,7
talkie-base,restricted,satisfaction,False,ſatisfaction,ORTHOGRAPHIC,,,12,28,7
talkie-base,restricted,satisfaction,False,fatisfaétion,ORTHOGRAPHIC,,,12,28,7
talkie-base,restricted,satisfaction,False,fatisfaftion,DERIVATIONAL,,undated,12,28,7
talkie-base,restricted,satisfaction,False,fatisfadion,DERIVATIONAL,,undated,12,28,7
talkie-base,restricted,satisfaction,False,ſatiſfaction,ORTHOGRAPHIC,,,12,28,7
talkie-base,restricted,satisfaction,False,fatisfadtion,DERIVATIONAL,,undated,12,28,7
talkie-base,restricted,satisfaction,False,fatisfattion,DERIVATIONAL,,undated,12,28,7
talkie-base,restricted,sharp,False,ſharp,ORTHOGRAPHIC,,,5,72,1
talkie-base,restricted,sharp,False,scharpe,ORTHOGRAPHIC,,,5,72,2
talkie-base,restricted,sharp,False,scharp,ORTHOGRAPHIC,,,5,72,2
talkie-base,restricted,sharp,False,sharpes,ORTHOGRAPHIC,,,5,72,57
talkie-base,restricted,shell,False,shel,ORTHOGRAPHIC,,,5,22,1
talkie-base,restricted,shell,False,shelles,ORTHOGRAPHIC,,,5,22,33
talkie-base,restricted,shell,False,shelle,ORTHOGRAPHIC,,,5,22,33
talkie-base,restricted,shell,False,shels,ORTHOGRAPHIC,,,5,22,33
talkie-base,restricted,shell,False,shelys,ORTHOGRAPHIC,,,5,22,33
talkie-base,restricted,shell,False,shellys,ORTHOGRAPHIC,,,5,22,33
talkie-base,restricted,shell,False,sheles,ORTHOGRAPHIC,,,5,22,33
talkie-base,restricted,shell,False,shelis,ORTHOGRAPHIC,,,5,22,33
talkie-base,restricted,shell,False,ſhell,ORTHOGRAPHIC,,,5,22,1
talkie-base,restricted,shell,False,shels,ORTHOGRAPHIC,,,5,22,1
talkie-base,restricted,shell,False,sheil,ORTHOGRAPHIC,,,5,22,1
talkie-base,restricted,shell,False,fhell,DERIVATIONAL,,undated,5,22,1
talkie-base,restricted,shell,False,shele,ORTHOGRAPHIC,,,5,22,1
talkie-base,restricted,shell,False,ſhell,ORTHOGRAPHIC,,,5,22,2
talkie-base,restricted,shell,False,shelle,ORTHOGRAPHIC,,,5,22,5
talkie-base,restricted,shell,False,shele,ORTHOGRAPHIC,,,5,22,5
talkie-base,restricted,shell,False,shalle,ORTHOGRAPHIC,,,5,22,5
talkie-base,restricted,shell,False,shel,ORTHOGRAPHIC,,,5,22,1
talkie-base,restricted,shell,False,sheil,ORTHOGRAPHIC,,,5,22,1
talkie-base,restricted,shell,False,shele,ORTHOGRAPHIC,,,5,22,1
talkie-base,restricted,shell,False,shels,ORTHOGRAPHIC,,,5,22,1
talkie-base,restricted,shell,False,shels,ORTHOGRAPHIC,,,5,22,12
talkie-base,restricted,silence,False,silenee,ORTHOGRAPHIC,,,7,52,1
talkie-base,restricted,silence,False,sience,ORTHOGRAPHIC,,,7,52,1
talkie-base,restricted,silence,False,sileuce,ORTHOGRAPHIC,,,7,52,1
talkie-base,restricted,silver,False,siluer,ORTHOGRAPHIC,,,6,29,2
talkie-base,restricted,sleep,False,sieep,ORTHOGRAPHIC,,,5,65,1
talkie-base,restricted,sleep,False,slee,ORTHOGRAPHIC,,,5,65,1
talkie-base,restricted,sleep,False,sieep,ORTHOGRAPHIC,,,5,65,1
talkie-base,restricted,sleep,False,slee,ORTHOGRAPHIC,,,5,65,1
talkie-base,restricted,sleep,False,sleép,ORTHOGRAPHIC,,,5,65,1
talkie-base,restricted,snow,False,snowes,ORTHOGRAPHIC,,,4,59,1
talkie-base,restricted,snow,False,snowe,ORTHOGRAPHIC,,,4,59,1
talkie-base,restricted,sound,False,rounde,DERIVATIONAL,,undated,5,204,4
talkie-base,restricted,sound,False,sounde,ORTHOGRAPHIC,,,5,204,4
talkie-base,restricted,sound,False,bounde,DERIVATIONAL,,undated,5,204,4
talkie-base,restricted,sound,False,soun,ORTHOGRAPHIC,,,5,204,4
talkie-base,restricted,sound,False,founde,DERIVATIONAL,,undated,5,204,4
talkie-base,restricted,sound,False,stounde,ORTHOGRAPHIC,,,5,204,4
talkie-base,restricted,speaker,False,speake,ORTHOGRAPHIC,,,7,49,1
talkie-base,restricted,speaker,False,speakei,ORTHOGRAPHIC,,,7,49,1
talkie-base,restricted,speaker,False,spealcer,ORTHOGRAPHIC,,,7,49,1
talkie-base,restricted,speaker,False,speakerc,ORTHOGRAPHIC,,,7,49,1
talkie-base,restricted,sphere,False,spheare,ORTHOGRAPHIC,,,6,22,5
talkie-base,restricted,sphere,False,sphear,ORTHOGRAPHIC,,,6,22,5
talkie-base,restricted,sphere,False,spheares,ORTHOGRAPHIC,,,6,22,5
talkie-base,restricted,sphere,False,sphei,ORTHOGRAPHIC,,,6,22,2
talkie-base,restricted,sphere,False,spher,ORTHOGRAPHIC,,,6,22,2
talkie-base,restricted,sphere,False,spheies,ORTHOGRAPHIC,,,6,22,2
talkie-base,restricted,sphere,False,sphe,ORTHOGRAPHIC,,,6,22,2
talkie-base,restricted,sphere,False,ſpheres,ORTHOGRAPHIC,,,6,22,2
talkie-base,restricted,sphere,False,spherea,ORTHOGRAPHIC,,,6,22,2
talkie-base,restricted,sphere,False,spheies,ORTHOGRAPHIC,,,6,22,2
talkie-base,restricted,sphere,False,sphei,ORTHOGRAPHIC,,,6,22,2
talkie-base,restricted,sphere,False,spher,ORTHOGRAPHIC,,,6,22,2
talkie-base,restricted,sphere,False,sphe,ORTHOGRAPHIC,,,6,22,2
talkie-base,restricted,sphere,False,epheres,DERIVATIONAL,,undated,6,22,2
talkie-base,restricted,sphere,False,spherés,ORTHOGRAPHIC,,,6,22,2
talkie-base,restricted,spite,False,dispite,DERIVATIONAL,,undated,5,56,70
talkie-base,restricted,spite,False,pite,DERIVATIONAL,,undated,5,56,-1
talkie-base,restricted,sport,False,sporte,ORTHOGRAPHIC,,,5,17,1
talkie-base,restricted,sport,False,sporte,ORTHOGRAPHIC,,,5,17,2
talkie-base,restricted,sport,False,sportis,ORTHOGRAPHIC,,,5,17,28
talkie-base,restricted,square,False,squarea,ORTHOGRAPHIC,,,6,143,5
talkie-base,restricted,square,False,squar,ORTHOGRAPHIC,,,6,143,5
talkie-base,restricted,square,False,squar,ORTHOGRAPHIC,,,6,143,1
talkie-base,restricted,square,False,squaire,ORTHOGRAPHIC,,,6,143,1
talkie-base,restricted,square,False,squareon,ORTHOGRAPHIC,,,6,143,1
talkie-base,restricted,square,False,squarre,ORTHOGRAPHIC,,,6,143,1
talkie-base,restricted,square,False,sqnare,ORTHOGRAPHIC,,,6,143,1
talkie-base,restricted,square,False,squarc,ORTHOGRAPHIC,,,6,143,1
talkie-base,restricted,start,False,stert,ORTHOGRAPHIC,,,5,154,1
talkie-base,restricted,stretch,False,stretche,ORTHOGRAPHIC,,,7,26,1
talkie-base,restricted,stretch,False,strech,ORTHOGRAPHIC,,,7,26,1
talkie-base,restricted,stretch,False,streatch,ORTHOGRAPHIC,,,7,26,1
talkie-base,restricted,stretch,False,streach,ORTHOGRAPHIC,,,7,26,1
talkie-base,restricted,stretch,False,stretcli,ORTHOGRAPHIC,,,7,26,1
talkie-base,restricted,stretch,False,stret,ORTHOGRAPHIC,,,7,26,1
talkie-base,restricted,stretch,False,strech,ORTHOGRAPHIC,,,7,26,1
talkie-base,restricted,stretch,False,streach,ORTHOGRAPHIC,,,7,26,1
talkie-base,restricted,sugar,False,suger,ORTHOGRAPHIC,,,5,34,1
talkie-base,restricted,sustain,False,sustaine,ORTHOGRAPHIC,,,7,14,3
talkie-base,restricted,sustain,False,sustayne,ORTHOGRAPHIC,,,7,14,3
talkie-base,restricted,sustain,False,susteine,ORTHOGRAPHIC,,,7,14,3
talkie-base,restricted,tale,False,fale,DERIVATIONAL,,undated,4,21,2
talkie-base,restricted,tale,False,tals,ORTHOGRAPHIC,,,4,21,2
talkie-base,restricted,tale,False,talesl,ORTHOGRAPHIC,,,4,21,3
talkie-base,restricted,tale,False,talesi,ORTHOGRAPHIC,,,4,21,3
talkie-base,restricted,tale,False,fale,DERIVATIONAL,,undated,4,21,1
talkie-base,restricted,tale,False,talé,ORTHOGRAPHIC,,,4,21,1
talkie-base,restricted,taste,False,tast,ORTHOGRAPHIC,,,5,59,1
talkie-base,restricted,telephone,False,telegraphone,DERIVATIONAL,,undated,9,76,1
talkie-base,restricted,telephone,False,telephon,ORTHOGRAPHIC,,,9,76,1
talkie-base,restricted,temple,False,tempie,ORTHOGRAPHIC,,,6,38,1
talkie-base,restricted,temple,False,teniple,ORTHOGRAPHIC,,,6,38,1
talkie-base,restricted,temple,False,temjile,ORTHOGRAPHIC,,,6,38,1
talkie-base,restricted,tongue,False,tongne,ORTHOGRAPHIC,,,6,35,1
talkie-base,restricted,tongue,False,tonge,ORTHOGRAPHIC,,,6,35,1
talkie-base,restricted,tongue,False,tongae,ORTHOGRAPHIC,,,6,35,1
talkie-base,restricted,tongue,False,tougues,ORTHOGRAPHIC,,,6,35,2
talkie-base,restricted,tongue,False,tongne,ORTHOGRAPHIC,,,6,35,1
talkie-base,restricted,touch,False,touche,ORTHOGRAPHIC,,,5,87,1
talkie-base,restricted,touch,False,touche,ORTHOGRAPHIC,,,5,87,4
talkie-base,restricted,trace,False,tace,ORTHOGRAPHIC,,,5,23,1
talkie-base,restricted,traffic,False,traffique,DERIVATIONAL,,undated,7,68,21
talkie-base,restricted,traffic,False,trafficke,ORTHOGRAPHIC,,,7,68,21
talkie-base,restricted,traffic,False,traffick,ORTHOGRAPHIC,,,7,68,21
talkie-base,restricted,tribe,False,trybe,ORTHOGRAPHIC,,,5,4,1
talkie-base,restricted,tribe,False,trib,ORTHOGRAPHIC,,,5,4,1
talkie-base,restricted,tribe,False,ribe,DERIVATIONAL,,undated,5,4,1
talkie-base,restricted,tribe,False,trihe,ORTHOGRAPHIC,,,5,4,1
talkie-base,restricted,twelve,False,twelvemo,ORTHOGRAPHIC,,,6,48,5
talkie-base,restricted,urge,False,urg,ORTHOGRAPHIC,,,4,21,4
talkie-base,restricted,urge,False,urgeth,ORTHOGRAPHIC,,,4,21,4
talkie-base,restricted,urge,False,urgea,ORTHOGRAPHIC,,,4,21,4
talkie-base,restricted,valley,False,vallies,ORTHOGRAPHIC,,,6,73,5
talkie-base,restricted,verse,False,verſes,ORTHOGRAPHIC,,,5,28,25
talkie-base,restricted,verse,False,verfes,ORTHOGRAPHIC,,,5,28,25
talkie-base,restricted,verse,False,verles,ORTHOGRAPHIC,,,5,28,25
talkie-base,restricted,verse,False,verſe,ORTHOGRAPHIC,,,5,28,25
talkie-base,restricted,verse,False,veries,ORTHOGRAPHIC,,,5,28,25
talkie-base,restricted,verse,False,verce,ORTHOGRAPHIC,,,5,28,1
talkie-base,restricted,verse,False,vérse,ORTHOGRAPHIC,,,5,28,1
talkie-base,restricted,verse,False,vearse,ORTHOGRAPHIC,,,5,28,1
talkie-base,restricted,verse,False,vorse,ORTHOGRAPHIC,,,5,28,1
talkie-base,restricted,verse,False,veree,ORTHOGRAPHIC,,,5,28,1
talkie-base,restricted,verse,False,yerse,DERIVATIONAL,,undated,5,28,1
talkie-base,restricted,verse,False,verfe,ORTHOGRAPHIC,,,5,28,1
talkie-base,restricted,verse,False,verſe,ORTHOGRAPHIC,,,5,28,1
talkie-base,restricted,verse,False,verfes,ORTHOGRAPHIC,,,5,28,1
talkie-base,restricted,vertical,False,verticle,ORTHOGRAPHIC,,,8,16,1
talkie-base,restricted,vertical,False,vertica,ORTHOGRAPHIC,,,8,16,1
talkie-base,restricted,victory,False,victorie,ORTHOGRAPHIC,,,7,61,1
talkie-base,restricted,victory,False,victorye,ORTHOGRAPHIC,,,7,61,1
talkie-base,restricted,victory,False,vyctory,ORTHOGRAPHIC,,,7,61,1
talkie-base,restricted,victory,False,vietory,ORTHOGRAPHIC,,,7,61,1
talkie-base,restricted,violent,False,reuerent,DERIVATIONAL,,undated,7,33,71
talkie-base,restricted,violent,False,violente,ORTHOGRAPHIC,,,7,33,1
talkie-base,restricted,violent,False,vyolent,ORTHOGRAPHIC,,,7,33,1
talkie-base,restricted,violent,False,viralent,ORTHOGRAPHIC,,,7,33,1
talkie-base,restricted,violent,False,virulente,DERIVATIONAL,,undated,7,33,1
talkie-base,restricted,violent,False,violont,ORTHOGRAPHIC,,,7,33,1
talkie-base,restricted,violent,False,yiolent,DERIVATIONAL,,undated,7,33,1
talkie-base,restricted,violent,False,viollent,ORTHOGRAPHIC,,,7,33,1
talkie-base,restricted,violent,False,viotent,ORTHOGRAPHIC,,,7,33,1
talkie-base,restricted,virus,False,viru,ORTHOGRAPHIC,,,5,13,1
talkie-base,restricted,visitor,False,visitours,ORTHOGRAPHIC,,,7,13,32
talkie-base,restricted,visitor,False,visiters,ORTHOGRAPHIC,,,7,13,32
talkie-base,restricted,vital,False,vitall,ORTHOGRAPHIC,,,5,56,11
talkie-base,restricted,wash,False,washe,ORTHOGRAPHIC,,,4,33,1
talkie-base,restricted,wheel,False,wheele,ORTHOGRAPHIC,,,5,56,1
talkie-base,restricted,wheel,False,whcele,ORTHOGRAPHIC,,,5,56,1
talkie-base,restricted,wheel,False,wheale,ORTHOGRAPHIC,,,5,56,1
talkie-base,restricted,wing,False,winga,ORTHOGRAPHIC,,,4,18,4
talkie-base,restricted,wing,False,wiug,ORTHOGRAPHIC,,,4,18,1
talkie-base,restricted,wing,False,wingl,ORTHOGRAPHIC,,,4,18,1
talkie-base,restricted,wing,False,wiog,ORTHOGRAPHIC,,,4,18,1
talkie-base,restricted,wing,False,ving,DERIVATIONAL,,undated,4,18,1
talkie-base,restricted,wing,False,winga,ORTHOGRAPHIC,,,4,18,2
talkie-base,restricted,wing,False,wingi,ORTHOGRAPHIC,,,4,18,2
talkie-base,restricted,wing,False,winges,ORTHOGRAPHIC,,,4,18,4
talkie-base,restricted,wire,False,wir,ORTHOGRAPHIC,,,4,42,1
talkie-base,restricted,worse,False,worser,ORTHOGRAPHIC,,,5,50,2
talkie-base,restricted,worse,False,worſe,ORTHOGRAPHIC,,,5,50,2
talkie-base,restricted,worse,False,worfe,ORTHOGRAPHIC,,,5,50,2
talkie-base,restricted,worse,False,woorse,ORTHOGRAPHIC,,,5,50,2
talkie-base,restricted,yard,False,yarde,ORTHOGRAPHIC,,,4,35,1
talkie-base,restricted,yard,False,yerd,ORTHOGRAPHIC,,,4,35,1
talkie-base,restricted,yard,False,yaid,ORTHOGRAPHIC,,,4,35,1
talkie-base,restricted,yard,False,yeard,ORTHOGRAPHIC,,,4,35,1
talkie-base,restricted,yard,False,yarc,ORTHOGRAPHIC,,,4,35,1
talkie-base,restricted,yellow,False,jellow,DERIVATIONAL,,undated,6,55,2
talkie-base,restricted,yield,False,yeeld,ORTHOGRAPHIC,,,5,35,5
talkie-base,restricted,abroad,False,abrode,ORTHOGRAPHIC,,,6,51,1
talkie-base,restricted,abroad,False,abroade,ORTHOGRAPHIC,,,6,51,1
talkie-base,restricted,abroad,False,abrod,ORTHOGRAPHIC,,,6,51,1
talkie-base,restricted,abroad,False,aboad,ORTHOGRAPHIC,,,6,51,1
talkie-base,restricted,abroad,False,abroade,ORTHOGRAPHIC,,,6,51,3
talkie-base,restricted,abroad,False,abrode,ORTHOGRAPHIC,,,6,51,3
talkie-base,restricted,abroad,False,alow,DERIVATIONAL,,undated,6,51,9
talkie-base,restricted,absorption,False,absorbtion,ORTHOGRAPHIC,,,10,12,1
talkie-base,restricted,accounting,False,accountings,ORTHOGRAPHIC,,,10,12,20
talkie-base,restricted,accounting,False,accomptings,DERIVATIONAL,,undated,10,12,20
talkie-base,restricted,admire,False,admiie,ORTHOGRAPHIC,,,6,10,1
talkie-base,restricted,admire,False,admure,ORTHOGRAPHIC,,,6,10,1
talkie-base,restricted,advise,False,advize,ORTHOGRAPHIC,,,6,9,1
talkie-base,restricted,advise,False,advi,ORTHOGRAPHIC,,,6,9,1
talkie-base,restricted,advise,False,advisc,ORTHOGRAPHIC,,,6,9,1
talkie-base,restricted,alien,False,aliant,ORTHOGRAPHIC,,,5,16,1
talkie-base,restricted,alien,False,aliene,ORTHOGRAPHIC,,,5,16,1
talkie-base,restricted,alien,False,alient,ORTHOGRAPHIC,,,5,16,1
talkie-base,restricted,alien,False,allien,ORTHOGRAPHIC,,,5,16,1
talkie-base,restricted,alien,False,alyen,ORTHOGRAPHIC,,,5,16,1
talkie-base,restricted,alien,False,alian,ORTHOGRAPHIC,,,5,16,1
talkie-base,restricted,allocation,False,coacervation,DERIVATIONAL,,undated,10,17,-1
talkie-base,restricted,amend,False,amende,ORTHOGRAPHIC,,,5,2,1
talkie-base,restricted,amend,False,ammend,ORTHOGRAPHIC,,,5,2,1
talkie-base,restricted,amend,False,ameud,ORTHOGRAPHIC,,,5,2,1
talkie-base,restricted,amend,False,ainend,ORTHOGRAPHIC,,,5,2,1
talkie-base,restricted,amend,False,ameid,ORTHOGRAPHIC,,,5,2,1
talkie-base,restricted,amend,False,amende,ORTHOGRAPHIC,,,5,2,9
talkie-base,restricted,amend,False,amende,ORTHOGRAPHIC,,,5,2,1
talkie-base,restricted,amend,False,amende,ORTHOGRAPHIC,,,5,2,3
talkie-base,restricted,amend,False,amenden,ORTHOGRAPHIC,,,5,2,3
talkie-base,restricted,amend,False,amendyn,ORTHOGRAPHIC,,,5,2,3
talkie-base,restricted,amend,False,amendy,ORTHOGRAPHIC,,,5,2,3
talkie-base,restricted,amend,False,amendes,ORTHOGRAPHIC,,,5,2,3
talkie-base,restricted,amend,False,amendé,ORTHOGRAPHIC,,,5,2,3
talkie-base,restricted,amount,False,amounteth,ORTHOGRAPHIC,,,6,172,-1
talkie-base,restricted,ancestor,False,ancestour,ORTHOGRAPHIC,,,8,7,1
talkie-base,restricted,ancestor,False,ancestours,ORTHOGRAPHIC,,,8,7,2
talkie-base,restricted,ancestor,False,anceftor,ORTHOGRAPHIC,,,8,7,1
talkie-base,restricted,angel,False,angél,ORTHOGRAPHIC,,,5,18,1
talkie-base,restricted,angel,False,arigel,ORTHOGRAPHIC,,,5,18,1
talkie-base,restricted,anterior,False,antero,ORTHOGRAPHIC,,,8,5,1
talkie-base,restricted,anterior,False,anterioi,ORTHOGRAPHIC,,,8,5,1
talkie-base,restricted,anterior,False,anterio,ORTHOGRAPHIC,,,8,5,1
talkie-base,restricted,array,False,aray,ORTHOGRAPHIC,,,5,11,1
talkie-base,restricted,array,False,arrav,ORTHOGRAPHIC,,,5,11,1
talkie-base,restricted,array,False,aray,ORTHOGRAPHIC,,,5,11,1
talkie-base,restricted,array,False,arraye,ORTHOGRAPHIC,,,5,11,1
talkie-base,restricted,array,False,arraie,ORTHOGRAPHIC,,,5,11,1
talkie-base,restricted,arrow,False,arrowes,ORTHOGRAPHIC,,,5,14,3
talkie-base,restricted,bare,False,yare,DERIVATIONAL,,undated,4,29,1
talkie-base,restricted,bear,False,beares,ORTHOGRAPHIC,,,4,57,-1
talkie-base,restricted,behalf,False,behalve,ORTHOGRAPHIC,,,6,21,9
talkie-base,restricted,behalf,False,behal,ORTHOGRAPHIC,,,6,21,1
talkie-base,restricted,behalf,False,bebalf,ORTHOGRAPHIC,,,6,21,1
talkie-base,restricted,behalf,False,behalt,ORTHOGRAPHIC,,,6,21,1
talkie-base,restricted,behalf,False,behalfe,ORTHOGRAPHIC,,,6,21,2
talkie-base,restricted,behalf,False,behalve,ORTHOGRAPHIC,,,6,21,2
talkie-base,restricted,behalf,False,behalue,ORTHOGRAPHIC,,,6,21,2
talkie-base,restricted,bell,False,beil,ORTHOGRAPHIC,,,4,18,1
talkie-base,restricted,bend,False,bende,ORTHOGRAPHIC,,,4,24,38
talkie-base,restricted,bend,False,bendl,ORTHOGRAPHIC,,,4,24,1
talkie-base,restricted,bend,False,bendi,ORTHOGRAPHIC,,,4,24,1
talkie-base,restricted,better,False,hetter,DERIVATIONAL,,undated,6,414,1
talkie-base,restricted,breathe,False,breake,ORTHOGRAPHIC,,,7,7,2
talkie-base,restricted,canal,False,canel,ORTHOGRAPHIC,,,5,3,35
talkie-base,restricted,canal,False,oanal,DERIVATIONAL,,undated,5,3,1
talkie-base,restricted,canal,False,caual,ORTHOGRAPHIC,,,5,3,1
talkie-base,restricted,cap,False,capp,ORTHOGRAPHIC,,,3,27,2
talkie-base,restricted,cast,False,gast,DERIVATIONAL,,undated,4,45,1
talkie-base,restricted,cast,False,gast,DERIVATIONAL,,undated,4,45,1
talkie-base,restricted,celebrate,False,celebrateth,ORTHOGRAPHIC,,,9,4,41
talkie-base,restricted,cheap,False,cheape,ORTHOGRAPHIC,,,5,24,12
talkie-base,restricted,classic,False,classicks,ORTHOGRAPHIC,,,7,36,24
talkie-base,restricted,clay,False,clav,ORTHOGRAPHIC,,,4,100,1
talkie-base,restricted,clay,False,cla,ORTHOGRAPHIC,,,4,100,1
talkie-base,restricted,clay,False,clayj,ORTHOGRAPHIC,,,4,100,1
talkie-base,restricted,clay,False,clav,ORTHOGRAPHIC,,,4,100,1
talkie-base,restricted,clay,False,clav,ORTHOGRAPHIC,,,4,100,1
talkie-base,restricted,clay,False,cla,ORTHOGRAPHIC,,,4,100,1
talkie-base,restricted,clay,False,elay,DERIVATIONAL,,undated,4,100,1
talkie-base,restricted,clerk,False,clerkes,ORTHOGRAPHIC,,,5,34,-1
talkie-base,restricted,clerk,False,cierk,ORTHOGRAPHIC,,,5,34,1
talkie-base,restricted,clerk,False,clerkl,ORTHOGRAPHIC,,,5,34,1
talkie-base,restricted,clerk,False,clerka,ORTHOGRAPHIC,,,5,34,6
talkie-base,restricted,clerk,False,clarks,ORTHOGRAPHIC,,,5,34,6
talkie-base,restricted,climb,False,clomb,ORTHOGRAPHIC,,,5,12,2
talkie-base,restricted,climb,False,climed,ORTHOGRAPHIC,,,5,12,2
talkie-base,restricted,clock,False,clocke,ORTHOGRAPHIC,,,5,20,1
talkie-base,restricted,cloth,False,cloath,ORTHOGRAPHIC,,,5,43,1
talkie-base,restricted,commander,False,comander,ORTHOGRAPHIC,,,9,28,1
talkie-base,restricted,commander,False,commaunder,ORTHOGRAPHIC,,,9,28,1
talkie-base,restricted,companion,False,compagnion,ORTHOGRAPHIC,,,9,19,1
talkie-base,restricted,companion,False,compamon,ORTHOGRAPHIC,,,9,19,1
talkie-base,restricted,conscience,False,consdence,ORTHOGRAPHIC,,,10,40,1
talkie-base,restricted,conscience,False,conseience,ORTHOGRAPHIC,,,10,40,1
talkie-base,restricted,conscience,False,conscienceare,ORTHOGRAPHIC,,,10,40,1
talkie-base,restricted,conscience,False,consciencehave,ORTHOGRAPHIC,,,10,40,1
talkie-base,restricted,consensus,False,assensus,DERIVATIONAL,,undated,9,7,1
talkie-base,restricted,consensus,False,sensus,INFLECTION,,,9,7,1
talkie-base,restricted,consensus,False,consentus,ORTHOGRAPHIC,,,9,7,1
talkie-base,restricted,consent,False,consentyng,ORTHOGRAPHIC,,,7,17,3
talkie-base,restricted,consume,False,consumyd,ORTHOGRAPHIC,,,7,2,19
talkie-base,restricted,consume,False,consu,ORTHOGRAPHIC,,,7,2,19
talkie-base,restricted,contradiction,False,contradictorie,DERIVATIONAL,,undated,13,13,1
talkie-base,restricted,contradiction,False,contradiccion,ORTHOGRAPHIC,,,13,13,1
talkie-base,restricted,contradiction,False,contradictio,ORTHOGRAPHIC,,,13,13,1
talkie-base,restricted,contradiction,False,contradic,ORTHOGRAPHIC,,,13,13,1
talkie-base,restricted,cook,False,cookt,ORTHOGRAPHIC,,,4,47,1
talkie-base,restricted,cook,False,cookd,ORTHOGRAPHIC,,,4,47,1
talkie-base,restricted,corn,False,corne,ORTHOGRAPHIC,,,4,34,3
talkie-base,restricted,corn,False,cornc,ORTHOGRAPHIC,,,4,34,3
talkie-base,restricted,corn,False,cornes,ORTHOGRAPHIC,,,4,34,3
talkie-base,restricted,correction,False,correccon,ORTHOGRAPHIC,,,10,5,1
talkie-base,restricted,correction,False,correccion,ORTHOGRAPHIC,,,10,5,1
talkie-base,restricted,correction,False,correcton,ORTHOGRAPHIC,,,10,5,1
talkie-base,restricted,cotton,False,coton,ORTHOGRAPHIC,,,6,38,1
talkie-base,restricted,cotton,False,coton,ORTHOGRAPHIC,,,6,38,2
talkie-base,restricted,cotton,False,coto,ORTHOGRAPHIC,,,6,38,2
talkie-base,restricted,counsel,False,counseis,ORTHOGRAPHIC,,,7,17,2
talkie-base,restricted,counsel,False,counse,ORTHOGRAPHIC,,,7,17,2
talkie-base,restricted,cow,False,eow,DERIVATIONAL,,undated,3,29,1
talkie-base,restricted,cow,False,cov,ORTHOGRAPHIC,,,3,29,1
talkie-base,restricted,cream,False,eream,DERIVATIONAL,,undated,5,20,1
talkie-base,restricted,cut,False,eut,DERIVATIONAL,,undated,3,192,1
talkie-base,restricted,cut,False,cutt,ORTHOGRAPHIC,,,3,192,1
talkie-base,restricted,cut,False,cutt,ORTHOGRAPHIC,,,3,192,1
talkie-base,restricted,cut,False,cui,ORTHOGRAPHIC,,,3,192,1
talkie-base,restricted,deck,False,decke,ORTHOGRAPHIC,,,4,23,2
talkie-base,restricted,deck,False,deckes,ORTHOGRAPHIC,,,4,23,2
talkie-base,restricted,departure,False,depture,ORTHOGRAPHIC,,,9,17,6
talkie-base,restricted,descend,False,descende,ORTHOGRAPHIC,,,7,4,18
talkie-base,restricted,descend,False,discende,ORTHOGRAPHIC,,,7,4,18
talkie-base,restricted,descend,False,descendith,ORTHOGRAPHIC,,,7,4,-1
talkie-base,restricted,diet,False,dietis,ORTHOGRAPHIC,,,4,21,8
talkie-base,restricted,differential,False,differentiations,INFLECTION,,,12,16,-1
talkie-base,restricted,discharge,False,dischai,DERIVATIONAL,,undated,9,19,1
talkie-base,restricted,discharge,False,diſcharge,ORTHOGRAPHIC,,,9,19,1
talkie-base,restricted,discharge,False,difcharge,ORTHOGRAPHIC,,,9,19,1
talkie-base,restricted,discharge,False,diſcharger,ORTHOGRAPHIC,,,9,19,1
talkie-base,restricted,discharge,False,diſcharg,ORTHOGRAPHIC,,,9,19,1
talkie-base,restricted,discharge,False,disclarge,ORTHOGRAPHIC,,,9,19,1
talkie-base,restricted,discharge,False,disclaime,DERIVATIONAL,,undated,9,19,1
talkie-base,restricted,discharge,False,discarge,ORTHOGRAPHIC,,,9,19,1
talkie-base,restricted,dish,False,diſh,ORTHOGRAPHIC,,,4,16,1
talkie-base,restricted,dish,False,dith,ORTHOGRAPHIC,,,4,16,1
talkie-base,restricted,dish,False,dishe,ORTHOGRAPHIC,,,4,16,1
talkie-base,restricted,dish,False,difh,ORTHOGRAPHIC,,,4,16,1
talkie-base,restricted,dish,False,dishe,ORTHOGRAPHIC,,,4,16,6
talkie-base,restricted,dish,False,diſh,ORTHOGRAPHIC,,,4,16,2
talkie-base,restricted,dish,False,dishe,ORTHOGRAPHIC,,,4,16,2
talkie-base,restricted,distant,False,distante,ORTHOGRAPHIC,,,7,37,5
talkie-base,restricted,distant,False,distaunt,ORTHOGRAPHIC,,,7,37,5
talkie-base,restricted,distant,False,distaunte,ORTHOGRAPHIC,,,7,37,5
talkie-base,restricted,diverse,False,discerse,ORTHOGRAPHIC,,,7,13,3
talkie-base,restricted,dozen,False,dosen,ORTHOGRAPHIC,,,5,52,1
talkie-base,restricted,dozen,False,doſen,ORTHOGRAPHIC,,,5,52,1
talkie-base,restricted,dozen,False,doozen,ORTHOGRAPHIC,,,5,52,1
talkie-base,restricted,dozen,False,dossen,ORTHOGRAPHIC,,,5,52,1
talkie-base,restricted,draught,False,dranght,ORTHOGRAPHIC,,,7,2,1
talkie-base,restricted,draught,False,drauglit,ORTHOGRAPHIC,,,7,2,1
talkie-base,restricted,draught,False,drauglit,ORTHOGRAPHIC,,,7,2,1
talkie-base,restricted,draught,False,dranght,ORTHOGRAPHIC,,,7,2,1
talkie-base,restricted,draught,False,draug,ORTHOGRAPHIC,,,7,2,1
talkie-base,restricted,drop,False,dropon,ORTHOGRAPHIC,,,4,59,1
talkie-base,restricted,economics,False,economica,ORTHOGRAPHIC,,,9,17,2
talkie-base,restricted,empire,False,empery,ORTHOGRAPHIC,,,6,22,1
talkie-base,restricted,empire,False,empyre,ORTHOGRAPHIC,,,6,22,1
talkie-base,restricted,empire,False,emperie,ORTHOGRAPHIC,,,6,22,1
talkie-base,restricted,empire,False,empier,ORTHOGRAPHIC,,,6,22,1
talkie-base,restricted,empire,False,emptie,ORTHOGRAPHIC,,,6,22,1
talkie-base,restricted,empire,False,empir,ORTHOGRAPHIC,,,6,22,1
talkie-base,restricted,episode,False,episodal,ORTHOGRAPHIC,,,7,12,16
talkie-base,restricted,equity,False,equily,ORTHOGRAPHIC,,,6,7,1
talkie-base,restricted,equity,False,equi,ORTHOGRAPHIC,,,6,7,1
talkie-base,restricted,equity,False,equitv,ORTHOGRAPHIC,,,6,7,1
talkie-base,restricted,equity,False,equit,ORTHOGRAPHIC,,,6,7,1
talkie-base,restricted,ethical,False,ethicall,ORTHOGRAPHIC,,,7,29,42
talkie-base,restricted,ethics,False,ethicks,ORTHOGRAPHIC,,,6,19,5
talkie-base,restricted,except,False,exceptid,ORTHOGRAPHIC,,,6,181,1
talkie-base,restricted,except,False,excepte,ORTHOGRAPHIC,,,6,181,1
talkie-base,restricted,except,False,excep,ORTHOGRAPHIC,,,6,181,1
talkie-base,restricted,explicit,False,explicite,ORTHOGRAPHIC,,,8,24,2
talkie-base,restricted,explicit,False,explieite,ORTHOGRAPHIC,,,8,24,2
talkie-base,restricted,fate,False,fote,ORTHOGRAPHIC,,,4,33,1
talkie-base,restricted,fate,False,iate,DERIVATIONAL,,undated,4,33,1
talkie-base,restricted,fate,False,faite,ORTHOGRAPHIC,,,4,33,1
talkie-base,restricted,fever,False,feyer,ORTHOGRAPHIC,,,5,19,1
talkie-base,restricted,fever,False,tever,DERIVATIONAL,,undated,5,19,1
talkie-base,restricted,fever,False,feve,ORTHOGRAPHIC,,,5,19,1
talkie-base,restricted,fever,False,feyer,ORTHOGRAPHIC,,,5,19,1
talkie-base,restricted,fever,False,fevér,ORTHOGRAPHIC,,,5,19,1
talkie-base,restricted,firm,False,firme,ORTHOGRAPHIC,,,4,109,19
talkie-base,restricted,flag,False,fiag,ORTHOGRAPHIC,,,4,16,1
talkie-base,restricted,flesh,False,fleisch,ORTHOGRAPHIC,,,5,52,5
talkie-base,restricted,flesh,False,flessh,ORTHOGRAPHIC,,,5,52,5
talkie-base,restricted,flesh,False,fleish,ORTHOGRAPHIC,,,5,52,5
talkie-base,restricted,flesh,False,flesshe,ORTHOGRAPHIC,,,5,52,5
talkie-base,restricted,flesh,False,flesch,ORTHOGRAPHIC,,,5,52,5
talkie-base,restricted,flesh,False,flessch,ORTHOGRAPHIC,,,5,52,5
talkie-base,restricted,flesh,False,fiesh,ORTHOGRAPHIC,,,5,52,1
talkie-base,restricted,flesh,False,jlesh,DERIVATIONAL,,undated,5,52,1
talkie-base,restricted,flesh,False,fesh,ORTHOGRAPHIC,,,5,52,1
talkie-base,restricted,flesh,False,flesli,ORTHOGRAPHIC,,,5,52,1
talkie-base,restricted,flesh,False,fleſh,ORTHOGRAPHIC,,,5,52,1
talkie-base,restricted,flesh,False,fiesh,ORTHOGRAPHIC,,,5,52,1
talkie-base,restricted,follower,False,fouower,ORTHOGRAPHIC,,,8,3,1
talkie-base,restricted,follower,False,foilower,ORTHOGRAPHIC,,,8,3,1
talkie-base,restricted,fortune,False,fortime,ORTHOGRAPHIC,,,7,25,1
talkie-base,restricted,fortune,False,fortime,ORTHOGRAPHIC,,,7,25,1
talkie-base,restricted,foster,False,fostre,ORTHOGRAPHIC,,,6,15,3
talkie-base,restricted,fun,False,fua,ORTHOGRAPHIC,,,3,44,1
talkie-base,restricted,fun,False,fuu,ORTHOGRAPHIC,,,3,44,1
talkie-base,restricted,furniture,False,garniture,DERIVATIONAL,,undated,9,39,1
talkie-base,restricted,furniture,False,furnitures,ORTHOGRAPHIC,,,9,39,1
talkie-base,restricted,gay,False,gaye,ORTHOGRAPHIC,,,3,30,1
talkie-base,restricted,gay,False,gav,ORTHOGRAPHIC,,,3,30,1
talkie-base,restricted,gentle,False,genile,ORTHOGRAPHIC,,,6,27,1
talkie-base,restricted,gentle,False,genue,ORTHOGRAPHIC,,,6,27,1
talkie-base,restricted,giant,False,gyant,ORTHOGRAPHIC,,,5,23,2
talkie-base,restricted,giant,False,gyaunt,ORTHOGRAPHIC,,,5,23,2
talkie-base,restricted,giant,False,giaunt,ORTHOGRAPHIC,,,5,23,2
talkie-base,restricted,giant,False,geant,ORTHOGRAPHIC,,,5,23,2
talkie-base,restricted,giant,False,giante,ORTHOGRAPHIC,,,5,23,2
talkie-base,restricted,giant,False,giaunte,ORTHOGRAPHIC,,,5,23,2
talkie-base,restricted,giant,False,geaunt,ORTHOGRAPHIC,,,5,23,2
talkie-base,restricted,glory,False,glorie,ORTHOGRAPHIC,,,5,21,2
talkie-base,restricted,glory,False,glorye,ORTHOGRAPHIC,,,5,21,2
talkie-base,restricted,glory,False,glori,ORTHOGRAPHIC,,,5,21,2
talkie-base,restricted,glory,False,glorie,ORTHOGRAPHIC,,,5,21,1
talkie-base,restricted,glory,False,glorv,ORTHOGRAPHIC,,,5,21,1
talkie-base,restricted,glory,False,glor,ORTHOGRAPHIC,,,5,21,1
talkie-base,restricted,glory,False,glorj,ORTHOGRAPHIC,,,5,21,1
talkie-base,restricted,glory,False,gloiy,ORTHOGRAPHIC,,,5,21,1
talkie-base,restricted,glory,False,glori,ORTHOGRAPHIC,,,5,21,1
talkie-base,restricted,gone,False,gonner,ORTHOGRAPHIC,,,4,195,2
talkie-base,restricted,gone,False,gooner,ORTHOGRAPHIC,,,4,195,2
talkie-base,restricted,grace,False,grac,ORTHOGRAPHIC,,,5,40,1
talkie-base,restricted,grace,False,graee,ORTHOGRAPHIC,,,5,40,1
talkie-base,restricted,grace,False,gracc,ORTHOGRAPHIC,,,5,40,1
talkie-base,restricted,grace,False,gracé,ORTHOGRAPHIC,,,5,40,1
talkie-base,restricted,grace,False,graci,ORTHOGRAPHIC,,,5,40,1
talkie-base,restricted,grace,False,grac,ORTHOGRAPHIC,,,5,40,1
talkie-base,restricted,grace,False,grase,ORTHOGRAPHIC,,,5,40,1
talkie-base,restricted,grace,False,grac,ORTHOGRAPHIC,,,5,40,1
talkie-base,restricted,grace,False,graee,ORTHOGRAPHIC,,,5,40,1
talkie-base,restricted,grace,False,gracc,ORTHOGRAPHIC,,,5,40,1
talkie-base,restricted,grace,False,grafe,ORTHOGRAPHIC,,,5,40,1
talkie-base,restricted,grace,False,gracia,ORTHOGRAPHIC,,,5,40,1
talkie-base,restricted,grace,False,grac,ORTHOGRAPHIC,,,5,40,1
talkie-base,restricted,grace,False,giace,ORTHOGRAPHIC,,,5,40,1
talkie-base,restricted,grace,False,graoe,ORTHOGRAPHIC,,,5,40,1
talkie-base,restricted,grace,False,gtace,ORTHOGRAPHIC,,,5,40,1
talkie-base,restricted,grace,False,graue,ORTHOGRAPHIC,,,5,40,1
talkie-base,restricted,grace,False,gracc,ORTHOGRAPHIC,,,5,40,1
talkie-base,restricted,grace,False,graee,ORTHOGRAPHIC,,,5,40,1
talkie-base,restricted,grace,False,gracé,ORTHOGRAPHIC,,,5,40,1
talkie-base,restricted,grace,False,grac,ORTHOGRAPHIC,,,5,40,1
talkie-base,restricted,grace,False,giace,ORTHOGRAPHIC,,,5,40,1
talkie-base,restricted,grand,False,graund,ORTHOGRAPHIC,,,5,48,1
talkie-base,restricted,grand,False,graud,ORTHOGRAPHIC,,,5,48,1
talkie-base,restricted,grand,False,grend,ORTHOGRAPHIC,,,5,48,1
talkie-base,restricted,grand,False,thonsand,DERIVATIONAL,,undated,5,48,-1
talkie-base,restricted,grave,False,graue,ORTHOGRAPHIC,,,5,33,1
talkie-base,restricted,grave,False,graye,ORTHOGRAPHIC,,,5,33,1
talkie-base,restricted,gross,False,grofs,ORTHOGRAPHIC,,,5,66,2
talkie-base,restricted,guilty,False,gnilty,ORTHOGRAPHIC,,,6,29,1
talkie-base,restricted,hold,False,holdes,ORTHOGRAPHIC,,,4,169,12
talkie-base,restricted,hold,False,holde,ORTHOGRAPHIC,,,4,169,2
talkie-base,restricted,hold,False,hald,ORTHOGRAPHIC,,,4,169,2
talkie-base,restricted,honour,False,honoure,ORTHOGRAPHIC,,,6,2,8
talkie-base,restricted,honour,False,honouren,ORTHOGRAPHIC,,,6,2,8
talkie-base,restricted,honour,False,honouri,ORTHOGRAPHIC,,,6,2,8
talkie-base,restricted,honour,False,honowre,ORTHOGRAPHIC,,,6,2,8
talkie-base,restricted,hormone,False,hormon,ORTHOGRAPHIC,,,7,13,1
talkie-base,restricted,hormone,False,chalone,DERIVATIONAL,,undated,7,13,1
talkie-base,restricted,humour,False,humours,ORTHOGRAPHIC,,,6,1,16
talkie-base,restricted,humour,False,humouris,ORTHOGRAPHIC,,,6,1,16
talkie-base,restricted,humour,False,humeurs,ORTHOGRAPHIC,,,6,1,16
talkie-base,restricted,humour,False,humours,ORTHOGRAPHIC,,,6,1,57
talkie-base,restricted,humour,False,humours,ORTHOGRAPHIC,,,6,1,3
talkie-base,restricted,humour,False,humours,ORTHOGRAPHIC,,,6,1,51
talkie-base,restricted,hydrogen,False,hydrogene,ORTHOGRAPHIC,,,8,39,3
talkie-base,restricted,hydrogen,False,hidrogene,ORTHOGRAPHIC,,,8,39,3
talkie-base,restricted,indirect,False,indireet,ORTHOGRAPHIC,,,8,21,1
talkie-base,restricted,indirect,False,indirec,ORTHOGRAPHIC,,,8,21,1
talkie-base,restricted,indirect,False,indireot,ORTHOGRAPHIC,,,8,21,1
talkie-base,restricted,inferior,False,inferi,ORTHOGRAPHIC,,,8,7,1
talkie-base,restricted,infinite,False,unfinite,DERIVATIONAL,,undated,8,19,2
talkie-base,restricted,infinite,False,infinites,ORTHOGRAPHIC,,,8,19,2
talkie-base,restricted,innocent,False,innoeents,ORTHOGRAPHIC,,,8,37,4
talkie-base,restricted,innocent,False,innoeents,ORTHOGRAPHIC,,,8,37,2
talkie-base,restricted,interference,False,interferences,ORTHOGRAPHIC,,,12,45,2
talkie-base,restricted,judicial,False,judiciall,ORTHOGRAPHIC,,,8,16,2
talkie-base,restricted,judicial,False,judiciarie,DERIVATIONAL,,undated,8,16,2
talkie-base,restricted,kingdom,False,kingdomes,ORTHOGRAPHIC,,,7,26,18
talkie-base,restricted,knife,False,kuife,ORTHOGRAPHIC,,,5,76,1
talkie-base,restricted,lamp,False,jamp,DERIVATIONAL,,undated,4,18,1
talkie-base,restricted,lamp,False,lampe,ORTHOGRAPHIC,,,4,18,1
talkie-base,restricted,last,False,laſt,ORTHOGRAPHIC,,,4,676,3
talkie-base,restricted,last,False,laste,ORTHOGRAPHIC,,,4,676,2
talkie-base,restricted,last,False,lasten,ORTHOGRAPHIC,,,4,676,2
talkie-base,restricted,last,False,laste,ORTHOGRAPHIC,,,4,676,6
talkie-base,restricted,lesser,False,lesse,ORTHOGRAPHIC,,,6,19,4
talkie-base,restricted,lesser,False,lasse,ORTHOGRAPHIC,,,6,19,4
talkie-base,restricted,lesser,False,lessc,ORTHOGRAPHIC,,,6,19,4
talkie-base,restricted,lesser,False,lese,ORTHOGRAPHIC,,,6,19,4
talkie-base,restricted,lesser,False,lesse,ORTHOGRAPHIC,,,6,19,10
talkie-base,restricted,lesser,False,lasse,ORTHOGRAPHIC,,,6,19,10
talkie-base,restricted,log,False,loz,ORTHOGRAPHIC,,,3,11,1
talkie-base,restricted,log,False,logl,ORTHOGRAPHIC,,,3,11,1
talkie-base,restricted,log,False,loz,ORTHOGRAPHIC,,,3,11,1
talkie-base,restricted,loose,False,ioose,DERIVATIONAL,,undated,5,53,1
talkie-base,restricted,loose,False,looſe,ORTHOGRAPHIC,,,5,53,3
talkie-base,restricted,loose,False,loofe,ORTHOGRAPHIC,,,5,53,3
talkie-base,restricted,loose,False,looze,ORTHOGRAPHIC,,,5,53,3
talkie-base,restricted,loose,False,loosers,ORTHOGRAPHIC,,,5,53,3
talkie-base,restricted,loose,False,loosc,ORTHOGRAPHIC,,,5,53,3
talkie-base,restricted,lord,False,lor,ORTHOGRAPHIC,,,4,93,7
talkie-base,restricted,lord,False,lorda,ORTHOGRAPHIC,,,4,93,4
talkie-base,restricted,lord,False,jord,DERIVATIONAL,,undated,4,93,1
talkie-base,restricted,lord,False,lerd,ORTHOGRAPHIC,,,4,93,1
talkie-base,restricted,mail,False,mailes,ORTHOGRAPHIC,,,4,47,5
talkie-base,restricted,maker,False,makars,ORTHOGRAPHIC,,,5,12,2
talkie-base,restricted,making,False,makinge,ORTHOGRAPHIC,,,6,255,1
talkie-base,restricted,making,False,makeing,ORTHOGRAPHIC,,,6,255,1
talkie-base,restricted,making,False,makyng,ORTHOGRAPHIC,,,6,255,1
talkie-base,restricted,manual,False,manuale,ORTHOGRAPHIC,,,6,9,1
talkie-base,restricted,manual,False,manuell,ORTHOGRAPHIC,,,6,9,1
talkie-base,restricted,manual,False,manuall,ORTHOGRAPHIC,,,6,9,1
talkie-base,restricted,marker,False,marke,ORTHOGRAPHIC,,,6,5,-1
talkie-base,restricted,mask,False,maske,ORTHOGRAPHIC,,,4,9,2
talkie-base,restricted,mask,False,maskc,ORTHOGRAPHIC,,,4,9,2
talkie-base,restricted,mask,False,maskes,ORTHOGRAPHIC,,,4,9,2
talkie-base,restricted,match,False,mateh,ORTHOGRAPHIC,,,5,41,1
talkie-base,restricted,match,False,matche,ORTHOGRAPHIC,,,5,41,1
talkie-base,restricted,meal,False,meale,ORTHOGRAPHIC,,,4,30,-1
talkie-base,restricted,meal,False,meall,ORTHOGRAPHIC,,,4,30,3
talkie-base,restricted,merit,False,merite,ORTHOGRAPHIC,,,5,29,1
talkie-base,restricted,merit,False,merites,ORTHOGRAPHIC,,,5,29,38
talkie-base,restricted,merit,False,merite,ORTHOGRAPHIC,,,5,29,38
talkie-base,restricted,migration,False,migratious,ORTHOGRAPHIC,,,9,5,10
talkie-base,restricted,mill,False,miil,ORTHOGRAPHIC,,,4,11,1
talkie-base,restricted,mineral,False,mineralls,ORTHOGRAPHIC,,,7,12,30
talkie-base,restricted,mineral,False,minerais,ORTHOGRAPHIC,,,7,12,30
talkie-base,restricted,mineral,False,mineraus,ORTHOGRAPHIC,,,7,12,30
talkie-base,restricted,mineral,False,mineralles,ORTHOGRAPHIC,,,7,12,30
talkie-base,restricted,mineral,False,minera,ORTHOGRAPHIC,,,7,12,30
talkie-base,restricted,ministry,False,ministiy,ORTHOGRAPHIC,,,8,13,2
talkie-base,restricted,ministry,False,administra,DERIVATIONAL,,undated,8,13,2
talkie-base,restricted,monthly,False,monthiy,ORTHOGRAPHIC,,,7,23,1
talkie-base,restricted,mood,False,moode,ORTHOGRAPHIC,,,4,37,1
talkie-base,restricted,mood,False,moode,ORTHOGRAPHIC,,,4,37,5
talkie-base,restricted,moon,False,moonc,ORTHOGRAPHIC,,,4,60,2
talkie-base,restricted,mount,False,mouut,ORTHOGRAPHIC,,,5,26,1
talkie-base,restricted,mount,False,mountj,ORTHOGRAPHIC,,,5,26,1
talkie-base,restricted,mount,False,mounti,ORTHOGRAPHIC,,,5,26,1
talkie-base,restricted,needle,False,needie,ORTHOGRAPHIC,,,6,15,1
talkie-base,restricted,needle,False,needie,ORTHOGRAPHIC,,,6,15,1
talkie-base,restricted,needle,False,neédle,ORTHOGRAPHIC,,,6,15,1
talkie-base,restricted,net,False,ner,ORTHOGRAPHIC,,,3,34,1
talkie-base,restricted,net,False,neet,ORTHOGRAPHIC,,,3,34,1
talkie-base,restricted,neuron,False,neurones,ORTHOGRAPHIC,,,6,1,10
talkie-base,restricted,neuron,False,neurone,ORTHOGRAPHIC,,,6,1,10
talkie-base,restricted,neuron,False,neuraxons,DERIVATIONAL,,undated,6,1,50
talkie-base,restricted,nurse,False,nurst,ORTHOGRAPHIC,,,5,17,39
talkie-base,restricted,obey,False,ohey,ORTHOGRAPHIC,,,4,8,1
talkie-base,restricted,obey,False,obay,ORTHOGRAPHIC,,,4,8,1
talkie-base,restricted,obey,False,obej,ORTHOGRAPHIC,,,4,8,1
talkie-base,restricted,oblige,False,oblist,ORTHOGRAPHIC,,,6,1,-1
talkie-base,restricted,odd,False,odde,ORTHOGRAPHIC,,,3,44,1
talkie-base,restricted,odd,False,odde,ORTHOGRAPHIC,,,3,44,1
talkie-base,restricted,odd,False,oddf,ORTHOGRAPHIC,,,3,44,1
talkie-base,restricted,odd,False,odde,ORTHOGRAPHIC,,,3,44,1
talkie-base,restricted,opponent,False,opponentes,ORTHOGRAPHIC,,,8,15,5
talkie-base,restricted,opponent,False,oppenents,ORTHOGRAPHIC,,,8,15,5
talkie-base,restricted,over,False,overpast,ORTHOGRAPHIC,,,4,1236,2
talkie-base,restricted,over,False,ove,ORTHOGRAPHIC,,,4,1236,1
talkie-base,restricted,over,False,oyer,ORTHOGRAPHIC,,,4,1236,1
talkie-base,restricted,over,False,ovei,ORTHOGRAPHIC,,,4,1236,1
talkie-base,restricted,palace,False,pallaces,ORTHOGRAPHIC,,,6,38,7
talkie-base,restricted,par,False,pur,ORTHOGRAPHIC,,,3,13,1
talkie-base,restricted,part,False,pait,ORTHOGRAPHIC,,,4,500,1
talkie-base,restricted,pass,False,paſses,ORTHOGRAPHIC,,,4,89,17
talkie-base,restricted,pass,False,pafs,ORTHOGRAPHIC,,,4,89,1
talkie-base,restricted,pass,False,paſs,ORTHOGRAPHIC,,,4,89,1
talkie-base,restricted,pay,False,pai,ORTHOGRAPHIC,,,3,172,1
talkie-base,restricted,pay,False,psy,ORTHOGRAPHIC,,,3,172,1
talkie-base,restricted,peculiar,False,peculiars,ORTHOGRAPHIC,,,8,28,14
talkie-base,restricted,peer,False,peere,ORTHOGRAPHIC,,,4,8,2
talkie-base,restricted,peer,False,peeree,ORTHOGRAPHIC,,,4,8,2
talkie-base,restricted,peer,False,peerc,ORTHOGRAPHIC,,,4,8,2
talkie-base,restricted,peer,False,peeere,ORTHOGRAPHIC,,,4,8,2
talkie-base,restricted,peer,False,peir,ORTHOGRAPHIC,,,4,8,18
talkie-base,restricted,peer,False,peerie,ORTHOGRAPHIC,,,4,8,3
talkie-base,restricted,pipe,False,pippes,ORTHOGRAPHIC,,,4,20,3
talkie-base,restricted,pipe,False,pippe,ORTHOGRAPHIC,,,4,20,3
talkie-base,restricted,plenty,False,plently,ORTHOGRAPHIC,,,6,55,1
talkie-base,restricted,pocket,False,pockett,ORTHOGRAPHIC,,,6,46,1
talkie-base,restricted,pocket,False,pockit,ORTHOGRAPHIC,,,6,46,1
talkie-base,restricted,pocket,False,pockety,ORTHOGRAPHIC,,,6,46,1
talkie-base,restricted,pound,False,pounde,ORTHOGRAPHIC,,,5,28,1
talkie-base,restricted,pound,False,poundes,ORTHOGRAPHIC,,,5,28,1
talkie-base,restricted,pound,False,poun,ORTHOGRAPHIC,,,5,28,1
talkie-base,restricted,praise,False,prayse,ORTHOGRAPHIC,,,6,17,1
talkie-base,restricted,praise,False,prayze,ORTHOGRAPHIC,,,6,17,1
talkie-base,restricted,praise,False,rayse,DERIVATIONAL,,undated,6,17,1
talkie-base,restricted,praise,False,prase,ORTHOGRAPHIC,,,6,17,1
talkie-base,restricted,praise,False,praize,ORTHOGRAPHIC,,,6,17,1
talkie-base,restricted,praise,False,praiſe,ORTHOGRAPHIC,,,6,17,1
talkie-base,restricted,praise,False,praife,ORTHOGRAPHIC,,,6,17,1
talkie-base,restricted,praise,False,prai,ORTHOGRAPHIC,,,6,17,1
talkie-base,restricted,praise,False,prais,ORTHOGRAPHIC,,,6,17,1
talkie-base,restricted,praise,False,praiſe,ORTHOGRAPHIC,,,6,17,1
talkie-base,restricted,praise,False,prai,ORTHOGRAPHIC,,,6,17,1
talkie-base,restricted,praise,False,praife,ORTHOGRAPHIC,,,6,17,1
talkie-base,restricted,praise,False,piaise,ORTHOGRAPHIC,,,6,17,1
talkie-base,restricted,preach,False,preche,ORTHOGRAPHIC,,,6,8,33
talkie-base,restricted,preach,False,prechi,ORTHOGRAPHIC,,,6,8,33
talkie-base,restricted,preach,False,prech,ORTHOGRAPHIC,,,6,8,33
talkie-base,restricted,preach,False,preache,ORTHOGRAPHIC,,,6,8,33
talkie-base,restricted,premise,False,premi,ORTHOGRAPHIC,,,7,7,14
talkie-base,restricted,premise,False,premiſes,ORTHOGRAPHIC,,,7,7,-1
talkie-base,restricted,premise,False,premiſſes,ORTHOGRAPHIC,,,7,7,-1
talkie-base,restricted,pride,False,piide,ORTHOGRAPHIC,,,5,42,1
talkie-base,restricted,pride,False,prid,ORTHOGRAPHIC,,,5,42,1
talkie-base,restricted,pride,False,pridel,ORTHOGRAPHIC,,,5,42,1
talkie-base,restricted,pride,False,prido,ORTHOGRAPHIC,,,5,42,1
talkie-base,restricted,pride,False,prida,ORTHOGRAPHIC,,,5,42,1
talkie-base,restricted,pride,False,pryde,ORTHOGRAPHIC,,,5,42,1
talkie-base,restricted,pride,False,prid,ORTHOGRAPHIC,,,5,42,1
talkie-base,restricted,pride,False,pridc,ORTHOGRAPHIC,,,5,42,1
talkie-base,restricted,pride,False,piide,ORTHOGRAPHIC,,,5,42,1
talkie-base,restricted,pride,False,priae,ORTHOGRAPHIC,,,5,42,1
talkie-base,restricted,pride,False,pryde,ORTHOGRAPHIC,,,5,42,1
talkie-base,restricted,pride,False,prid,ORTHOGRAPHIC,,,5,42,1
talkie-base,restricted,prince,False,prinee,ORTHOGRAPHIC,,,6,33,1
talkie-base,restricted,prince,False,pnnce,ORTHOGRAPHIC,,,6,33,1
talkie-base,restricted,prince,False,frince,DERIVATIONAL,,undated,6,33,1
talkie-base,restricted,prince,False,prmce,ORTHOGRAPHIC,,,6,33,1
talkie-base,restricted,print,False,prynte,ORTHOGRAPHIC,,,5,18,1
talkie-base,restricted,print,False,printe,ORTHOGRAPHIC,,,5,18,1
talkie-base,restricted,print,False,prynt,ORTHOGRAPHIC,,,5,18,1
talkie-base,restricted,probable,False,probabill,ORTHOGRAPHIC,,,8,25,1
talkie-base,restricted,probable,False,probablie,ORTHOGRAPHIC,,,8,25,1
talkie-base,restricted,proposition,False,proposiciones,DERIVATIONAL,,undated,11,16,-1
talkie-base,restricted,proposition,False,proposita,INFLECTION,,,11,16,-1
talkie-base,restricted,proposition,False,propositiones,ORTHOGRAPHIC,,,11,16,-1
talkie-base,restricted,proposition,False,proposicionibus,DERIVATIONAL,,undated,11,16,-1
talkie-base,restricted,proposition,False,propositos,ORTHOGRAPHIC,,,11,16,-1
talkie-base,restricted,proposition,False,proposicio,ORTHOGRAPHIC,,,11,16,-1
talkie-base,restricted,proposition,False,proposicionem,DERIVATIONAL,,undated,11,16,-1
talkie-base,restricted,protest,False,frotest,DERIVATIONAL,,undated,7,23,1
talkie-base,restricted,protest,False,prolest,ORTHOGRAPHIC,,,7,23,1
talkie-base,restricted,pulse,False,pulfe,ORTHOGRAPHIC,,,5,9,4
talkie-base,restricted,pulse,False,pulſe,ORTHOGRAPHIC,,,5,9,4
talkie-base,restricted,pulse,False,pulfes,ORTHOGRAPHIC,,,5,9,4
talkie-base,restricted,pulse,False,pulle,ORTHOGRAPHIC,,,5,9,4
talkie-base,restricted,pulse,False,pulles,ORTHOGRAPHIC,,,5,9,4
talkie-base,restricted,pulse,False,pulſes,ORTHOGRAPHIC,,,5,9,4
talkie-base,restricted,pulse,False,pulce,ORTHOGRAPHIC,,,5,9,4
talkie-base,restricted,pulse,False,pulie,ORTHOGRAPHIC,,,5,9,4
talkie-base,restricted,punish,False,pimish,ORTHOGRAPHIC,,,6,3,1
talkie-base,restricted,pupil,False,pupill,ORTHOGRAPHIC,,,5,20,3
talkie-base,restricted,pupil,False,pupille,ORTHOGRAPHIC,,,5,20,3
talkie-base,restricted,race,False,racc,ORTHOGRAPHIC,,,4,103,1
talkie-base,restricted,race,False,eace,DERIVATIONAL,,undated,4,103,1
talkie-base,restricted,rear,False,reer,ORTHOGRAPHIC,,,4,51,1
talkie-base,restricted,reform,False,refourmed,DERIVATIONAL,,undated,6,30,-1
talkie-base,restricted,reform,False,reformyd,ORTHOGRAPHIC,,,6,30,-1
talkie-base,restricted,reform,False,reforin,ORTHOGRAPHIC,,,6,30,1
talkie-base,restricted,reform,False,refor,ORTHOGRAPHIC,,,6,30,1
talkie-base,restricted,reform,False,referm,ORTHOGRAPHIC,,,6,30,1
talkie-base,restricted,reform,False,retorm,ORTHOGRAPHIC,,,6,30,1
talkie-base,restricted,remedy,False,remedie,ORTHOGRAPHIC,,,6,13,7
talkie-base,restricted,remote,False,remoued,ORTHOGRAPHIC,,,6,32,2
talkie-base,restricted,removed,False,remov,ORTHOGRAPHIC,,,7,75,1
talkie-base,restricted,removed,False,remoyed,ORTHOGRAPHIC,,,7,75,1
talkie-base,restricted,removed,False,remov,ORTHOGRAPHIC,,,7,75,1
talkie-base,restricted,removed,False,removd,ORTHOGRAPHIC,,,7,75,1
talkie-base,restricted,rest,False,eest,DERIVATIONAL,,undated,4,163,1
talkie-base,restricted,retire,False,retir,ORTHOGRAPHIC,,,6,9,1
talkie-base,restricted,retire,False,retir,ORTHOGRAPHIC,,,6,9,3
talkie-base,restricted,retire,False,refires,ORTHOGRAPHIC,,,6,9,3
talkie-base,restricted,retire,False,retites,ORTHOGRAPHIC,,,6,9,3
talkie-base,restricted,retire,False,retircs,ORTHOGRAPHIC,,,6,9,3
talkie-base,restricted,retire,False,retirea,ORTHOGRAPHIC,,,6,9,3
talkie-base,restricted,reverse,False,reverst,ORTHOGRAPHIC,,,7,18,12
talkie-base,restricted,reward,False,rewarde,ORTHOGRAPHIC,,,6,15,-1
talkie-base,restricted,rod,False,eod,DERIVATIONAL,,undated,3,18,1
talkie-base,restricted,rod,False,kod,DERIVATIONAL,,undated,3,18,1
talkie-base,restricted,rod,False,roa,ORTHOGRAPHIC,,,3,18,1
talkie-base,restricted,rod,False,rodd,ORTHOGRAPHIC,,,3,18,3
talkie-base,restricted,romantic,False,romantical,ORTHOGRAPHIC,,,8,32,1
talkie-base,restricted,romantic,False,romantie,ORTHOGRAPHIC,,,8,32,1
talkie-base,restricted,round,False,rounde,ORTHOGRAPHIC,,,5,75,22
talkie-base,restricted,round,False,roun,ORTHOGRAPHIC,,,5,75,22
talkie-base,restricted,round,False,roun,ORTHOGRAPHIC,,,5,75,1
talkie-base,restricted,round,False,rond,ORTHOGRAPHIC,,,5,75,2
talkie-base,restricted,round,False,roun,ORTHOGRAPHIC,,,5,75,2
talkie-base,restricted,round,False,aronnd,INFLECTION,,,5,75,1
talkie-base,restricted,round,False,ronnd,ORTHOGRAPHIC,,,5,75,1
talkie-base,restricted,round,False,ronnd,ORTHOGRAPHIC,,,5,75,1
talkie-base,restricted,round,False,roun,ORTHOGRAPHIC,,,5,75,1
talkie-base,restricted,round,False,rouud,ORTHOGRAPHIC,,,5,75,1
talkie-base,restricted,round,False,roand,ORTHOGRAPHIC,,,5,75,1
talkie-base,restricted,royal,False,royall,ORTHOGRAPHIC,,,5,48,8
talkie-base,restricted,royal,False,royales,ORTHOGRAPHIC,,,5,48,2
talkie-base,restricted,royal,False,royall,ORTHOGRAPHIC,,,5,48,4
talkie-base,restricted,royal,False,royail,ORTHOGRAPHIC,,,5,48,4
talkie-base,restricted,ruler,False,ruleth,ORTHOGRAPHIC,,,5,3,-1
talkie-base,restricted,sacrifice,False,sacrifises,ORTHOGRAPHIC,,,9,30,10
talkie-base,restricted,sacrifice,False,sacrifyse,ORTHOGRAPHIC,,,9,30,10
talkie-base,restricted,sad,False,ſad,ORTHOGRAPHIC,,,3,35,1
talkie-base,restricted,sad,False,ſad,ORTHOGRAPHIC,,,3,35,2
talkie-base,restricted,sake,False,sakes,ORTHOGRAPHIC,,,4,41,1
talkie-base,restricted,sake,False,sak,ORTHOGRAPHIC,,,4,41,1
talkie-base,restricted,sake,False,ſake,ORTHOGRAPHIC,,,4,41,1
talkie-base,restricted,sake,False,sakes,ORTHOGRAPHIC,,,4,41,1
talkie-base,restricted,sake,False,ſake,ORTHOGRAPHIC,,,4,41,1
talkie-base,restricted,sake,False,sakes,ORTHOGRAPHIC,,,4,41,5
talkie-base,restricted,sake,False,sak,ORTHOGRAPHIC,,,4,41,1
talkie-base,restricted,sake,False,ſake,ORTHOGRAPHIC,,,4,41,1
talkie-base,restricted,sake,False,sak,ORTHOGRAPHIC,,,4,41,1
talkie-base,restricted,sake,False,sayke,ORTHOGRAPHIC,,,4,41,1
talkie-base,restricted,sake,False,saake,ORTHOGRAPHIC,,,4,41,1
talkie-base,restricted,sake,False,sakk,ORTHOGRAPHIC,,,4,41,1
talkie-base,restricted,sake,False,ſake,ORTHOGRAPHIC,,,4,41,1
talkie-base,restricted,sake,False,sak,ORTHOGRAPHIC,,,4,41,2
talkie-base,restricted,scale,False,scalie,ORTHOGRAPHIC,,,5,60,2
talkie-base,restricted,scale,False,scaie,ORTHOGRAPHIC,,,5,60,1
talkie-base,restricted,score,False,ſcore,ORTHOGRAPHIC,,,5,66,10
talkie-base,restricted,score,False,fcore,DERIVATIONAL,,undated,5,66,10
talkie-base,restricted,shallow,False,shallowes,ORTHOGRAPHIC,,,7,14,-1
talkie-base,restricted,sheep,False,sheepe,ORTHOGRAPHIC,,,5,23,2
talkie-base,restricted,sheep,False,sheeps,ORTHOGRAPHIC,,,5,23,2
talkie-base,restricted,sheep,False,ſheepe,ORTHOGRAPHIC,,,5,23,2
talkie-base,restricted,sheep,False,shee,ORTHOGRAPHIC,,,5,23,2
talkie-base,restricted,sheep,False,ſheep,ORTHOGRAPHIC,,,5,23,2
talkie-base,restricted,sheep,False,fheep,DERIVATIONAL,,undated,5,23,2
talkie-base,restricted,sheep,False,sheepc,ORTHOGRAPHIC,,,5,23,2
talkie-base,restricted,sheep,False,shcepe,ORTHOGRAPHIC,,,5,23,2
talkie-base,restricted,shoe,False,ſhoe,ORTHOGRAPHIC,,,4,14,35
talkie-base,restricted,shoe,False,snoe,ORTHOGRAPHIC,,,4,14,1
talkie-base,restricted,shot,False,shotte,ORTHOGRAPHIC,,,4,113,1
talkie-base,restricted,shot,False,shott,ORTHOGRAPHIC,,,4,113,1
talkie-base,restricted,sink,False,stingk,ORTHOGRAPHIC,,,4,23,11
talkie-base,restricted,sink,False,swink,ORTHOGRAPHIC,,,4,23,1
talkie-base,restricted,sink,False,sinke,ORTHOGRAPHIC,,,4,23,1
talkie-base,restricted,sink,False,ſink,ORTHOGRAPHIC,,,4,23,10
talkie-base,restricted,slavery,False,slauery,ORTHOGRAPHIC,,,7,33,1
talkie-base,restricted,slide,False,ſlide,ORTHOGRAPHIC,,,5,20,1
talkie-base,restricted,slide,False,slippe,ORTHOGRAPHIC,,,5,20,1
talkie-base,restricted,smoke,False,smoake,ORTHOGRAPHIC,,,5,41,3
talkie-base,restricted,smoke,False,smoake,ORTHOGRAPHIC,,,5,41,5
talkie-base,restricted,so-called,False,socalled,ORTHOGRAPHIC,,,9,32,-1
talkie-base,restricted,sole,False,aole,DERIVATIONAL,,undated,4,18,1
talkie-base,restricted,split,False,ſplit,ORTHOGRAPHIC,,,5,30,1
talkie-base,restricted,split,False,fplit,DERIVATIONAL,,undated,5,30,1
talkie-base,restricted,split,False,splitt,ORTHOGRAPHIC,,,5,30,1
talkie-base,restricted,split,False,splir,ORTHOGRAPHIC,,,5,30,1
talkie-base,restricted,spouse,False,spowse,ORTHOGRAPHIC,,,6,3,1
talkie-base,restricted,square,False,ſquare,ORTHOGRAPHIC,,,6,143,4
talkie-base,restricted,square,False,fquare,DERIVATIONAL,,undated,6,143,4
talkie-base,restricted,stand,False,ſtand,ORTHOGRAPHIC,,,5,148,1
talkie-base,restricted,stand,False,ftand,DERIVATIONAL,,undated,5,148,1
talkie-base,restricted,stand,False,standi,ORTHOGRAPHIC,,,5,148,1
talkie-base,restricted,stand,False,staud,ORTHOGRAPHIC,,,5,148,1
talkie-base,restricted,steal,False,steale,ORTHOGRAPHIC,,,5,5,2
talkie-base,restricted,steal,False,stealc,ORTHOGRAPHIC,,,5,5,2
talkie-base,restricted,steal,False,stealet,ORTHOGRAPHIC,,,5,5,2
talkie-base,restricted,steal,False,stea,ORTHOGRAPHIC,,,5,5,1
talkie-base,restricted,stem,False,ſtem,ORTHOGRAPHIC,,,4,30,2
talkie-base,restricted,stem,False,ftem,DERIVATIONAL,,undated,4,30,2
talkie-base,restricted,stem,False,tem,DERIVATIONAL,,undated,4,30,2
talkie-base,restricted,stir,False,stirre,ORTHOGRAPHIC,,,4,7,1
talkie-base,restricted,stir,False,stire,ORTHOGRAPHIC,,,4,7,1
talkie-base,restricted,stir,False,ster,ORTHOGRAPHIC,,,4,7,1
talkie-base,restricted,stomach,False,stomacke,ORTHOGRAPHIC,,,7,37,3
talkie-base,restricted,stomach,False,stomack,ORTHOGRAPHIC,,,7,37,3
talkie-base,restricted,stomach,False,stomache,ORTHOGRAPHIC,,,7,37,3
talkie-base,restricted,stomach,False,stomake,ORTHOGRAPHIC,,,7,37,3
talkie-base,restricted,stomach,False,stomachy,ORTHOGRAPHIC,,,7,37,1
talkie-base,restricted,stomach,False,stomacli,ORTHOGRAPHIC,,,7,37,1
talkie-base,restricted,stomach,False,atomach,DERIVATIONAL,,undated,7,37,1
talkie-base,restricted,stomach,False,stomacb,ORTHOGRAPHIC,,,7,37,1
talkie-base,restricted,stop,False,stoppe,ORTHOGRAPHIC,,,4,120,1
talkie-base,restricted,stop,False,stope,ORTHOGRAPHIC,,,4,120,1
talkie-base,restricted,stop,False,stopp,ORTHOGRAPHIC,,,4,120,1
talkie-base,restricted,stop,False,stople,ORTHOGRAPHIC,,,4,120,1
talkie-base,restricted,stop,False,stoi,ORTHOGRAPHIC,,,4,120,1
talkie-base,restricted,stop,False,sto,ORTHOGRAPHIC,,,4,120,1
talkie-base,restricted,stop,False,stoy,ORTHOGRAPHIC,,,4,120,1
talkie-base,restricted,stop,False,stopps,ORTHOGRAPHIC,,,4,120,3
talkie-base,restricted,stop,False,stopi,ORTHOGRAPHIC,,,4,120,3
talkie-base,restricted,stop,False,ſtop,ORTHOGRAPHIC,,,4,120,4
talkie-base,restricted,stop,False,ftop,DERIVATIONAL,,undated,4,120,4
talkie-base,restricted,stop,False,stoppe,ORTHOGRAPHIC,,,4,120,4
talkie-base,restricted,stranger,False,strainger,ORTHOGRAPHIC,,,8,40,1
talkie-base,restricted,stranger,False,straunger,ORTHOGRAPHIC,,,8,40,1
talkie-base,restricted,stranger,False,stanger,ORTHOGRAPHIC,,,8,40,1
talkie-base,restricted,stranger,False,strauger,ORTHOGRAPHIC,,,8,40,1
talkie-base,restricted,stranger,False,strangér,ORTHOGRAPHIC,,,8,40,1
talkie-base,restricted,stranger,False,atranger,DERIVATIONAL,,undated,8,40,1
talkie-base,restricted,stranger,False,strauger,ORTHOGRAPHIC,,,8,40,1
talkie-base,restricted,stranger,False,etranger,DERIVATIONAL,,undated,8,40,1
talkie-base,restricted,stranger,False,stanger,ORTHOGRAPHIC,,,8,40,1
talkie-base,restricted,strictly,False,straitly,ORTHOGRAPHIC,,,8,33,1
talkie-base,restricted,strictly,False,straightly,DERIVATIONAL,,undated,8,33,1
talkie-base,restricted,strictly,False,streightly,DERIVATIONAL,,undated,8,33,1
talkie-base,restricted,strive,False,striue,ORTHOGRAPHIC,,,6,7,1
talkie-base,restricted,strive,False,striye,ORTHOGRAPHIC,,,6,7,1
talkie-base,restricted,stuff,False,stuffe,ORTHOGRAPHIC,,,5,32,4
talkie-base,restricted,stuff,False,stuf,ORTHOGRAPHIC,,,5,32,4
talkie-base,restricted,stuff,False,stufe,ORTHOGRAPHIC,,,5,32,4
talkie-base,restricted,stuff,False,stufle,ORTHOGRAPHIC,,,5,32,4
talkie-base,restricted,stuff,False,stufte,ORTHOGRAPHIC,,,5,32,4
talkie-base,restricted,stuff,False,stuffe,ORTHOGRAPHIC,,,5,32,4
talkie-base,restricted,stuff,False,stuffe,ORTHOGRAPHIC,,,5,32,2
talkie-base,restricted,stuff,False,stuf,ORTHOGRAPHIC,,,5,32,2
talkie-base,restricted,stuff,False,stuffe,ORTHOGRAPHIC,,,5,32,2
talkie-base,restricted,stuff,False,stufe,ORTHOGRAPHIC,,,5,32,2
talkie-base,restricted,stuff,False,ſtuffe,ORTHOGRAPHIC,,,5,32,2
talkie-base,restricted,stuff,False,stuf,ORTHOGRAPHIC,,,5,32,2
talkie-base,restricted,stuff,False,steffe,ORTHOGRAPHIC,,,5,32,2
talkie-base,restricted,stuff,False,stoffe,ORTHOGRAPHIC,,,5,32,2
talkie-base,restricted,stuff,False,stuffet,ORTHOGRAPHIC,,,5,32,2
talkie-base,restricted,stuff,False,stuife,ORTHOGRAPHIC,,,5,32,2
talkie-base,restricted,stuff,False,stuf,ORTHOGRAPHIC,,,5,32,1
talkie-base,restricted,stuff,False,stujf,ORTHOGRAPHIC,,,5,32,1
talkie-base,restricted,stuff,False,stuf,ORTHOGRAPHIC,,,5,32,1
talkie-base,restricted,stuff,False,stuif,ORTHOGRAPHIC,,,5,32,1
talkie-base,restricted,stuff,False,stuffe,ORTHOGRAPHIC,,,5,32,8
talkie-base,restricted,stuff,False,stuf,ORTHOGRAPHIC,,,5,32,8
talkie-base,restricted,subtle,False,suttle,ORTHOGRAPHIC,,,6,25,24
talkie-base,restricted,subtle,False,subtile,ORTHOGRAPHIC,,,6,25,24
talkie-base,restricted,subtle,False,subtare,ORTHOGRAPHIC,,,6,25,24
talkie-base,restricted,subtle,False,sutile,ORTHOGRAPHIC,,,6,25,24
talkie-base,restricted,succession,False,succeffion,ORTHOGRAPHIC,,,10,25,1
talkie-base,restricted,succession,False,succeſſion,ORTHOGRAPHIC,,,10,25,1
talkie-base,restricted,suspend,False,suspendid,ORTHOGRAPHIC,,,7,3,15
talkie-base,restricted,suspend,False,suspende,ORTHOGRAPHIC,,,7,3,15
talkie-base,restricted,sweet,False,sweete,ORTHOGRAPHIC,,,5,69,1
talkie-base,restricted,sweet,False,sveet,ORTHOGRAPHIC,,,5,69,1
talkie-base,restricted,sweet,False,swect,ORTHOGRAPHIC,,,5,69,1
talkie-base,restricted,sword,False,swerd,ORTHOGRAPHIC,,,5,7,1
talkie-base,restricted,sword,False,fword,DERIVATIONAL,,undated,5,7,1
talkie-base,restricted,sword,False,ſword,ORTHOGRAPHIC,,,5,7,1
talkie-base,restricted,sword,False,swerd,ORTHOGRAPHIC,,,5,7,1
talkie-base,restricted,sword,False,swor,ORTHOGRAPHIC,,,5,7,1
talkie-base,restricted,sword,False,ſword,ORTHOGRAPHIC,,,5,7,1
talkie-base,restricted,sword,False,swurd,ORTHOGRAPHIC,,,5,7,1
talkie-base,restricted,sword,False,swerd,ORTHOGRAPHIC,,,5,7,1
talkie-base,restricted,tail,False,taile,ORTHOGRAPHIC,,,4,24,1
talkie-base,restricted,tail,False,tatl,ORTHOGRAPHIC,,,4,24,1
talkie-base,restricted,tail,False,tailings,ORTHOGRAPHIC,,,4,24,3
talkie-base,restricted,tail,False,tayl,ORTHOGRAPHIC,,,4,24,3
talkie-base,restricted,tail,False,taile,ORTHOGRAPHIC,,,4,24,3
talkie-base,restricted,tail,False,taile,ORTHOGRAPHIC,,,4,24,5
talkie-base,restricted,tail,False,tailes,ORTHOGRAPHIC,,,4,24,5
talkie-base,restricted,tail,False,taille,ORTHOGRAPHIC,,,4,24,5
talkie-base,restricted,talent,False,talente,ORTHOGRAPHIC,,,6,40,2
talkie-base,restricted,talent,False,tallents,ORTHOGRAPHIC,,,6,40,2
talkie-base,restricted,talent,False,talonts,ORTHOGRAPHIC,,,6,40,2
talkie-base,restricted,tea,False,tes,ORTHOGRAPHIC,,,3,29,1
talkie-base,restricted,thesis,False,thcsis,ORTHOGRAPHIC,,,6,10,1
talkie-base,restricted,thesis,False,tkesis,ORTHOGRAPHIC,,,6,10,1
talkie-base,restricted,thesis,False,thensis,ORTHOGRAPHIC,,,6,10,1
talkie-base,restricted,thou,False,thoues,ORTHOGRAPHIC,,,4,14,2
talkie-base,restricted,thou,False,thos,ORTHOGRAPHIC,,,4,14,2
talkie-base,restricted,thou,False,thouing,ORTHOGRAPHIC,,,4,14,2
talkie-base,restricted,thou,False,thouss,ORTHOGRAPHIC,,,4,14,2
talkie-base,restricted,threshold,False,threshhold,ORTHOGRAPHIC,,,9,15,1
talkie-base,restricted,tolerance,False,tolerence,ORTHOGRAPHIC,,,9,9,1
talkie-base,restricted,tour,False,tourne,ORTHOGRAPHIC,,,4,43,14
talkie-base,restricted,trace,False,traoe,ORTHOGRAPHIC,,,5,23,1
talkie-base,restricted,trace,False,traee,ORTHOGRAPHIC,,,5,23,1
talkie-base,restricted,tragedy,False,tragedie,ORTHOGRAPHIC,,,7,49,2
talkie-base,restricted,trail,False,traile,ORTHOGRAPHIC,,,5,31,27
talkie-base,restricted,trust,False,trist,ORTHOGRAPHIC,,,5,52,1
talkie-base,restricted,trust,False,trast,ORTHOGRAPHIC,,,5,52,1
talkie-base,restricted,trust,False,traist,ORTHOGRAPHIC,,,5,52,1
talkie-base,restricted,trust,False,tryist,ORTHOGRAPHIC,,,5,52,1
talkie-base,restricted,trust,False,trustit,ORTHOGRAPHIC,,,5,52,1
talkie-base,restricted,trust,False,trustid,ORTHOGRAPHIC,,,5,52,76
talkie-base,restricted,trust,False,frust,DERIVATIONAL,,undated,5,52,76
talkie-base,restricted,twin,False,twinsy,ORTHOGRAPHIC,,,4,7,4
talkie-base,restricted,twin,False,twi,ORTHOGRAPHIC,,,4,7,4
talkie-base,restricted,twin,False,twi,ORTHOGRAPHIC,,,4,7,1
talkie-base,restricted,twin,False,twia,ORTHOGRAPHIC,,,4,7,1
talkie-base,restricted,uncertainty,False,incertainty,DERIVATIONAL,,undated,11,17,1
talkie-base,restricted,unite,False,unire,ORTHOGRAPHIC,,,5,10,1
talkie-base,restricted,unite,False,unice,ORTHOGRAPHIC,,,5,10,1
talkie-base,restricted,unlike,False,imlike,DERIVATIONAL,,undated,6,42,1
talkie-base,restricted,unlike,False,tmlike,DERIVATIONAL,,undated,6,42,1
talkie-base,restricted,unlike,False,unlihe,ORTHOGRAPHIC,,,6,42,1
talkie-base,restricted,unlike,False,unhke,ORTHOGRAPHIC,,,6,42,1
talkie-base,restricted,unlike,False,unlikes,ORTHOGRAPHIC,,,6,42,2
talkie-base,restricted,unlike,False,unhke,ORTHOGRAPHIC,,,6,42,2
talkie-base,restricted,unlike,False,unlkes,ORTHOGRAPHIC,,,6,42,2
talkie-base,restricted,unlikely,False,imlikely,DERIVATIONAL,,undated,8,21,1
talkie-base,restricted,unlikely,False,unlikel,ORTHOGRAPHIC,,,8,21,1
talkie-base,restricted,unlikely,False,unlikly,ORTHOGRAPHIC,,,8,21,1
talkie-base,restricted,upward,False,vpward,DERIVATIONAL,,undated,6,27,2
talkie-base,restricted,upward,False,vpwards,DERIVATIONAL,,undated,6,27,2
talkie-base,restricted,van,False,vant,ORTHOGRAPHIC,,,3,32,2
talkie-base,restricted,van,False,vau,ORTHOGRAPHIC,,,3,32,1
talkie-base,restricted,variance,False,varianee,ORTHOGRAPHIC,,,8,1,1
talkie-base,restricted,vein,False,veines,ORTHOGRAPHIC,,,4,25,6
talkie-base,restricted,vein,False,veine,ORTHOGRAPHIC,,,4,25,6
talkie-base,restricted,vein,False,veines,ORTHOGRAPHIC,,,4,25,2
talkie-base,restricted,vein,False,veines,ORTHOGRAPHIC,,,4,25,17
talkie-base,restricted,vein,False,veines,ORTHOGRAPHIC,,,4,25,40
talkie-base,restricted,verb,False,verbe,ORTHOGRAPHIC,,,4,4,2
talkie-base,restricted,wake,False,waxe,ORTHOGRAPHIC,,,4,23,-1
talkie-base,restricted,walk,False,walke,ORTHOGRAPHIC,,,4,100,2
talkie-base,restricted,walk,False,walke,ORTHOGRAPHIC,,,4,100,3
talkie-base,restricted,walk,False,walkc,ORTHOGRAPHIC,,,4,100,3
talkie-base,restricted,walk,False,walke,ORTHOGRAPHIC,,,4,100,2
talkie-base,restricted,walk,False,walkes,ORTHOGRAPHIC,,,4,100,-1
talkie-base,restricted,walk,False,walke,ORTHOGRAPHIC,,,4,100,2
talkie-base,restricted,wet,False,wett,ORTHOGRAPHIC,,,3,53,1
talkie-base,restricted,wet,False,weet,ORTHOGRAPHIC,,,3,53,1
talkie-base,restricted,wet,False,wete,ORTHOGRAPHIC,,,3,53,1
talkie-base,restricted,wet,False,wete,ORTHOGRAPHIC,,,3,53,2
talkie-base,restricted,wet,False,weit,ORTHOGRAPHIC,,,3,53,2
talkie-base,restricted,wet,False,weet,ORTHOGRAPHIC,,,3,53,2
talkie-base,restricted,wet,False,wete,ORTHOGRAPHIC,,,3,53,1
talkie-base,restricted,wet,False,wel,ORTHOGRAPHIC,,,3,53,1
talkie-base,restricted,wet,False,wct,ORTHOGRAPHIC,,,3,53,1
talkie-base,restricted,wet,False,wef,ORTHOGRAPHIC,,,3,53,1
talkie-base,restricted,wet,False,wete,ORTHOGRAPHIC,,,3,53,1
talkie-base,restricted,wet,False,wel,ORTHOGRAPHIC,,,3,53,1
talkie-base,restricted,wet,False,weet,ORTHOGRAPHIC,,,3,53,1
talkie-base,restricted,wet,False,wete,ORTHOGRAPHIC,,,3,53,10
talkie-base,restricted,wet,False,wett,ORTHOGRAPHIC,,,3,53,10
talkie-base,restricted,wet,False,wel,ORTHOGRAPHIC,,,3,53,-1
talkie-base,restricted,wet,False,wel,ORTHOGRAPHIC,,,3,53,48
talkie-base,restricted,wheat,False,wheate,ORTHOGRAPHIC,,,5,9,1
talkie-base,restricted,wheat,False,wheatc,ORTHOGRAPHIC,,,5,9,1
talkie-base,restricted,wheat,False,whear,ORTHOGRAPHIC,,,5,9,1
talkie-base,restricted,wheat,False,wheats,ORTHOGRAPHIC,,,5,9,1
talkie-base,restricted,while,False,whyle,ORTHOGRAPHIC,,,5,680,3
talkie-base,restricted,while,False,whylle,ORTHOGRAPHIC,,,5,680,3
talkie-base,restricted,width,False,widtli,ORTHOGRAPHIC,,,5,14,1
talkie-base,restricted,width,False,avidth,DERIVATIONAL,,undated,5,14,1
talkie-base,restricted,wonder,False,wondcr,ORTHOGRAPHIC,,,6,67,1
talkie-base,restricted,wonder,False,wonderl,ORTHOGRAPHIC,,,6,67,1
talkie-base,restricted,wonder,False,wouder,ORTHOGRAPHIC,,,6,67,1
talkie-base,restricted,wonder,False,wunder,ORTHOGRAPHIC,,,6,67,1
talkie-base,restricted,wonder,False,wunder,ORTHOGRAPHIC,,,6,67,1
talkie-base,restricted,wonder,False,wondur,ORTHOGRAPHIC,,,6,67,1
talkie-base,restricted,wonder,False,wondir,ORTHOGRAPHIC,,,6,67,1
talkie-base,restricted,wonder,False,wondre,ORTHOGRAPHIC,,,6,67,1
talkie-base,restricted,wonder,False,wunder,ORTHOGRAPHIC,,,6,67,1
talkie-base,restricted,wonder,False,wondere,ORTHOGRAPHIC,,,6,67,1
talkie-base,restricted,wonder,False,wouder,ORTHOGRAPHIC,,,6,67,1
talkie-base,restricted,wooden,False,woodden,ORTHOGRAPHIC,,,6,50,1
talkie-base,restricted,worship,False,maistership,DERIVATIONAL,,undated,7,36,1
talkie-base,restricted,worship,False,worshippe,ORTHOGRAPHIC,,,7,36,1
talkie-base,restricted,worship,False,worshipe,ORTHOGRAPHIC,,,7,36,1
talkie-base,restricted,worthy,False,worthye,ORTHOGRAPHIC,,,6,28,1
talkie-base,restricted,worthy,False,worthe,ORTHOGRAPHIC,,,6,28,1
talkie-base,restricted,worthy,False,worthi,ORTHOGRAPHIC,,,6,28,1
talkie-base,restricted,worthy,False,wurthy,ORTHOGRAPHIC,,,6,28,1
talkie-base,restricted,worthy,False,worthv,ORTHOGRAPHIC,,,6,28,1
talkie-base,restricted,wound,False,woundes,ORTHOGRAPHIC,,,5,28,4
talkie-base,restricted,wound,False,wonnd,ORTHOGRAPHIC,,,5,28,1
talkie-base,restricted,wound,False,weund,ORTHOGRAPHIC,,,5,28,1
talkie-base,restricted,wound,False,ound,DERIVATIONAL,,undated,5,28,1
talkie-base,restricted,wound,False,woun,ORTHOGRAPHIC,,,5,28,1
talkie-base,restricted,wound,False,woand,ORTHOGRAPHIC,,,5,28,1
talkie-base,restricted,wound,False,woundis,ORTHOGRAPHIC,,,5,28,-1
talkie-base,restricted,wrap,False,wrappe,ORTHOGRAPHIC,,,4,5,-1
talkie-base,restricted,wrap,False,wrappe,ORTHOGRAPHIC,,,4,5,-1
talkie-base,restricted,wrap,False,wrappt,ORTHOGRAPHIC,,,4,5,28
talkie-base,restricted,wrap,False,wrapte,ORTHOGRAPHIC,,,4,5,28
talkie-base,restricted,wrap,False,wrappe,ORTHOGRAPHIC,,,4,5,1
talkie-base,restricted,abdominal,False,abdomi,ORTHOGRAPHIC,,,9,4,1
talkie-base,restricted,accommodation,False,accomodation,ORTHOGRAPHIC,,,13,1,1
talkie-base,restricted,accommodation,False,accommoda,ORTHOGRAPHIC,,,13,1,1
talkie-base,restricted,adhere,False,adliere,ORTHOGRAPHIC,,,6,4,1
talkie-base,restricted,adhere,False,adhe,ORTHOGRAPHIC,,,6,4,1
talkie-base,restricted,adhere,False,adher,ORTHOGRAPHIC,,,6,4,1
talkie-base,restricted,affinity,False,affinitie,ORTHOGRAPHIC,,,8,5,2
talkie-base,restricted,affinity,False,affinitie,ORTHOGRAPHIC,,,8,5,1
talkie-base,restricted,alarm,False,alarme,ORTHOGRAPHIC,,,5,16,3
talkie-base,restricted,alarm,False,allarum,ORTHOGRAPHIC,,,5,16,3
talkie-base,restricted,alarm,False,allarme,ORTHOGRAPHIC,,,5,16,3
talkie-base,restricted,alarm,False,alarmes,ORTHOGRAPHIC,,,5,16,3
talkie-base,restricted,alarm,False,alarme,ORTHOGRAPHIC,,,5,16,1
talkie-base,restricted,alarm,False,allarum,ORTHOGRAPHIC,,,5,16,1
talkie-base,restricted,alarm,False,allarms,ORTHOGRAPHIC,,,5,16,10
talkie-base,restricted,alarm,False,alarmes,ORTHOGRAPHIC,,,5,16,10
talkie-base,restricted,ambiguity,False,ambigu,ORTHOGRAPHIC,,,9,11,-1
talkie-base,restricted,analogous,False,anologous,ORTHOGRAPHIC,,,9,8,1
talkie-base,restricted,analogous,False,analogows,ORTHOGRAPHIC,,,9,8,1
talkie-base,restricted,arch,False,arche,ORTHOGRAPHIC,,,4,13,1
talkie-base,restricted,arch,False,arcb,ORTHOGRAPHIC,,,4,13,1
talkie-base,restricted,arrest,False,encrest,DERIVATIONAL,,undated,6,19,3
talkie-base,restricted,assault,False,assult,ORTHOGRAPHIC,,,7,15,1
talkie-base,restricted,assault,False,assualt,ORTHOGRAPHIC,,,7,15,1
talkie-base,restricted,assault,False,assanlt,ORTHOGRAPHIC,,,7,15,1
talkie-base,restricted,assault,False,assaut,ORTHOGRAPHIC,,,7,15,1
talkie-base,restricted,assault,False,assalt,ORTHOGRAPHIC,,,7,15,1
talkie-base,restricted,audit,False,audite,ORTHOGRAPHIC,,,5,4,1
talkie-base,restricted,audit,False,auditt,ORTHOGRAPHIC,,,5,4,1
talkie-base,restricted,audit,False,andit,ORTHOGRAPHIC,,,5,4,1
talkie-base,restricted,aunt,False,aunties,ORTHOGRAPHIC,,,4,22,6
talkie-base,restricted,authentic,False,authentick,ORTHOGRAPHIC,,,9,20,2
talkie-base,restricted,bean,False,beansl,ORTHOGRAPHIC,,,4,5,39
talkie-base,restricted,bean,False,beana,ORTHOGRAPHIC,,,4,5,39
talkie-base,restricted,beast,False,beaſt,ORTHOGRAPHIC,,,5,7,1
talkie-base,restricted,beast,False,beaste,ORTHOGRAPHIC,,,5,7,1
talkie-base,restricted,beast,False,beaft,ORTHOGRAPHIC,,,5,7,1
talkie-base,restricted,beast,False,beas,ORTHOGRAPHIC,,,5,7,1
talkie-base,restricted,beast,False,heast,DERIVATIONAL,,undated,5,7,1
talkie-base,restricted,beast,False,beaſte,ORTHOGRAPHIC,,,5,7,1
talkie-base,restricted,bench,False,benche,ORTHOGRAPHIC,,,5,35,21
talkie-base,restricted,bench,False,benche,ORTHOGRAPHIC,,,5,35,1
talkie-base,restricted,bench,False,beneh,ORTHOGRAPHIC,,,5,35,1
talkie-base,restricted,bench,False,bencli,ORTHOGRAPHIC,,,5,35,1
talkie-base,restricted,bench,False,beuch,ORTHOGRAPHIC,,,5,35,1
talkie-base,restricted,bench,False,beuch,ORTHOGRAPHIC,,,5,35,1
talkie-base,restricted,bench,False,benche,ORTHOGRAPHIC,,,5,35,1
talkie-base,restricted,bench,False,beneh,ORTHOGRAPHIC,,,5,35,1
talkie-base,restricted,betray,False,betrav,ORTHOGRAPHIC,,,6,4,1
talkie-base,restricted,betray,False,betra,ORTHOGRAPHIC,,,6,4,1
talkie-base,restricted,betray,False,betrsy,ORTHOGRAPHIC,,,6,4,1
talkie-base,restricted,betray,False,betrav,ORTHOGRAPHIC,,,6,4,1
talkie-base,restricted,betray,False,betiay,ORTHOGRAPHIC,,,6,4,1
talkie-base,restricted,betray,False,betra,ORTHOGRAPHIC,,,6,4,1
talkie-base,restricted,boil,False,boile,ORTHOGRAPHIC,,,4,12,20
talkie-base,restricted,boil,False,boyl,ORTHOGRAPHIC,,,4,12,1
talkie-base,restricted,boil,False,boile,ORTHOGRAPHIC,,,4,12,1
talkie-base,restricted,bow,False,bew,ORTHOGRAPHIC,,,3,15,1
talkie-base,restricted,bow,False,bov,ORTHOGRAPHIC,,,3,15,1
talkie-base,restricted,breathing,False,breathynge,ORTHOGRAPHIC,,,9,21,8
talkie-base,restricted,breathing,False,brethyng,ORTHOGRAPHIC,,,9,21,8
talkie-base,restricted,bride,False,brid,ORTHOGRAPHIC,,,5,33,1
talkie-base,restricted,bride,False,bridej,ORTHOGRAPHIC,,,5,33,1
talkie-base,restricted,broken,False,brokenly,ORTHOGRAPHIC,,,6,63,1
talkie-base,restricted,broken,False,brokenray,ORTHOGRAPHIC,,,6,63,1
talkie-base,restricted,bullet,False,bulletts,ORTHOGRAPHIC,,,6,28,7
talkie-base,restricted,bullet,False,bullett,ORTHOGRAPHIC,,,6,28,7
talkie-base,restricted,bush,False,buſh,ORTHOGRAPHIC,,,4,14,1
talkie-base,restricted,bush,False,bushe,ORTHOGRAPHIC,,,4,14,1
talkie-base,restricted,bush,False,busshe,ORTHOGRAPHIC,,,4,14,1
talkie-base,restricted,bush,False,bussh,ORTHOGRAPHIC,,,4,14,1
talkie-base,restricted,bush,False,buch,ORTHOGRAPHIC,,,4,14,1
talkie-base,restricted,bush,False,buſh,ORTHOGRAPHIC,,,4,14,1
talkie-base,restricted,bush,False,bufh,ORTHOGRAPHIC,,,4,14,1
talkie-base,restricted,bush,False,bujh,ORTHOGRAPHIC,,,4,14,1
talkie-base,restricted,bush,False,busb,ORTHOGRAPHIC,,,4,14,1
talkie-base,restricted,bush,False,bushe,ORTHOGRAPHIC,,,4,14,7
talkie-base,restricted,bush,False,buſh,ORTHOGRAPHIC,,,4,14,3
talkie-base,restricted,calendar,False,kalendar,DERIVATIONAL,,undated,8,28,1
talkie-base,restricted,candle,False,andles,DERIVATIONAL,,undated,6,18,4
talkie-base,restricted,candle,False,caudles,ORTHOGRAPHIC,,,6,18,4
talkie-base,restricted,candle,False,gandles,DERIVATIONAL,,undated,6,18,4
talkie-base,restricted,casual,False,casuall,ORTHOGRAPHIC,,,6,22,2
talkie-base,restricted,casual,False,easuall,DERIVATIONAL,,undated,6,22,2
talkie-base,restricted,casual,False,cassuall,ORTHOGRAPHIC,,,6,22,2
talkie-base,restricted,casual,False,caſuall,ORTHOGRAPHIC,,,6,22,2
talkie-base,restricted,casual,False,casualtie,ORTHOGRAPHIC,,,6,22,2
talkie-base,restricted,casual,False,castuall,ORTHOGRAPHIC,,,6,22,2
talkie-base,restricted,casual,False,causuall,ORTHOGRAPHIC,,,6,22,2
talkie-base,restricted,charity,False,charitie,ORTHOGRAPHIC,,,7,8,1
talkie-base,restricted,charm,False,charmes,ORTHOGRAPHIC,,,5,26,3
talkie-base,restricted,charm,False,charmea,ORTHOGRAPHIC,,,5,26,3
talkie-base,restricted,charm,False,charme,ORTHOGRAPHIC,,,5,26,3
talkie-base,restricted,charm,False,charmcs,ORTHOGRAPHIC,,,5,26,3
talkie-base,restricted,charm,False,charmee,ORTHOGRAPHIC,,,5,26,3
talkie-base,restricted,charm,False,charmos,ORTHOGRAPHIC,,,5,26,3
talkie-base,restricted,charm,False,charmis,ORTHOGRAPHIC,,,5,26,3
talkie-base,restricted,charm,False,eharm,DERIVATIONAL,,undated,5,26,1
talkie-base,restricted,charm,False,cliarm,ORTHOGRAPHIC,,,5,26,1
talkie-base,restricted,charm,False,chaim,ORTHOGRAPHIC,,,5,26,1
talkie-base,restricted,charm,False,eharm,DERIVATIONAL,,undated,5,26,1
talkie-base,restricted,cheese,False,chesses,ORTHOGRAPHIC,,,6,9,-1
talkie-base,restricted,clergy,False,cler,ORTHOGRAPHIC,,,6,12,1
talkie-base,restricted,cling,False,clinge,ORTHOGRAPHIC,,,5,6,1
talkie-base,restricted,coach,False,coaeh,ORTHOGRAPHIC,,,5,24,1
talkie-base,restricted,collar,False,coller,ORTHOGRAPHIC,,,6,17,1
talkie-base,restricted,collar,False,coler,ORTHOGRAPHIC,,,6,17,1
talkie-base,restricted,collar,False,collarino,ORTHOGRAPHIC,,,6,17,5
talkie-base,restricted,collar,False,collarin,ORTHOGRAPHIC,,,6,17,5
talkie-base,restricted,combat,False,combate,ORTHOGRAPHIC,,,6,27,1
talkie-base,restricted,combat,False,combatte,ORTHOGRAPHIC,,,6,27,1
talkie-base,restricted,combat,False,combatt,ORTHOGRAPHIC,,,6,27,1
talkie-base,restricted,combat,False,combate,ORTHOGRAPHIC,,,6,27,1
talkie-base,restricted,combat,False,combate,ORTHOGRAPHIC,,,6,27,1
talkie-base,restricted,comedy,False,comedie,ORTHOGRAPHIC,,,6,39,1
talkie-base,restricted,comedy,False,comed,ORTHOGRAPHIC,,,6,39,1
talkie-base,restricted,comedy,False,comedv,ORTHOGRAPHIC,,,6,39,1
talkie-base,restricted,comic,False,comie,ORTHOGRAPHIC,,,5,9,1
talkie-base,restricted,comic,False,comio,ORTHOGRAPHIC,,,5,9,1
talkie-base,restricted,commentary,False,commentarie,ORTHOGRAPHIC,,,10,8,1
talkie-base,restricted,commentary,False,comentarie,DERIVATIONAL,,undated,10,8,1
talkie-base,restricted,confess,False,confesse,ORTHOGRAPHIC,,,7,11,24
talkie-base,restricted,conform,False,conforme,ORTHOGRAPHIC,,,7,10,2
talkie-base,restricted,congregation,False,congregration,ORTHOGRAPHIC,,,12,47,1
talkie-base,restricted,congregation,False,congrega,ORTHOGRAPHIC,,,12,47,1
talkie-base,restricted,congregation,False,congreg,ORTHOGRAPHIC,,,12,47,1
talkie-base,restricted,contend,False,contende,ORTHOGRAPHIC,,,7,6,1
talkie-base,restricted,continent,False,continentes,ORTHOGRAPHIC,,,9,17,12
talkie-base,restricted,continent,False,continuents,ORTHOGRAPHIC,,,9,17,12
talkie-base,restricted,continent,False,continuers,DERIVATIONAL,,undated,9,17,12
talkie-base,restricted,convenience,False,conveniency,ORTHOGRAPHIC,,,11,19,4
talkie-base,restricted,convenience,False,conueniency,ORTHOGRAPHIC,,,11,19,4
talkie-base,restricted,convenience,False,conuenient,DERIVATIONAL,,undated,11,19,4
talkie-base,restricted,convenience,False,conuenience,ORTHOGRAPHIC,,,11,19,4
talkie-base,restricted,convenience,False,convenyence,ORTHOGRAPHIC,,,11,19,4
talkie-base,restricted,corruption,False,putrifaction,DERIVATIONAL,,undated,10,14,1
talkie-base,restricted,corruption,False,suspition,DERIVATIONAL,,undated,10,14,-1
talkie-base,restricted,counter,False,courtes,ORTHOGRAPHIC,,,7,31,49
talkie-base,restricted,counter,False,countours,DERIVATIONAL,,undated,7,31,49
talkie-base,restricted,creditor,False,creditour,ORTHOGRAPHIC,,,8,0,1
talkie-base,restricted,creditor,False,credytor,ORTHOGRAPHIC,,,8,0,1
talkie-base,restricted,creditor,False,creditur,ORTHOGRAPHIC,,,8,0,1
talkie-base,restricted,creditor,False,creditore,ORTHOGRAPHIC,,,8,0,1
talkie-base,restricted,creditor,False,credytour,ORTHOGRAPHIC,,,8,0,1
talkie-base,restricted,creditor,False,creaditor,ORTHOGRAPHIC,,,8,0,1
talkie-base,restricted,crown,False,crowne,ORTHOGRAPHIC,,,5,19,46
talkie-base,restricted,crown,False,crowne,ORTHOGRAPHIC,,,5,19,9
talkie-base,restricted,cry,False,crye,ORTHOGRAPHIC,,,3,48,2
talkie-base,restricted,cry,False,cri,ORTHOGRAPHIC,,,3,48,2
talkie-base,restricted,cure,False,eure,DERIVATIONAL,,undated,4,28,1
talkie-base,restricted,cure,False,cnre,ORTHOGRAPHIC,,,4,28,1
talkie-base,restricted,cure,False,oure,DERIVATIONAL,,undated,4,28,1
talkie-base,restricted,cure,False,eure,DERIVATIONAL,,undated,4,28,1
talkie-base,restricted,cure,False,curej,ORTHOGRAPHIC,,,4,28,1
talkie-base,restricted,cure,False,cuie,ORTHOGRAPHIC,,,4,28,1
talkie-base,restricted,curtain,False,curtam,ORTHOGRAPHIC,,,7,13,1
talkie-base,restricted,curtain,False,curtaiu,ORTHOGRAPHIC,,,7,13,1
talkie-base,restricted,decree,False,deeree,ORTHOGRAPHIC,,,6,3,1
talkie-base,restricted,decree,False,decrec,ORTHOGRAPHIC,,,6,3,1
talkie-base,restricted,decree,False,decret,ORTHOGRAPHIC,,,6,3,1
talkie-base,restricted,decree,False,deciee,ORTHOGRAPHIC,,,6,3,1
talkie-base,restricted,decree,False,decres,ORTHOGRAPHIC,,,6,3,1
talkie-base,restricted,decree,False,decre,ORTHOGRAPHIC,,,6,3,1
talkie-base,restricted,decree,False,decreet,ORTHOGRAPHIC,,,6,3,1
talkie-base,restricted,decree,False,decreo,ORTHOGRAPHIC,,,6,3,1
talkie-base,restricted,decree,False,decreé,ORTHOGRAPHIC,,,6,3,1
talkie-base,restricted,decree,False,decrec,ORTHOGRAPHIC,,,6,3,1
talkie-base,restricted,decree,False,deeree,ORTHOGRAPHIC,,,6,3,1
talkie-base,restricted,degradation,False,degradational,ORTHOGRAPHIC,,,11,2,1
talkie-base,restricted,degradation,False,degredation,ORTHOGRAPHIC,,,11,2,1
talkie-base,restricted,degradation,False,degradaticn,ORTHOGRAPHIC,,,11,2,1
talkie-base,restricted,degradation,False,degradatio,ORTHOGRAPHIC,,,11,2,1
talkie-base,restricted,delicate,False,delicates,ORTHOGRAPHIC,,,8,27,73
talkie-base,restricted,descent,False,desent,ORTHOGRAPHIC,,,7,11,1
talkie-base,restricted,descriptive,False,explicative,DERIVATIONAL,,undated,11,7,34
talkie-base,restricted,determinant,False,determinates,INFLECTION,,,11,1,40
talkie-base,restricted,devil,False,deyil,ORTHOGRAPHIC,,,5,25,1
talkie-base,restricted,devil,False,dewil,ORTHOGRAPHIC,,,5,25,1
talkie-base,restricted,diamond,False,diamant,ORTHOGRAPHIC,,,7,8,3
talkie-base,restricted,digit,False,digils,ORTHOGRAPHIC,,,5,1,2
talkie-base,restricted,digit,False,digiis,ORTHOGRAPHIC,,,5,1,2
talkie-base,restricted,digit,False,digiti,ORTHOGRAPHIC,,,5,1,2
talkie-base,restricted,digit,False,digifs,ORTHOGRAPHIC,,,5,1,2
talkie-base,restricted,digit,False,digita,ORTHOGRAPHIC,,,5,1,2
talkie-base,restricted,digit,False,digites,ORTHOGRAPHIC,,,5,1,21
talkie-base,restricted,digit,False,digets,ORTHOGRAPHIC,,,5,1,21
talkie-base,restricted,dirt,False,durt,ORTHOGRAPHIC,,,4,43,1
talkie-base,restricted,dirt,False,dyrt,ORTHOGRAPHIC,,,4,43,1
talkie-base,restricted,dirt,False,dirte,ORTHOGRAPHIC,,,4,43,1
talkie-base,restricted,disclose,False,unclose,DERIVATIONAL,,undated,8,9,3
talkie-base,restricted,distress,False,distres,ORTHOGRAPHIC,,,8,15,1
talkie-base,restricted,draw,False,diaw,ORTHOGRAPHIC,,,4,56,1
talkie-base,restricted,drum,False,drnm,ORTHOGRAPHIC,,,4,11,1
talkie-base,restricted,duct,False,ductus,ORTHOGRAPHIC,,,4,1,1
talkie-base,restricted,eager,False,eger,ORTHOGRAPHIC,,,5,27,1
talkie-base,restricted,eager,False,eacer,ORTHOGRAPHIC,,,5,27,1
talkie-base,restricted,eager,False,eagar,ORTHOGRAPHIC,,,5,27,1
talkie-base,restricted,em,False,emp,ORTHOGRAPHIC,,,2,4,2
talkie-base,restricted,embryo,False,embrio,ORTHOGRAPHIC,,,6,1,1
talkie-base,restricted,escape,False,esca,ORTHOGRAPHIC,,,6,65,1
talkie-base,restricted,even,False,eyen,ORTHOGRAPHIC,,,4,1170,1
talkie-base,restricted,exile,False,exil,ORTHOGRAPHIC,,,5,4,1
talkie-base,restricted,exit,False,exi,ORTHOGRAPHIC,,,4,7,5
talkie-base,restricted,explosion,False,aplosion,DERIVATIONAL,,undated,9,16,1
talkie-base,restricted,explosion,False,displosion,DERIVATIONAL,,undated,9,16,1
talkie-base,restricted,explosion,False,appulsion,DERIVATIONAL,,undated,9,16,1
talkie-base,restricted,explosion,False,explodon,ORTHOGRAPHIC,,,9,16,1
talkie-base,restricted,faithful,False,faithfid,ORTHOGRAPHIC,,,8,12,1
talkie-base,restricted,faithful,False,faithfal,ORTHOGRAPHIC,,,8,12,1
talkie-base,restricted,feminine,False,femine,ORTHOGRAPHIC,,,8,10,1
talkie-base,restricted,feminine,False,feminme,ORTHOGRAPHIC,,,8,10,1
talkie-base,restricted,feminine,False,femmine,ORTHOGRAPHIC,,,8,10,1
talkie-base,restricted,feminine,False,femine,ORTHOGRAPHIC,,,8,10,1
talkie-base,restricted,fold,False,foldings,ORTHOGRAPHIC,,,4,7,16
talkie-base,restricted,fool,False,foole,ORTHOGRAPHIC,,,4,37,3
talkie-base,restricted,fool,False,foole,ORTHOGRAPHIC,,,4,37,-1
talkie-base,restricted,frame,False,fraine,ORTHOGRAPHIC,,,5,74,2
talkie-base,restricted,frame,False,trame,DERIVATIONAL,,undated,5,74,2
talkie-base,restricted,funeral,False,funerall,ORTHOGRAPHIC,,,7,33,6
talkie-base,restricted,gear,False,geai,ORTHOGRAPHIC,,,4,26,1
talkie-base,restricted,gear,False,geare,ORTHOGRAPHIC,,,4,26,2
talkie-base,restricted,gear,False,geer,ORTHOGRAPHIC,,,4,26,2
talkie-base,restricted,grammar,False,grammer,ORTHOGRAPHIC,,,7,4,3
talkie-base,restricted,grammar,False,grammers,ORTHOGRAPHIC,,,7,4,3
talkie-base,restricted,ground,False,grounde,ORTHOGRAPHIC,,,6,186,1
talkie-base,restricted,ha,False,hau,ORTHOGRAPHIC,,,2,2,1
talkie-base,restricted,hazard,False,hazarde,ORTHOGRAPHIC,,,6,12,1
talkie-base,restricted,hazard,False,hazzard,ORTHOGRAPHIC,,,6,12,1
talkie-base,restricted,hers,False,hersl,ORTHOGRAPHIC,,,4,16,1
talkie-base,restricted,hers,False,bers,DERIVATIONAL,,undated,4,16,1
talkie-base,restricted,hers,False,hern,ORTHOGRAPHIC,,,4,16,1
talkie-base,restricted,hers,False,hersi,ORTHOGRAPHIC,,,4,16,1
talkie-base,restricted,horn,False,hore,ORTHOGRAPHIC,,,4,31,9
talkie-base,restricted,horn,False,hornes,ORTHOGRAPHIC,,,4,31,4
talkie-base,restricted,horn,False,horning,ORTHOGRAPHIC,,,4,31,4
talkie-base,restricted,horn,False,hornes,ORTHOGRAPHIC,,,4,31,6
talkie-base,restricted,horror,False,horrour,ORTHOGRAPHIC,,,6,17,1
talkie-base,restricted,horror,False,horrour,ORTHOGRAPHIC,,,6,17,1
talkie-base,restricted,horror,False,horor,ORTHOGRAPHIC,,,6,17,1
talkie-base,restricted,horror,False,horroiu,ORTHOGRAPHIC,,,6,17,1
talkie-base,restricted,horror,False,orrors,DERIVATIONAL,,undated,6,17,4
talkie-base,restricted,horror,False,horr,ORTHOGRAPHIC,,,6,17,4
talkie-base,restricted,horror,False,horro,ORTHOGRAPHIC,,,6,17,4
talkie-base,restricted,hunter,False,himter,ORTHOGRAPHIC,,,6,18,1
talkie-base,restricted,immigration,False,delamination,DERIVATIONAL,,undated,11,10,3
talkie-base,restricted,immigration,False,evagination,DERIVATIONAL,,undated,11,10,3
talkie-base,restricted,import,False,importeth,ORTHOGRAPHIC,,,6,17,16
talkie-base,restricted,incline,False,intwine,ORTHOGRAPHIC,,,7,4,2
talkie-base,restricted,incline,False,encline,DERIVATIONAL,,undated,7,4,2
talkie-base,restricted,incline,False,inclyne,ORTHOGRAPHIC,,,7,4,2
talkie-base,restricted,induction,False,prouocation,DERIVATIONAL,,undated,9,6,-1
talkie-base,restricted,induction,False,induetion,ORTHOGRAPHIC,,,9,6,1
talkie-base,restricted,induction,False,indaction,ORTHOGRAPHIC,,,9,6,1
talkie-base,restricted,infer,False,inferd,ORTHOGRAPHIC,,,5,1,-1
talkie-base,restricted,inhibition,False,esterification,DERIVATIONAL,,undated,10,6,2
talkie-base,restricted,inhibitor,False,inhibiter,ORTHOGRAPHIC,,,9,2,1
talkie-base,restricted,irregular,False,irregu,ORTHOGRAPHIC,,,9,9,4
talkie-base,restricted,jacket,False,iacket,DERIVATIONAL,,undated,6,33,1
talkie-base,restricted,juice,False,iuice,DERIVATIONAL,,undated,5,11,1
talkie-base,restricted,junior,False,juniora,ORTHOGRAPHIC,,,6,75,2
talkie-base,restricted,junior,False,juniorsy,ORTHOGRAPHIC,,,6,75,2
talkie-base,restricted,junior,False,juniorsj,ORTHOGRAPHIC,,,6,75,2
talkie-base,restricted,keen,False,keén,ORTHOGRAPHIC,,,4,11,1
talkie-base,restricted,keen,False,kein,ORTHOGRAPHIC,,,4,11,1
talkie-base,restricted,labourer,False,labourers,ORTHOGRAPHIC,,,8,0,39
talkie-base,restricted,latest,False,lateft,ORTHOGRAPHIC,,,6,35,1
talkie-base,restricted,latest,False,lateſt,ORTHOGRAPHIC,,,6,35,1
talkie-base,restricted,leap,False,leapeth,ORTHOGRAPHIC,,,4,14,58
talkie-base,restricted,lease,False,leace,ORTHOGRAPHIC,,,5,10,1
talkie-base,restricted,lease,False,leaze,ORTHOGRAPHIC,,,5,10,1
talkie-base,restricted,lease,False,leasse,ORTHOGRAPHIC,,,5,10,1
talkie-base,restricted,legacy,False,legacie,ORTHOGRAPHIC,,,6,5,9
talkie-base,restricted,license,False,licen,ORTHOGRAPHIC,,,7,36,28
talkie-base,restricted,lightly,False,lightfully,DERIVATIONAL,,undated,7,31,1
talkie-base,restricted,lightly,False,hghtly,DERIVATIONAL,,undated,7,31,1
talkie-base,restricted,lightly,False,lightlie,ORTHOGRAPHIC,,,7,31,1
talkie-base,restricted,lightly,False,lightlv,ORTHOGRAPHIC,,,7,31,1
talkie-base,restricted,lightly,False,lighdy,ORTHOGRAPHIC,,,7,31,1
talkie-base,restricted,lightly,False,lightely,ORTHOGRAPHIC,,,7,31,1
talkie-base,restricted,lightly,False,lighth,ORTHOGRAPHIC,,,7,31,1
talkie-base,restricted,lightly,False,lightiy,ORTHOGRAPHIC,,,7,31,1
talkie-base,restricted,lion,False,liou,ORTHOGRAPHIC,,,4,17,1
talkie-base,restricted,lion,False,léon,ORTHOGRAPHIC,,,4,17,1
talkie-base,restricted,locality,False,localion,ORTHOGRAPHIC,,,8,5,1
talkie-base,restricted,locality,False,localling,INFLECTION,,,8,5,1
talkie-base,restricted,locality,False,locallation,DERIVATIONAL,,undated,8,5,1
talkie-base,restricted,luck,False,lucke,ORTHOGRAPHIC,,,4,47,15
talkie-base,restricted,mad,False,madd,ORTHOGRAPHIC,,,3,39,1
talkie-base,restricted,mad,False,madd,ORTHOGRAPHIC,,,3,39,1
talkie-base,restricted,mad,False,madd,ORTHOGRAPHIC,,,3,39,1
talkie-base,restricted,mad,False,maad,ORTHOGRAPHIC,,,3,39,1
talkie-base,restricted,mad,False,madd,ORTHOGRAPHIC,,,3,39,1
talkie-base,restricted,manipulation,False,erasion,DERIVATIONAL,,undated,12,7,49
talkie-base,restricted,marble,False,marbies,ORTHOGRAPHIC,,,6,21,49
talkie-base,restricted,mate,False,matet,ORTHOGRAPHIC,,,4,21,1
talkie-base,restricted,mate,False,maite,ORTHOGRAPHIC,,,4,21,1
talkie-base,restricted,mate,False,maate,ORTHOGRAPHIC,,,4,21,1
talkie-base,restricted,mature,False,matur,ORTHOGRAPHIC,,,6,31,1
talkie-base,restricted,mature,False,maturd,ORTHOGRAPHIC,,,6,31,1
talkie-base,restricted,mature,False,matare,ORTHOGRAPHIC,,,6,31,1
talkie-base,restricted,mature,False,maturé,ORTHOGRAPHIC,,,6,31,1
talkie-base,restricted,mature,False,maturc,ORTHOGRAPHIC,,,6,31,1
talkie-base,restricted,mature,False,matur,ORTHOGRAPHIC,,,6,31,1
talkie-base,restricted,mature,False,maturé,ORTHOGRAPHIC,,,6,31,1
talkie-base,restricted,mature,False,maturs,ORTHOGRAPHIC,,,6,31,1
talkie-base,restricted,mature,False,maturp,ORTHOGRAPHIC,,,6,31,1
talkie-base,restricted,mature,False,maturcj,ORTHOGRAPHIC,,,6,31,1
talkie-base,restricted,mature,False,maturt,ORTHOGRAPHIC,,,6,31,1
talkie-base,restricted,median,False,mediana,ORTHOGRAPHIC,,,6,1,30
talkie-base,restricted,median,False,mediane,ORTHOGRAPHIC,,,6,1,30
talkie-base,restricted,melt,False,meltaway,ORTHOGRAPHIC,,,4,4,1
talkie-base,restricted,melt,False,meit,ORTHOGRAPHIC,,,4,4,1
talkie-base,restricted,melt,False,melte,ORTHOGRAPHIC,,,4,4,1
talkie-base,restricted,melt,False,melte,ORTHOGRAPHIC,,,4,4,2
talkie-base,restricted,melt,False,melté,ORTHOGRAPHIC,,,4,4,2
talkie-base,restricted,melt,False,meltc,ORTHOGRAPHIC,,,4,4,2
talkie-base,restricted,melt,False,meit,ORTHOGRAPHIC,,,4,4,2
talkie-base,restricted,melt,False,melte,ORTHOGRAPHIC,,,4,4,9
talkie-base,restricted,mercy,False,merci,ORTHOGRAPHIC,,,5,20,1
talkie-base,restricted,mercy,False,mercye,ORTHOGRAPHIC,,,5,20,1
talkie-base,restricted,mercy,False,mercie,ORTHOGRAPHIC,,,5,20,1
talkie-base,restricted,mercy,False,mercye,ORTHOGRAPHIC,,,5,20,1
talkie-base,restricted,mercy,False,merci,ORTHOGRAPHIC,,,5,20,1
talkie-base,restricted,mercy,False,mercie,ORTHOGRAPHIC,,,5,20,1
talkie-base,restricted,mercy,False,merey,ORTHOGRAPHIC,,,5,20,1
talkie-base,restricted,mercy,False,merci,ORTHOGRAPHIC,,,5,20,2
talkie-base,restricted,mercy,False,merey,ORTHOGRAPHIC,,,5,20,2
talkie-base,restricted,met,False,mett,ORTHOGRAPHIC,,,3,132,6
talkie-base,restricted,metabolic,False,metabolites,INFLECTION,,,9,2,1
talkie-base,restricted,metabolic,False,metabolists,DERIVATIONAL,,undated,9,2,1
talkie-base,restricted,metabolic,False,metaboles,ORTHOGRAPHIC,,,9,2,1
talkie-base,restricted,metabolic,False,metabols,ORTHOGRAPHIC,,,9,2,1
talkie-base,restricted,misery,False,miserv,ORTHOGRAPHIC,,,6,15,1
talkie-base,restricted,misery,False,miſery,ORTHOGRAPHIC,,,6,15,1
talkie-base,restricted,misery,False,miseiy,ORTHOGRAPHIC,,,6,15,1
talkie-base,restricted,misery,False,miserie,ORTHOGRAPHIC,,,6,15,1
talkie-base,restricted,misery,False,mifery,ORTHOGRAPHIC,,,6,15,1
talkie-base,restricted,misery,False,miscry,ORTHOGRAPHIC,,,6,15,1
talkie-base,restricted,moisture,False,moysture,ORTHOGRAPHIC,,,8,10,1
talkie-base,restricted,moisture,False,moystures,ORTHOGRAPHIC,,,8,10,1
talkie-base,restricted,moisture,False,moysture,ORTHOGRAPHIC,,,8,10,1
talkie-base,restricted,moisture,False,moistures,ORTHOGRAPHIC,,,8,10,1
talkie-base,restricted,moral,False,morall,ORTHOGRAPHIC,,,5,142,4
talkie-base,restricted,moral,False,moralls,ORTHOGRAPHIC,,,5,142,3
talkie-base,restricted,moral,False,morall,ORTHOGRAPHIC,,,5,142,3
talkie-base,restricted,moral,False,morrall,ORTHOGRAPHIC,,,5,142,3
talkie-base,restricted,mud,False,muds,ORTHOGRAPHIC,,,3,32,1
talkie-base,restricted,murder,False,murther,ORTHOGRAPHIC,,,6,75,2
talkie-base,restricted,mutation,False,mutatio,ORTHOGRAPHIC,,,8,0,1
talkie-base,restricted,naked,False,nake,ORTHOGRAPHIC,,,5,32,1
talkie-base,restricted,naked,False,nakcd,ORTHOGRAPHIC,,,5,32,1
talkie-base,restricted,naked,False,nakid,ORTHOGRAPHIC,,,5,32,1
talkie-base,restricted,naked,False,nakea,ORTHOGRAPHIC,,,5,32,1
talkie-base,restricted,naked,False,nakeil,ORTHOGRAPHIC,,,5,32,1
talkie-base,restricted,naked,False,naled,ORTHOGRAPHIC,,,5,32,1
talkie-base,restricted,nest,False,neste,ORTHOGRAPHIC,,,4,20,1
talkie-base,restricted,nest,False,neast,ORTHOGRAPHIC,,,4,20,1
talkie-base,restricted,nest,False,neaste,ORTHOGRAPHIC,,,4,20,1
talkie-base,restricted,nest,False,neft,ORTHOGRAPHIC,,,4,20,1
talkie-base,restricted,nest,False,neest,ORTHOGRAPHIC,,,4,20,1
talkie-base,restricted,nest,False,neste,ORTHOGRAPHIC,,,4,20,1
talkie-base,restricted,nest,False,nesty,ORTHOGRAPHIC,,,4,20,1
talkie-base,restricted,nest,False,neest,ORTHOGRAPHIC,,,4,20,1
talkie-base,restricted,nest,False,neast,ORTHOGRAPHIC,,,4,20,1
talkie-base,restricted,nest,False,neste,ORTHOGRAPHIC,,,4,20,1
talkie-base,restricted,nest,False,nes,ORTHOGRAPHIC,,,4,20,1
talkie-base,restricted,nest,False,nesty,ORTHOGRAPHIC,,,4,20,1
talkie-base,restricted,nest,False,nesta,ORTHOGRAPHIC,,,4,20,5
talkie-base,restricted,nest,False,neft,ORTHOGRAPHIC,,,4,20,1
talkie-base,restricted,notation,False,obseruation,DERIVATIONAL,,undated,8,3,-1
talkie-base,restricted,onion,False,onyon,ORTHOGRAPHIC,,,5,15,1
talkie-base,restricted,onion,False,oinion,ORTHOGRAPHIC,,,5,15,1
talkie-base,restricted,onion,False,oynion,ORTHOGRAPHIC,,,5,15,1
talkie-base,restricted,onion,False,onionf,ORTHOGRAPHIC,,,5,15,1
talkie-base,restricted,onion,False,onien,ORTHOGRAPHIC,,,5,15,1
talkie-base,restricted,onion,False,oniou,ORTHOGRAPHIC,,,5,15,1
talkie-base,restricted,ours,False,onrs,ORTHOGRAPHIC,,,4,27,1
talkie-base,restricted,ours,False,oures,ORTHOGRAPHIC,,,4,27,1
talkie-base,restricted,ours,False,oure,ORTHOGRAPHIC,,,4,27,1
talkie-base,restricted,ours,False,ouis,ORTHOGRAPHIC,,,4,27,1
talkie-base,restricted,ours,False,oura,ORTHOGRAPHIC,,,4,27,1
talkie-base,restricted,ours,False,oura,ORTHOGRAPHIC,,,4,27,1
talkie-base,restricted,ours,False,oursy,ORTHOGRAPHIC,,,4,27,1
talkie-base,restricted,outlet,False,outway,DERIVATIONAL,,undated,6,9,1
talkie-base,restricted,outlet,False,outgate,DERIVATIONAL,,undated,6,9,1
talkie-base,restricted,outlet,False,outplace,DERIVATIONAL,,undated,6,9,1
talkie-base,restricted,outlet,False,outland,DERIVATIONAL,,undated,6,9,1
talkie-base,restricted,outward,False,outeward,ORTHOGRAPHIC,,,7,10,1
talkie-base,restricted,outward,False,ynward,DERIVATIONAL,,undated,7,10,1
talkie-base,restricted,pack,False,packe,ORTHOGRAPHIC,,,4,25,1
talkie-base,restricted,pack,False,packyd,ORTHOGRAPHIC,,,4,25,1
talkie-base,restricted,pack,False,packe,ORTHOGRAPHIC,,,4,25,2
talkie-base,restricted,pack,False,packo,ORTHOGRAPHIC,,,4,25,2
talkie-base,restricted,parliament,False,parlement,ORTHOGRAPHIC,,,10,16,1
talkie-base,restricted,parliament,False,parlement,ORTHOGRAPHIC,,,10,16,1
talkie-base,restricted,patron,False,patroun,ORTHOGRAPHIC,,,6,4,5
talkie-base,restricted,patron,False,patrone,ORTHOGRAPHIC,,,6,4,5
talkie-base,restricted,patron,False,patroune,ORTHOGRAPHIC,,,6,4,5
talkie-base,restricted,pen,False,een,DERIVATIONAL,,undated,3,18,24
talkie-base,restricted,pen,False,pencase,ORTHOGRAPHIC,,,3,18,1
talkie-base,restricted,pen,False,penner,ORTHOGRAPHIC,,,3,18,1
talkie-base,restricted,physics,False,physick,ORTHOGRAPHIC,,,7,22,12
talkie-base,restricted,pin,False,pinn,ORTHOGRAPHIC,,,3,16,1
talkie-base,restricted,pin,False,pinn,ORTHOGRAPHIC,,,3,16,1
talkie-base,restricted,pin,False,pirn,ORTHOGRAPHIC,,,3,16,1
talkie-base,restricted,pink,False,pinke,ORTHOGRAPHIC,,,4,48,2
talkie-base,restricted,pitch,False,piteh,ORTHOGRAPHIC,,,5,22,1
talkie-base,restricted,pitch,False,pitche,ORTHOGRAPHIC,,,5,22,1
talkie-base,restricted,pitch,False,pytch,ORTHOGRAPHIC,,,5,22,1
talkie-base,restricted,pitch,False,piteh,ORTHOGRAPHIC,,,5,22,1
talkie-base,restricted,pitch,False,pitcli,ORTHOGRAPHIC,,,5,22,1
talkie-base,restricted,pitch,False,pich,ORTHOGRAPHIC,,,5,22,1
talkie-base,restricted,plantation,False,plantatio,ORTHOGRAPHIC,,,10,19,-1
talkie-base,restricted,plantation,False,plantacio,ORTHOGRAPHIC,,,10,19,-1
talkie-base,restricted,plantation,False,plantacons,DERIVATIONAL,,undated,10,19,6
talkie-base,restricted,plantation,False,plantacions,ORTHOGRAPHIC,,,10,19,6
talkie-base,restricted,post,False,postes,ORTHOGRAPHIC,,,4,85,70
talkie-base,restricted,posture,False,pofture,ORTHOGRAPHIC,,,7,13,1
talkie-base,restricted,posture,False,poſture,ORTHOGRAPHIC,,,7,13,1
talkie-base,restricted,praise,False,praife,ORTHOGRAPHIC,,,6,17,1
talkie-base,restricted,praise,False,prais,ORTHOGRAPHIC,,,6,17,1
talkie-base,restricted,praise,False,praiſe,ORTHOGRAPHIC,,,6,17,1
talkie-base,restricted,praise,False,prai,ORTHOGRAPHIC,,,6,17,1
talkie-base,restricted,praise,False,praize,ORTHOGRAPHIC,,,6,17,1
talkie-base,restricted,praise,False,praisé,ORTHOGRAPHIC,,,6,17,1
talkie-base,restricted,praise,False,praisc,ORTHOGRAPHIC,,,6,17,1
talkie-base,restricted,probe,False,prober,ORTHOGRAPHIC,,,5,6,1
talkie-base,restricted,produce,False,produse,ORTHOGRAPHIC,,,7,82,1
talkie-base,restricted,prophet,False,prophete,ORTHOGRAPHIC,,,7,5,2
talkie-base,restricted,prophet,False,prophette,ORTHOGRAPHIC,,,7,5,2
talkie-base,restricted,prophet,False,propbete,ORTHOGRAPHIC,,,7,5,2
talkie-base,restricted,prophet,False,propete,ORTHOGRAPHIC,,,7,5,2
talkie-base,restricted,prophet,False,proprete,ORTHOGRAPHIC,,,7,5,2
talkie-base,restricted,prophet,False,prophite,ORTHOGRAPHIC,,,7,5,2
talkie-base,restricted,prophet,False,proph,ORTHOGRAPHIC,,,7,5,2
talkie-base,restricted,prophet,False,prophete,ORTHOGRAPHIC,,,7,5,1
talkie-base,restricted,prophet,False,prophete,ORTHOGRAPHIC,,,7,5,1
talkie-base,restricted,prose,False,proze,ORTHOGRAPHIC,,,5,14,1
talkie-base,restricted,prose,False,proſe,ORTHOGRAPHIC,,,5,14,1
talkie-base,restricted,prose,False,glose,DERIVATIONAL,,undated,5,14,-1
talkie-base,restricted,prose,False,wose,DERIVATIONAL,,undated,5,14,-1
talkie-base,restricted,prosecution,False,declaracion,DERIVATIONAL,,undated,11,9,-1
talkie-base,restricted,prosecution,False,confirmacion,DERIVATIONAL,,undated,11,9,-1
talkie-base,restricted,prosecution,False,prosecations,ORTHOGRAPHIC,,,11,9,2
talkie-base,restricted,prosecution,False,prosecutious,ORTHOGRAPHIC,,,11,9,2
talkie-base,restricted,prosecution,False,prosecutiona,ORTHOGRAPHIC,,,11,9,2
talkie-base,restricted,prosecution,False,proseeutions,ORTHOGRAPHIC,,,11,9,2
talkie-base,restricted,queen,False,queene,ORTHOGRAPHIC,,,5,41,7
talkie-base,restricted,quest,False,kest,DERIVATIONAL,,undated,5,16,31
talkie-base,restricted,quest,False,qnest,ORTHOGRAPHIC,,,5,16,1
talkie-base,restricted,quest,False,questy,ORTHOGRAPHIC,,,5,16,1
talkie-base,restricted,radius,False,radins,ORTHOGRAPHIC,,,6,9,1
talkie-base,restricted,reach,False,reacli,ORTHOGRAPHIC,,,5,105,1
talkie-base,restricted,receipt,False,receits,ORTHOGRAPHIC,,,7,4,3
talkie-base,restricted,receipt,False,reccipts,ORTHOGRAPHIC,,,7,4,3
talkie-base,restricted,receipt,False,recei,ORTHOGRAPHIC,,,7,4,3
talkie-base,restricted,refine,False,reſines,ORTHOGRAPHIC,,,6,3,3
talkie-base,restricted,refine,False,refinest,ORTHOGRAPHIC,,,6,3,3
talkie-base,restricted,refine,False,relines,ORTHOGRAPHIC,,,6,3,3
talkie-base,restricted,refine,False,reines,ORTHOGRAPHIC,,,6,3,3
talkie-base,restricted,refine,False,refnes,ORTHOGRAPHIC,,,6,3,3
talkie-base,restricted,refine,False,refinet,ORTHOGRAPHIC,,,6,3,3
talkie-base,restricted,reign,False,reigu,ORTHOGRAPHIC,,,5,7,1
talkie-base,restricted,reign,False,reiga,ORTHOGRAPHIC,,,5,7,1
talkie-base,restricted,reign,False,reig,ORTHOGRAPHIC,,,5,7,1
talkie-base,restricted,remainder,False,remaynder,ORTHOGRAPHIC,,,9,19,3
talkie-base,restricted,remainder,False,remaind,ORTHOGRAPHIC,,,9,19,1
talkie-base,restricted,remainder,False,remamder,ORTHOGRAPHIC,,,9,19,1
talkie-base,restricted,remainder,False,remainde,ORTHOGRAPHIC,,,9,19,1
talkie-base,restricted,remainder,False,remaindery,ORTHOGRAPHIC,,,9,19,1
talkie-base,restricted,renew,False,remew,ORTHOGRAPHIC,,,5,4,50
talkie-base,restricted,renew,False,remewe,ORTHOGRAPHIC,,,5,4,50
talkie-base,restricted,renew,False,renewm,ORTHOGRAPHIC,,,5,4,2
talkie-base,restricted,renew,False,renewe,ORTHOGRAPHIC,,,5,4,2
talkie-base,restricted,renew,False,renewen,ORTHOGRAPHIC,,,5,4,2
talkie-base,restricted,rent,False,rentes,ORTHOGRAPHIC,,,4,21,1
talkie-base,restricted,rent,False,rentis,ORTHOGRAPHIC,,,4,21,1
talkie-base,restricted,rent,False,rentes,ORTHOGRAPHIC,,,4,21,2
talkie-base,restricted,rent,False,rentis,ORTHOGRAPHIC,,,4,21,2
talkie-base,restricted,repetition,False,repeticion,ORTHOGRAPHIC,,,10,13,1
talkie-base,restricted,resort,False,refort,ORTHOGRAPHIC,,,6,12,1
talkie-base,restricted,restoration,False,restorationism,ORTHOGRAPHIC,,,11,11,1
talkie-base,restricted,restoration,False,curation,DERIVATIONAL,,undated,11,11,-1
talkie-base,restricted,restraint,False,restraynt,ORTHOGRAPHIC,,,9,11,1
talkie-base,restricted,retail,False,retaile,ORTHOGRAPHIC,,,6,20,1
talkie-base,restricted,retail,False,retayle,ORTHOGRAPHIC,,,6,20,1
talkie-base,restricted,retail,False,retale,ORTHOGRAPHIC,,,6,20,1
talkie-base,restricted,retail,False,retaille,ORTHOGRAPHIC,,,6,20,1
talkie-base,restricted,retail,False,retale,ORTHOGRAPHIC,,,6,20,1
talkie-base,restricted,retention,False,retentio,ORTHOGRAPHIC,,,9,12,1
talkie-base,restricted,retention,False,hypothecation,DERIVATIONAL,,undated,9,12,1
talkie-base,restricted,retreat,False,retreate,ORTHOGRAPHIC,,,7,14,1
talkie-base,restricted,ridge,False,ridg,ORTHOGRAPHIC,,,5,18,1
talkie-base,restricted,ridge,False,rigge,ORTHOGRAPHIC,,,5,18,1
talkie-base,restricted,ridge,False,rige,ORTHOGRAPHIC,,,5,18,1
talkie-base,restricted,ridge,False,kidge,DERIVATIONAL,,undated,5,18,1
talkie-base,restricted,ridge,False,bidge,DERIVATIONAL,,undated,5,18,1
talkie-base,restricted,rock,False,rockt,ORTHOGRAPHIC,,,4,75,-1
talkie-base,restricted,roll,False,rolle,ORTHOGRAPHIC,,,4,34,38
talkie-base,restricted,roll,False,rol,ORTHOGRAPHIC,,,4,34,38
talkie-base,restricted,roll,False,rol,ORTHOGRAPHIC,,,4,34,2
talkie-base,restricted,round,False,rounde,ORTHOGRAPHIC,,,5,75,57
talkie-base,restricted,round,False,rounde,ORTHOGRAPHIC,,,5,75,6
talkie-base,restricted,round,False,roun,ORTHOGRAPHIC,,,5,75,1
talkie-base,restricted,round,False,roundin,ORTHOGRAPHIC,,,5,75,1
talkie-base,restricted,round,False,sounde,DERIVATIONAL,,undated,5,75,-1
talkie-base,restricted,round,False,wounde,DERIVATIONAL,,undated,5,75,-1
talkie-base,restricted,ruin,False,ruine,ORTHOGRAPHIC,,,4,14,6
talkie-base,restricted,ruin,False,ruinc,ORTHOGRAPHIC,,,4,14,6
talkie-base,restricted,ruin,False,ruine,ORTHOGRAPHIC,,,4,14,1
talkie-base,restricted,ruin,False,ruines,ORTHOGRAPHIC,,,4,14,1
talkie-base,restricted,ruin,False,ruine,ORTHOGRAPHIC,,,4,14,1
talkie-base,restricted,ruin,False,ruina,ORTHOGRAPHIC,,,4,14,4
talkie-base,restricted,ruin,False,ruinam,ORTHOGRAPHIC,,,4,14,4
talkie-base,restricted,ruin,False,ruine,ORTHOGRAPHIC,,,4,14,4
talkie-base,restricted,ruin,False,ruine,ORTHOGRAPHIC,,,4,14,40
talkie-base,restricted,ruin,False,ruines,ORTHOGRAPHIC,,,4,14,40
talkie-base,restricted,ruin,False,ruine,ORTHOGRAPHIC,,,4,14,3
talkie-base,restricted,saint,False,saiut,ORTHOGRAPHIC,,,5,16,1
talkie-base,restricted,sanction,False,sanations,ORTHOGRAPHIC,,,8,11,2
talkie-base,restricted,sanction,False,sanation,ORTHOGRAPHIC,,,8,11,2
talkie-base,restricted,sanction,False,sanétions,ORTHOGRAPHIC,,,8,11,2
talkie-base,restricted,sanction,False,sanetions,ORTHOGRAPHIC,,,8,11,2
talkie-base,restricted,scale,False,ſcale,ORTHOGRAPHIC,,,5,60,2
talkie-base,restricted,scale,False,fcale,DERIVATIONAL,,undated,5,60,2
talkie-base,restricted,scale,False,ſcales,ORTHOGRAPHIC,,,5,60,2
talkie-base,restricted,scale,False,icale,DERIVATIONAL,,undated,5,60,2
talkie-base,restricted,scale,False,fcales,DERIVATIONAL,,undated,5,60,2
talkie-base,restricted,scale,False,scalo,ORTHOGRAPHIC,,,5,60,1
talkie-base,restricted,scale,False,scaie,ORTHOGRAPHIC,,,5,60,1
talkie-base,restricted,scale,False,soale,ORTHOGRAPHIC,,,5,60,1
talkie-base,restricted,scan,False,scanne,ORTHOGRAPHIC,,,4,5,8
talkie-base,restricted,scan,False,scand,ORTHOGRAPHIC,,,4,5,8
talkie-base,restricted,scan,False,scann,ORTHOGRAPHIC,,,4,5,8
talkie-base,restricted,scan,False,scande,ORTHOGRAPHIC,,,4,5,8
talkie-base,restricted,scan,False,skan,ORTHOGRAPHIC,,,4,5,8
talkie-base,restricted,seal,False,seales,ORTHOGRAPHIC,,,4,17,47
talkie-base,restricted,seal,False,sealx,ORTHOGRAPHIC,,,4,17,47
talkie-base,restricted,seal,False,seales,ORTHOGRAPHIC,,,4,17,8
talkie-base,restricted,secure,False,fecure,DERIVATIONAL,,undated,6,30,1
talkie-base,restricted,secure,False,secnre,ORTHOGRAPHIC,,,6,30,1
talkie-base,restricted,secure,False,ſecure,ORTHOGRAPHIC,,,6,30,1
talkie-base,restricted,secure,False,secare,ORTHOGRAPHIC,,,6,30,1
talkie-base,restricted,secure,False,secur,ORTHOGRAPHIC,,,6,30,1
talkie-base,restricted,sensible,False,sensyble,ORTHOGRAPHIC,,,8,14,1
talkie-base,restricted,sensible,False,sensuelle,DERIVATIONAL,,undated,8,14,1
talkie-base,restricted,sensible,False,sensable,ORTHOGRAPHIC,,,8,14,1
talkie-base,restricted,sensible,False,sensibile,ORTHOGRAPHIC,,,8,14,1
talkie-base,restricted,sensible,False,sencible,ORTHOGRAPHIC,,,8,14,1
talkie-base,restricted,sensible,False,sensibles,ORTHOGRAPHIC,,,8,14,3
talkie-base,restricted,severity,False,severitie,ORTHOGRAPHIC,,,8,5,1
talkie-base,restricted,severity,False,seuerity,ORTHOGRAPHIC,,,8,5,1
talkie-base,restricted,shade,False,shadé,ORTHOGRAPHIC,,,5,28,1
talkie-base,restricted,shame,False,shaine,ORTHOGRAPHIC,,,5,21,1
talkie-base,restricted,shame,False,shamo,ORTHOGRAPHIC,,,5,21,1
talkie-base,restricted,shame,False,sbame,ORTHOGRAPHIC,,,5,21,1
talkie-base,restricted,shame,False,shamo,ORTHOGRAPHIC,,,5,21,1
talkie-base,restricted,shame,False,sbame,ORTHOGRAPHIC,,,5,21,1
talkie-base,restricted,shame,False,shamel,ORTHOGRAPHIC,,,5,21,1
talkie-base,restricted,shame,False,sbame,ORTHOGRAPHIC,,,5,21,1
talkie-base,restricted,shame,False,sliame,ORTHOGRAPHIC,,,5,21,1
talkie-base,restricted,shame,False,ahame,DERIVATIONAL,,undated,5,21,1
talkie-base,restricted,shame,False,bhame,DERIVATIONAL,,undated,5,21,1
talkie-base,restricted,shame,False,ſhame,ORTHOGRAPHIC,,,5,21,1
talkie-base,restricted,shame,False,sbame,ORTHOGRAPHIC,,,5,21,1
talkie-base,restricted,shame,False,shaine,ORTHOGRAPHIC,,,5,21,1
talkie-base,restricted,shame,False,shamel,ORTHOGRAPHIC,,,5,21,1
talkie-base,restricted,shame,False,sname,ORTHOGRAPHIC,,,5,21,1
talkie-base,restricted,shed,False,shedde,ORTHOGRAPHIC,,,4,11,1
talkie-base,restricted,shed,False,shedd,ORTHOGRAPHIC,,,4,11,1
talkie-base,restricted,shed,False,shede,ORTHOGRAPHIC,,,4,11,1
talkie-base,restricted,shed,False,shead,ORTHOGRAPHIC,,,4,11,1
talkie-base,restricted,shed,False,sheede,ORTHOGRAPHIC,,,4,11,1
talkie-base,restricted,shed,False,sheade,ORTHOGRAPHIC,,,4,11,1
talkie-base,restricted,shed,False,sheddc,ORTHOGRAPHIC,,,4,11,1
talkie-base,restricted,shed,False,thed,DERIVATIONAL,,undated,4,11,1
talkie-base,restricted,shed,False,shead,ORTHOGRAPHIC,,,4,11,1
talkie-base,restricted,shed,False,ſhed,ORTHOGRAPHIC,,,4,11,1
talkie-base,restricted,shed,False,sheed,ORTHOGRAPHIC,,,4,11,1
talkie-base,restricted,shed,False,shedd,ORTHOGRAPHIC,,,4,11,1
talkie-base,restricted,shed,False,shedj,ORTHOGRAPHIC,,,4,11,1
talkie-base,restricted,shed,False,sbed,ORTHOGRAPHIC,,,4,11,1
talkie-base,restricted,shelf,False,sheif,ORTHOGRAPHIC,,,5,12,1
talkie-base,restricted,shelf,False,shelt,ORTHOGRAPHIC,,,5,12,1
talkie-base,restricted,shelf,False,shel,ORTHOGRAPHIC,,,5,12,1
talkie-base,restricted,shelf,False,sbelf,ORTHOGRAPHIC,,,5,12,1
talkie-base,restricted,shelf,False,slielf,ORTHOGRAPHIC,,,5,12,1
talkie-base,restricted,shore,False,shoore,ORTHOGRAPHIC,,,5,61,3
talkie-base,restricted,shore,False,shor,ORTHOGRAPHIC,,,5,61,1
talkie-base,restricted,shore,False,shofe,ORTHOGRAPHIC,,,5,61,1
talkie-base,restricted,shore,False,ſhore,ORTHOGRAPHIC,,,5,61,1
talkie-base,restricted,sigh,False,figh,DERIVATIONAL,,undated,4,11,4
talkie-base,restricted,sigh,False,ſigh,ORTHOGRAPHIC,,,4,11,4
talkie-base,restricted,silk,False,silke,ORTHOGRAPHIC,,,4,12,2
talkie-base,restricted,silk,False,silkes,ORTHOGRAPHIC,,,4,12,39
talkie-base,restricted,slice,False,sice,ORTHOGRAPHIC,,,5,13,1
talkie-base,restricted,slice,False,slicc,ORTHOGRAPHIC,,,5,13,1
talkie-base,restricted,slice,False,slic,ORTHOGRAPHIC,,,5,13,1
talkie-base,restricted,slice,False,flice,DERIVATIONAL,,undated,5,13,1
talkie-base,restricted,smart,False,smert,ORTHOGRAPHIC,,,5,21,2
talkie-base,restricted,smart,False,smerte,ORTHOGRAPHIC,,,5,21,2
talkie-base,restricted,smart,False,smarte,ORTHOGRAPHIC,,,5,21,2
talkie-base,restricted,smell,False,smel,ORTHOGRAPHIC,,,5,34,1
talkie-base,restricted,smell,False,smeli,ORTHOGRAPHIC,,,5,34,1
talkie-base,restricted,smell,False,smels,ORTHOGRAPHIC,,,5,34,2
talkie-base,restricted,smell,False,smel,ORTHOGRAPHIC,,,5,34,2
talkie-base,restricted,smell,False,smelis,ORTHOGRAPHIC,,,5,34,2
talkie-base,restricted,smell,False,ſmells,ORTHOGRAPHIC,,,5,34,2
talkie-base,restricted,snake,False,snak,ORTHOGRAPHIC,,,5,44,1
talkie-base,restricted,snap,False,snapp,ORTHOGRAPHIC,,,4,12,1
talkie-base,restricted,spare,False,spaire,ORTHOGRAPHIC,,,5,23,2
talkie-base,restricted,spare,False,spere,ORTHOGRAPHIC,,,5,23,1
talkie-base,restricted,spare,False,spaire,ORTHOGRAPHIC,,,5,23,1
talkie-base,restricted,spare,False,sparo,ORTHOGRAPHIC,,,5,23,1
talkie-base,restricted,spare,False,spara,ORTHOGRAPHIC,,,5,23,1
talkie-base,restricted,spell,False,ſpell,ORTHOGRAPHIC,,,5,19,1
talkie-base,restricted,spell,False,spel,ORTHOGRAPHIC,,,5,19,1
talkie-base,restricted,spell,False,ſpell,ORTHOGRAPHIC,,,5,19,1
talkie-base,restricted,spell,False,spel,ORTHOGRAPHIC,,,5,19,1
talkie-base,restricted,spell,False,ſpell,ORTHOGRAPHIC,,,5,19,1
talkie-base,restricted,spine,False,spinei,ORTHOGRAPHIC,,,5,6,1
talkie-base,restricted,spine,False,spinef,ORTHOGRAPHIC,,,5,6,1
talkie-base,restricted,spine,False,spiney,ORTHOGRAPHIC,,,5,6,1
talkie-base,restricted,spring,False,springen,ORTHOGRAPHIC,,,6,127,-1
talkie-base,restricted,spring,False,springe,ORTHOGRAPHIC,,,6,127,-1
talkie-base,restricted,statue,False,statua,ORTHOGRAPHIC,,,6,17,1
talkie-base,restricted,statue,False,ſtatue,ORTHOGRAPHIC,,,6,17,1
talkie-base,restricted,statue,False,starue,ORTHOGRAPHIC,,,6,17,1
talkie-base,restricted,stick,False,sticke,ORTHOGRAPHIC,,,5,39,1
talkie-base,restricted,stick,False,stiek,ORTHOGRAPHIC,,,5,39,1
talkie-base,restricted,stick,False,stic,ORTHOGRAPHIC,,,5,39,1
talkie-base,restricted,stick,False,stix,ORTHOGRAPHIC,,,5,39,3
talkie-base,restricted,strain,False,straine,ORTHOGRAPHIC,,,6,31,38
talkie-base,restricted,strain,False,straind,ORTHOGRAPHIC,,,6,31,1
talkie-base,restricted,strain,False,strainde,ORTHOGRAPHIC,,,6,31,1
talkie-base,restricted,strain,False,staind,ORTHOGRAPHIC,,,6,31,1
talkie-base,restricted,strain,False,streind,ORTHOGRAPHIC,,,6,31,1
talkie-base,restricted,strain,False,stram,ORTHOGRAPHIC,,,6,31,1
talkie-base,restricted,strain,False,stramd,ORTHOGRAPHIC,,,6,31,1
talkie-base,restricted,stupid,False,ſtupid,ORTHOGRAPHIC,,,6,24,15
talkie-base,restricted,stupid,False,ftupid,DERIVATIONAL,,undated,6,24,15
talkie-base,restricted,sum,False,sume,ORTHOGRAPHIC,,,3,45,2
talkie-base,restricted,sum,False,summ,ORTHOGRAPHIC,,,3,45,2
talkie-base,restricted,superiority,False,superiourity,ORTHOGRAPHIC,,,11,14,1
talkie-base,restricted,swim,False,swin,ORTHOGRAPHIC,,,4,15,1
talkie-base,restricted,swim,False,ewim,DERIVATIONAL,,undated,4,15,1
talkie-base,restricted,taste,False,tast,ORTHOGRAPHIC,,,5,59,6
talkie-base,restricted,tear,False,teare,ORTHOGRAPHIC,,,4,11,2
talkie-base,restricted,tear,False,teares,ORTHOGRAPHIC,,,4,11,2
talkie-base,restricted,tear,False,tearc,ORTHOGRAPHIC,,,4,11,2
talkie-base,restricted,thee,False,thec,ORTHOGRAPHIC,,,4,17,1
talkie-base,restricted,thee,False,theeto,ORTHOGRAPHIC,,,4,17,1
talkie-base,restricted,thereof,False,therof,ORTHOGRAPHIC,,,7,16,1
talkie-base,restricted,thereof,False,thercof,ORTHOGRAPHIC,,,7,16,1
talkie-base,restricted,thereof,False,thereofj,ORTHOGRAPHIC,,,7,16,1
talkie-base,restricted,thereof,False,thereo,ORTHOGRAPHIC,,,7,16,1
talkie-base,restricted,thereof,False,therof,ORTHOGRAPHIC,,,7,16,2
talkie-base,restricted,thereof,False,thereot,ORTHOGRAPHIC,,,7,16,2
talkie-base,restricted,throne,False,threne,ORTHOGRAPHIC,,,6,5,1
talkie-base,restricted,throne,False,throné,ORTHOGRAPHIC,,,6,5,1
talkie-base,restricted,throne,False,thronim,ORTHOGRAPHIC,,,6,5,2
talkie-base,restricted,throne,False,thronoi,ORTHOGRAPHIC,,,6,5,2
talkie-base,restricted,throne,False,throni,ORTHOGRAPHIC,,,6,5,2
talkie-base,restricted,tide,False,tyde,ORTHOGRAPHIC,,,4,11,1
talkie-base,restricted,tide,False,tid,ORTHOGRAPHIC,,,4,11,2
talkie-base,restricted,tide,False,tid,ORTHOGRAPHIC,,,4,11,1
talkie-base,restricted,tide,False,tyde,ORTHOGRAPHIC,,,4,11,1
talkie-base,restricted,tobacco,False,tabaco,ORTHOGRAPHIC,,,7,19,3
talkie-base,restricted,tobacco,False,tabacco,ORTHOGRAPHIC,,,7,19,3
talkie-base,restricted,tobacco,False,tobaco,ORTHOGRAPHIC,,,7,19,3
talkie-base,restricted,tobacco,False,tobaco,ORTHOGRAPHIC,,,7,19,1
talkie-base,restricted,tomb,False,tomh,ORTHOGRAPHIC,,,4,11,1
talkie-base,restricted,toy,False,toyes,ORTHOGRAPHIC,,,3,4,5
talkie-base,restricted,toy,False,toyes,ORTHOGRAPHIC,,,3,4,17
talkie-base,restricted,toy,False,toyes,ORTHOGRAPHIC,,,3,4,6
talkie-base,restricted,toy,False,toyes,ORTHOGRAPHIC,,,3,4,9
talkie-base,restricted,toy,False,toya,ORTHOGRAPHIC,,,3,4,9
talkie-base,restricted,toy,False,toj,ORTHOGRAPHIC,,,3,4,9
talkie-base,restricted,toy,False,toj,ORTHOGRAPHIC,,,3,4,2
talkie-base,restricted,treasure,False,treasui,ORTHOGRAPHIC,,,8,4,1
talkie-base,restricted,trick,False,tricke,ORTHOGRAPHIC,,,5,15,3
talkie-base,restricted,triumph,False,tryumphe,ORTHOGRAPHIC,,,7,22,72
talkie-base,restricted,triumph,False,trumph,ORTHOGRAPHIC,,,7,22,1
talkie-base,restricted,triumph,False,trumpe,ORTHOGRAPHIC,,,7,22,1
talkie-base,restricted,triumph,False,triumphe,ORTHOGRAPHIC,,,7,22,1
talkie-base,restricted,trouble,False,troble,ORTHOGRAPHIC,,,7,134,5
talkie-base,restricted,truck,False,truckes,ORTHOGRAPHIC,,,5,57,23
talkie-base,restricted,trunk,False,trunkline,ORTHOGRAPHIC,,,5,8,1
talkie-base,restricted,tune,False,tunc,ORTHOGRAPHIC,,,4,10,1
talkie-base,restricted,tune,False,tuue,ORTHOGRAPHIC,,,4,10,1
talkie-base,restricted,tune,False,tunein,ORTHOGRAPHIC,,,4,10,1
talkie-base,restricted,tune,False,tuno,ORTHOGRAPHIC,,,4,10,1
talkie-base,restricted,tune,False,tunel,ORTHOGRAPHIC,,,4,10,1
talkie-base,restricted,tune,False,tunc,ORTHOGRAPHIC,,,4,10,2
talkie-base,restricted,unhappy,False,vnhappy,DERIVATIONAL,,undated,7,26,1
talkie-base,restricted,unhappy,False,unhappie,ORTHOGRAPHIC,,,7,26,1
talkie-base,restricted,unhappy,False,onhappy,DERIVATIONAL,,undated,7,26,1
talkie-base,restricted,unhappy,False,unhapy,ORTHOGRAPHIC,,,7,26,1
talkie-base,restricted,unhappy,False,unhap,ORTHOGRAPHIC,,,7,26,1
talkie-base,restricted,vacation,False,occaſion,ORTHOGRAPHIC,,,8,47,3
talkie-base,restricted,verify,False,veri,ORTHOGRAPHIC,,,6,5,1
talkie-base,restricted,vice,False,viee,ORTHOGRAPHIC,,,4,41,1
talkie-base,restricted,void,False,voyd,ORTHOGRAPHIC,,,4,10,48
talkie-base,restricted,void,False,voide,ORTHOGRAPHIC,,,4,10,1
talkie-base,restricted,void,False,voyd,ORTHOGRAPHIC,,,4,10,1
talkie-base,restricted,void,False,voyd,ORTHOGRAPHIC,,,4,10,1
talkie-base,restricted,void,False,voide,ORTHOGRAPHIC,,,4,10,1
talkie-base,restricted,void,False,yoid,DERIVATIONAL,,undated,4,10,1
talkie-base,restricted,void,False,voi,ORTHOGRAPHIC,,,4,10,1
talkie-base,restricted,void,False,yoid,DERIVATIONAL,,undated,4,10,1
talkie-base,restricted,void,False,voidj,ORTHOGRAPHIC,,,4,10,1
talkie-base,restricted,void,False,voyd,ORTHOGRAPHIC,,,4,10,1
talkie-base,restricted,void,False,vuid,ORTHOGRAPHIC,,,4,10,1
talkie-base,restricted,void,False,voyd,ORTHOGRAPHIC,,,4,10,1
talkie-base,restricted,ward,False,warde,ORTHOGRAPHIC,,,4,25,4
talkie-base,restricted,ward,False,warde,ORTHOGRAPHIC,,,4,25,1
talkie-base,restricted,ward,False,waird,ORTHOGRAPHIC,,,4,25,1
talkie-base,restricted,ward,False,warde,ORTHOGRAPHIC,,,4,25,1
talkie-base,restricted,ward,False,vard,DERIVATIONAL,,undated,4,25,1
talkie-base,restricted,ward,False,warde,ORTHOGRAPHIC,,,4,25,2
talkie-base,restricted,ward,False,warde,ORTHOGRAPHIC,,,4,25,1
talkie-base,restricted,ward,False,warde,ORTHOGRAPHIC,,,4,25,8
talkie-base,restricted,ward,False,warde,ORTHOGRAPHIC,,,4,25,34
talkie-base,restricted,ward,False,werd,ORTHOGRAPHIC,,,4,25,5
talkie-base,restricted,ward,False,wardj,ORTHOGRAPHIC,,,4,25,1
talkie-base,restricted,ward,False,warde,ORTHOGRAPHIC,,,4,25,1
talkie-base,restricted,ward,False,warde,ORTHOGRAPHIC,,,4,25,2
talkie-base,restricted,warrant,False,warrantie,ORTHOGRAPHIC,,,7,20,1
talkie-base,restricted,warrant,False,warant,ORTHOGRAPHIC,,,7,20,1
talkie-base,restricted,warrant,False,warrent,ORTHOGRAPHIC,,,7,20,1
talkie-base,restricted,warrant,False,warraunt,ORTHOGRAPHIC,,,7,20,1
talkie-base,restricted,watch,False,watche,ORTHOGRAPHIC,,,5,81,1
talkie-base,restricted,watch,False,watcht,ORTHOGRAPHIC,,,5,81,1
talkie-base,restricted,watch,False,wach,ORTHOGRAPHIC,,,5,81,1
talkie-base,restricted,watch,False,wateh,ORTHOGRAPHIC,,,5,81,1
talkie-base,restricted,watch,False,watchi,ORTHOGRAPHIC,,,5,81,1
talkie-base,restricted,watch,False,watche,ORTHOGRAPHIC,,,5,81,1
talkie-base,restricted,wool,False,wooll,ORTHOGRAPHIC,,,4,10,2
talkie-base,restricted,wool,False,woole,ORTHOGRAPHIC,,,4,10,2
talkie-base,restricted,wool,False,woll,ORTHOGRAPHIC,,,4,10,2
talkie-base,restricted,wool,False,woou,ORTHOGRAPHIC,,,4,10,2
talkie-base,restricted,wool,False,wooll,ORTHOGRAPHIC,,,4,10,21
talkie-base,restricted,wool,False,wooll,ORTHOGRAPHIC,,,4,10,1
talkie-base,restricted,wool,False,woole,ORTHOGRAPHIC,,,4,10,1
talkie-base,restricted,wool,False,woou,ORTHOGRAPHIC,,,4,10,1
talkie-base,restricted,wool,False,woll,ORTHOGRAPHIC,,,4,10,1
talkie-base,restricted,wool,False,wooll,ORTHOGRAPHIC,,,4,10,1
talkie-base,restricted,wool,False,woll,ORTHOGRAPHIC,,,4,10,1
talkie-base,restricted,wool,False,wooll,ORTHOGRAPHIC,,,4,10,1
talkie-base,restricted,wool,False,woll,ORTHOGRAPHIC,,,4,10,1
talkie-base,restricted,wool,False,wol,ORTHOGRAPHIC,,,4,10,1
talkie-base,restricted,wool,False,woole,ORTHOGRAPHIC,,,4,10,1
talkie-base,restricted,wool,False,wooll,ORTHOGRAPHIC,,,4,10,1
talkie-base,restricted,wool,False,wooll,ORTHOGRAPHIC,,,4,10,1
talkie-base,restricted,worst,False,werst,ORTHOGRAPHIC,,,5,34,1
talkie-base,restricted,worst,False,worses,ORTHOGRAPHIC,,,5,34,1
talkie-base,restricted,worst,False,wersts,ORTHOGRAPHIC,,,5,34,1
talkie-base,restricted,worst,False,woorst,ORTHOGRAPHIC,,,5,34,1
talkie-base,restricted,worst,False,worser,ORTHOGRAPHIC,,,5,34,1
talkie-base,restricted,worst,False,worser,ORTHOGRAPHIC,,,5,34,1
talkie-base,restricted,wrist,False,griste,DERIVATIONAL,,undated,5,10,-1
talkie-base,restricted,wrist,False,brist,DERIVATIONAL,,undated,5,10,-1
talkie-base,restricted,yours,False,vours,DERIVATIONAL,,undated,5,25,1
talkie-base,restricted,yours,False,yourst,ORTHOGRAPHIC,,,5,25,1
talkie-base,restricted,yours,False,youre,ORTHOGRAPHIC,,,5,25,1
talkie-base,restricted,yours,False,yoursy,ORTHOGRAPHIC,,,5,25,1
talkie-base,restricted,yours,False,yourse,ORTHOGRAPHIC,,,5,25,1
talkie-base,restricted,yours,False,yoursr,ORTHOGRAPHIC,,,5,25,1
talkie-base,restricted,yours,False,yourn,ORTHOGRAPHIC,,,5,25,1
talkie-base,restricted,go,False,goe,ORTHOGRAPHIC,,,2,626,1
talkie-base,restricted,go,False,goc,ORTHOGRAPHIC,,,2,626,1
talkie-base,restricted,go,False,goj,ORTHOGRAPHIC,,,2,626,1
talkie-base,restricted,go,False,gow,ORTHOGRAPHIC,,,2,626,1
talkie-base,restricted,know,False,knowe,ORTHOGRAPHIC,,,4,683,26
talkie-base,restricted,know,False,knowen,ORTHOGRAPHIC,,,4,683,26
talkie-base,restricted,know,False,knowe,ORTHOGRAPHIC,,,4,683,57
talkie-base,restricted,know,False,yknowe,DERIVATIONAL,,undated,4,683,57
talkie-base,restricted,know,False,iknowe,DERIVATIONAL,,undated,4,683,57
talkie-base,restricted,know,False,knowen,ORTHOGRAPHIC,,,4,683,57
talkie-base,restricted,know,False,knowe,ORTHOGRAPHIC,,,4,683,3
talkie-base,restricted,know,False,kno,ORTHOGRAPHIC,,,4,683,1
talkie-base,restricted,know,False,knov,ORTHOGRAPHIC,,,4,683,1
talkie-base,restricted,know,False,knowe,ORTHOGRAPHIC,,,4,683,15
talkie-base,restricted,know,False,knowen,ORTHOGRAPHIC,,,4,683,15
talkie-base,restricted,know,False,kno,ORTHOGRAPHIC,,,4,683,5
talkie-base,restricted,know,False,knowa,ORTHOGRAPHIC,,,4,683,5
talkie-base,restricted,know,False,knowe,ORTHOGRAPHIC,,,4,683,4
talkie-base,restricted,know,False,kuow,ORTHOGRAPHIC,,,4,683,1
talkie-base,restricted,know,False,knaw,ORTHOGRAPHIC,,,4,683,1
talkie-base,restricted,year,False,vear,DERIVATIONAL,,undated,4,658,1
talkie-base,restricted,year,False,vear,DERIVATIONAL,,undated,4,658,2
talkie-base,restricted,year,False,vear,DERIVATIONAL,,undated,4,658,1
talkie-base,restricted,come,False,commed,ORTHOGRAPHIC,,,4,630,2
talkie-base,restricted,come,False,commen,ORTHOGRAPHIC,,,4,630,2
talkie-base,restricted,come,False,eome,DERIVATIONAL,,undated,4,630,1
talkie-base,restricted,come,False,oome,DERIVATIONAL,,undated,4,630,1
talkie-base,restricted,come,False,eome,DERIVATIONAL,,undated,4,630,1
talkie-base,restricted,come,False,ome,DERIVATIONAL,,undated,4,630,1
talkie-base,restricted,first,False,firſt,ORTHOGRAPHIC,,,5,1361,8
talkie-base,restricted,first,False,firſt,ORTHOGRAPHIC,,,5,1361,8
talkie-base,restricted,first,False,firft,ORTHOGRAPHIC,,,5,1361,8
talkie-base,restricted,first,False,flrst,ORTHOGRAPHIC,,,5,1361,1
talkie-base,restricted,first,False,tirst,DERIVATIONAL,,undated,5,1361,1
talkie-base,restricted,first,False,iirst,DERIVATIONAL,,undated,5,1361,1
talkie-base,restricted,first,False,lirst,DERIVATIONAL,,undated,5,1361,1
talkie-base,restricted,good,False,goodes,ORTHOGRAPHIC,,,4,806,14
talkie-base,restricted,his,False,hys,ORTHOGRAPHIC,,,3,6996,1
talkie-base,restricted,his,False,hir,ORTHOGRAPHIC,,,3,6996,1
talkie-base,restricted,his,False,hys,ORTHOGRAPHIC,,,3,6996,1
talkie-base,restricted,his,False,hise,ORTHOGRAPHIC,,,3,6996,1
talkie-base,restricted,his,False,hijs,ORTHOGRAPHIC,,,3,6996,1
talkie-base,restricted,his,False,hys,ORTHOGRAPHIC,,,3,6996,1
talkie-base,restricted,his,False,hise,ORTHOGRAPHIC,,,3,6996,1
talkie-base,restricted,man,False,mau,ORTHOGRAPHIC,,,3,1207,1
talkie-base,restricted,man,False,mau,ORTHOGRAPHIC,,,3,1207,1
talkie-base,restricted,man,False,manl,ORTHOGRAPHIC,,,3,1207,1
talkie-base,restricted,man,False,manl,ORTHOGRAPHIC,,,3,1207,1
talkie-base,restricted,most,False,moſt,ORTHOGRAPHIC,,,4,1159,1
talkie-base,restricted,most,False,moft,ORTHOGRAPHIC,,,4,1159,1
talkie-base,restricted,most,False,moste,ORTHOGRAPHIC,,,4,1159,1
talkie-base,restricted,most,False,moſt,ORTHOGRAPHIC,,,4,1159,3
talkie-base,restricted,most,False,moft,ORTHOGRAPHIC,,,4,1159,3
talkie-base,restricted,no,False,nol,ORTHOGRAPHIC,,,2,2139,1
talkie-base,restricted,find,False,finde,ORTHOGRAPHIC,,,4,400,1
talkie-base,restricted,find,False,tind,DERIVATIONAL,,undated,4,400,1
talkie-base,restricted,find,False,finde,ORTHOGRAPHIC,,,4,400,1
talkie-base,restricted,get,False,gete,ORTHOGRAPHIC,,,3,749,18
talkie-base,restricted,get,False,gete,ORTHOGRAPHIC,,,3,749,-1
talkie-base,restricted,get,False,gete,ORTHOGRAPHIC,,,3,749,-1
talkie-base,restricted,get,False,gett,ORTHOGRAPHIC,,,3,749,1
talkie-base,restricted,get,False,geat,ORTHOGRAPHIC,,,3,749,1
talkie-base,restricted,get,False,gete,ORTHOGRAPHIC,,,3,749,51
talkie-base,restricted,get,False,gete,ORTHOGRAPHIC,,,3,749,-1
talkie-base,restricted,get,False,gete,ORTHOGRAPHIC,,,3,749,-1
talkie-base,restricted,many,False,manv,ORTHOGRAPHIC,,,4,1030,1
talkie-base,restricted,many,False,manv,ORTHOGRAPHIC,,,4,1030,1
talkie-base,restricted,many,False,manj,ORTHOGRAPHIC,,,4,1030,1
talkie-base,restricted,many,False,manv,ORTHOGRAPHIC,,,4,1030,1
talkie-base,restricted,over,False,oyer,ORTHOGRAPHIC,,,4,1236,1
talkie-base,restricted,over,False,oyer,ORTHOGRAPHIC,,,4,1236,1
talkie-base,restricted,system,False,svstem,ORTHOGRAPHIC,,,6,416,1
talkie-base,restricted,way,False,wav,ORTHOGRAPHIC,,,3,908,1
talkie-base,restricted,way,False,wav,ORTHOGRAPHIC,,,3,908,1
talkie-base,restricted,way,False,waye,ORTHOGRAPHIC,,,3,908,4
talkie-base,restricted,way,False,wayes,ORTHOGRAPHIC,,,3,908,4
talkie-base,restricted,way,False,waj,ORTHOGRAPHIC,,,3,908,1
talkie-base,restricted,way,False,wav,ORTHOGRAPHIC,,,3,908,1
talkie-base,restricted,way,False,wiy,ORTHOGRAPHIC,,,3,908,1
talkie-base,restricted,way,False,wav,ORTHOGRAPHIC,,,3,908,1
talkie-base,restricted,way,False,waj,ORTHOGRAPHIC,,,3,908,1
talkie-base,restricted,way,False,wayj,ORTHOGRAPHIC,,,3,908,1
talkie-base,restricted,way,False,waye,ORTHOGRAPHIC,,,3,908,1
talkie-base,restricted,way,False,wav,ORTHOGRAPHIC,,,3,908,1
talkie-base,restricted,way,False,wav,ORTHOGRAPHIC,,,3,908,1
talkie-base,restricted,way,False,waye,ORTHOGRAPHIC,,,3,908,1
talkie-base,restricted,way,False,wayes,ORTHOGRAPHIC,,,3,908,1
talkie-base,restricted,way,False,wav,ORTHOGRAPHIC,,,3,908,1
talkie-base,restricted,way,False,waj,ORTHOGRAPHIC,,,3,908,1
talkie-base,restricted,way,False,wav,ORTHOGRAPHIC,,,3,908,1
talkie-base,restricted,way,False,wav,ORTHOGRAPHIC,,,3,908,1
talkie-base,restricted,way,False,wav,ORTHOGRAPHIC,,,3,908,1
talkie-base,restricted,way,False,waj,ORTHOGRAPHIC,,,3,908,1
talkie-base,restricted,way,False,wayes,ORTHOGRAPHIC,,,3,908,1
talkie-base,restricted,way,False,waye,ORTHOGRAPHIC,,,3,908,1
talkie-base,restricted,way,False,waj,ORTHOGRAPHIC,,,3,908,1
talkie-base,restricted,way,False,wav,ORTHOGRAPHIC,,,3,908,1
talkie-base,restricted,way,False,waj,ORTHOGRAPHIC,,,3,908,1
talkie-base,restricted,way,False,wayes,ORTHOGRAPHIC,,,3,908,74
talkie-base,restricted,way,False,wav,ORTHOGRAPHIC,,,3,908,2
talkie-base,restricted,way,False,waye,ORTHOGRAPHIC,,,3,908,4
talkie-base,restricted,way,False,wayes,ORTHOGRAPHIC,,,3,908,4
talkie-base,restricted,way,False,wayes,ORTHOGRAPHIC,,,3,908,1
talkie-base,restricted,way,False,waj,ORTHOGRAPHIC,,,3,908,1
talkie-base,restricted,way,False,waye,ORTHOGRAPHIC,,,3,908,1
talkie-base,restricted,way,False,wayj,ORTHOGRAPHIC,,,3,908,1
talkie-base,restricted,way,False,wav,ORTHOGRAPHIC,,,3,908,1
talkie-base,restricted,way,False,wayes,ORTHOGRAPHIC,,,3,908,1
talkie-base,restricted,way,False,waye,ORTHOGRAPHIC,,,3,908,1
talkie-base,restricted,way,False,waj,ORTHOGRAPHIC,,,3,908,1
talkie-base,restricted,way,False,wayes,ORTHOGRAPHIC,,,3,908,31
talkie-base,restricted,way,False,wav,ORTHOGRAPHIC,,,3,908,1
talkie-base,restricted,way,False,wayl,ORTHOGRAPHIC,,,3,908,1
talkie-base,restricted,way,False,waj,ORTHOGRAPHIC,,,3,908,1
talkie-base,restricted,way,False,waya,ORTHOGRAPHIC,,,3,908,2
talkie-base,restricted,way,False,waye,ORTHOGRAPHIC,,,3,908,2
talkie-base,restricted,way,False,wayes,ORTHOGRAPHIC,,,3,908,20
talkie-base,restricted,child,False,chylde,ORTHOGRAPHIC,,,5,213,4
talkie-base,restricted,day,False,daye,ORTHOGRAPHIC,,,3,687,3
talkie-base,restricted,day,False,dayes,ORTHOGRAPHIC,,,3,687,1
talkie-base,restricted,day,False,daye,ORTHOGRAPHIC,,,3,687,1
talkie-base,restricted,day,False,daye,ORTHOGRAPHIC,,,3,687,8
talkie-base,restricted,day,False,daye,ORTHOGRAPHIC,,,3,687,3
talkie-base,restricted,day,False,dayes,ORTHOGRAPHIC,,,3,687,3
talkie-base,restricted,each,False,cach,DERIVATIONAL,,undated,4,877,2
talkie-base,restricted,must,False,mnst,ORTHOGRAPHIC,,,4,1013,1
talkie-base,restricted,people,False,peple,ORTHOGRAPHIC,,,6,847,1
talkie-base,restricted,people,False,peopie,ORTHOGRAPHIC,,,6,847,1
talkie-base,restricted,people,False,peeple,ORTHOGRAPHIC,,,6,847,1
talkie-base,restricted,people,False,peopie,ORTHOGRAPHIC,,,6,847,1
talkie-base,restricted,people,False,peple,ORTHOGRAPHIC,,,6,847,1
talkie-base,restricted,people,False,peuple,ORTHOGRAPHIC,,,6,847,1
talkie-base,restricted,people,False,peopull,ORTHOGRAPHIC,,,6,847,1
talkie-base,restricted,people,False,peopill,ORTHOGRAPHIC,,,6,847,1
talkie-base,restricted,people,False,peeple,ORTHOGRAPHIC,,,6,847,1
talkie-base,restricted,people,False,peopie,ORTHOGRAPHIC,,,6,847,1
talkie-base,restricted,people,False,peop,ORTHOGRAPHIC,,,6,847,1
talkie-base,restricted,same,False,ſame,ORTHOGRAPHIC,,,4,686,1
talkie-base,restricted,same,False,samet,ORTHOGRAPHIC,,,4,686,1
talkie-base,restricted,same,False,samo,ORTHOGRAPHIC,,,4,686,1
talkie-base,restricted,same,False,samel,ORTHOGRAPHIC,,,4,686,1
talkie-base,restricted,same,False,samel,ORTHOGRAPHIC,,,4,686,1
talkie-base,restricted,same,False,ſame,ORTHOGRAPHIC,,,4,686,1
talkie-base,restricted,same,False,samme,ORTHOGRAPHIC,,,4,686,1
talkie-base,restricted,same,False,ame,DERIVATIONAL,,undated,4,686,1
talkie-base,restricted,same,False,sume,ORTHOGRAPHIC,,,4,686,1
talkie-base,restricted,same,False,ſame,ORTHOGRAPHIC,,,4,686,1
talkie-base,restricted,same,False,sume,ORTHOGRAPHIC,,,4,686,1
talkie-base,restricted,same,False,samee,ORTHOGRAPHIC,,,4,686,1
talkie-base,restricted,same,False,ſame,ORTHOGRAPHIC,,,4,686,1
talkie-base,restricted,same,False,aame,DERIVATIONAL,,undated,4,686,1
talkie-base,restricted,same,False,samo,ORTHOGRAPHIC,,,4,686,1
talkie-base,restricted,same,False,samo,ORTHOGRAPHIC,,,4,686,1
talkie-base,restricted,those,False,thofe,ORTHOGRAPHIC,,,5,850,2
talkie-base,restricted,well,False,wel,ORTHOGRAPHIC,,,4,897,2
talkie-base,restricted,well,False,wele,ORTHOGRAPHIC,,,4,897,5
talkie-base,restricted,well,False,wel,ORTHOGRAPHIC,,,4,897,5
talkie-base,restricted,well,False,welle,ORTHOGRAPHIC,,,4,897,5
talkie-base,restricted,well,False,wel,ORTHOGRAPHIC,,,4,897,1
talkie-base,restricted,well,False,wele,ORTHOGRAPHIC,,,4,897,1
talkie-base,restricted,call,False,calle,ORTHOGRAPHIC,,,4,188,8
talkie-base,restricted,great,False,grea,ORTHOGRAPHIC,,,5,665,1
talkie-base,restricted,great,False,creat,DERIVATIONAL,,undated,5,665,1
talkie-base,restricted,great,False,greal,ORTHOGRAPHIC,,,5,665,1
talkie-base,restricted,large,False,iarge,DERIVATIONAL,,undated,5,361,1
talkie-base,restricted,large,False,larg,ORTHOGRAPHIC,,,5,361,1
talkie-base,restricted,large,False,larse,ORTHOGRAPHIC,,,5,361,1
talkie-base,restricted,large,False,arge,DERIVATIONAL,,undated,5,361,1
talkie-base,restricted,much,False,muchl,ORTHOGRAPHIC,,,4,937,1
talkie-base,restricted,much,False,muchi,ORTHOGRAPHIC,,,4,937,1
talkie-base,restricted,much,False,muche,ORTHOGRAPHIC,,,4,937,78
talkie-base,restricted,number,False,numder,ORTHOGRAPHIC,,,6,472,1
talkie-base,restricted,number,False,numher,ORTHOGRAPHIC,,,6,472,1
talkie-base,restricted,own,False,owne,ORTHOGRAPHIC,,,3,772,2
talkie-base,restricted,own,False,ownl,ORTHOGRAPHIC,,,3,772,1
talkie-base,restricted,own,False,owni,ORTHOGRAPHIC,,,3,772,1
talkie-base,restricted,own,False,ownt,ORTHOGRAPHIC,,,3,772,1
talkie-base,restricted,own,False,ownr,ORTHOGRAPHIC,,,3,772,1
talkie-base,restricted,own,False,owm,ORTHOGRAPHIC,,,3,772,1
talkie-base,restricted,own,False,owne,ORTHOGRAPHIC,,,3,772,3
talkie-base,restricted,own,False,owne,ORTHOGRAPHIC,,,3,772,4
talkie-base,restricted,own,False,owne,ORTHOGRAPHIC,,,3,772,3
talkie-base,restricted,part,False,partye,ORTHOGRAPHIC,,,4,500,1
talkie-base,restricted,part,False,partie,ORTHOGRAPHIC,1565,,4,500,2
talkie-base,restricted,part,False,partye,ORTHOGRAPHIC,,,4,500,2
talkie-base,restricted,part,False,partte,ORTHOGRAPHIC,,,4,500,2
talkie-base,restricted,part,False,partes,ORTHOGRAPHIC,,,4,500,5
talkie-base,restricted,part,False,partl,ORTHOGRAPHIC,,,4,500,1
talkie-base,restricted,part,False,pait,ORTHOGRAPHIC,,,4,500,1
talkie-base,restricted,part,False,pairt,ORTHOGRAPHIC,,,4,500,1
talkie-base,restricted,part,False,partt,ORTHOGRAPHIC,,,4,500,1
talkie-base,restricted,part,False,paart,ORTHOGRAPHIC,,,4,500,1
talkie-base,restricted,part,False,pairte,ORTHOGRAPHIC,,,4,500,1
talkie-base,restricted,part,False,partes,ORTHOGRAPHIC,,,4,500,3
talkie-base,restricted,part,False,partes,ORTHOGRAPHIC,,,4,500,12
talkie-base,restricted,part,False,partes,ORTHOGRAPHIC,,,4,500,37
talkie-base,restricted,part,False,partie,ORTHOGRAPHIC,1565,,4,500,1
talkie-base,restricted,part,False,partye,ORTHOGRAPHIC,,,4,500,1
talkie-base,restricted,provide,False,proride,ORTHOGRAPHIC,,,7,216,1
talkie-base,restricted,state,False,ſtate,ORTHOGRAPHIC,,,5,807,1
talkie-base,restricted,state,False,ftate,DERIVATIONAL,,undated,5,807,1
talkie-base,restricted,state,False,atate,DERIVATIONAL,,undated,5,807,1
talkie-base,restricted,state,False,itate,DERIVATIONAL,,undated,5,807,1
talkie-base,restricted,state,False,statee,ORTHOGRAPHIC,,,5,807,1
talkie-base,restricted,state,False,astate,DERIVATIONAL,,undated,5,807,1
talkie-base,restricted,state,False,fstates,DERIVATIONAL,,undated,5,807,9
talkie-base,restricted,state,False,ftate,DERIVATIONAL,,undated,5,807,1
talkie-base,restricted,three,False,threees,ORTHOGRAPHIC,,,5,610,3
talkie-base,restricted,three,False,threcs,ORTHOGRAPHIC,,,5,610,3
talkie-base,restricted,woman,False,awoman,DERIVATIONAL,,undated,5,224,1
talkie-base,restricted,work,False,worh,ORTHOGRAPHIC,,,4,762,1
talkie-base,restricted,work,False,worke,ORTHOGRAPHIC,,,4,762,4
talkie-base,restricted,work,False,workes,ORTHOGRAPHIC,,,4,762,9
talkie-base,restricted,work,False,worke,ORTHOGRAPHIC,,,4,762,9
talkie-base,restricted,work,False,workes,ORTHOGRAPHIC,,,4,762,4
talkie-base,restricted,work,False,worke,ORTHOGRAPHIC,,,4,762,4
talkie-base,restricted,work,False,woorke,ORTHOGRAPHIC,,,4,762,4
talkie-base,restricted,work,False,worke,ORTHOGRAPHIC,,,4,762,1
talkie-base,restricted,against,False,agains,ORTHOGRAPHIC,,,7,627,1
talkie-base,restricted,against,False,gainst,DERIVATIONAL,,undated,7,627,1
talkie-base,restricted,against,False,ayainst,ORTHOGRAPHIC,,,7,627,1
talkie-base,restricted,against,False,aguinst,ORTHOGRAPHIC,,,7,627,1
talkie-base,restricted,area,False,areaa,ORTHOGRAPHIC,,,4,324,5
talkie-base,restricted,country,False,countrey,ORTHOGRAPHIC,,,7,324,1
talkie-base,restricted,country,False,countrey,ORTHOGRAPHIC,,,7,324,1
talkie-base,restricted,country,False,countrie,ORTHOGRAPHIC,,,7,324,1
talkie-base,restricted,country,False,countrey,ORTHOGRAPHIC,,,7,324,1
talkie-base,restricted,country,False,countiy,ORTHOGRAPHIC,,,7,324,1
talkie-base,restricted,country,False,countr,ORTHOGRAPHIC,,,7,324,1
talkie-base,restricted,down,False,downe,ORTHOGRAPHIC,,,4,895,13
talkie-base,restricted,down,False,doun,ORTHOGRAPHIC,,,4,895,13
talkie-base,restricted,down,False,downe,ORTHOGRAPHIC,,,4,895,1
talkie-base,restricted,down,False,dewn,ORTHOGRAPHIC,,,4,895,1
talkie-base,restricted,down,False,dowa,ORTHOGRAPHIC,,,4,895,1
talkie-base,restricted,effect,False,effecte,ORTHOGRAPHIC,,,6,213,2
talkie-base,restricted,effect,False,effecte,ORTHOGRAPHIC,,,6,213,1
talkie-base,restricted,effect,False,effeet,ORTHOGRAPHIC,,,6,213,1
talkie-base,restricted,effect,False,efiect,ORTHOGRAPHIC,,,6,213,1
talkie-base,restricted,effect,False,eifect,ORTHOGRAPHIC,,,6,213,1
talkie-base,restricted,effect,False,efifect,ORTHOGRAPHIC,,,6,213,1
talkie-base,restricted,effect,False,effecte,ORTHOGRAPHIC,,,6,213,1
talkie-base,restricted,effect,False,efiect,ORTHOGRAPHIC,,,6,213,1
talkie-base,restricted,effect,False,effeet,ORTHOGRAPHIC,,,6,213,1
talkie-base,restricted,effect,False,eftect,ORTHOGRAPHIC,,,6,213,1
talkie-base,restricted,effect,False,effecte,ORTHOGRAPHIC,,,6,213,1
talkie-base,restricted,effect,False,effectis,ORTHOGRAPHIC,,,6,213,1
talkie-base,restricted,effect,False,effec,ORTHOGRAPHIC,,,6,213,1
talkie-base,restricted,effect,False,efect,ORTHOGRAPHIC,,,6,213,1
talkie-base,restricted,effect,False,efiect,ORTHOGRAPHIC,,,6,213,1
talkie-base,restricted,effect,False,eflfect,ORTHOGRAPHIC,,,6,213,1
talkie-base,restricted,effect,False,eflect,ORTHOGRAPHIC,,,6,213,1
talkie-base,restricted,effect,False,efifect,ORTHOGRAPHIC,,,6,213,1
talkie-base,restricted,effect,False,eftect,ORTHOGRAPHIC,,,6,213,1
talkie-base,restricted,effect,False,efiect,ORTHOGRAPHIC,,,6,213,1
talkie-base,restricted,effect,False,eflect,ORTHOGRAPHIC,,,6,213,1
talkie-base,restricted,effect,False,eifect,ORTHOGRAPHIC,,,6,213,1
talkie-base,restricted,effect,False,efifect,ORTHOGRAPHIC,,,6,213,1
talkie-base,restricted,effect,False,effeet,ORTHOGRAPHIC,,,6,213,1
talkie-base,restricted,effect,False,eflfect,ORTHOGRAPHIC,,,6,213,1
talkie-base,restricted,effect,False,effec,ORTHOGRAPHIC,,,6,213,1
talkie-base,restricted,effect,False,effeet,ORTHOGRAPHIC,,,6,213,1
talkie-base,restricted,effect,False,efiect,ORTHOGRAPHIC,,,6,213,1
talkie-base,restricted,effect,False,eflect,ORTHOGRAPHIC,,,6,213,1
talkie-base,restricted,effect,False,effeet,ORTHOGRAPHIC,,,6,213,1
talkie-base,restricted,effect,False,efiect,ORTHOGRAPHIC,,,6,213,1
talkie-base,restricted,effect,False,eftect,ORTHOGRAPHIC,,,6,213,1
talkie-base,restricted,effect,False,eflect,ORTHOGRAPHIC,,,6,213,1
talkie-base,restricted,effect,False,efifect,ORTHOGRAPHIC,,,6,213,1
talkie-base,restricted,effect,False,effet,ORTHOGRAPHIC,,,6,213,1
talkie-base,restricted,effect,False,eifect,ORTHOGRAPHIC,,,6,213,1
talkie-base,restricted,effect,False,eflfect,ORTHOGRAPHIC,,,6,213,1
talkie-base,restricted,effect,False,eflect,ORTHOGRAPHIC,,,6,213,1
talkie-base,restricted,example,False,éxample,ORTHOGRAPHIC,,,7,292,1
talkie-base,restricted,example,False,exampie,ORTHOGRAPHIC,,,7,292,1
talkie-base,restricted,example,False,exaple,ORTHOGRAPHIC,,,7,292,1
talkie-base,restricted,example,False,exemple,ORTHOGRAPHIC,,,7,292,1
talkie-base,restricted,fact,False,faet,ORTHOGRAPHIC,,,4,447,1
talkie-base,restricted,fact,False,faot,ORTHOGRAPHIC,,,4,447,2
talkie-base,restricted,fact,False,fac,ORTHOGRAPHIC,,,4,447,1
talkie-base,restricted,family,False,familie,ORTHOGRAPHIC,,,6,331,20
talkie-base,restricted,form,False,formes,ORTHOGRAPHIC,,,4,370,2
talkie-base,restricted,form,False,formes,ORTHOGRAPHIC,,,4,370,1
talkie-base,restricted,hand,False,hande,ORTHOGRAPHIC,,,4,431,22
talkie-base,restricted,hand,False,hande,ORTHOGRAPHIC,,,4,431,2
talkie-base,restricted,hand,False,handes,ORTHOGRAPHIC,,,4,431,-1
talkie-base,restricted,hand,False,hande,ORTHOGRAPHIC,,,4,431,1
talkie-base,restricted,hand,False,hald,ORTHOGRAPHIC,,,4,431,1
talkie-base,restricted,hand,False,hande,ORTHOGRAPHIC,,,4,431,2
talkie-base,restricted,hand,False,handes,ORTHOGRAPHIC,,,4,431,2
talkie-base,restricted,hand,False,hond,ORTHOGRAPHIC,,,4,431,2
talkie-base,restricted,hand,False,hande,ORTHOGRAPHIC,,,4,431,1
talkie-base,restricted,hand,False,handes,ORTHOGRAPHIC,,,4,431,1
talkie-base,restricted,hand,False,hande,ORTHOGRAPHIC,,,4,431,1
talkie-base,restricted,hand,False,handes,ORTHOGRAPHIC,,,4,431,1
talkie-base,restricted,level,False,levell,ORTHOGRAPHIC,,,5,213,1
talkie-base,restricted,level,False,levell,ORTHOGRAPHIC,,,5,213,2
talkie-base,restricted,need,False,neede,ORTHOGRAPHIC,,,4,360,19
talkie-base,restricted,new,False,newe,ORTHOGRAPHIC,,,3,1635,12
talkie-base,restricted,new,False,uew,DERIVATIONAL,,undated,3,1635,1
talkie-base,restricted,new,False,uew,DERIVATIONAL,,undated,3,1635,1
talkie-base,restricted,old,False,oid,ORTHOGRAPHIC,,,3,661,1
talkie-base,restricted,order,False,oiders,ORTHOGRAPHIC,,,5,376,2
talkie-base,restricted,order,False,ordera,ORTHOGRAPHIC,,,5,376,2
talkie-base,restricted,order,False,ordei,ORTHOGRAPHIC,,,5,376,1
talkie-base,restricted,order,False,ordei,ORTHOGRAPHIC,,,5,376,1
talkie-base,restricted,order,False,ordor,ORTHOGRAPHIC,,,5,376,1
talkie-base,restricted,order,False,erder,DERIVATIONAL,,undated,5,376,1
talkie-base,restricted,order,False,ordred,ORTHOGRAPHIC,,,5,376,1
talkie-base,restricted,order,False,orderd,ORTHOGRAPHIC,,,5,376,1
talkie-base,restricted,order,False,ordcr,ORTHOGRAPHIC,,,5,376,1
talkie-base,restricted,order,False,ordér,ORTHOGRAPHIC,,,5,376,1
talkie-base,restricted,order,False,erder,DERIVATIONAL,,undated,5,376,1
talkie-base,restricted,order,False,ordér,ORTHOGRAPHIC,,,5,376,1
talkie-base,restricted,order,False,erder,DERIVATIONAL,,undated,5,376,1
talkie-base,restricted,order,False,ordér,ORTHOGRAPHIC,,,5,376,1
talkie-base,restricted,order,False,crder,DERIVATIONAL,,undated,5,376,1
talkie-base,restricted,person,False,persone,ORTHOGRAPHIC,,,6,174,10
talkie-base,restricted,person,False,perfon,ORTHOGRAPHIC,,,6,174,24
talkie-base,restricted,person,False,persone,ORTHOGRAPHIC,,,6,174,4
talkie-base,restricted,person,False,persone,ORTHOGRAPHIC,,,6,174,1
talkie-base,restricted,person,False,persone,ORTHOGRAPHIC,,,6,174,1
talkie-base,restricted,person,False,perso,ORTHOGRAPHIC,,,6,174,1
talkie-base,restricted,person,False,personne,ORTHOGRAPHIC,,,6,174,1
talkie-base,restricted,person,False,pers,ORTHOGRAPHIC,,,6,174,1
talkie-base,restricted,place,False,plaee,ORTHOGRAPHIC,,,5,570,1
talkie-base,restricted,place,False,piace,ORTHOGRAPHIC,,,5,570,1
talkie-base,restricted,place,False,plase,ORTHOGRAPHIC,,,5,570,1
talkie-base,restricted,place,False,plase,ORTHOGRAPHIC,,,5,570,1
talkie-base,restricted,place,False,plaoe,ORTHOGRAPHIC,,,5,570,1
talkie-base,restricted,place,False,plece,ORTHOGRAPHIC,,,5,570,1
talkie-base,restricted,place,False,piace,ORTHOGRAPHIC,,,5,570,1
talkie-base,restricted,place,False,plaee,ORTHOGRAPHIC,,,5,570,1
talkie-base,restricted,place,False,piace,ORTHOGRAPHIC,,,5,570,1
talkie-base,restricted,point,False,poiut,ORTHOGRAPHIC,,,5,395,1
talkie-base,restricted,point,False,pointes,ORTHOGRAPHIC,,,5,395,4
talkie-base,restricted,point,False,pointa,ORTHOGRAPHIC,,,5,395,2
talkie-base,restricted,point,False,pointes,ORTHOGRAPHIC,,,5,395,19
talkie-base,restricted,power,False,poweris,ORTHOGRAPHIC,,,5,342,72
talkie-base,restricted,power,False,poyver,ORTHOGRAPHIC,,,5,342,1
talkie-base,restricted,power,False,poyyer,ORTHOGRAPHIC,,,5,342,1
talkie-base,restricted,power,False,pover,ORTHOGRAPHIC,,,5,342,1
talkie-base,restricted,power,False,povver,ORTHOGRAPHIC,,,5,342,1
talkie-base,restricted,power,False,powere,ORTHOGRAPHIC,,,5,342,3
talkie-base,restricted,power,False,powere,ORTHOGRAPHIC,,,5,342,1
talkie-base,restricted,small,False,smale,ORTHOGRAPHIC,,,5,542,31
talkie-base,restricted,small,False,smale,ORTHOGRAPHIC,,,5,542,1
talkie-base,restricted,small,False,smalle,ORTHOGRAPHIC,,,5,542,1
talkie-base,restricted,small,False,smal,ORTHOGRAPHIC,,,5,542,1
talkie-base,restricted,small,False,smalt,ORTHOGRAPHIC,,,5,542,1
talkie-base,restricted,small,False,ſmall,ORTHOGRAPHIC,,,5,542,1
talkie-base,restricted,small,False,fmall,DERIVATIONAL,,undated,5,542,1
talkie-base,restricted,small,False,smail,ORTHOGRAPHIC,,,5,542,1
talkie-base,restricted,small,False,smalle,ORTHOGRAPHIC,,,5,542,1
talkie-base,restricted,small,False,fmall,DERIVATIONAL,,undated,5,542,1
talkie-base,restricted,small,False,smal,ORTHOGRAPHIC,,,5,542,1
talkie-base,restricted,small,False,ſmall,ORTHOGRAPHIC,,,5,542,1
talkie-base,restricted,small,False,smalles,ORTHOGRAPHIC,,,5,542,1
talkie-base,restricted,small,False,smale,ORTHOGRAPHIC,,,5,542,1
talkie-base,restricted,still,False,stille,ORTHOGRAPHIC,,,5,782,3
talkie-base,restricted,still,False,stylle,ORTHOGRAPHIC,,,5,782,3
talkie-base,restricted,still,False,ſtill,ORTHOGRAPHIC,,,5,782,1
talkie-base,restricted,still,False,ftill,DERIVATIONAL,,undated,5,782,1
talkie-base,restricted,still,False,stil,ORTHOGRAPHIC,,,5,782,1
talkie-base,restricted,still,False,stiil,ORTHOGRAPHIC,,,5,782,1
talkie-base,restricted,still,False,stille,ORTHOGRAPHIC,,,5,782,1
talkie-base,restricted,still,False,stili,ORTHOGRAPHIC,,,5,782,1
talkie-base,restricted,still,False,atill,DERIVATIONAL,,undated,5,782,1
talkie-base,restricted,study,False,studie,ORTHOGRAPHIC,,,5,246,1
talkie-base,restricted,study,False,studye,ORTHOGRAPHIC,,,5,246,3
talkie-base,restricted,study,False,studie,ORTHOGRAPHIC,,,5,246,3
talkie-base,restricted,study,False,stody,ORTHOGRAPHIC,,,5,246,3
talkie-base,restricted,tell,False,telle,ORTHOGRAPHIC,,,4,268,-1
talkie-base,restricted,tell,False,tellen,ORTHOGRAPHIC,,,4,268,-1
talkie-base,restricted,tell,False,telle,ORTHOGRAPHIC,,,4,268,26
talkie-base,restricted,tell,False,telle,ORTHOGRAPHIC,,,4,268,6
talkie-base,restricted,tell,False,teil,ORTHOGRAPHIC,,,4,268,1
talkie-base,restricted,term,False,terme,ORTHOGRAPHIC,,,4,79,51
talkie-base,restricted,term,False,termys,ORTHOGRAPHIC,,,4,79,67
talkie-base,restricted,thing,False,thingl,ORTHOGRAPHIC,,,5,333,1
talkie-base,restricted,thing,False,thiug,ORTHOGRAPHIC,,,5,333,1
talkie-base,restricted,thing,False,thiag,ORTHOGRAPHIC,,,5,333,1
talkie-base,restricted,thing,False,thyng,ORTHOGRAPHIC,,,5,333,3
talkie-base,restricted,thing,False,thynge,ORTHOGRAPHIC,,,5,333,3
talkie-base,restricted,thing,False,thinge,ORTHOGRAPHIC,,,5,333,3
talkie-base,restricted,value,False,valewe,ORTHOGRAPHIC,,,5,200,1
talkie-base,restricted,value,False,valewe,ORTHOGRAPHIC,,,5,200,1
talkie-base,restricted,value,False,valewe,ORTHOGRAPHIC,,,5,200,1
talkie-base,restricted,value,False,valu,ORTHOGRAPHIC,,,5,200,1
talkie-base,restricted,value,False,valewe,ORTHOGRAPHIC,,,5,200,1
talkie-base,restricted,value,False,valage,ORTHOGRAPHIC,,,5,200,1
talkie-base,restricted,want,False,wantid,ORTHOGRAPHIC,,,4,328,21
talkie-base,restricted,want,False,wantyd,ORTHOGRAPHIC,,,4,328,21
talkie-base,restricted,want,False,wantit,ORTHOGRAPHIC,,,4,328,21
talkie-base,restricted,word,False,wordes,ORTHOGRAPHIC,,,4,274,57
talkie-base,restricted,word,False,worde,ORTHOGRAPHIC,,,4,274,3
talkie-base,restricted,word,False,wordis,ORTHOGRAPHIC,,,4,274,3
talkie-base,restricted,word,False,wordes,ORTHOGRAPHIC,,,4,274,6
talkie-base,restricted,word,False,worde,ORTHOGRAPHIC,,,4,274,1
talkie-base,restricted,word,False,woord,ORTHOGRAPHIC,,,4,274,1
talkie-base,restricted,word,False,wordc,ORTHOGRAPHIC,,,4,274,1
talkie-base,restricted,word,False,werd,ORTHOGRAPHIC,,,4,274,1
talkie-base,restricted,word,False,vord,DERIVATIONAL,,undated,4,274,1
talkie-base,restricted,word,False,wor,ORTHOGRAPHIC,,,4,274,1
talkie-base,restricted,word,False,werd,ORTHOGRAPHIC,,,4,274,1
talkie-base,restricted,word,False,werd,ORTHOGRAPHIC,,,4,274,1
talkie-base,restricted,world,False,worid,ORTHOGRAPHIC,,,5,787,1
talkie-base,restricted,world,False,worl,ORTHOGRAPHIC,,,5,787,1
talkie-base,restricted,world,False,woild,ORTHOGRAPHIC,,,5,787,1
talkie-base,restricted,world,False,worldsl,ORTHOGRAPHIC,,,5,787,2
talkie-base,restricted,world,False,worids,ORTHOGRAPHIC,,,5,787,2
talkie-base,restricted,world,False,worldsi,ORTHOGRAPHIC,,,5,787,2
talkie-base,restricted,world,False,worlda,ORTHOGRAPHIC,,,5,787,2
talkie-base,restricted,world,False,worlde,ORTHOGRAPHIC,,,5,787,2
talkie-base,restricted,world,False,worldis,ORTHOGRAPHIC,,,5,787,2
talkie-base,restricted,world,False,worid,ORTHOGRAPHIC,,,5,787,1
talkie-base,restricted,world,False,avorld,DERIVATIONAL,,undated,5,787,1
talkie-base,restricted,world,False,worid,ORTHOGRAPHIC,,,5,787,1
talkie-base,restricted,world,False,worlde,ORTHOGRAPHIC,,,5,787,1
talkie-base,restricted,world,False,worlde,ORTHOGRAPHIC,,,5,787,2
talkie-base,restricted,world,False,worlde,ORTHOGRAPHIC,,,5,787,1
talkie-base,restricted,write,False,wryte,ORTHOGRAPHIC,,,5,106,1
talkie-base,restricted,write,False,wrate,ORTHOGRAPHIC,,,5,106,1
talkie-base,restricted,write,False,writte,ORTHOGRAPHIC,,,5,106,1
talkie-base,restricted,write,False,writen,ORTHOGRAPHIC,,,5,106,1
talkie-base,restricted,action,False,aetion,ORTHOGRAPHIC,,,6,291,1
talkie-base,restricted,again,False,agdin,ORTHOGRAPHIC,,,5,577,1
talkie-base,restricted,again,False,againe,ORTHOGRAPHIC,,,5,577,6
talkie-base,restricted,again,False,agin,ORTHOGRAPHIC,,,5,577,1
talkie-base,restricted,again,False,againl,ORTHOGRAPHIC,,,5,577,1
talkie-base,restricted,again,False,againi,ORTHOGRAPHIC,,,5,577,1
talkie-base,restricted,among,False,amang,ORTHOGRAPHIC,,,5,370,1
talkie-base,restricted,among,False,emong,DERIVATIONAL,,undated,5,370,1
talkie-base,restricted,among,False,amonge,ORTHOGRAPHIC,,,5,370,1
talkie-base,restricted,around,False,aroimd,ORTHOGRAPHIC,,,6,562,1
talkie-base,restricted,around,False,aroimd,ORTHOGRAPHIC,,,6,562,1
talkie-base,restricted,around,False,aroundj,ORTHOGRAPHIC,,,6,562,1
talkie-base,restricted,ask,False,aske,ORTHOGRAPHIC,,,3,128,10
talkie-base,restricted,body,False,hody,DERIVATIONAL,,undated,4,276,1
talkie-base,restricted,body,False,bedy,ORTHOGRAPHIC,,,4,276,1
talkie-base,restricted,body,False,bodye,ORTHOGRAPHIC,,,4,276,1
talkie-base,restricted,body,False,bady,ORTHOGRAPHIC,,,4,276,1
talkie-base,restricted,body,False,hody,DERIVATIONAL,,undated,4,276,1
talkie-base,restricted,body,False,bodv,ORTHOGRAPHIC,,,4,276,1
talkie-base,restricted,body,False,bodys,ORTHOGRAPHIC,,,4,276,3
talkie-base,restricted,body,False,bodi,ORTHOGRAPHIC,,,4,276,2
talkie-base,restricted,body,False,bodi,ORTHOGRAPHIC,,,4,276,1
talkie-base,restricted,body,False,booy,ORTHOGRAPHIC,,,4,276,1
talkie-base,restricted,book,False,bookes,ORTHOGRAPHIC,,,4,197,22
talkie-base,restricted,bring,False,bringf,ORTHOGRAPHIC,,,5,158,1
talkie-base,restricted,bring,False,bringl,ORTHOGRAPHIC,,,5,158,1
talkie-base,restricted,bring,False,hring,DERIVATIONAL,,undated,5,158,1
talkie-base,restricted,bring,False,bringp,ORTHOGRAPHIC,,,5,158,1
talkie-base,restricted,bring,False,bringi,ORTHOGRAPHIC,,,5,158,1
talkie-base,restricted,bring,False,bringr,ORTHOGRAPHIC,,,5,158,1
talkie-base,restricted,bring,False,bringt,ORTHOGRAPHIC,,,5,158,1
talkie-base,restricted,case,False,cace,ORTHOGRAPHIC,,,4,362,1
talkie-base,restricted,case,False,caskes,ORTHOGRAPHIC,,,4,362,2
talkie-base,restricted,case,False,casees,ORTHOGRAPHIC,,,4,362,2
talkie-base,restricted,case,False,cace,ORTHOGRAPHIC,,,4,362,1
talkie-base,restricted,case,False,caſe,ORTHOGRAPHIC,,,4,362,1
talkie-base,restricted,case,False,caſe,ORTHOGRAPHIC,,,4,362,1
talkie-base,restricted,case,False,caſe,ORTHOGRAPHIC,,,4,362,2
talkie-base,restricted,case,False,caſe,ORTHOGRAPHIC,,,4,362,3
talkie-base,restricted,cell,False,celle,ORTHOGRAPHIC,,,4,65,1
talkie-base,restricted,cell,False,celle,ORTHOGRAPHIC,,,4,65,1
talkie-base,restricted,class,False,classis,ORTHOGRAPHIC,,,5,207,-1
talkie-base,restricted,condition,False,condicion,ORTHOGRAPHIC,,,9,91,1
talkie-base,restricted,condition,False,condicon,ORTHOGRAPHIC,,,9,91,1
talkie-base,restricted,control,False,controlment,ORTHOGRAPHIC,,,7,223,-1
talkie-base,restricted,control,False,controll,ORTHOGRAPHIC,,,7,223,-1
talkie-base,restricted,control,False,controllment,ORTHOGRAPHIC,,,7,223,-1
talkie-base,restricted,course,False,courfe,ORTHOGRAPHIC,,,6,465,2
talkie-base,restricted,course,False,coursse,ORTHOGRAPHIC,,,6,465,1
talkie-base,restricted,course,False,courſe,ORTHOGRAPHIC,,,6,465,1
talkie-base,restricted,course,False,courſe,ORTHOGRAPHIC,,,6,465,10
talkie-base,restricted,course,False,courfe,ORTHOGRAPHIC,,,6,465,10
talkie-base,restricted,course,False,courfe,ORTHOGRAPHIC,,,6,465,1
talkie-base,restricted,course,False,couse,ORTHOGRAPHIC,,,6,465,1
talkie-base,restricted,course,False,coursers,ORTHOGRAPHIC,,,6,465,1
talkie-base,restricted,create,False,tranſlate,ORTHOGRAPHIC,,,6,54,2
talkie-base,restricted,develop,False,develope,ORTHOGRAPHIC,,,7,89,22
talkie-base,restricted,development,False,developement,ORTHOGRAPHIC,,,11,334,4
talkie-base,restricted,end,False,endes,ORTHOGRAPHIC,,,3,409,10
talkie-base,restricted,end,False,cnd,DERIVATIONAL,,undated,3,409,1
talkie-base,restricted,end,False,eud,ORTHOGRAPHIC,,,3,409,1
talkie-base,restricted,end,False,endc,ORTHOGRAPHIC,,,3,409,1
talkie-base,restricted,end,False,endo,ORTHOGRAPHIC,,,3,409,1
talkie-base,restricted,end,False,endl,ORTHOGRAPHIC,,,3,409,1
talkie-base,restricted,end,False,endo,ORTHOGRAPHIC,,,3,409,1
talkie-base,restricted,end,False,endc,ORTHOGRAPHIC,,,3,409,1
talkie-base,restricted,end,False,eud,ORTHOGRAPHIC,,,3,409,1
talkie-base,restricted,end,False,cnd,DERIVATIONAL,,undated,3,409,1
talkie-base,restricted,end,False,endj,ORTHOGRAPHIC,,,3,409,1
talkie-base,restricted,end,False,ead,ORTHOGRAPHIC,,,3,409,1
talkie-base,restricted,end,False,endl,ORTHOGRAPHIC,,,3,409,1
talkie-base,restricted,end,False,eud,ORTHOGRAPHIC,,,3,409,1
talkie-base,restricted,end,False,ead,ORTHOGRAPHIC,,,3,409,1
talkie-base,restricted,end,False,eend,ORTHOGRAPHIC,,,3,409,1
talkie-base,restricted,end,False,eand,ORTHOGRAPHIC,,,3,409,1
talkie-base,restricted,end,False,endo,ORTHOGRAPHIC,,,3,409,1
talkie-base,restricted,end,False,cnd,DERIVATIONAL,,undated,3,409,1
talkie-base,restricted,end,False,endc,ORTHOGRAPHIC,,,3,409,1
talkie-base,restricted,end,False,eud,ORTHOGRAPHIC,,,3,409,1
talkie-base,restricted,end,False,ead,ORTHOGRAPHIC,,,3,409,1
talkie-base,restricted,end,False,ond,DERIVATIONAL,,undated,3,409,1
talkie-base,restricted,end,False,eud,ORTHOGRAPHIC,,,3,409,1
talkie-base,restricted,end,False,énd,ORTHOGRAPHIC,,,3,409,1
talkie-base,restricted,end,False,eud,ORTHOGRAPHIC,,,3,409,1
talkie-base,restricted,end,False,cnd,DERIVATIONAL,,undated,3,409,1
talkie-base,restricted,end,False,ead,ORTHOGRAPHIC,,,3,409,1
talkie-base,restricted,end,False,ond,DERIVATIONAL,,undated,3,409,1
talkie-base,restricted,feel,False,feele,ORTHOGRAPHIC,,,4,216,10
talkie-base,restricted,feel,False,feele,ORTHOGRAPHIC,,,4,216,2
talkie-base,restricted,general,False,generall,ORTHOGRAPHIC,,,7,498,1
talkie-base,restricted,general,False,generall,ORTHOGRAPHIC,,,7,498,2
talkie-base,restricted,general,False,generali,ORTHOGRAPHIC,,,7,498,2
talkie-base,restricted,general,False,generail,ORTHOGRAPHIC,,,7,498,2
talkie-base,restricted,general,False,ginerall,ORTHOGRAPHIC,,,7,498,2
talkie-base,restricted,help,False,helj,ORTHOGRAPHIC,,,4,311,1
talkie-base,restricted,help,False,belp,DERIVATIONAL,,undated,4,311,1
talkie-base,restricted,help,False,helpme,ORTHOGRAPHIC,,,4,311,1
talkie-base,restricted,help,False,nelp,DERIVATIONAL,,undated,4,311,1
talkie-base,restricted,help,False,heip,ORTHOGRAPHIC,,,4,311,1
talkie-base,restricted,hold,False,hould,ORTHOGRAPHIC,,,4,169,1
talkie-base,restricted,hold,False,holde,ORTHOGRAPHIC,,,4,169,1
talkie-base,restricted,hold,False,hoid,ORTHOGRAPHIC,,,4,169,1
talkie-base,restricted,hold,False,hoald,ORTHOGRAPHIC,,,4,169,1
talkie-base,restricted,individual,False,individua,ORTHOGRAPHIC,,,10,239,3
talkie-base,restricted,keep,False,keepe,ORTHOGRAPHIC,,,4,264,17
talkie-base,restricted,last,False,laat,ORTHOGRAPHIC,,,4,676,1
talkie-base,restricted,last,False,lastj,ORTHOGRAPHIC,,,4,676,1
talkie-base,restricted,last,False,lastl,ORTHOGRAPHIC,,,4,676,1
talkie-base,restricted,last,False,leaste,ORTHOGRAPHIC,,,4,676,5
talkie-base,restricted,last,False,laste,ORTHOGRAPHIC,,,4,676,5
talkie-base,restricted,last,False,lasste,ORTHOGRAPHIC,,,4,676,5
talkie-base,restricted,last,False,laft,ORTHOGRAPHIC,,,4,676,1
talkie-base,restricted,last,False,laſt,ORTHOGRAPHIC,,,4,676,1
talkie-base,restricted,last,False,lastl,ORTHOGRAPHIC,,,4,676,1
talkie-base,restricted,last,False,jast,DERIVATIONAL,,undated,4,676,1
talkie-base,restricted,last,False,jast,DERIVATIONAL,,undated,4,676,1
talkie-base,restricted,last,False,iast,DERIVATIONAL,,undated,4,676,1
talkie-base,restricted,last,False,laste,ORTHOGRAPHIC,,,4,676,1
talkie-base,restricted,last,False,blaste,DERIVATIONAL,,undated,4,676,1
talkie-base,restricted,last,False,lasl,ORTHOGRAPHIC,,,4,676,1
talkie-base,restricted,last,False,lastl,ORTHOGRAPHIC,,,4,676,1
talkie-base,restricted,last,False,laſt,ORTHOGRAPHIC,,,4,676,1
talkie-base,restricted,last,False,laft,ORTHOGRAPHIC,,,4,676,1
talkie-base,restricted,last,False,laste,ORTHOGRAPHIC,,,4,676,1
talkie-base,restricted,last,False,latt,ORTHOGRAPHIC,,,4,676,1
talkie-base,restricted,last,False,lait,ORTHOGRAPHIC,,,4,676,1
talkie-base,restricted,later,False,jater,DERIVATIONAL,,undated,5,397,2
talkie-base,restricted,law,False,lawc,ORTHOGRAPHIC,,,3,299,2
talkie-base,restricted,law,False,iaw,DERIVATIONAL,,undated,3,299,1
talkie-base,restricted,lead,False,leades,ORTHOGRAPHIC,,,4,129,9
talkie-base,restricted,lead,False,leade,ORTHOGRAPHIC,,,4,129,9
talkie-base,restricted,lead,False,leade,ORTHOGRAPHIC,,,4,129,3
talkie-base,restricted,less,False,lesse,ORTHOGRAPHIC,,,4,437,9
talkie-base,restricted,less,False,lese,ORTHOGRAPHIC,,,4,437,9
talkie-base,restricted,line,False,liue,ORTHOGRAPHIC,,,4,298,1
talkie-base,restricted,line,False,þine,ORTHOGRAPHIC,,,4,298,2
talkie-base,restricted,line,False,linel,ORTHOGRAPHIC,,,4,298,1
talkie-base,restricted,line,False,liue,ORTHOGRAPHIC,,,4,298,1
talkie-base,restricted,line,False,lins,ORTHOGRAPHIC,,,4,298,1
talkie-base,restricted,line,False,liae,ORTHOGRAPHIC,,,4,298,1
talkie-base,restricted,line,False,liue,ORTHOGRAPHIC,,,4,298,1
talkie-base,restricted,line,False,linc,ORTHOGRAPHIC,,,4,298,1
talkie-base,restricted,line,False,iine,DERIVATIONAL,,undated,4,298,1
talkie-base,restricted,line,False,ine,DERIVATIONAL,,undated,4,298,1
talkie-base,restricted,line,False,liue,ORTHOGRAPHIC,,,4,298,1
talkie-base,restricted,long,False,longe,ORTHOGRAPHIC,,,4,752,1
talkie-base,restricted,long,False,loug,ORTHOGRAPHIC,,,4,752,1
talkie-base,restricted,long,False,longe,ORTHOGRAPHIC,,,4,752,1
talkie-base,restricted,long,False,longe,ORTHOGRAPHIC,,,4,752,1
talkie-base,restricted,long,False,longes,ORTHOGRAPHIC,,,4,752,4
talkie-base,restricted,long,False,longe,ORTHOGRAPHIC,,,4,752,4
talkie-base,restricted,long,False,longe,ORTHOGRAPHIC,,,4,752,1
talkie-base,restricted,long,False,longe,ORTHOGRAPHIC,,,4,752,2
talkie-base,restricted,long,False,longe,ORTHOGRAPHIC,,,4,752,2
talkie-base,restricted,long,False,longe,ORTHOGRAPHIC,,,4,752,1
talkie-base,restricted,long,False,loug,ORTHOGRAPHIC,,,4,752,1
talkie-base,restricted,long,False,longf,ORTHOGRAPHIC,,,4,752,1
talkie-base,restricted,long,False,longp,ORTHOGRAPHIC,,,4,752,1
talkie-base,restricted,long,False,longt,ORTHOGRAPHIC,,,4,752,1
talkie-base,restricted,long,False,longr,ORTHOGRAPHIC,,,4,752,1
talkie-base,restricted,long,False,loug,ORTHOGRAPHIC,,,4,752,1
talkie-base,restricted,long,False,iong,DERIVATIONAL,,undated,4,752,1
talkie-base,restricted,long,False,loug,ORTHOGRAPHIC,,,4,752,1
talkie-base,restricted,method,False,methode,ORTHOGRAPHIC,,,6,142,1
talkie-base,restricted,method,False,metho,ORTHOGRAPHIC,,,6,142,1
talkie-base,restricted,method,False,methcd,ORTHOGRAPHIC,,,6,142,1
talkie-base,restricted,method,False,methad,ORTHOGRAPHIC,,,6,142,1
talkie-base,restricted,method,False,methode,ORTHOGRAPHIC,,,6,142,1
talkie-base,restricted,name,False,kame,DERIVATIONAL,,undated,4,294,1
talkie-base,restricted,name,False,xame,DERIVATIONAL,,undated,4,294,1
talkie-base,restricted,name,False,namc,ORTHOGRAPHIC,,,4,294,1
talkie-base,restricted,off,False,oflf,ORTHOGRAPHIC,,,3,639,1
talkie-base,restricted,off,False,oif,ORTHOGRAPHIC,,,3,639,1
talkie-base,restricted,off,False,ofi,ORTHOGRAPHIC,,,3,639,1
talkie-base,restricted,period,False,eriods,DERIVATIONAL,,undated,6,265,6
talkie-base,restricted,period,False,periode,ORTHOGRAPHIC,,,6,265,1
talkie-base,restricted,period,False,periode,ORTHOGRAPHIC,,,6,265,1
talkie-base,restricted,period,False,peryod,ORTHOGRAPHIC,,,6,265,1
talkie-base,restricted,public,False,publie,ORTHOGRAPHIC,,,6,438,1
talkie-base,restricted,question,False,questione,ORTHOGRAPHIC,,,8,257,1
talkie-base,restricted,question,False,queston,ORTHOGRAPHIC,,,8,257,1
talkie-base,restricted,question,False,qnestion,ORTHOGRAPHIC,,,8,257,1
talkie-base,restricted,question,False,questiou,ORTHOGRAPHIC,,,8,257,1
talkie-base,restricted,question,False,questi,ORTHOGRAPHIC,,,8,257,1
talkie-base,restricted,question,False,queston,ORTHOGRAPHIC,,,8,257,1
talkie-base,restricted,rate,False,ratc,ORTHOGRAPHIC,,,4,209,1
talkie-base,restricted,rate,False,eate,DERIVATIONAL,,undated,4,209,1
talkie-base,restricted,rate,False,raite,ORTHOGRAPHIC,,,4,209,1
talkie-base,restricted,rate,False,rato,ORTHOGRAPHIC,,,4,209,1
talkie-base,restricted,remain,False,remaine,ORTHOGRAPHIC,,,6,93,2
talkie-base,restricted,remain,False,remayne,ORTHOGRAPHIC,,,6,93,2
talkie-base,restricted,remain,False,remard,ORTHOGRAPHIC,,,6,93,2
talkie-base,restricted,remain,False,remainc,ORTHOGRAPHIC,,,6,93,2
talkie-base,restricted,require,False,requireth,ORTHOGRAPHIC,,,7,86,5
talkie-base,restricted,require,False,requyreth,DERIVATIONAL,,undated,7,86,5
talkie-base,restricted,right,False,rightes,ORTHOGRAPHIC,,,5,613,16
talkie-base,restricted,right,False,ryght,ORTHOGRAPHIC,,,5,613,1
talkie-base,restricted,right,False,kight,DERIVATIONAL,,undated,5,613,1
talkie-base,restricted,right,False,riglit,ORTHOGRAPHIC,,,5,613,1
talkie-base,restricted,right,False,ight,DERIVATIONAL,,undated,5,613,1
talkie-base,restricted,school,False,schoolmen,ORTHOGRAPHIC,,,6,493,11
talkie-base,restricted,second,False,seconde,ORTHOGRAPHIC,,,6,373,1
talkie-base,restricted,second,False,fecond,DERIVATIONAL,,undated,6,373,1
talkie-base,restricted,second,False,secound,ORTHOGRAPHIC,,,6,373,1
talkie-base,restricted,second,False,ſecond,ORTHOGRAPHIC,,,6,373,1
talkie-base,restricted,service,False,servise,ORTHOGRAPHIC,,,7,315,1
talkie-base,restricted,service,False,sérvice,ORTHOGRAPHIC,,,7,315,1
talkie-base,restricted,service,False,seryice,ORTHOGRAPHIC,,,7,315,1
talkie-base,restricted,service,False,ſervice,ORTHOGRAPHIC,,,7,315,5
talkie-base,restricted,service,False,fervice,DERIVATIONAL,,undated,7,315,5
talkie-base,restricted,service,False,ſervices,ORTHOGRAPHIC,,,7,315,5
talkie-base,restricted,service,False,sérvice,ORTHOGRAPHIC,,,7,315,1
talkie-base,restricted,service,False,serviee,ORTHOGRAPHIC,,,7,315,1
talkie-base,restricted,service,False,seryice,ORTHOGRAPHIC,,,7,315,1
talkie-base,restricted,set,False,ſet,ORTHOGRAPHIC,,,3,414,1
talkie-base,restricted,set,False,ſet,ORTHOGRAPHIC,,,3,414,32
talkie-base,restricted,set,False,setj,ORTHOGRAPHIC,,,3,414,1
talkie-base,restricted,set,False,sct,ORTHOGRAPHIC,,,3,414,1
talkie-base,restricted,set,False,aet,DERIVATIONAL,,undated,3,414,1
talkie-base,restricted,set,False,seti,ORTHOGRAPHIC,,,3,414,1
talkie-base,restricted,set,False,sel,ORTHOGRAPHIC,,,3,414,1
talkie-base,restricted,set,False,sete,ORTHOGRAPHIC,,,3,414,7
talkie-base,restricted,side,False,sidé,ORTHOGRAPHIC,,,4,381,1
talkie-base,restricted,side,False,syde,ORTHOGRAPHIC,,,4,381,1
talkie-base,restricted,side,False,syde,ORTHOGRAPHIC,,,4,381,1
talkie-base,restricted,side,False,sido,ORTHOGRAPHIC,,,4,381,1
talkie-base,restricted,side,False,syde,ORTHOGRAPHIC,,,4,381,3
talkie-base,restricted,side,False,ſide,ORTHOGRAPHIC,,,4,381,1
talkie-base,restricted,side,False,lide,DERIVATIONAL,,undated,4,381,1
talkie-base,restricted,side,False,iide,DERIVATIONAL,,undated,4,381,1
talkie-base,restricted,side,False,sidé,ORTHOGRAPHIC,,,4,381,1
talkie-base,restricted,side,False,syde,ORTHOGRAPHIC,,,4,381,1
talkie-base,restricted,side,False,syde,ORTHOGRAPHIC,,,4,381,1
talkie-base,restricted,side,False,syde,ORTHOGRAPHIC,,,4,381,1
talkie-base,restricted,side,False,sidea,ORTHOGRAPHIC,,,4,381,2
talkie-base,restricted,side,False,syde,ORTHOGRAPHIC,,,4,381,1
talkie-base,restricted,side,False,ſide,ORTHOGRAPHIC,,,4,381,1
talkie-base,restricted,side,False,syde,ORTHOGRAPHIC,,,4,381,2
talkie-base,restricted,side,False,ſide,ORTHOGRAPHIC,,,4,381,1
talkie-base,restricted,side,False,lide,DERIVATIONAL,,undated,4,381,1
talkie-base,restricted,side,False,slde,ORTHOGRAPHIC,,,4,381,1
talkie-base,restricted,since,False,sinee,ORTHOGRAPHIC,,,5,628,1
talkie-base,restricted,since,False,fince,DERIVATIONAL,,undated,5,628,1
talkie-base,restricted,since,False,ſince,ORTHOGRAPHIC,,,5,628,1
talkie-base,restricted,since,False,lince,DERIVATIONAL,,undated,5,628,1
talkie-base,restricted,since,False,sinee,ORTHOGRAPHIC,,,5,628,1
talkie-base,restricted,since,False,iince,DERIVATIONAL,,undated,5,628,1
talkie-base,restricted,since,False,ince,DERIVATIONAL,,undated,5,628,1
talkie-base,restricted,try,False,trye,ORTHOGRAPHIC,,,3,140,1
talkie-base,restricted,try,False,trv,ORTHOGRAPHIC,,,3,140,1
talkie-base,restricted,try,False,tiy,ORTHOGRAPHIC,,,3,140,1
talkie-base,restricted,try,False,trj,ORTHOGRAPHIC,,,3,140,1
talkie-base,restricted,try,False,tryc,ORTHOGRAPHIC,,,3,140,1
talkie-base,restricted,up,False,upp,ORTHOGRAPHIC,,,2,1890,1
talkie-base,restricted,upon,False,upen,ORTHOGRAPHIC,,,4,495,1
talkie-base,restricted,upon,False,npon,DERIVATIONAL,,undated,4,495,1
talkie-base,restricted,upon,False,uppon,ORTHOGRAPHIC,,,4,495,2
talkie-base,restricted,upon,False,apon,DERIVATIONAL,,undated,4,495,2
talkie-base,restricted,upon,False,vpon,DERIVATIONAL,,undated,4,495,2
talkie-base,restricted,view,False,yiew,DERIVATIONAL,,undated,4,186,1
talkie-base,restricted,view,False,viev,ORTHOGRAPHIC,,,4,186,1
talkie-base,restricted,view,False,vieu,ORTHOGRAPHIC,,,4,186,1
talkie-base,restricted,view,False,vew,ORTHOGRAPHIC,,,4,186,2
talkie-base,restricted,view,False,viewe,ORTHOGRAPHIC,,,4,186,2
talkie-base,restricted,view,False,viewe,ORTHOGRAPHIC,,,4,186,1
talkie-base,restricted,view,False,vieu,ORTHOGRAPHIC,,,4,186,1
talkie-base,restricted,view,False,yiew,DERIVATIONAL,,undated,4,186,1
talkie-base,restricted,view,False,vew,ORTHOGRAPHIC,,,4,186,1
talkie-base,restricted,view,False,vicw,ORTHOGRAPHIC,,,4,186,1
talkie-base,restricted,view,False,yiew,DERIVATIONAL,,undated,4,186,1
talkie-base,restricted,view,False,viewe,ORTHOGRAPHIC,,,4,186,1
talkie-base,restricted,view,False,yiew,DERIVATIONAL,,undated,4,186,1
talkie-base,restricted,view,False,viewj,ORTHOGRAPHIC,,,4,186,1
talkie-base,restricted,view,False,viev,ORTHOGRAPHIC,,,4,186,1
talkie-base,restricted,water,False,watera,ORTHOGRAPHIC,,,5,445,2
talkie-base,restricted,water,False,watei,ORTHOGRAPHIC,,,5,445,2
talkie-base,restricted,water,False,wateis,ORTHOGRAPHIC,,,5,445,2
talkie-base,restricted,water,False,watters,ORTHOGRAPHIC,,,5,445,2
talkie-base,restricted,water,False,watres,ORTHOGRAPHIC,,,5,445,2
talkie-base,restricted,water,False,wateris,ORTHOGRAPHIC,,,5,445,2
talkie-base,restricted,water,False,watres,ORTHOGRAPHIC,,,5,445,1
talkie-base,restricted,water,False,waterbreak,ORTHOGRAPHIC,,,5,445,2
talkie-base,restricted,account,False,accompt,ORTHOGRAPHIC,,,7,117,1
talkie-base,restricted,account,False,accoumpt,ORTHOGRAPHIC,,,7,117,1
talkie-base,restricted,account,False,accounte,ORTHOGRAPHIC,,,7,117,1
talkie-base,restricted,account,False,accoun,ORTHOGRAPHIC,,,7,117,1
talkie-base,restricted,account,False,accoimt,ORTHOGRAPHIC,,,7,117,1
talkie-base,restricted,account,False,acconnt,ORTHOGRAPHIC,,,7,117,1
talkie-base,restricted,age,False,aage,ORTHOGRAPHIC,,,3,227,1
talkie-base,restricted,age,False,agea,ORTHOGRAPHIC,,,3,227,2
talkie-base,restricted,age,False,aage,ORTHOGRAPHIC,,,3,227,1
talkie-base,restricted,age,False,agoe,ORTHOGRAPHIC,,,3,227,3
talkie-base,restricted,age,False,agees,ORTHOGRAPHIC,,,3,227,3
talkie-base,restricted,age,False,agé,ORTHOGRAPHIC,,,3,227,1
talkie-base,restricted,apply,False,applye,ORTHOGRAPHIC,,,5,56,1
talkie-base,restricted,apply,False,appiy,ORTHOGRAPHIC,,,5,56,1
talkie-base,restricted,apply,False,applye,ORTHOGRAPHIC,,,5,56,6
talkie-base,restricted,black,False,blacke,ORTHOGRAPHIC,,,5,203,1
talkie-base,restricted,black,False,blacklegs,ORTHOGRAPHIC,,,5,203,7
talkie-base,restricted,black,False,blacke,ORTHOGRAPHIC,,,5,203,1
talkie-base,restricted,black,False,blacky,ORTHOGRAPHIC,,,5,203,1
talkie-base,restricted,black,False,blacke,ORTHOGRAPHIC,,,5,203,-1
talkie-base,restricted,black,False,blackes,ORTHOGRAPHIC,,,5,203,-1
talkie-base,restricted,century,False,centuiy,ORTHOGRAPHIC,,,7,207,1
talkie-base,restricted,city,False,eity,DERIVATIONAL,,undated,4,393,1
talkie-base,restricted,city,False,citv,ORTHOGRAPHIC,,,4,393,1
talkie-base,restricted,clear,False,cleer,ORTHOGRAPHIC,,,5,219,1
talkie-base,restricted,clear,False,cleere,ORTHOGRAPHIC,,,5,219,1
talkie-base,restricted,close,False,clos,ORTHOGRAPHIC,,,5,234,3
talkie-base,restricted,common,False,commones,ORTHOGRAPHIC,,,6,223,8
talkie-base,restricted,common,False,communs,ORTHOGRAPHIC,,,6,223,8
talkie-base,restricted,common,False,comon,ORTHOGRAPHIC,,,6,223,8
talkie-base,restricted,company,False,companie,ORTHOGRAPHIC,,,7,290,1
talkie-base,restricted,company,False,companie,ORTHOGRAPHIC,,,7,290,1
talkie-base,restricted,company,False,companye,ORTHOGRAPHIC,,,7,290,1
talkie-base,restricted,cost,False,coste,ORTHOGRAPHIC,,,4,229,1
talkie-base,restricted,cost,False,costes,ORTHOGRAPHIC,,,4,229,1
talkie-base,restricted,cost,False,coost,ORTHOGRAPHIC,,,4,229,1
talkie-base,restricted,cost,False,costis,ORTHOGRAPHIC,,,4,229,1
talkie-base,restricted,cost,False,cooste,ORTHOGRAPHIC,,,4,229,1
talkie-base,restricted,cost,False,coste,ORTHOGRAPHIC,,,4,229,2
talkie-base,restricted,cost,False,bost,DERIVATIONAL,,undated,4,229,1
talkie-base,restricted,court,False,courte,ORTHOGRAPHIC,,,5,230,1
talkie-base,restricted,court,False,couit,ORTHOGRAPHIC,,,5,230,1
talkie-base,restricted,court,False,coart,ORTHOGRAPHIC,,,5,230,1
talkie-base,restricted,court,False,cout,ORTHOGRAPHIC,,,5,230,1
talkie-base,restricted,court,False,courte,ORTHOGRAPHIC,,,5,230,1
talkie-base,restricted,court,False,courte,ORTHOGRAPHIC,,,5,230,1
talkie-base,restricted,death,False,deatli,ORTHOGRAPHIC,,,5,277,1
talkie-base,restricted,death,False,deaih,ORTHOGRAPHIC,,,5,277,1
talkie-base,restricted,define,False,maintaine,DERIVATIONAL,,undated,6,27,-1
talkie-base,restricted,die,False,dic,ORTHOGRAPHIC,,,3,73,1
talkie-base,restricted,difference,False,diference,ORTHOGRAPHIC,,,10,148,1
talkie-base,restricted,difference,False,differance,ORTHOGRAPHIC,,,10,148,1
talkie-base,restricted,difference,False,diflerence,ORTHOGRAPHIC,,,10,148,1
talkie-base,restricted,difference,False,difierence,ORTHOGRAPHIC,,,10,148,1
talkie-base,restricted,due,False,du,ORTHOGRAPHIC,,,3,142,1
talkie-base,restricted,due,False,dwe,ORTHOGRAPHIC,,,3,142,1
talkie-base,restricted,due,False,duc,ORTHOGRAPHIC,,,3,142,1
talkie-base,restricted,due,False,dne,ORTHOGRAPHIC,,,3,142,1
talkie-base,restricted,due,False,dae,ORTHOGRAPHIC,,,3,142,1
talkie-base,restricted,due,False,dne,ORTHOGRAPHIC,,,3,142,1
talkie-base,restricted,due,False,dae,ORTHOGRAPHIC,,,3,142,1
talkie-base,restricted,due,False,dne,ORTHOGRAPHIC,,,3,142,1
talkie-base,restricted,due,False,dae,ORTHOGRAPHIC,,,3,142,1
talkie-base,restricted,due,False,duc,ORTHOGRAPHIC,,,3,142,1
talkie-base,restricted,due,False,du,ORTHOGRAPHIC,,,3,142,1
talkie-base,restricted,due,False,deue,ORTHOGRAPHIC,,,3,142,2
talkie-base,restricted,due,False,dwe,ORTHOGRAPHIC,,,3,142,2
talkie-base,restricted,due,False,du,ORTHOGRAPHIC,,,3,142,2
talkie-base,restricted,due,False,du,ORTHOGRAPHIC,,,3,142,1
talkie-base,restricted,due,False,dwe,ORTHOGRAPHIC,,,3,142,1
talkie-base,restricted,due,False,du,ORTHOGRAPHIC,,,3,142,1
talkie-base,restricted,due,False,dne,ORTHOGRAPHIC,,,3,142,1
talkie-base,restricted,either,False,aither,DERIVATIONAL,,undated,6,284,1
talkie-base,restricted,element,False,élement,ORTHOGRAPHIC,,,7,52,1
talkie-base,restricted,element,False,élément,ORTHOGRAPHIC,,,7,52,1
talkie-base,restricted,element,False,elément,ORTHOGRAPHIC,,,7,52,1
talkie-base,restricted,evidence,False,evidenee,ORTHOGRAPHIC,,,8,204,1
talkie-base,restricted,evidence,False,eyidence,ORTHOGRAPHIC,,,8,204,1
talkie-base,restricted,evidence,False,evidénce,ORTHOGRAPHIC,,,8,204,1
talkie-base,restricted,evidence,False,evid,DERIVATIONAL,,undated,8,204,1
talkie-base,restricted,experience,False,experiens,ORTHOGRAPHIC,,,10,276,1
talkie-base,restricted,experience,False,experyence,ORTHOGRAPHIC,,,10,276,1
talkie-base,restricted,eye,False,eyne,ORTHOGRAPHIC,,,3,122,2
talkie-base,restricted,eye,False,ey,ORTHOGRAPHIC,,,3,122,2
talkie-base,restricted,eye,False,eyea,ORTHOGRAPHIC,,,3,122,2
talkie-base,restricted,eye,False,eyen,ORTHOGRAPHIC,,,3,122,5
talkie-base,restricted,eye,False,ey,ORTHOGRAPHIC,,,3,122,1
talkie-base,restricted,eye,False,kye,DERIVATIONAL,,undated,3,122,1
talkie-base,restricted,eye,False,eie,ORTHOGRAPHIC,,,3,122,1
talkie-base,restricted,eye,False,ey,ORTHOGRAPHIC,,,3,122,1
talkie-base,restricted,eye,False,eje,ORTHOGRAPHIC,,,3,122,1
talkie-base,restricted,eye,False,eys,ORTHOGRAPHIC,,,3,122,17
talkie-base,restricted,eye,False,ey,ORTHOGRAPHIC,,,3,122,17
talkie-base,restricted,face,False,faee,ORTHOGRAPHIC,,,4,371,1
talkie-base,restricted,face,False,facz,ORTHOGRAPHIC,,,4,371,1
talkie-base,restricted,face,False,fac,ORTHOGRAPHIC,,,4,371,1
talkie-base,restricted,face,False,tace,DERIVATIONAL,,undated,4,371,1
talkie-base,restricted,face,False,facc,ORTHOGRAPHIC,,,4,371,1
talkie-base,restricted,face,False,fece,ORTHOGRAPHIC,,,4,371,1
talkie-base,restricted,face,False,fface,ORTHOGRAPHIC,,,4,371,1
talkie-base,restricted,face,False,fase,ORTHOGRAPHIC,,,4,371,1
talkie-base,restricted,face,False,tace,DERIVATIONAL,,undated,4,371,1
talkie-base,restricted,face,False,fac,ORTHOGRAPHIC,,,4,371,1
talkie-base,restricted,factor,False,factours,ORTHOGRAPHIC,,,6,71,12
talkie-base,restricted,fall,False,falle,ORTHOGRAPHIC,,,4,147,3
talkie-base,restricted,fall,False,falle,ORTHOGRAPHIC,,,4,147,2
talkie-base,restricted,fall,False,fale,ORTHOGRAPHIC,,,4,147,2
talkie-base,restricted,fall,False,falle,ORTHOGRAPHIC,,,4,147,1
talkie-base,restricted,fall,False,fallin,ORTHOGRAPHIC,,,4,147,1
talkie-base,restricted,fall,False,falle,ORTHOGRAPHIC,,,4,147,2
talkie-base,restricted,fall,False,falle,ORTHOGRAPHIC,,,4,147,5
talkie-base,restricted,fall,False,bifall,DERIVATIONAL,,undated,4,147,1
talkie-base,restricted,fall,False,falle,ORTHOGRAPHIC,,,4,147,1
talkie-base,restricted,far,False,lar,DERIVATIONAL,,undated,3,426,1
talkie-base,restricted,father,False,fader,ORTHOGRAPHIC,,,6,183,1
talkie-base,restricted,field,False,fieldes,ORTHOGRAPHIC,,,5,274,3
talkie-base,restricted,field,False,ficld,ORTHOGRAPHIC,,,5,274,1
talkie-base,restricted,field,False,tield,DERIVATIONAL,,undated,5,274,1
talkie-base,restricted,field,False,ficld,ORTHOGRAPHIC,,,5,274,1
talkie-base,restricted,field,False,feld,ORTHOGRAPHIC,,,5,274,1
talkie-base,restricted,field,False,fleld,ORTHOGRAPHIC,,,5,274,1
talkie-base,restricted,field,False,tield,DERIVATIONAL,,undated,5,274,1
talkie-base,restricted,field,False,fiel,ORTHOGRAPHIC,,,5,274,1
talkie-base,restricted,field,False,fleld,ORTHOGRAPHIC,,,5,274,1
talkie-base,restricted,field,False,fleld,ORTHOGRAPHIC,,,5,274,1
talkie-base,restricted,field,False,feld,ORTHOGRAPHIC,,,5,274,1
talkie-base,restricted,field,False,fleld,ORTHOGRAPHIC,,,5,274,1
talkie-base,restricted,field,False,tield,DERIVATIONAL,,undated,5,274,1
talkie-base,restricted,field,False,fleld,ORTHOGRAPHIC,,,5,274,2
talkie-base,restricted,force,False,foroe,ORTHOGRAPHIC,,,5,230,1
talkie-base,restricted,force,False,foree,ORTHOGRAPHIC,,,5,230,1
talkie-base,restricted,force,False,lorce,DERIVATIONAL,,undated,5,230,1
talkie-base,restricted,force,False,foree,ORTHOGRAPHIC,,,5,230,1
talkie-base,restricted,force,False,foree,ORTHOGRAPHIC,,,5,230,1
talkie-base,restricted,force,False,fozce,ORTHOGRAPHIC,,,5,230,10
talkie-base,restricted,free,False,firee,ORTHOGRAPHIC,,,4,259,1
talkie-base,restricted,free,False,fiee,ORTHOGRAPHIC,,,4,259,1
talkie-base,restricted,free,False,iree,DERIVATIONAL,,undated,4,259,1
talkie-base,restricted,free,False,fre,ORTHOGRAPHIC,,,4,259,1
talkie-base,restricted,free,False,fre,ORTHOGRAPHIC,,,4,259,1
talkie-base,restricted,free,False,fre,ORTHOGRAPHIC,,,4,259,1
talkie-base,restricted,free,False,ſree,ORTHOGRAPHIC,,,4,259,1
talkie-base,restricted,free,False,fiee,ORTHOGRAPHIC,,,4,259,1
talkie-base,restricted,free,False,fiee,ORTHOGRAPHIC,,,4,259,1
talkie-base,restricted,free,False,iree,DERIVATIONAL,,undated,4,259,1
talkie-base,restricted,free,False,freo,ORTHOGRAPHIC,,,4,259,1
talkie-base,restricted,free,False,fre,ORTHOGRAPHIC,,,4,259,1
talkie-base,restricted,free,False,fiee,ORTHOGRAPHIC,,,4,259,1
talkie-base,restricted,free,False,ffree,ORTHOGRAPHIC,,,4,259,1
talkie-base,restricted,free,False,freej,ORTHOGRAPHIC,,,4,259,1
talkie-base,restricted,full,False,fll,ORTHOGRAPHIC,,,4,230,2
talkie-base,restricted,future,False,futur,ORTHOGRAPHIC,,,6,227,2
talkie-base,restricted,future,False,futer,ORTHOGRAPHIC,,,6,227,2
talkie-base,restricted,future,False,futere,ORTHOGRAPHIC,,,6,227,2
talkie-base,restricted,future,False,futur,ORTHOGRAPHIC,,,6,227,2
talkie-base,restricted,grow,False,growen,ORTHOGRAPHIC,,,4,63,7
talkie-base,restricted,grow,False,growne,ORTHOGRAPHIC,,,4,63,7
talkie-base,restricted,grow,False,growe,ORTHOGRAPHIC,,,4,63,7
talkie-base,restricted,grow,False,gro,ORTHOGRAPHIC,,,4,63,7
talkie-base,restricted,grow,False,growen,ORTHOGRAPHIC,,,4,63,-1
talkie-base,restricted,growth,False,groth,ORTHOGRAPHIC,,,6,155,1
talkie-base,restricted,growth,False,crowth,DERIVATIONAL,,undated,6,155,1
talkie-base,restricted,head,False,heade,ORTHOGRAPHIC,,,4,424,2
talkie-base,restricted,head,False,héad,ORTHOGRAPHIC,,,4,424,1
talkie-base,restricted,head,False,hea,ORTHOGRAPHIC,,,4,424,1
talkie-base,restricted,head,False,headj,ORTHOGRAPHIC,,,4,424,1
talkie-base,restricted,head,False,heade,ORTHOGRAPHIC,,,4,424,1
talkie-base,restricted,health,False,healtli,ORTHOGRAPHIC,,,6,105,1
talkie-base,restricted,heart,False,heait,ORTHOGRAPHIC,,,5,173,1
talkie-base,restricted,heart,False,lieart,DERIVATIONAL,,undated,5,173,1
talkie-base,restricted,heart,False,beart,DERIVATIONAL,,undated,5,173,1
talkie-base,restricted,heart,False,heurt,ORTHOGRAPHIC,,,5,173,1
talkie-base,restricted,hour,False,houres,ORTHOGRAPHIC,,,4,145,4
talkie-base,restricted,hour,False,houres,ORTHOGRAPHIC,,,4,145,5
talkie-base,restricted,hour,False,houers,ORTHOGRAPHIC,,,4,145,5
talkie-base,restricted,hour,False,bour,DERIVATIONAL,,undated,4,145,1
talkie-base,restricted,hour,False,houi,ORTHOGRAPHIC,,,4,145,1
talkie-base,restricted,hour,False,honr,ORTHOGRAPHIC,,,4,145,1
talkie-base,restricted,hour,False,hou,ORTHOGRAPHIC,,,4,145,1
talkie-base,restricted,idea,False,iden,ORTHOGRAPHIC,,,4,195,1
talkie-base,restricted,idea,False,idéa,ORTHOGRAPHIC,,,4,195,1
talkie-base,restricted,idea,False,idaea,ORTHOGRAPHIC,,,4,195,1
talkie-base,restricted,idea,False,ldea,DERIVATIONAL,,undated,4,195,1
talkie-base,restricted,idea,False,idca,ORTHOGRAPHIC,,,4,195,1
talkie-base,restricted,idea,False,idee,ORTHOGRAPHIC,,,4,195,1
talkie-base,restricted,image,False,ownimage,DERIVATIONAL,,undated,5,119,2
talkie-base,restricted,image,False,ymages,DERIVATIONAL,,undated,5,119,4
talkie-base,restricted,image,False,imager,ORTHOGRAPHIC,,,5,119,4
talkie-base,restricted,image,False,imagie,ORTHOGRAPHIC,,,5,119,4
talkie-base,restricted,image,False,imiges,ORTHOGRAPHIC,,,5,119,4
talkie-base,restricted,image,False,imagies,ORTHOGRAPHIC,,,5,119,4
talkie-base,restricted,industry,False,industrie,ORTHOGRAPHIC,,,8,171,1
talkie-base,restricted,industry,False,induſtry,ORTHOGRAPHIC,,,8,171,1
talkie-base,restricted,industry,False,induftry,ORTHOGRAPHIC,,,8,171,1
talkie-base,restricted,industry,False,induftrie,DERIVATIONAL,,undated,8,171,1
talkie-base,restricted,industry,False,induſtrie,ORTHOGRAPHIC,,,8,171,1
talkie-base,restricted,issue,False,issu,ORTHOGRAPHIC,,,5,152,1
talkie-base,restricted,issue,False,issne,ORTHOGRAPHIC,,,5,152,1
talkie-base,restricted,issue,False,issae,ORTHOGRAPHIC,,,5,152,1
talkie-base,restricted,itself,False,yerself,DERIVATIONAL,,undated,6,304,-1
talkie-base,restricted,kind,False,kinde,ORTHOGRAPHIC,,,4,313,8
talkie-base,restricted,kind,False,kinn,ORTHOGRAPHIC,,,4,313,8
talkie-base,restricted,kind,False,kinde,ORTHOGRAPHIC,,,4,313,1
talkie-base,restricted,kind,False,kindes,ORTHOGRAPHIC,,,4,313,10
talkie-base,restricted,kind,False,kinde,ORTHOGRAPHIC,,,4,313,10
talkie-base,restricted,kind,False,kinde,ORTHOGRAPHIC,,,4,313,1
talkie-base,restricted,kind,False,kinn,ORTHOGRAPHIC,,,4,313,19
talkie-base,restricted,kind,False,kinde,ORTHOGRAPHIC,,,4,313,19
talkie-base,restricted,kind,False,kinde,ORTHOGRAPHIC,,,4,313,2
talkie-base,restricted,kind,False,kynd,ORTHOGRAPHIC,,,4,313,2
talkie-base,restricted,kind,False,kindj,ORTHOGRAPHIC,,,4,313,1
talkie-base,restricted,kind,False,kindi,ORTHOGRAPHIC,,,4,313,1
talkie-base,restricted,knowledge,False,knowledges,ORTHOGRAPHIC,,,9,145,1
talkie-base,restricted,language,False,languadge,ORTHOGRAPHIC,,,8,109,1
talkie-base,restricted,language,False,janguage,DERIVATIONAL,,undated,8,109,1
talkie-base,restricted,language,False,langua,ORTHOGRAPHIC,,,8,109,1
talkie-base,restricted,language,False,ianguage,DERIVATIONAL,,undated,8,109,1
talkie-base,restricted,language,False,languag,ORTHOGRAPHIC,,,8,109,1
talkie-base,restricted,low,False,jow,DERIVATIONAL,,undated,3,173,1
talkie-base,restricted,low,False,jow,DERIVATIONAL,,undated,3,173,1
talkie-base,restricted,low,False,iow,DERIVATIONAL,,undated,3,173,1
talkie-base,restricted,low,False,jow,DERIVATIONAL,,undated,3,173,1
talkie-base,restricted,low,False,lowl,ORTHOGRAPHIC,,,3,173,1
talkie-base,restricted,low,False,jow,DERIVATIONAL,,undated,3,173,1
talkie-base,restricted,low,False,iow,DERIVATIONAL,,undated,3,173,1
talkie-base,restricted,market,False,marke,ORTHOGRAPHIC,,,6,155,1
talkie-base,restricted,market,False,markett,ORTHOGRAPHIC,,,6,155,1
talkie-base,restricted,market,False,markeet,ORTHOGRAPHIC,,,6,155,1
talkie-base,restricted,market,False,markit,ORTHOGRAPHIC,,,6,155,1
talkie-base,restricted,market,False,merket,ORTHOGRAPHIC,,,6,155,1
talkie-base,restricted,material,False,materiall,ORTHOGRAPHIC,,,8,174,1
talkie-base,restricted,material,False,materialls,ORTHOGRAPHIC,,,8,174,1
talkie-base,restricted,material,False,materiais,ORTHOGRAPHIC,,,8,174,1
talkie-base,restricted,matter,False,maiter,ORTHOGRAPHIC,,,6,308,1
talkie-base,restricted,matter,False,maters,ORTHOGRAPHIC,,,6,308,1
talkie-base,restricted,matter,False,mattery,ORTHOGRAPHIC,,,6,308,1
talkie-base,restricted,matter,False,marter,ORTHOGRAPHIC,,,6,308,1
talkie-base,restricted,meet,False,mect,ORTHOGRAPHIC,,,4,149,1
talkie-base,restricted,meet,False,meetl,ORTHOGRAPHIC,,,4,149,1
talkie-base,restricted,meet,False,meeta,ORTHOGRAPHIC,,,4,149,2
talkie-base,restricted,meet,False,meeu,ORTHOGRAPHIC,,,4,149,2
talkie-base,restricted,meet,False,meete,ORTHOGRAPHIC,,,4,149,2
talkie-base,restricted,meet,False,meetc,ORTHOGRAPHIC,,,4,149,2
talkie-base,restricted,meet,False,mect,ORTHOGRAPHIC,,,4,149,2
talkie-base,restricted,mind,False,minde,ORTHOGRAPHIC,,,4,325,2
talkie-base,restricted,mind,False,minde,ORTHOGRAPHIC,,,4,325,3
talkie-base,restricted,mind,False,mynd,ORTHOGRAPHIC,,,4,325,3
talkie-base,restricted,mind,False,mindc,ORTHOGRAPHIC,,,4,325,3
talkie-base,restricted,mind,False,minde,ORTHOGRAPHIC,,,4,325,1
talkie-base,restricted,mind,False,miud,ORTHOGRAPHIC,,,4,325,1
talkie-base,restricted,mind,False,miud,ORTHOGRAPHIC,,,4,325,1
talkie-base,restricted,mind,False,minde,ORTHOGRAPHIC,,,4,325,2
talkie-base,restricted,mind,False,mynd,ORTHOGRAPHIC,,,4,325,2
talkie-base,restricted,mind,False,mindc,ORTHOGRAPHIC,,,4,325,2
talkie-base,restricted,mind,False,mindo,ORTHOGRAPHIC,,,4,325,2
talkie-base,restricted,mind,False,minde,ORTHOGRAPHIC,,,4,325,1
talkie-base,restricted,mind,False,miud,ORTHOGRAPHIC,,,4,325,1
talkie-base,restricted,mind,False,miud,ORTHOGRAPHIC,,,4,325,1
talkie-base,restricted,mind,False,mindl,ORTHOGRAPHIC,,,4,325,1
talkie-base,restricted,mind,False,mindes,ORTHOGRAPHIC,,,4,325,18
talkie-base,restricted,mind,False,minde,ORTHOGRAPHIC,,,4,325,18
talkie-base,restricted,mind,False,miud,ORTHOGRAPHIC,,,4,325,1
talkie-base,restricted,mind,False,minde,ORTHOGRAPHIC,,,4,325,10
talkie-base,restricted,mind,False,mynd,ORTHOGRAPHIC,,,4,325,10
talkie-base,restricted,mind,False,miud,ORTHOGRAPHIC,,,4,325,1
talkie-base,restricted,mind,False,minde,ORTHOGRAPHIC,,,4,325,1
talkie-base,restricted,mind,False,mindes,ORTHOGRAPHIC,,,4,325,4
talkie-base,restricted,mind,False,minde,ORTHOGRAPHIC,,,4,325,2
talkie-base,restricted,mind,False,minde,ORTHOGRAPHIC,,,4,325,1
talkie-base,restricted,mind,False,mynd,ORTHOGRAPHIC,,,4,325,1
talkie-base,restricted,mind,False,mindto,ORTHOGRAPHIC,,,4,325,1
talkie-base,restricted,mind,False,minde,ORTHOGRAPHIC,,,4,325,1
talkie-base,restricted,mind,False,miod,ORTHOGRAPHIC,,,4,325,1
talkie-base,restricted,mind,False,mynd,ORTHOGRAPHIC,,,4,325,36
talkie-base,restricted,mind,False,miud,ORTHOGRAPHIC,,,4,325,1
talkie-base,restricted,mind,False,miad,ORTHOGRAPHIC,,,4,325,1
talkie-base,restricted,mind,False,minde,ORTHOGRAPHIC,,,4,325,3
talkie-base,restricted,mind,False,miud,ORTHOGRAPHIC,,,4,325,1
talkie-base,restricted,mind,False,miad,ORTHOGRAPHIC,,,4,325,1
talkie-base,restricted,mind,False,miod,ORTHOGRAPHIC,,,4,325,1
talkie-base,restricted,mind,False,minde,ORTHOGRAPHIC,,,4,325,1
talkie-base,restricted,mind,False,miud,ORTHOGRAPHIC,,,4,325,1
talkie-base,restricted,mind,False,miad,ORTHOGRAPHIC,,,4,325,1
talkie-base,restricted,mind,False,minde,ORTHOGRAPHIC,,,4,325,2
talkie-base,restricted,mind,False,mynd,ORTHOGRAPHIC,,,4,325,2
talkie-base,restricted,mind,False,mindc,ORTHOGRAPHIC,,,4,325,2
talkie-base,restricted,mind,False,minde,ORTHOGRAPHIC,,,4,325,2
talkie-base,restricted,mind,False,minde,ORTHOGRAPHIC,,,4,325,1
talkie-base,restricted,mind,False,mindc,ORTHOGRAPHIC,,,4,325,1
talkie-base,restricted,mind,False,mynd,ORTHOGRAPHIC,,,4,325,1
talkie-base,restricted,mind,False,miad,ORTHOGRAPHIC,,,4,325,1
talkie-base,restricted,mind,False,minde,ORTHOGRAPHIC,,,4,325,1
talkie-base,restricted,mind,False,miod,ORTHOGRAPHIC,,,4,325,1
talkie-base,restricted,mind,False,miud,ORTHOGRAPHIC,,,4,325,1
talkie-base,restricted,money,False,moneys,ORTHOGRAPHIC,,,5,265,1
talkie-base,restricted,money,False,monéy,ORTHOGRAPHIC,,,5,265,1
talkie-base,restricted,money,False,moncy,ORTHOGRAPHIC,,,5,265,1
talkie-base,restricted,money,False,mony,ORTHOGRAPHIC,,,5,265,1
talkie-base,restricted,money,False,moneye,ORTHOGRAPHIC,,,5,265,1
talkie-base,restricted,money,False,moneys,ORTHOGRAPHIC,,,5,265,1
talkie-base,restricted,mother,False,mothei,ORTHOGRAPHIC,,,6,216,1
talkie-base,restricted,mother,False,mothe,ORTHOGRAPHIC,,,6,216,2
talkie-base,restricted,movement,False,movings,INFLECTION,,,8,128,73
talkie-base,restricted,nature,False,naturale,ORTHOGRAPHIC,,,6,191,2
talkie-base,restricted,necessary,False,necessarie,ORTHOGRAPHIC,,,9,222,1
talkie-base,restricted,necessary,False,necessaryes,ORTHOGRAPHIC,,,9,222,1
talkie-base,restricted,necessary,False,necessarys,ORTHOGRAPHIC,,,9,222,1
talkie-base,restricted,next,False,nexte,ORTHOGRAPHIC,,,4,394,1
talkie-base,restricted,next,False,nexte,ORTHOGRAPHIC,,,4,394,2
talkie-base,restricted,next,False,nexte,ORTHOGRAPHIC,,,4,394,1
talkie-base,restricted,next,False,nixt,ORTHOGRAPHIC,,,4,394,1
talkie-base,restricted,next,False,nezt,ORTHOGRAPHIC,,,4,394,1
talkie-base,restricted,next,False,nert,ORTHOGRAPHIC,,,4,394,1
talkie-base,restricted,next,False,nex,ORTHOGRAPHIC,,,4,394,1
talkie-base,restricted,next,False,nexi,ORTHOGRAPHIC,,,4,394,1
talkie-base,restricted,night,False,nyght,ORTHOGRAPHIC,,,5,411,4
talkie-base,restricted,nothing,False,nothinge,ORTHOGRAPHIC,,,7,411,1
talkie-base,restricted,nothing,False,nothmg,ORTHOGRAPHIC,,,7,411,1
talkie-base,restricted,nothing,False,notting,ORTHOGRAPHIC,,,7,411,1
talkie-base,restricted,nothing,False,nothinge,ORTHOGRAPHIC,,,7,411,1
talkie-base,restricted,nothing,False,noth,DERIVATIONAL,,undated,7,411,1
talkie-base,restricted,nothing,False,nothmg,ORTHOGRAPHIC,,,7,411,1
talkie-base,restricted,nothing,False,nothine,ORTHOGRAPHIC,,,7,411,1
talkie-base,restricted,nothing,False,nothino,ORTHOGRAPHIC,,,7,411,1
talkie-base,restricted,nothing,False,nothinge,ORTHOGRAPHIC,,,7,411,1
talkie-base,restricted,nothing,False,nothinge,ORTHOGRAPHIC,,,7,411,1
talkie-base,restricted,object,False,objec,ORTHOGRAPHIC,,,6,65,1
talkie-base,restricted,object,False,objeet,ORTHOGRAPHIC,,,6,65,1
talkie-base,restricted,object,False,obiect,ORTHOGRAPHIC,,,6,65,1
talkie-base,restricted,object,False,objeet,ORTHOGRAPHIC,,,6,65,1
talkie-base,restricted,offer,False,offeryd,ORTHOGRAPHIC,,,5,80,-1
talkie-base,restricted,operation,False,operacon,ORTHOGRAPHIC,,,9,113,1
talkie-base,restricted,paper,False,papir,ORTHOGRAPHIC,,,5,157,1
talkie-base,restricted,paper,False,papyre,ORTHOGRAPHIC,,,5,157,1
talkie-base,restricted,paper,False,papyr,ORTHOGRAPHIC,,,5,157,1
talkie-base,restricted,paper,False,pape,ORTHOGRAPHIC,,,5,157,1
talkie-base,restricted,paper,False,papere,ORTHOGRAPHIC,,,5,157,1
talkie-base,restricted,paper,False,pape,ORTHOGRAPHIC,,,5,157,1
talkie-base,restricted,paper,False,papar,ORTHOGRAPHIC,,,5,157,1
talkie-base,restricted,particular,False,particuler,ORTHOGRAPHIC,,,10,179,1
talkie-base,restricted,particular,False,particulare,ORTHOGRAPHIC,,,10,179,1
talkie-base,restricted,particular,False,perticuler,ORTHOGRAPHIC,,,10,179,1
talkie-base,restricted,particular,False,particalar,ORTHOGRAPHIC,,,10,179,1
talkie-base,restricted,particular,False,perticular,ORTHOGRAPHIC,,,10,179,1
talkie-base,restricted,particular,False,particu,ORTHOGRAPHIC,,,10,179,1
talkie-base,restricted,party,False,partie,ORTHOGRAPHIC,1565,,5,216,6
talkie-base,restricted,party,False,partye,ORTHOGRAPHIC,,,5,216,6
talkie-base,restricted,party,False,partye,ORTHOGRAPHIC,,,5,216,28
talkie-base,restricted,party,False,partie,ORTHOGRAPHIC,1565,,5,216,13
talkie-base,restricted,party,False,partv,ORTHOGRAPHIC,,,5,216,1
talkie-base,restricted,pass,False,paſs,ORTHOGRAPHIC,,,4,89,19
talkie-base,restricted,pass,False,pafs,ORTHOGRAPHIC,,,4,89,1
talkie-base,restricted,pass,False,paſs,ORTHOGRAPHIC,,,4,89,1
talkie-base,restricted,pass,False,pafs,ORTHOGRAPHIC,,,4,89,1
talkie-base,restricted,pass,False,paſs,ORTHOGRAPHIC,,,4,89,1
talkie-base,restricted,pass,False,passen,ORTHOGRAPHIC,,,4,89,-1
talkie-base,restricted,pass,False,paſs,ORTHOGRAPHIC,,,4,89,4
talkie-base,restricted,pattern,False,pattem,ORTHOGRAPHIC,,,7,113,1
talkie-base,restricted,pattern,False,pattera,ORTHOGRAPHIC,,,7,113,1
talkie-base,restricted,pattern,False,patteru,ORTHOGRAPHIC,,,7,113,1
talkie-base,restricted,pay,False,payc,ORTHOGRAPHIC,,,3,172,2
talkie-base,restricted,pay,False,paj,ORTHOGRAPHIC,,,3,172,2
talkie-base,restricted,pay,False,payd,ORTHOGRAPHIC,,,3,172,75
talkie-base,restricted,play,False,plav,ORTHOGRAPHIC,,,4,200,1
talkie-base,restricted,play,False,playe,ORTHOGRAPHIC,,,4,200,1
talkie-base,restricted,play,False,plaj,ORTHOGRAPHIC,,,4,200,1
talkie-base,restricted,play,False,playe,ORTHOGRAPHIC,,,4,200,1
talkie-base,restricted,play,False,pley,ORTHOGRAPHIC,,,4,200,1
talkie-base,restricted,play,False,plap,ORTHOGRAPHIC,,,4,200,1
talkie-base,restricted,play,False,pla,ORTHOGRAPHIC,,,4,200,1
talkie-base,restricted,play,False,playd,ORTHOGRAPHIC,,,4,200,12
talkie-base,restricted,play,False,playe,ORTHOGRAPHIC,,,4,200,2
talkie-base,restricted,position,False,positon,ORTHOGRAPHIC,,,8,241,1
talkie-base,restricted,present,False,presente,ORTHOGRAPHIC,,,7,377,1
talkie-base,restricted,present,False,prefented,DERIVATIONAL,,undated,7,377,21
talkie-base,restricted,present,False,preſented,ORTHOGRAPHIC,,,7,377,21
talkie-base,restricted,present,False,presente,ORTHOGRAPHIC,,,7,377,52
talkie-base,restricted,price,False,priee,ORTHOGRAPHIC,,,5,108,1
talkie-base,restricted,price,False,priee,ORTHOGRAPHIC,,,5,108,1
talkie-base,restricted,price,False,piice,ORTHOGRAPHIC,,,5,108,1
talkie-base,restricted,price,False,pricc,ORTHOGRAPHIC,,,5,108,1
talkie-base,restricted,price,False,prico,ORTHOGRAPHIC,,,5,108,1
talkie-base,restricted,principle,False,principall,ORTHOGRAPHIC,,,9,109,18
talkie-base,restricted,property,False,properte,ORTHOGRAPHIC,,,8,156,38
talkie-base,restricted,quality,False,quauty,ORTHOGRAPHIC,,,7,114,1
talkie-base,restricted,quality,False,quahty,ORTHOGRAPHIC,,,7,114,1
talkie-base,restricted,reach,False,reache,ORTHOGRAPHIC,,,5,105,3
talkie-base,restricted,reach,False,reacli,ORTHOGRAPHIC,,,5,105,1
talkie-base,restricted,reach,False,reac,ORTHOGRAPHIC,,,5,105,1
talkie-base,restricted,reach,False,reacb,ORTHOGRAPHIC,,,5,105,1
talkie-base,restricted,read,False,reade,ORTHOGRAPHIC,,,4,174,1
talkie-base,restricted,real,False,reall,ORTHOGRAPHIC,,,4,258,21
talkie-base,restricted,reason,False,reasones,ORTHOGRAPHIC,,,6,241,9
talkie-base,restricted,reason,False,reson,ORTHOGRAPHIC,,,6,241,2
talkie-base,restricted,reason,False,resone,ORTHOGRAPHIC,,,6,241,2
talkie-base,restricted,receive,False,receivea,ORTHOGRAPHIC,,,7,76,2
talkie-base,restricted,receive,False,receiyes,ORTHOGRAPHIC,,,7,76,2
talkie-base,restricted,receive,False,receiv,ORTHOGRAPHIC,,,7,76,2
talkie-base,restricted,receive,False,receivee,ORTHOGRAPHIC,,,7,76,2
talkie-base,restricted,receive,False,receyve,ORTHOGRAPHIC,,,7,76,1
talkie-base,restricted,receive,False,resceive,ORTHOGRAPHIC,,,7,76,1
talkie-base,restricted,receive,False,releve,ORTHOGRAPHIC,,,7,76,1
talkie-base,restricted,receive,False,releive,ORTHOGRAPHIC,,,7,76,1
talkie-base,restricted,receive,False,receve,ORTHOGRAPHIC,,,7,76,1
talkie-base,restricted,reduce,False,reduc,ORTHOGRAPHIC,,,6,62,-1
talkie-base,restricted,relation,False,protestacion,DERIVATIONAL,,undated,8,63,67
talkie-base,restricted,represent,False,represente,ORTHOGRAPHIC,,,9,38,1
talkie-base,restricted,represent,False,represen,ORTHOGRAPHIC,,,9,38,1
talkie-base,restricted,return,False,retournes,DERIVATIONAL,,undated,6,180,-1
talkie-base,restricted,return,False,retournés,ORTHOGRAPHIC,,,6,180,-1
talkie-base,restricted,right,False,brighte,DERIVATIONAL,,undated,5,613,3
talkie-base,restricted,role,False,réle,ORTHOGRAPHIC,,,4,104,1
talkie-base,restricted,role,False,rdle,ORTHOGRAPHIC,,,4,104,1
talkie-base,restricted,role,False,rol,ORTHOGRAPHIC,,,4,104,1
talkie-base,restricted,role,False,roie,ORTHOGRAPHIC,,,4,104,1
talkie-base,restricted,role,False,réle,ORTHOGRAPHIC,,,4,104,2
talkie-base,restricted,role,False,rdle,ORTHOGRAPHIC,,,4,104,2
talkie-base,restricted,role,False,rôle,ORTHOGRAPHIC,,,4,104,2
talkie-base,restricted,room,False,roome,ORTHOGRAPHIC,,,4,384,2
talkie-base,restricted,room,False,roomc,ORTHOGRAPHIC,,,4,384,2
talkie-base,restricted,room,False,roome,ORTHOGRAPHIC,,,4,384,38
talkie-base,restricted,room,False,roome,ORTHOGRAPHIC,,,4,384,1
talkie-base,restricted,rule,False,rul,ORTHOGRAPHIC,,,4,73,1
talkie-base,restricted,rule,False,ruie,ORTHOGRAPHIC,,,4,73,1
talkie-base,restricted,rule,False,rulo,ORTHOGRAPHIC,,,4,73,1
talkie-base,restricted,rule,False,kule,DERIVATIONAL,,undated,4,73,1
talkie-base,restricted,rule,False,eule,DERIVATIONAL,,undated,4,73,1
talkie-base,restricted,rule,False,bule,DERIVATIONAL,,undated,4,73,1
talkie-base,restricted,rule,False,rulc,ORTHOGRAPHIC,,,4,73,1
talkie-base,restricted,rule,False,rnle,ORTHOGRAPHIC,,,4,73,1
talkie-base,restricted,rule,False,ryle,ORTHOGRAPHIC,,,4,73,1
talkie-base,restricted,rule,False,rul,ORTHOGRAPHIC,,,4,73,1
talkie-base,restricted,rule,False,kule,DERIVATIONAL,,undated,4,73,1
talkie-base,restricted,rule,False,rul,ORTHOGRAPHIC,,,4,73,1
talkie-base,restricted,run,False,rua,ORTHOGRAPHIC,,,3,212,1
talkie-base,restricted,self,False,selff,ORTHOGRAPHIC,,,4,39,2
talkie-base,restricted,self,False,selff,ORTHOGRAPHIC,,,4,39,1
talkie-base,restricted,self,False,selffe,ORTHOGRAPHIC,,,4,39,1
talkie-base,restricted,sense,False,sence,ORTHOGRAPHIC,,,5,311,3
talkie-base,restricted,sense,False,sence,ORTHOGRAPHIC,,,5,311,1
talkie-base,restricted,sense,False,senfe,ORTHOGRAPHIC,,,5,311,1
talkie-base,restricted,sense,False,sence,ORTHOGRAPHIC,,,5,311,5
talkie-base,restricted,sense,False,sence,ORTHOGRAPHIC,,,5,311,1
talkie-base,restricted,sense,False,senfe,ORTHOGRAPHIC,,,5,311,1
talkie-base,restricted,sense,False,senſe,ORTHOGRAPHIC,,,5,311,1
talkie-base,restricted,sense,False,sensz,ORTHOGRAPHIC,,,5,311,1
talkie-base,restricted,sense,False,senss,ORTHOGRAPHIC,,,5,311,1
talkie-base,restricted,sense,False,sences,ORTHOGRAPHIC,,,5,311,8
talkie-base,restricted,sense,False,sensys,ORTHOGRAPHIC,,,5,311,8
talkie-base,restricted,sense,False,sensis,ORTHOGRAPHIC,,,5,311,8
talkie-base,restricted,sense,False,sence,ORTHOGRAPHIC,,,5,311,1
talkie-base,restricted,sense,False,sensel,ORTHOGRAPHIC,,,5,311,1
talkie-base,restricted,sense,False,seuse,ORTHOGRAPHIC,,,5,311,1
talkie-base,restricted,sense,False,sence,ORTHOGRAPHIC,,,5,311,1
talkie-base,restricted,sense,False,sences,ORTHOGRAPHIC,,,5,311,1
talkie-base,restricted,sense,False,seuse,ORTHOGRAPHIC,,,5,311,1
talkie-base,restricted,sense,False,senee,ORTHOGRAPHIC,,,5,311,1
talkie-base,restricted,sense,False,sences,ORTHOGRAPHIC,,,5,311,8
talkie-base,restricted,several,False,severall,ORTHOGRAPHIC,,,7,377,2
talkie-base,restricted,short,False,shorte,ORTHOGRAPHIC,,,5,212,1
talkie-base,restricted,short,False,ſhort,ORTHOGRAPHIC,,,5,212,1
talkie-base,restricted,short,False,fhort,DERIVATIONAL,,undated,5,212,1
talkie-base,restricted,short,False,shoit,ORTHOGRAPHIC,,,5,212,1
talkie-base,restricted,short,False,shor,ORTHOGRAPHIC,,,5,212,1
talkie-base,restricted,short,False,shorr,ORTHOGRAPHIC,,,5,212,1
talkie-base,restricted,short,False,sliort,ORTHOGRAPHIC,,,5,212,1
talkie-base,restricted,similar,False,similars,ORTHOGRAPHIC,,,7,157,9
talkie-base,restricted,similar,False,similia,ORTHOGRAPHIC,,,7,157,9
talkie-base,restricted,situation,False,scituation,ORTHOGRAPHIC,,,9,196,2
talkie-base,restricted,situation,False,situaton,ORTHOGRAPHIC,,,9,196,1
talkie-base,restricted,society,False,ſociety,ORTHOGRAPHIC,,,7,237,1
talkie-base,restricted,society,False,fociety,DERIVATIONAL,,undated,7,237,1
talkie-base,restricted,society,False,societie,ORTHOGRAPHIC,,,7,237,1
talkie-base,restricted,society,False,socicty,ORTHOGRAPHIC,,,7,237,1
talkie-base,restricted,society,False,soctety,ORTHOGRAPHIC,,,7,237,1
talkie-base,restricted,society,False,societie,ORTHOGRAPHIC,,,7,237,1
talkie-base,restricted,society,False,socicty,ORTHOGRAPHIC,,,7,237,1
talkie-base,restricted,society,False,socie,ORTHOGRAPHIC,,,7,237,1
talkie-base,restricted,society,False,socitty,ORTHOGRAPHIC,,,7,237,1
talkie-base,restricted,space,False,spase,ORTHOGRAPHIC,,,5,184,1
talkie-base,restricted,space,False,ſpace,ORTHOGRAPHIC,,,5,184,1
talkie-base,restricted,space,False,spase,ORTHOGRAPHIC,,,5,184,1
talkie-base,restricted,space,False,fpace,DERIVATIONAL,,undated,5,184,1
talkie-base,restricted,space,False,spaice,ORTHOGRAPHIC,,,5,184,1
talkie-base,restricted,space,False,spac,ORTHOGRAPHIC,,,5,184,1
talkie-base,restricted,space,False,ſpace,ORTHOGRAPHIC,,,5,184,1
talkie-base,restricted,space,False,spac,ORTHOGRAPHIC,,,5,184,1
talkie-base,restricted,space,False,spacis,ORTHOGRAPHIC,,,5,184,-1
talkie-base,restricted,space,False,ſpace,ORTHOGRAPHIC,,,5,184,3
talkie-base,restricted,space,False,fpace,DERIVATIONAL,,undated,5,184,3
talkie-base,restricted,space,False,spece,ORTHOGRAPHIC,,,5,184,2
talkie-base,restricted,space,False,fpace,DERIVATIONAL,,undated,5,184,2
talkie-base,restricted,space,False,spacee,ORTHOGRAPHIC,,,5,184,1
talkie-base,restricted,special,False,specialities,ORTHOGRAPHIC,,,7,250,6
talkie-base,restricted,stand,False,stande,ORTHOGRAPHIC,,,5,148,1
talkie-base,restricted,stand,False,standi,ORTHOGRAPHIC,,,5,148,1
talkie-base,restricted,stand,False,ſtand,ORTHOGRAPHIC,,,5,148,1
talkie-base,restricted,stand,False,ftand,DERIVATIONAL,,undated,5,148,1
talkie-base,restricted,stand,False,staud,ORTHOGRAPHIC,,,5,148,1
talkie-base,restricted,stand,False,ſtands,ORTHOGRAPHIC,,,5,148,4
talkie-base,restricted,stand,False,ftands,DERIVATIONAL,,undated,5,148,4
talkie-base,restricted,stand,False,standi,ORTHOGRAPHIC,,,5,148,4
talkie-base,restricted,stand,False,itands,DERIVATIONAL,,undated,5,148,4
talkie-base,restricted,stand,False,standa,ORTHOGRAPHIC,,,5,148,4
talkie-base,restricted,stand,False,stande,ORTHOGRAPHIC,,,5,148,1
talkie-base,restricted,stand,False,stond,ORTHOGRAPHIC,,,5,148,1
talkie-base,restricted,standard,False,standarde,ORTHOGRAPHIC,,,8,110,2
talkie-base,restricted,standard,False,standerde,ORTHOGRAPHIC,,,8,110,2
talkie-base,restricted,standard,False,standerd,ORTHOGRAPHIC,,,8,110,2
talkie-base,restricted,standard,False,stondarde,ORTHOGRAPHIC,,,8,110,2
talkie-base,restricted,standard,False,yeard,INFLECTION,,,8,110,59
talkie-base,restricted,standard,False,standabd,ORTHOGRAPHIC,,,8,110,1
talkie-base,restricted,start,False,startes,ORTHOGRAPHIC,,,5,154,17
talkie-base,restricted,start,False,starte,ORTHOGRAPHIC,,,5,154,17
talkie-base,restricted,start,False,starcs,ORTHOGRAPHIC,,,5,154,17
talkie-base,restricted,start,False,starrs,ORTHOGRAPHIC,,,5,154,17
talkie-base,restricted,start,False,staris,ORTHOGRAPHIC,,,5,154,17
talkie-base,restricted,start,False,startea,ORTHOGRAPHIC,,,5,154,17
talkie-base,restricted,start,False,starls,ORTHOGRAPHIC,,,5,154,17
talkie-base,restricted,story,False,storye,ORTHOGRAPHIC,,,5,153,11
talkie-base,restricted,story,False,ſtory,ORTHOGRAPHIC,,,5,153,1
talkie-base,restricted,story,False,ftory,DERIVATIONAL,,undated,5,153,1
talkie-base,restricted,strong,False,stronge,ORTHOGRAPHIC,,,6,202,2
talkie-base,restricted,strong,False,streng,ORTHOGRAPHIC,,,6,202,2
talkie-base,restricted,strong,False,ftrong,DERIVATIONAL,,undated,6,202,2
talkie-base,restricted,strong,False,stronge,ORTHOGRAPHIC,,,6,202,1
talkie-base,restricted,strong,False,stroong,ORTHOGRAPHIC,,,6,202,1
talkie-base,restricted,strong,False,strodg,ORTHOGRAPHIC,,,6,202,1
talkie-base,restricted,strong,False,ftrong,DERIVATIONAL,,undated,6,202,1
talkie-base,restricted,strong,False,ſtrong,ORTHOGRAPHIC,,,6,202,1
talkie-base,restricted,strong,False,stron,ORTHOGRAPHIC,,,6,202,1
talkie-base,restricted,strong,False,strongl,ORTHOGRAPHIC,,,6,202,1
talkie-base,restricted,strong,False,stiong,ORTHOGRAPHIC,,,6,202,1
talkie-base,restricted,strong,False,stong,ORTHOGRAPHIC,,,6,202,1
talkie-base,restricted,strong,False,streng,ORTHOGRAPHIC,,,6,202,1
talkie-base,restricted,strong,False,ftrong,DERIVATIONAL,,undated,6,202,1
talkie-base,restricted,strong,False,ſtrong,ORTHOGRAPHIC,,,6,202,1
talkie-base,restricted,strong,False,itrong,DERIVATIONAL,,undated,6,202,1
talkie-base,restricted,strong,False,flrong,DERIVATIONAL,,undated,6,202,1
talkie-base,restricted,strong,False,ttrong,DERIVATIONAL,,undated,6,202,1
talkie-base,restricted,strong,False,strongl,ORTHOGRAPHIC,,,6,202,1
talkie-base,restricted,strong,False,firong,DERIVATIONAL,,undated,6,202,1
talkie-base,restricted,true,False,truej,ORTHOGRAPHIC,,,4,231,1
talkie-base,restricted,true,False,trne,ORTHOGRAPHIC,,,4,231,1
talkie-base,restricted,true,False,trueth,ORTHOGRAPHIC,,,4,231,1
talkie-base,restricted,true,False,truthe,ORTHOGRAPHIC,,,4,231,1
talkie-base,restricted,use,False,vse,DERIVATIONAL,,undated,3,591,1
talkie-base,restricted,use,False,ufe,ORTHOGRAPHIC,,,3,591,1
talkie-base,restricted,use,False,uſe,ORTHOGRAPHIC,,,3,591,1
talkie-base,restricted,use,False,uſe,ORTHOGRAPHIC,,,3,591,4
talkie-base,restricted,use,False,ufe,ORTHOGRAPHIC,,,3,591,4
talkie-base,restricted,various,False,varions,ORTHOGRAPHIC,,,7,201,1
talkie-base,restricted,various,False,varieus,ORTHOGRAPHIC,,,7,201,1
talkie-base,restricted,war,False,warj,ORTHOGRAPHIC,,,3,464,1
talkie-base,restricted,white,False,wliite,ORTHOGRAPHIC,,,5,365,1
talkie-base,restricted,white,False,avhite,DERIVATIONAL,,undated,5,365,1
talkie-base,restricted,white,False,whyte,ORTHOGRAPHIC,,,5,365,1
talkie-base,restricted,white,False,whitt,ORTHOGRAPHIC,,,5,365,1
talkie-base,restricted,white,False,whytte,ORTHOGRAPHIC,,,5,365,1
talkie-base,restricted,white,False,wliite,ORTHOGRAPHIC,,,5,365,1
talkie-base,restricted,white,False,avhite,DERIVATIONAL,,undated,5,365,1
talkie-base,restricted,why,False,wh,ORTHOGRAPHIC,,,3,404,1
talkie-base,restricted,why,False,whyf,ORTHOGRAPHIC,,,3,404,1
talkie-base,restricted,young,False,voung,DERIVATIONAL,,undated,5,385,1
talkie-base,restricted,young,False,youn,ORTHOGRAPHIC,,,5,385,1
talkie-base,restricted,young,False,yonng,ORTHOGRAPHIC,,,5,385,1
talkie-base,restricted,young,False,youngs,ORTHOGRAPHIC,,,5,385,1
talkie-base,restricted,ability,False,abilitie,ORTHOGRAPHIC,,,7,74,1
talkie-base,restricted,ability,False,abillitie,DERIVATIONAL,,undated,7,74,1
talkie-base,restricted,ability,False,abilitee,ORTHOGRAPHIC,,,7,74,1
talkie-base,restricted,ability,False,abilit,ORTHOGRAPHIC,,,7,74,1
talkie-base,restricted,ability,False,abihty,ORTHOGRAPHIC,,,7,74,1
talkie-base,restricted,ability,False,abiuty,ORTHOGRAPHIC,,,7,74,1
talkie-base,restricted,ability,False,abilitie,ORTHOGRAPHIC,,,7,74,15
talkie-base,restricted,ability,False,abilitye,ORTHOGRAPHIC,,,7,74,15
talkie-base,restricted,ability,False,habilitie,DERIVATIONAL,,undated,7,74,15
talkie-base,restricted,act,False,acte,ORTHOGRAPHIC,,,3,283,1
talkie-base,restricted,act,False,att,ORTHOGRAPHIC,,,3,283,1
talkie-base,restricted,act,False,adt,ORTHOGRAPHIC,,,3,283,1
talkie-base,restricted,act,False,acte,ORTHOGRAPHIC,,,3,283,19
talkie-base,restricted,act,False,actu,ORTHOGRAPHIC,,,3,283,1
talkie-base,restricted,act,False,actes,ORTHOGRAPHIC,,,3,283,3
talkie-base,restricted,act,False,aet,ORTHOGRAPHIC,,,3,283,1
talkie-base,restricted,act,False,acl,ORTHOGRAPHIC,,,3,283,1
talkie-base,restricted,addition,False,addicion,ORTHOGRAPHIC,,,8,142,2
talkie-base,restricted,addition,False,adicion,ORTHOGRAPHIC,,,8,142,2
talkie-base,restricted,addition,False,addicions,ORTHOGRAPHIC,,,8,142,2
talkie-base,restricted,addition,False,addicioun,ORTHOGRAPHIC,,,8,142,2
talkie-base,restricted,agent,False,agentes,ORTHOGRAPHIC,,,5,44,-1
talkie-base,restricted,agree,False,agre,ORTHOGRAPHIC,,,5,51,5
talkie-base,restricted,agreement,False,greement,DERIVATIONAL,,undated,9,106,5
talkie-base,restricted,air,False,alr,ORTHOGRAPHIC,,,3,257,1
talkie-base,restricted,air,False,atr,ORTHOGRAPHIC,,,3,257,1
talkie-base,restricted,alone,False,allane,ORTHOGRAPHIC,,,5,195,21
talkie-base,restricted,alone,False,alane,ORTHOGRAPHIC,,,5,195,1
talkie-base,restricted,answer,False,answere,ORTHOGRAPHIC,,,6,152,1
talkie-base,restricted,answer,False,answ,ORTHOGRAPHIC,,,6,152,1
talkie-base,restricted,answer,False,answear,ORTHOGRAPHIC,,,6,152,1
talkie-base,restricted,answer,False,auswer,ORTHOGRAPHIC,,,6,152,1
talkie-base,restricted,answer,False,answere,ORTHOGRAPHIC,,,6,152,4
talkie-base,restricted,answer,False,swer,DERIVATIONAL,,undated,6,152,1
talkie-base,restricted,argument,False,argumentes,ORTHOGRAPHIC,,,8,63,3
talkie-base,restricted,argument,False,entendement,DERIVATIONAL,,undated,8,63,3
talkie-base,restricted,argument,False,argumente,ORTHOGRAPHIC,,,8,63,3
talkie-base,restricted,art,False,att,ORTHOGRAPHIC,,,3,208,1
talkie-base,restricted,art,False,artt,ORTHOGRAPHIC,,,3,208,1
talkie-base,restricted,art,False,arf,ORTHOGRAPHIC,,,3,208,1
talkie-base,restricted,art,False,artes,ORTHOGRAPHIC,,,3,208,4
talkie-base,restricted,art,False,arta,ORTHOGRAPHIC,,,3,208,4
talkie-base,restricted,art,False,arta,ORTHOGRAPHIC,,,3,208,2
talkie-base,restricted,article,False,artycle,ORTHOGRAPHIC,,,7,68,1
talkie-base,restricted,article,False,artickle,ORTHOGRAPHIC,,,7,68,1
talkie-base,restricted,authority,False,latinity,DERIVATIONAL,,undated,9,93,42
talkie-base,restricted,behind,False,bebind,ORTHOGRAPHIC,,,6,258,1
talkie-base,restricted,below,False,belowstairs,ORTHOGRAPHIC,,,5,145,1
talkie-base,restricted,below,False,helow,DERIVATIONAL,,undated,5,145,1
talkie-base,restricted,below,False,helow,DERIVATIONAL,,undated,5,145,1
talkie-base,restricted,below,False,beloiv,ORTHOGRAPHIC,,,5,145,1
talkie-base,restricted,below,False,beloav,ORTHOGRAPHIC,,,5,145,1
talkie-base,restricted,below,False,belov,ORTHOGRAPHIC,,,5,145,1
talkie-base,restricted,below,False,belozv,ORTHOGRAPHIC,,,5,145,1
talkie-base,restricted,below,False,belo,ORTHOGRAPHIC,,,5,145,1
talkie-base,restricted,benefit,False,henefit,DERIVATIONAL,,undated,7,63,1
talkie-base,restricted,benefit,False,benetit,ORTHOGRAPHIC,,,7,63,1
talkie-base,restricted,blood,False,bloud,ORTHOGRAPHIC,,,5,121,1
talkie-base,restricted,blood,False,bloud,ORTHOGRAPHIC,,,5,121,7
talkie-base,restricted,blood,False,bloude,ORTHOGRAPHIC,,,5,121,7
talkie-base,restricted,blood,False,bloode,ORTHOGRAPHIC,,,5,121,7
talkie-base,restricted,boy,False,boye,ORTHOGRAPHIC,,,3,242,9
talkie-base,restricted,boy,False,boye,ORTHOGRAPHIC,,,3,242,1
talkie-base,restricted,boy,False,boyl,ORTHOGRAPHIC,,,3,242,1
talkie-base,restricted,boy,False,bov,ORTHOGRAPHIC,,,3,242,1
talkie-base,restricted,boy,False,boye,ORTHOGRAPHIC,,,3,242,3
talkie-base,restricted,break,False,breake,ORTHOGRAPHIC,,,5,88,2
talkie-base,restricted,break,False,breakc,ORTHOGRAPHIC,,,5,88,2
talkie-base,restricted,break,False,bleake,ORTHOGRAPHIC,,,5,88,2
talkie-base,restricted,break,False,breake,ORTHOGRAPHIC,,,5,88,2
talkie-base,restricted,break,False,breakc,ORTHOGRAPHIC,,,5,88,2
talkie-base,restricted,break,False,breako,ORTHOGRAPHIC,,,5,88,2
talkie-base,restricted,break,False,hreake,DERIVATIONAL,,undated,5,88,2
talkie-base,restricted,break,False,breaka,ORTHOGRAPHIC,,,5,88,2
talkie-base,restricted,break,False,breake,ORTHOGRAPHIC,,,5,88,14
talkie-base,restricted,break,False,breakes,ORTHOGRAPHIC,,,5,88,94
talkie-base,restricted,break,False,breakes,ORTHOGRAPHIC,,,5,88,3
talkie-base,restricted,break,False,breake,ORTHOGRAPHIC,,,5,88,3
talkie-base,restricted,break,False,breake,ORTHOGRAPHIC,,,5,88,50
talkie-base,restricted,capital,False,capitalis,ORTHOGRAPHIC,,,7,85,2
talkie-base,restricted,capital,False,capitis,ORTHOGRAPHIC,,,7,85,2
talkie-base,restricted,care,False,eare,DERIVATIONAL,,undated,4,162,2
talkie-base,restricted,cause,False,canse,ORTHOGRAPHIC,,,5,130,1
talkie-base,restricted,cause,False,eause,DERIVATIONAL,,undated,5,130,1
talkie-base,restricted,cause,False,catise,ORTHOGRAPHIC,,,5,130,1
talkie-base,restricted,cause,False,causé,ORTHOGRAPHIC,,,5,130,1
talkie-base,restricted,cause,False,cawse,ORTHOGRAPHIC,,,5,130,1
talkie-base,restricted,cause,False,caus,ORTHOGRAPHIC,,,5,130,1
talkie-base,restricted,cause,False,canse,ORTHOGRAPHIC,,,5,130,1
talkie-base,restricted,cause,False,cauſe,ORTHOGRAPHIC,,,5,130,9
talkie-base,restricted,cause,False,caufe,ORTHOGRAPHIC,,,5,130,9
talkie-base,restricted,cause,False,caule,ORTHOGRAPHIC,,,5,130,9
talkie-base,restricted,centre,False,cenire,ORTHOGRAPHIC,,,6,2,2
talkie-base,restricted,centre,False,centres,ORTHOGRAPHIC,,,6,2,1
talkie-base,restricted,colour,False,cullour,ORTHOGRAPHIC,,,6,0,2
talkie-base,restricted,colour,False,coloure,ORTHOGRAPHIC,,,6,0,2
talkie-base,restricted,colour,False,collours,ORTHOGRAPHIC,,,6,0,2
talkie-base,restricted,colour,False,coloures,ORTHOGRAPHIC,,,6,0,2
talkie-base,restricted,colour,False,eolours,DERIVATIONAL,,undated,6,0,3
talkie-base,restricted,colour,False,colonrs,ORTHOGRAPHIC,,,6,0,3
talkie-base,restricted,degree,False,degre,ORTHOGRAPHIC,,,6,125,2
talkie-base,restricted,degree,False,degres,ORTHOGRAPHIC,,,6,125,2
talkie-base,restricted,degree,False,degreis,ORTHOGRAPHIC,,,6,125,2
talkie-base,restricted,degree,False,degreez,ORTHOGRAPHIC,,,6,125,2
talkie-base,restricted,degree,False,gree,DERIVATIONAL,,undated,6,125,2
talkie-base,restricted,degree,False,degress,ORTHOGRAPHIC,,,6,125,2
talkie-base,restricted,depend,False,depende,ORTHOGRAPHIC,,,6,45,2
talkie-base,restricted,depend,False,depede,ORTHOGRAPHIC,,,6,45,2
talkie-base,restricted,depend,False,deped,ORTHOGRAPHIC,,,6,45,2
talkie-base,restricted,depend,False,dependeth,ORTHOGRAPHIC,,,6,45,14
talkie-base,restricted,depend,False,dependith,ORTHOGRAPHIC,,,6,45,14
talkie-base,restricted,depend,False,dependes,ORTHOGRAPHIC,,,6,45,14
talkie-base,restricted,design,False,designl,ORTHOGRAPHIC,,,6,114,1
talkie-base,restricted,design,False,designi,ORTHOGRAPHIC,,,6,114,1
talkie-base,restricted,design,False,deſign,ORTHOGRAPHIC,,,6,114,1
talkie-base,restricted,design,False,defign,ORTHOGRAPHIC,,,6,114,1
talkie-base,restricted,direction,False,direetion,ORTHOGRAPHIC,,,9,134,1
talkie-base,restricted,draw,False,drawe,ORTHOGRAPHIC,,,4,56,2
talkie-base,restricted,draw,False,drawen,ORTHOGRAPHIC,,,4,56,2
talkie-base,restricted,draw,False,drawc,ORTHOGRAPHIC,,,4,56,2
talkie-base,restricted,draw,False,drawa,ORTHOGRAPHIC,,,4,56,2
talkie-base,restricted,draw,False,dra,ORTHOGRAPHIC,,,4,56,2
talkie-base,restricted,draw,False,drawe,ORTHOGRAPHIC,,,4,56,1
talkie-base,restricted,draw,False,drawc,ORTHOGRAPHIC,,,4,56,1
talkie-base,restricted,draw,False,dra,ORTHOGRAPHIC,,,4,56,16
talkie-base,restricted,draw,False,drawe,ORTHOGRAPHIC,,,4,56,1
talkie-base,restricted,draw,False,drau,ORTHOGRAPHIC,,,4,56,1
talkie-base,restricted,draw,False,dra,ORTHOGRAPHIC,,,4,56,1
talkie-base,restricted,draw,False,drawen,ORTHOGRAPHIC,,,4,56,1
talkie-base,restricted,drive,False,driue,ORTHOGRAPHIC,,,5,105,1
talkie-base,restricted,drive,False,drine,ORTHOGRAPHIC,,,5,105,1
talkie-base,restricted,drive,False,drivej,ORTHOGRAPHIC,,,5,105,1
talkie-base,restricted,drug,False,drugge,ORTHOGRAPHIC,,,4,24,14
talkie-base,restricted,easy,False,easie,ORTHOGRAPHIC,,,4,124,2
talkie-base,restricted,face,False,faceme,ORTHOGRAPHIC,,,4,371,1
talkie-base,restricted,face,False,facea,ORTHOGRAPHIC,,,4,371,3
talkie-base,restricted,face,False,faceoff,ORTHOGRAPHIC,,,4,371,3
talkie-base,restricted,female,False,femals,ORTHOGRAPHIC,,,6,50,3
talkie-base,restricted,female,False,femalcs,ORTHOGRAPHIC,,,6,50,3
talkie-base,restricted,female,False,femele,ORTHOGRAPHIC,,,6,50,1
talkie-base,restricted,female,False,femelle,ORTHOGRAPHIC,,,6,50,1
talkie-base,restricted,female,False,famule,ORTHOGRAPHIC,,,6,50,1
talkie-base,restricted,female,False,femel,ORTHOGRAPHIC,,,6,50,1
talkie-base,restricted,female,False,femal,ORTHOGRAPHIC,,,6,50,1
talkie-base,restricted,female,False,femaale,ORTHOGRAPHIC,,,6,50,1
talkie-base,restricted,female,False,femelee,ORTHOGRAPHIC,,,6,50,1
talkie-base,restricted,female,False,famele,ORTHOGRAPHIC,,,6,50,1
talkie-base,restricted,female,False,temale,DERIVATIONAL,,undated,6,50,1
talkie-base,restricted,female,False,feniale,ORTHOGRAPHIC,,,6,50,1
talkie-base,restricted,female,False,femaie,ORTHOGRAPHIC,,,6,50,1
talkie-base,restricted,female,False,fémale,ORTHOGRAPHIC,,,6,50,1
talkie-base,restricted,female,False,temale,DERIVATIONAL,,undated,6,50,1
talkie-base,restricted,female,False,femaie,ORTHOGRAPHIC,,,6,50,1
talkie-base,restricted,figure,False,figares,ORTHOGRAPHIC,,,6,209,21
talkie-base,restricted,figure,False,fgures,ORTHOGRAPHIC,,,6,209,21
talkie-base,restricted,figure,False,figuris,ORTHOGRAPHIC,,,6,209,1
talkie-base,restricted,figure,False,figour,ORTHOGRAPHIC,,,6,209,1
talkie-base,restricted,force,False,forceit,ORTHOGRAPHIC,,,5,230,1
talkie-base,restricted,force,False,foroe,ORTHOGRAPHIC,,,5,230,1
talkie-base,restricted,goal,False,goale,ORTHOGRAPHIC,,,4,60,1
talkie-base,restricted,goal,False,goall,ORTHOGRAPHIC,,,4,60,1
talkie-base,restricted,goal,False,goales,ORTHOGRAPHIC,,,4,60,1
talkie-base,restricted,goal,False,goale,ORTHOGRAPHIC,,,4,60,8
talkie-base,restricted,ground,False,groimd,ORTHOGRAPHIC,,,6,186,1
talkie-base,restricted,ground,False,grounde,ORTHOGRAPHIC,,,6,186,9
talkie-base,restricted,ground,False,grunde,ORTHOGRAPHIC,,,6,186,9
talkie-base,restricted,ground,False,groun,ORTHOGRAPHIC,,,6,186,1
talkie-base,restricted,ground,False,groimd,ORTHOGRAPHIC,,,6,186,1
talkie-base,restricted,ground,False,gronnd,ORTHOGRAPHIC,,,6,186,1
talkie-base,restricted,ground,False,grouud,ORTHOGRAPHIC,,,6,186,1
talkie-base,restricted,ground,False,groun,ORTHOGRAPHIC,,,6,186,1
talkie-base,restricted,ground,False,groimd,ORTHOGRAPHIC,,,6,186,1
talkie-base,restricted,ground,False,gronnd,ORTHOGRAPHIC,,,6,186,1
talkie-base,restricted,ground,False,grouud,ORTHOGRAPHIC,,,6,186,1
talkie-base,restricted,ground,False,groun,ORTHOGRAPHIC,,,6,186,1
talkie-base,restricted,ground,False,grouud,ORTHOGRAPHIC,,,6,186,1
talkie-base,restricted,ground,False,groimd,ORTHOGRAPHIC,,,6,186,1
talkie-base,restricted,ground,False,groun,ORTHOGRAPHIC,,,6,186,1
talkie-base,restricted,ground,False,gronnd,ORTHOGRAPHIC,,,6,186,1
talkie-base,restricted,ground,False,grouud,ORTHOGRAPHIC,,,6,186,1
talkie-base,restricted,ground,False,groimd,ORTHOGRAPHIC,,,6,186,1
talkie-base,restricted,increase,False,encrease,DERIVATIONAL,,undated,8,195,1
talkie-base,restricted,influence,False,infiuence,ORTHOGRAPHIC,,,9,132,1
talkie-base,restricted,influence,False,infuence,ORTHOGRAPHIC,,,9,132,1
talkie-base,restricted,influence,False,intluence,ORTHOGRAPHIC,,,9,132,1
talkie-base,restricted,influence,False,inflyence,ORTHOGRAPHIC,,,9,132,1
talkie-base,restricted,influence,False,inflaence,ORTHOGRAPHIC,,,9,132,1
talkie-base,restricted,instance,False,instanee,ORTHOGRAPHIC,,,8,82,1
talkie-base,restricted,international,False,internationa,ORTHOGRAPHIC,,,13,155,1
talkie-base,restricted,key,False,keyes,ORTHOGRAPHIC,,,3,88,4
talkie-base,restricted,key,False,keya,ORTHOGRAPHIC,,,3,88,4
talkie-base,restricted,key,False,kev,ORTHOGRAPHIC,,,3,88,1
talkie-base,restricted,key,False,keyes,ORTHOGRAPHIC,,,3,88,9
talkie-base,restricted,labour,False,labours,ORTHOGRAPHIC,,,6,4,1
talkie-base,restricted,late,False,jate,DERIVATIONAL,,undated,4,179,1
talkie-base,restricted,late,False,iate,DERIVATIONAL,,undated,4,179,1
talkie-base,restricted,length,False,lengthe,ORTHOGRAPHIC,,,6,116,1
talkie-base,restricted,length,False,lenght,ORTHOGRAPHIC,,,6,116,1
talkie-base,restricted,length,False,lengtli,ORTHOGRAPHIC,,,6,116,1
talkie-base,restricted,length,False,leneth,ORTHOGRAPHIC,,,6,116,1
talkie-base,restricted,length,False,jength,DERIVATIONAL,,undated,6,116,1
talkie-base,restricted,light,False,lyght,ORTHOGRAPHIC,,,5,333,1
talkie-base,restricted,light,False,lighte,ORTHOGRAPHIC,,,5,333,1
talkie-base,restricted,light,False,lyght,ORTHOGRAPHIC,,,5,333,1
talkie-base,restricted,light,False,hight,DERIVATIONAL,,undated,5,333,1
talkie-base,restricted,list,False,listas,ORTHOGRAPHIC,,,4,133,4
talkie-base,restricted,list,False,listam,ORTHOGRAPHIC,,,4,133,4
talkie-base,restricted,list,False,listes,ORTHOGRAPHIC,,,4,133,4
talkie-base,restricted,list,False,listum,ORTHOGRAPHIC,,,4,133,4
talkie-base,restricted,list,False,listis,ORTHOGRAPHIC,,,4,133,4
talkie-base,restricted,list,False,lista,ORTHOGRAPHIC,,,4,133,4
talkie-base,restricted,list,False,listus,ORTHOGRAPHIC,,,4,133,4
talkie-base,restricted,list,False,lyst,ORTHOGRAPHIC,,,4,133,1
talkie-base,restricted,list,False,lise,ORTHOGRAPHIC,,,4,133,1
talkie-base,restricted,list,False,liste,ORTHOGRAPHIC,,,4,133,1
talkie-base,restricted,loss,False,losse,ORTHOGRAPHIC,,,4,86,8
talkie-base,restricted,loss,False,lossc,ORTHOGRAPHIC,,,4,86,8
talkie-base,restricted,loss,False,losse,ORTHOGRAPHIC,,,4,86,18
talkie-base,restricted,loss,False,losse,ORTHOGRAPHIC,,,4,86,1
talkie-base,restricted,loss,False,lofs,ORTHOGRAPHIC,,,4,86,1
talkie-base,restricted,love,False,loye,ORTHOGRAPHIC,,,4,231,1
talkie-base,restricted,love,False,leve,ORTHOGRAPHIC,,,4,231,1
talkie-base,restricted,male,False,maile,ORTHOGRAPHIC,,,4,37,2
talkie-base,restricted,male,False,maale,ORTHOGRAPHIC,,,4,37,2
talkie-base,restricted,mean,False,meane,ORTHOGRAPHIC,,,4,199,12
talkie-base,restricted,mean,False,meane,ORTHOGRAPHIC,,,4,199,34
talkie-base,restricted,mean,False,meanes,ORTHOGRAPHIC,,,4,199,34
talkie-base,restricted,mean,False,meane,ORTHOGRAPHIC,,,4,199,69
talkie-base,restricted,mean,False,meanes,ORTHOGRAPHIC,,,4,199,4
talkie-base,restricted,mean,False,meane,ORTHOGRAPHIC,,,4,199,4
talkie-base,restricted,mean,False,meancs,ORTHOGRAPHIC,,,4,199,4
talkie-base,restricted,mean,False,meane,ORTHOGRAPHIC,,,4,199,2
talkie-base,restricted,mean,False,meanes,ORTHOGRAPHIC,,,4,199,2
talkie-base,restricted,measure,False,measurs,ORTHOGRAPHIC,,,7,91,2
talkie-base,restricted,measure,False,mesures,ORTHOGRAPHIC,,,7,91,2
talkie-base,restricted,measure,False,meafures,ORTHOGRAPHIC,,,7,91,2
talkie-base,restricted,measure,False,measvres,ORTHOGRAPHIC,,,7,91,2
talkie-base,restricted,measure,False,meaſures,ORTHOGRAPHIC,,,7,91,2
talkie-base,restricted,measure,False,meaure,ORTHOGRAPHIC,,,7,91,1
talkie-base,restricted,measure,False,meafure,ORTHOGRAPHIC,,,7,91,1
talkie-base,restricted,measure,False,meaſure,ORTHOGRAPHIC,,,7,91,2
talkie-base,restricted,memory,False,memoiy,ORTHOGRAPHIC,,,6,76,1
talkie-base,restricted,memory,False,memorie,ORTHOGRAPHIC,,,6,76,1
talkie-base,restricted,memory,False,memoiy,ORTHOGRAPHIC,,,6,76,1
talkie-base,restricted,memory,False,memorie,ORTHOGRAPHIC,,,6,76,5
talkie-base,restricted,memory,False,memorye,ORTHOGRAPHIC,,,6,76,5
talkie-base,restricted,memory,False,memorie,ORTHOGRAPHIC,,,6,76,2
talkie-base,restricted,memory,False,memorye,ORTHOGRAPHIC,,,6,76,2
talkie-base,restricted,memory,False,hystory,DERIVATIONAL,,undated,6,76,41
talkie-base,restricted,middle,False,middie,ORTHOGRAPHIC,,,6,118,1
talkie-base,restricted,middle,False,midd,ORTHOGRAPHIC,,,6,118,1
talkie-base,restricted,middle,False,middler,ORTHOGRAPHIC,,,6,118,2
talkie-base,restricted,military,False,militarie,ORTHOGRAPHIC,,,8,212,1
talkie-base,restricted,minute,False,minnte,ORTHOGRAPHIC,,,6,55,1
talkie-base,restricted,minute,False,minate,ORTHOGRAPHIC,,,6,55,1
talkie-base,restricted,minute,False,mmute,ORTHOGRAPHIC,,,6,55,1
talkie-base,restricted,minute,False,minntes,ORTHOGRAPHIC,,,6,55,8
talkie-base,restricted,minute,False,minates,ORTHOGRAPHIC,,,6,55,8
talkie-base,restricted,minute,False,minnte,ORTHOGRAPHIC,,,6,55,1
talkie-base,restricted,minute,False,minate,ORTHOGRAPHIC,,,6,55,1
talkie-base,restricted,minute,False,mmute,ORTHOGRAPHIC,,,6,55,1
talkie-base,restricted,minute,False,minuta,ORTHOGRAPHIC,,,6,55,12
talkie-base,restricted,minute,False,minutcs,ORTHOGRAPHIC,,,6,55,12
talkie-base,restricted,minute,False,minut,ORTHOGRAPHIC,,,6,55,12
talkie-base,restricted,moment,False,concernment,DERIVATIONAL,,undated,6,246,5
talkie-base,restricted,natural,False,naturale,ORTHOGRAPHIC,,,7,156,1
talkie-base,restricted,observe,False,observen,ORTHOGRAPHIC,,,7,25,3
talkie-base,restricted,office,False,oflice,ORTHOGRAPHIC,,,6,255,1
talkie-base,restricted,office,False,offyce,ORTHOGRAPHIC,,,6,255,1
talkie-base,restricted,office,False,ofice,ORTHOGRAPHIC,,,6,255,1
talkie-base,restricted,office,False,oflice,ORTHOGRAPHIC,,,6,255,1
talkie-base,restricted,office,False,ofice,ORTHOGRAPHIC,,,6,255,1
talkie-base,restricted,office,False,ofiice,ORTHOGRAPHIC,,,6,255,1
talkie-base,restricted,office,False,ofhce,ORTHOGRAPHIC,,,6,255,1
talkie-base,restricted,open,False,opene,ORTHOGRAPHIC,,,4,318,1
talkie-base,restricted,open,False,oper,ORTHOGRAPHIC,,,4,318,1
talkie-base,restricted,opinion,False,opiuion,ORTHOGRAPHIC,,,7,96,1
talkie-base,restricted,original,False,orignal,ORTHOGRAPHIC,,,8,103,1
talkie-base,restricted,outside,False,cutside,DERIVATIONAL,,undated,7,210,1
talkie-base,restricted,page,False,pige,ORTHOGRAPHIC,,,4,66,1
talkie-base,restricted,page,False,pagej,ORTHOGRAPHIC,,,4,66,1
talkie-base,restricted,page,False,pagei,ORTHOGRAPHIC,,,4,66,1
talkie-base,restricted,page,False,pag,ORTHOGRAPHIC,,,4,66,1
talkie-base,restricted,past,False,wast,DERIVATIONAL,,undated,4,281,1
talkie-base,restricted,physical,False,physicall,ORTHOGRAPHIC,,,8,138,-1
talkie-base,restricted,presence,False,presens,ORTHOGRAPHIC,,,8,76,1
talkie-base,restricted,presence,False,prefence,ORTHOGRAPHIC,,,8,76,1
talkie-base,restricted,private,False,privities,DERIVATIONAL,,undated,7,191,2
talkie-base,restricted,raise,False,raysed,ORTHOGRAPHIC,,,5,52,66
talkie-base,restricted,range,False,rauge,ORTHOGRAPHIC,,,5,157,1
talkie-base,restricted,record,False,recorde,ORTHOGRAPHIC,,,6,137,2
talkie-base,restricted,record,False,recor,ORTHOGRAPHIC,,,6,137,2
talkie-base,restricted,record,False,recorde,ORTHOGRAPHIC,,,6,137,2
talkie-base,restricted,record,False,recourde,ORTHOGRAPHIC,,,6,137,2
talkie-base,restricted,record,False,recoorde,ORTHOGRAPHIC,,,6,137,2
talkie-base,restricted,record,False,reccorde,ORTHOGRAPHIC,,,6,137,2
talkie-base,restricted,report,False,reporte,ORTHOGRAPHIC,,,6,174,2
talkie-base,restricted,report,False,reporte,ORTHOGRAPHIC,,,6,174,2
talkie-base,restricted,report,False,reporte,ORTHOGRAPHIC,,,6,174,3
talkie-base,restricted,resource,False,recouerie,DERIVATIONAL,,undated,8,9,-1
talkie-base,restricted,respect,False,reſpect,ORTHOGRAPHIC,,,7,125,7
talkie-base,restricted,respect,False,respecte,ORTHOGRAPHIC,,,7,125,7
talkie-base,restricted,right,False,riglit,ORTHOGRAPHIC,,,5,613,1
talkie-base,restricted,right,False,rieht,ORTHOGRAPHIC,,,5,613,1
talkie-base,restricted,rise,False,ryse,ORTHOGRAPHIC,,,4,102,3
talkie-base,restricted,rise,False,ryse,ORTHOGRAPHIC,,,4,102,12
talkie-base,restricted,rise,False,ryse,ORTHOGRAPHIC,,,4,102,2
talkie-base,restricted,rise,False,risenn,ORTHOGRAPHIC,,,4,102,63
talkie-base,restricted,rise,False,ris,ORTHOGRAPHIC,,,4,102,63
talkie-base,restricted,rise,False,ryse,ORTHOGRAPHIC,,,4,102,1
talkie-base,restricted,rise,False,ryse,ORTHOGRAPHIC,,,4,102,2
talkie-base,restricted,rise,False,risé,ORTHOGRAPHIC,,,4,102,10
talkie-base,restricted,rise,False,risne,ORTHOGRAPHIC,,,4,102,10
talkie-base,restricted,rise,False,risene,ORTHOGRAPHIC,,,4,102,10
talkie-base,restricted,rise,False,ryse,ORTHOGRAPHIC,,,4,102,1
talkie-base,restricted,rise,False,ryse,ORTHOGRAPHIC,,,4,102,1
talkie-base,restricted,rise,False,grise,DERIVATIONAL,,undated,4,102,1
talkie-base,restricted,sale,False,saile,ORTHOGRAPHIC,,,4,44,1
talkie-base,restricted,sale,False,saue,ORTHOGRAPHIC,,,4,44,1
talkie-base,restricted,sale,False,fale,DERIVATIONAL,,undated,4,44,1
talkie-base,restricted,science,False,sciens,ORTHOGRAPHIC,,,7,131,4
talkie-base,restricted,science,False,scyence,ORTHOGRAPHIC,,,7,131,3
talkie-base,restricted,science,False,sciens,ORTHOGRAPHIC,,,7,131,3
talkie-base,restricted,science,False,sciens,ORTHOGRAPHIC,,,7,131,1
talkie-base,restricted,science,False,scyence,ORTHOGRAPHIC,,,7,131,1
talkie-base,restricted,science,False,sciens,ORTHOGRAPHIC,,,7,131,1
talkie-base,restricted,science,False,scienc,ORTHOGRAPHIC,,,7,131,1
talkie-base,restricted,science,False,scieuce,ORTHOGRAPHIC,,,7,131,1
talkie-base,restricted,science,False,cience,DERIVATIONAL,,undated,7,131,1
talkie-base,restricted,science,False,sience,ORTHOGRAPHIC,,,7,131,1
talkie-base,restricted,science,False,scienee,ORTHOGRAPHIC,,,7,131,1
talkie-base,restricted,seek,False,seeke,ORTHOGRAPHIC,,,4,69,4
talkie-base,restricted,seek,False,seekc,ORTHOGRAPHIC,,,4,69,4
talkie-base,restricted,seek,False,seck,ORTHOGRAPHIC,,,4,69,1
talkie-base,restricted,seek,False,seck,ORTHOGRAPHIC,,,4,69,1
talkie-base,restricted,seek,False,scek,ORTHOGRAPHIC,,,4,69,1
talkie-base,restricted,seek,False,ſeek,ORTHOGRAPHIC,,,4,69,1
talkie-base,restricted,seek,False,seeke,ORTHOGRAPHIC,,,4,69,1
talkie-base,restricted,seek,False,seck,ORTHOGRAPHIC,,,4,69,1
talkie-base,restricted,seek,False,feek,DERIVATIONAL,,undated,4,69,1
talkie-base,restricted,seek,False,seeke,ORTHOGRAPHIC,,,4,69,1
talkie-base,restricted,seek,False,ſeek,ORTHOGRAPHIC,,,4,69,1
talkie-base,restricted,seek,False,seck,ORTHOGRAPHIC,,,4,69,1
talkie-base,restricted,sell,False,sele,ORTHOGRAPHIC,,,4,41,4
talkie-base,restricted,sell,False,sel,ORTHOGRAPHIC,,,4,41,1
talkie-base,restricted,sell,False,sel,ORTHOGRAPHIC,,,4,41,1
talkie-base,restricted,series,False,scries,ORTHOGRAPHIC,,,6,130,1
talkie-base,restricted,series,False,serzes,ORTHOGRAPHIC,,,6,130,1
talkie-base,restricted,series,False,scries,ORTHOGRAPHIC,,,6,130,1
talkie-base,restricted,series,False,serles,ORTHOGRAPHIC,,,6,130,1
talkie-base,restricted,series,False,scries,ORTHOGRAPHIC,,,6,130,1
talkie-base,restricted,show,False,showe,ORTHOGRAPHIC,,,4,288,6
talkie-base,restricted,simple,False,semple,ORTHOGRAPHIC,,,6,160,1
talkie-base,restricted,simple,False,simples,ORTHOGRAPHIC,,,6,160,2
talkie-base,restricted,simple,False,simples,ORTHOGRAPHIC,,,6,160,2
talkie-base,restricted,six,False,sixe,ORTHOGRAPHIC,,,3,220,2
talkie-base,restricted,six,False,sixc,ORTHOGRAPHIC,,,3,220,2
talkie-base,restricted,six,False,siz,ORTHOGRAPHIC,,,3,220,2
talkie-base,restricted,six,False,ſix,ORTHOGRAPHIC,,,3,220,2
talkie-base,restricted,six,False,sixt,ORTHOGRAPHIC,,,3,220,-1
talkie-base,restricted,size,False,fize,DERIVATIONAL,,undated,4,138,1
talkie-base,restricted,size,False,sixe,ORTHOGRAPHIC,,,4,138,1
talkie-base,restricted,size,False,siae,ORTHOGRAPHIC,,,4,138,1
talkie-base,restricted,size,False,stze,ORTHOGRAPHIC,,,4,138,1
talkie-base,restricted,skill,False,skyll,ORTHOGRAPHIC,,,5,42,1
talkie-base,restricted,skill,False,skil,ORTHOGRAPHIC,,,5,42,1
talkie-base,restricted,skill,False,skil,ORTHOGRAPHIC,,,5,42,2
talkie-base,restricted,skill,False,skile,ORTHOGRAPHIC,,,5,42,2
talkie-base,restricted,skill,False,skille,ORTHOGRAPHIC,,,5,42,2
talkie-base,restricted,skill,False,skyll,ORTHOGRAPHIC,,,5,42,2
talkie-base,restricted,soon,False,foon,DERIVATIONAL,,undated,4,199,2
talkie-base,restricted,soon,False,ſoon,ORTHOGRAPHIC,,,4,199,2
talkie-base,restricted,soon,False,soou,ORTHOGRAPHIC,,,4,199,1
talkie-base,restricted,soon,False,soone,ORTHOGRAPHIC,,,4,199,1
talkie-base,restricted,soon,False,soone,ORTHOGRAPHIC,,,4,199,4
talkie-base,restricted,soon,False,soonei,ORTHOGRAPHIC,,,4,199,4
talkie-base,restricted,spend,False,spente,ORTHOGRAPHIC,,,5,53,35
talkie-base,restricted,spend,False,spende,ORTHOGRAPHIC,,,5,53,35
talkie-base,restricted,spend,False,ſpends,ORTHOGRAPHIC,,,5,53,4
talkie-base,restricted,spend,False,fpends,DERIVATIONAL,,undated,5,53,4
talkie-base,restricted,spend,False,spendi,ORTHOGRAPHIC,,,5,53,4
talkie-base,restricted,spend,False,ipends,DERIVATIONAL,,undated,5,53,4
talkie-base,restricted,spend,False,spenda,ORTHOGRAPHIC,,,5,53,4
talkie-base,restricted,spend,False,spen,ORTHOGRAPHIC,,,5,53,4
talkie-base,restricted,spend,False,spende,ORTHOGRAPHIC,,,5,53,32
talkie-base,restricted,spend,False,ſpends,ORTHOGRAPHIC,,,5,53,50
talkie-base,restricted,stage,False,cariage,DERIVATIONAL,,undated,5,175,-1
talkie-base,restricted,stage,False,carage,DERIVATIONAL,,undated,5,175,-1
talkie-base,restricted,stage,False,ſtage,ORTHOGRAPHIC,,,5,175,1
talkie-base,restricted,stage,False,ftage,DERIVATIONAL,,undated,5,175,1
talkie-base,restricted,stage,False,flage,DERIVATIONAL,,undated,5,175,1
talkie-base,restricted,stage,False,tage,DERIVATIONAL,,undated,5,175,1
talkie-base,restricted,stage,False,itage,DERIVATIONAL,,undated,5,175,1
talkie-base,restricted,stage,False,ſtage,ORTHOGRAPHIC,,,5,175,1
talkie-base,restricted,stage,False,ftage,DERIVATIONAL,,undated,5,175,1
talkie-base,restricted,stage,False,langage,DERIVATIONAL,,undated,5,175,7
talkie-base,restricted,stage,False,langage,DERIVATIONAL,,undated,5,175,1
talkie-base,restricted,state,False,ſtated,ORTHOGRAPHIC,,,5,807,-1
talkie-base,restricted,step,False,ſtep,ORTHOGRAPHIC,,,4,131,1
talkie-base,restricted,step,False,ftep,DERIVATIONAL,,undated,4,131,1
talkie-base,restricted,stop,False,ſtop,ORTHOGRAPHIC,,,4,120,9
talkie-base,restricted,stop,False,ftop,DERIVATIONAL,,undated,4,120,9
talkie-base,restricted,stop,False,stopp,ORTHOGRAPHIC,,,4,120,4
talkie-base,restricted,stop,False,stopt,ORTHOGRAPHIC,,,4,120,4
talkie-base,restricted,stop,False,stoppt,ORTHOGRAPHIC,,,4,120,4
talkie-base,restricted,stop,False,stoppd,ORTHOGRAPHIC,,,4,120,4
talkie-base,restricted,stop,False,stopd,ORTHOGRAPHIC,,,4,120,4
talkie-base,restricted,stop,False,stoppm,ORTHOGRAPHIC,,,4,120,4
talkie-base,restricted,stop,False,stoopt,ORTHOGRAPHIC,,,4,120,4
talkie-base,restricted,stop,False,stopt,ORTHOGRAPHIC,,,4,120,6
talkie-base,restricted,stop,False,stoped,ORTHOGRAPHIC,,,4,120,6
talkie-base,restricted,stop,False,stopt,ORTHOGRAPHIC,,,4,120,3
talkie-base,restricted,stop,False,stopp,ORTHOGRAPHIC,,,4,120,3
talkie-base,restricted,stop,False,stoped,ORTHOGRAPHIC,,,4,120,3
talkie-base,restricted,stop,False,stoppe,ORTHOGRAPHIC,,,4,120,1
talkie-base,restricted,stop,False,stope,ORTHOGRAPHIC,,,4,120,1
talkie-base,restricted,support,False,fupport,DERIVATIONAL,,undated,7,180,2
talkie-base,restricted,sure,False,ſure,ORTHOGRAPHIC,,,4,263,5
talkie-base,restricted,sure,False,fure,DERIVATIONAL,,undated,4,263,5
talkie-base,restricted,sure,False,ture,DERIVATIONAL,,undated,4,263,5
talkie-base,restricted,table,False,tabie,ORTHOGRAPHIC,,,5,198,1
talkie-base,restricted,text,False,textf,ORTHOGRAPHIC,,,4,60,1
talkie-base,restricted,thought,False,thonght,ORTHOGRAPHIC,,,7,517,1
talkie-base,restricted,thought,False,thouglit,ORTHOGRAPHIC,,,7,517,1
talkie-base,restricted,thought,False,thoughr,ORTHOGRAPHIC,,,7,517,1
talkie-base,restricted,thought,False,thoughe,ORTHOGRAPHIC,,,7,517,1
talkie-base,restricted,thought,False,chought,DERIVATIONAL,,undated,7,517,1
talkie-base,restricted,thought,False,thowght,ORTHOGRAPHIC,,,7,517,1
talkie-base,restricted,thought,False,thoght,ORTHOGRAPHIC,,,7,517,1
talkie-base,restricted,thought,False,thowght,ORTHOGRAPHIC,,,7,517,1
talkie-base,restricted,thought,False,theught,ORTHOGRAPHIC,,,7,517,1
talkie-base,restricted,thought,False,thaught,ORTHOGRAPHIC,,,7,517,1
talkie-base,restricted,thought,False,thouglit,ORTHOGRAPHIC,,,7,517,1
talkie-base,restricted,top,False,topp,ORTHOGRAPHIC,,,3,204,1
talkie-base,restricted,town,False,fown,DERIVATIONAL,,undated,4,212,1
talkie-base,restricted,trade,False,tracte,ORTHOGRAPHIC,,,5,143,1
talkie-base,restricted,trade,False,trayne,ORTHOGRAPHIC,,,5,143,1
talkie-base,restricted,trade,False,roade,DERIVATIONAL,,undated,5,143,3
talkie-base,restricted,tree,False,tre,ORTHOGRAPHIC,,,4,59,5
talkie-base,restricted,tree,False,trie,ORTHOGRAPHIC,,,4,59,5
talkie-base,restricted,truth,False,troths,ORTHOGRAPHIC,,,5,126,16
talkie-base,restricted,truth,False,trueth,ORTHOGRAPHIC,,,5,126,1
talkie-base,restricted,truth,False,truthe,ORTHOGRAPHIC,,,5,126,1
talkie-base,restricted,truth,False,trutli,ORTHOGRAPHIC,,,5,126,1
talkie-base,restricted,voice,False,voyce,ORTHOGRAPHIC,,,5,226,1
talkie-base,restricted,voice,False,yoice,DERIVATIONAL,,undated,5,226,1
talkie-base,restricted,voice,False,voiee,ORTHOGRAPHIC,,,5,226,1
talkie-base,restricted,voice,False,voic,ORTHOGRAPHIC,,,5,226,1
talkie-base,restricted,voice,False,voioe,ORTHOGRAPHIC,,,5,226,1
talkie-base,restricted,voice,False,voicc,ORTHOGRAPHIC,,,5,226,1
talkie-base,restricted,voice,False,yoice,DERIVATIONAL,,undated,5,226,2
talkie-base,restricted,voice,False,voyces,ORTHOGRAPHIC,,,5,226,14
talkie-base,restricted,volume,False,volum,ORTHOGRAPHIC,,,6,135,1
talkie-base,restricted,volume,False,volumne,ORTHOGRAPHIC,,,6,135,1
talkie-base,restricted,volume,False,uolume,DERIVATIONAL,,undated,6,135,1
talkie-base,restricted,volume,False,volumme,ORTHOGRAPHIC,,,6,135,1
talkie-base,restricted,volume,False,volome,ORTHOGRAPHIC,,,6,135,1
talkie-base,restricted,walk,False,walke,ORTHOGRAPHIC,,,4,100,28
talkie-base,restricted,walk,False,walke,ORTHOGRAPHIC,,,4,100,7
talkie-base,restricted,walk,False,walke,ORTHOGRAPHIC,,,4,100,2
talkie-base,restricted,walk,False,walke,ORTHOGRAPHIC,,,4,100,26
talkie-base,restricted,walk,False,walkt,ORTHOGRAPHIC,,,4,100,2
talkie-base,restricted,wide,False,vide,DERIVATIONAL,,undated,4,125,1
talkie-base,restricted,wide,False,widei,ORTHOGRAPHIC,,,4,125,1
talkie-base,restricted,wide,False,wyde,ORTHOGRAPHIC,,,4,125,1
talkie-web,leakage-rich,accent,False,accente,ORTHOGRAPHIC,,,6,9,3
talkie-web,leakage-rich,bubble,False,bubbleboy,ORTHOGRAPHIC,,,6,12,1
talkie-web,leakage-rich,knot,False,knotts,ORTHOGRAPHIC,,,4,8,8
talkie-web,leakage-rich,lesbian,False,leschian,ORTHOGRAPHIC,,,7,0,9
talkie-web,leakage-rich,lesbian,False,leschan,ORTHOGRAPHIC,,,7,0,9
talkie-web,leakage-rich,lesbian,False,samian,DERIVATIONAL,,undated,7,0,-1
talkie-web,leakage-rich,lesbian,False,chalcidian,DERIVATIONAL,,undated,7,0,-1
talkie-web,leakage-rich,masculine,False,virgine,DERIVATIONAL,,undated,9,7,1
talkie-web,leakage-rich,masculine,False,masculin,ORTHOGRAPHIC,,,9,7,1
talkie-web,leakage-rich,mould,False,moulded,ORTHOGRAPHIC,,,5,1,19
talkie-web,leakage-rich,mould,False,moulds,ORTHOGRAPHIC,,,5,1,19
talkie-web,leakage-rich,mould,False,moulds,ORTHOGRAPHIC,,,5,1,44
talkie-web,leakage-rich,mould,False,moulds,ORTHOGRAPHIC,,,5,1,-1
talkie-web,leakage-rich,mould,False,moulds,ORTHOGRAPHIC,,,5,1,1
talkie-web,leakage-rich,nut,False,nutsack,ORTHOGRAPHIC,,,3,15,18
talkie-web,leakage-rich,rose,False,roose,ORTHOGRAPHIC,,,4,86,1
talkie-web,leakage-rich,sailor,False,sailormen,ORTHOGRAPHIC,,,6,5,3
talkie-web,leakage-rich,stereotype,False,electrotype,DERIVATIONAL,,undated,10,12,24
talkie-web,leakage-rich,swing,False,backswing,DERIVATIONAL,,undated,5,24,10
talkie-web,leakage-rich,ugly,False,uglies,INFLECTION,,,4,21,3
talkie-web,leakage-rich,waste,False,wast,ORTHOGRAPHIC,,,5,35,3
talkie-web,leakage-rich,winner,False,wonne,ORTHOGRAPHIC,,,6,8,1
talkie-web,leakage-rich,aboard,False,onboard,DERIVATIONAL,,undated,6,25,1
talkie-web,leakage-rich,bead,False,beades,ORTHOGRAPHIC,,,4,1,5
talkie-web,leakage-rich,bound,False,bounde,ORTHOGRAPHIC,,,5,42,2
talkie-web,leakage-rich,cage,False,cageof,ORTHOGRAPHIC,,,4,9,1
talkie-web,leakage-rich,credit,False,creditted,ORTHOGRAPHIC,,,6,64,22
talkie-web,leakage-rich,fly,False,flys,ORTHOGRAPHIC,,,3,33,1
talkie-web,leakage-rich,golf,False,gowf,ORTHOGRAPHIC,,,4,34,1
talkie-web,leakage-rich,herb,False,herbes,ORTHOGRAPHIC,,,4,8,-1
talkie-web,leakage-rich,herb,False,herbe,ORTHOGRAPHIC,,,4,8,-1
talkie-web,leakage-rich,interpreter,False,interpretor,ORTHOGRAPHIC,,,11,8,1
talkie-web,leakage-rich,lie,False,liee,ORTHOGRAPHIC,,,3,59,1
talkie-web,leakage-rich,metaphysical,False,metaphyical,ORTHOGRAPHIC,,,12,16,1
talkie-web,leakage-rich,polar,False,polars,ORTHOGRAPHIC,,,5,7,79
talkie-web,leakage-rich,port,False,portes,ORTHOGRAPHIC,,,4,21,18
talkie-web,leakage-rich,rage,False,ragers,ORTHOGRAPHIC,,,4,16,1
talkie-web,leakage-rich,rear,False,reare,ORTHOGRAPHIC,,,4,51,6
talkie-web,leakage-rich,span,False,spand,ORTHOGRAPHIC,,,4,19,1
talkie-web,leakage-rich,straw,False,strawes,ORTHOGRAPHIC,,,5,15,2
talkie-web,leakage-rich,supper,False,supperand,ORTHOGRAPHIC,,,6,37,1
talkie-web,leakage-rich,supper,False,supp,ORTHOGRAPHIC,,,6,37,1
talkie-web,leakage-rich,sweat,False,sweate,ORTHOGRAPHIC,,,5,23,22
talkie-web,leakage-rich,balloon,False,baloons,ORTHOGRAPHIC,,,7,10,4
talkie-web,leakage-rich,breed,False,breede,ORTHOGRAPHIC,,,5,17,6
talkie-web,leakage-rich,cold,False,colde,ORTHOGRAPHIC,,,4,171,2
talkie-web,leakage-rich,coupling,False,seluing,DERIVATIONAL,,undated,8,9,-1
talkie-web,leakage-rich,critically,False,etymologically,DERIVATIONAL,,undated,10,5,22
talkie-web,leakage-rich,delight,False,delighte,ORTHOGRAPHIC,,,7,29,1
talkie-web,leakage-rich,inverse,False,invertee,ORTHOGRAPHIC,,,7,5,1
talkie-web,leakage-rich,inverse,False,inversive,ORTHOGRAPHIC,,,7,5,1
talkie-web,leakage-rich,macro,False,macrolevel,ORTHOGRAPHIC,,,5,0,1
talkie-web,leakage-rich,macro,False,maco,ORTHOGRAPHIC,,,5,0,1
talkie-web,leakage-rich,mechanic,False,mechanicarts,ORTHOGRAPHIC,,,8,5,1
talkie-web,leakage-rich,mechanic,False,mechanicals,ORTHOGRAPHIC,,,8,5,1
talkie-web,leakage-rich,negative,False,negitive,ORTHOGRAPHIC,,,8,53,1
talkie-web,leakage-rich,negative,False,negitive,ORTHOGRAPHIC,,,8,53,1
talkie-web,leakage-rich,oestrogen,True,estrogens,INFLECTION,,,9,0,2
talkie-web,leakage-rich,parcel,False,parcell,ORTHOGRAPHIC,,,6,1,28
talkie-web,leakage-rich,parcel,False,partes,ORTHOGRAPHIC,,,6,1,28
talkie-web,leakage-rich,presidency,False,presidencyof,ORTHOGRAPHIC,,,10,11,1
talkie-web,leakage-rich,presidency,False,presidencya,ORTHOGRAPHIC,,,10,11,1
talkie-web,leakage-rich,presidency,False,presidencythe,ORTHOGRAPHIC,,,10,11,1
talkie-web,leakage-rich,presidency,False,presidencyâ,ORTHOGRAPHIC,,,10,11,1
talkie-web,leakage-rich,presidency,False,presidencyand,ORTHOGRAPHIC,,,10,11,1
talkie-web,leakage-rich,presidency,False,presidencythe,ORTHOGRAPHIC,,,10,11,1
talkie-web,leakage-rich,presidency,False,presidencywhich,ORTHOGRAPHIC,,,10,11,1
talkie-web,leakage-rich,presidency,False,presidencythat,ORTHOGRAPHIC,,,10,11,1
talkie-web,leakage-rich,presidency,False,presidencyand,ORTHOGRAPHIC,,,10,11,1
talkie-web,leakage-rich,presidency,False,presidencya,ORTHOGRAPHIC,,,10,11,1
talkie-web,leakage-rich,presidency,False,presidencyof,ORTHOGRAPHIC,,,10,11,1
talkie-web,leakage-rich,reassure,False,reinsured,INFLECTION,,,8,1,-1
talkie-web,leakage-rich,recite,False,wite,DERIVATIONAL,,undated,6,2,-1
talkie-web,leakage-rich,rider,False,ridership,ORTHOGRAPHIC,,,5,16,38
talkie-web,leakage-rich,saturation,False,unsaturation,DERIVATIONAL,,undated,10,5,1
talkie-web,leakage-rich,saturation,False,desaturation,DERIVATIONAL,,undated,10,5,1
talkie-web,leakage-rich,scanning,False,halftoning,INFLECTION,,,8,4,55
talkie-web,leakage-rich,scanning,False,tonemapping,DERIVATIONAL,,undated,8,4,55
talkie-web,leakage-rich,silicon,False,silic,ORTHOGRAPHIC,,,7,2,1
talkie-web,leakage-rich,still,False,stil,ORTHOGRAPHIC,,,5,782,1
talkie-web,leakage-rich,stool,False,stoole,ORTHOGRAPHIC,,,5,8,1
talkie-web,leakage-rich,stool,False,stoole,ORTHOGRAPHIC,,,5,8,1
talkie-web,leakage-rich,subdivision,False,subdivisionem,ORTHOGRAPHIC,,,11,11,68
talkie-web,leakage-rich,subdivision,False,subdivisonem,DERIVATIONAL,,undated,11,11,68
talkie-web,leakage-rich,subdivision,False,subdivisi,ORTHOGRAPHIC,,,11,11,68
talkie-web,leakage-rich,subdivision,False,subdivisio,ORTHOGRAPHIC,,,11,11,68
talkie-web,leakage-rich,subdivision,False,subdividionem,DERIVATIONAL,,undated,11,11,68
talkie-web,leakage-rich,subdivision,False,subdivisum,DERIVATIONAL,,undated,11,11,68
talkie-web,leakage-rich,subdivision,False,subdivisiom,ORTHOGRAPHIC,,,11,11,68
talkie-web,leakage-rich,subdivision,False,subdivisione,ORTHOGRAPHIC,,,11,11,68
talkie-web,leakage-rich,subsistence,False,subsistences,ORTHOGRAPHIC,,,11,10,-1
talkie-web,leakage-rich,sway,False,swaye,ORTHOGRAPHIC,,,4,5,2
talkie-web,leakage-rich,thrust,False,thrustes,ORTHOGRAPHIC,,,6,22,-1
talkie-web,leakage-rich,abdomen,False,abdomin,ORTHOGRAPHIC,,,7,6,1
talkie-web,leakage-rich,adsorption,False,iodization,DERIVATIONAL,,undated,10,0,8
talkie-web,leakage-rich,adsorption,False,iodisation,DERIVATIONAL,,undated,10,0,8
talkie-web,leakage-rich,articulation,False,articulators,INFLECTION,,,12,1,1
talkie-web,leakage-rich,cation,False,cathions,ORTHOGRAPHIC,,,6,0,42
talkie-web,leakage-rich,couch,False,couchor,ORTHOGRAPHIC,,,5,12,1
talkie-web,leakage-rich,dan,False,dans,ORTHOGRAPHIC,,,3,27,1
talkie-web,leakage-rich,fare,False,fere,ORTHOGRAPHIC,,,4,7,-1
talkie-web,leakage-rich,fare,False,fere,ORTHOGRAPHIC,,,4,7,3
talkie-web,leakage-rich,imperfect,False,imperfectum,ORTHOGRAPHIC,,,9,4,-1
talkie-web,leakage-rich,instant,False,instante,ORTHOGRAPHIC,,,7,38,1
talkie-web,leakage-rich,institute,False,insitute,ORTHOGRAPHIC,,,9,50,1
talkie-web,leakage-rich,institute,False,institue,ORTHOGRAPHIC,,,9,50,1
talkie-web,leakage-rich,internally,False,aromatically,DERIVATIONAL,,undated,10,6,1
talkie-web,leakage-rich,ligand,False,ligands,ORTHOGRAPHIC,,,6,1,15
talkie-web,leakage-rich,linen,False,linenin,ORTHOGRAPHIC,,,5,6,1
talkie-web,leakage-rich,linen,False,linenâ,ORTHOGRAPHIC,,,5,6,1
talkie-web,leakage-rich,linen,False,lineni,ORTHOGRAPHIC,,,5,6,1
talkie-web,leakage-rich,lump,False,lumpe,ORTHOGRAPHIC,,,4,7,1
talkie-web,leakage-rich,lump,False,lomp,ORTHOGRAPHIC,,,4,7,1
talkie-web,leakage-rich,lump,False,lumpes,ORTHOGRAPHIC,,,4,7,1
talkie-web,leakage-rich,memoir,False,memour,ORTHOGRAPHIC,,,6,2,-1
talkie-web,leakage-rich,mercury,False,mercurius,DERIVATIONAL,,undated,7,10,1
talkie-web,leakage-rich,mercury,False,mercur,ORTHOGRAPHIC,,,7,10,1
talkie-web,leakage-rich,mercury,False,mercurie,ORTHOGRAPHIC,,,7,10,1
talkie-web,leakage-rich,millennium,False,millenium,ORTHOGRAPHIC,,,10,4,1
talkie-web,leakage-rich,millennium,False,millenniumbc,ORTHOGRAPHIC,,,10,4,1
talkie-web,leakage-rich,millennium,False,milennium,ORTHOGRAPHIC,,,10,4,1
talkie-web,leakage-rich,mixing,False,djing,DERIVATIONAL,,undated,6,10,1
talkie-web,leakage-rich,mixing,False,remixing,DERIVATIONAL,,undated,6,10,1
talkie-web,leakage-rich,pearl,False,pearle,ORTHOGRAPHIC,,,5,9,12
talkie-web,leakage-rich,pearl,False,pearles,ORTHOGRAPHIC,,,5,9,12
talkie-web,leakage-rich,permeability,False,permittivity,DERIVATIONAL,,undated,12,0,1
talkie-web,leakage-rich,permeability,False,permeabilty,ORTHOGRAPHIC,,,12,0,1
talkie-web,leakage-rich,permeability,False,susceptability,DERIVATIONAL,,undated,12,0,1
talkie-web,leakage-rich,permeability,False,permeablity,ORTHOGRAPHIC,,,12,0,1
talkie-web,leakage-rich,permeability,False,permeabililty,ORTHOGRAPHIC,,,12,0,1
talkie-web,leakage-rich,physic,False,physick,ORTHOGRAPHIC,,,6,0,34
talkie-web,leakage-rich,prosperous,False,prosperite,DERIVATIONAL,,undated,10,8,-1
talkie-web,leakage-rich,refrigerator,False,regenerator,DERIVATIONAL,,undated,12,23,-1
talkie-web,leakage-rich,refrigerator,False,evaporator,DERIVATIONAL,,undated,12,23,-1
talkie-web,leakage-rich,runner,False,runningback,DERIVATIONAL,,undated,6,1,3
talkie-web,leakage-rich,spill,False,stille,ORTHOGRAPHIC,,,5,1,-1
talkie-web,leakage-rich,spoil,False,spoild,ORTHOGRAPHIC,,,5,3,1
talkie-web,leakage-rich,spray,False,sprayes,ORTHOGRAPHIC,,,5,16,23
talkie-web,leakage-rich,symbolism,False,ideographism,DERIVATIONAL,,undated,9,8,37
talkie-web,leakage-rich,toll,False,tol,ORTHOGRAPHIC,,,4,16,1
talkie-web,leakage-rich,unjust,False,injust,DERIVATIONAL,,undated,6,3,1
talkie-web,leakage-rich,virgin,False,virgine,ORTHOGRAPHIC,,,6,35,1
talkie-web,leakage-rich,virgin,False,virgines,ORTHOGRAPHIC,,,6,35,-1
talkie-web,leakage-rich,adhesion,False,adhesions,ORTHOGRAPHIC,,,8,2,51
talkie-web,leakage-rich,assist,False,assis,ORTHOGRAPHIC,,,6,26,1
talkie-web,leakage-rich,blend,False,blendings,ORTHOGRAPHIC,,,5,9,6
talkie-web,leakage-rich,bug,False,bugboys,ORTHOGRAPHIC,,,3,4,2
talkie-web,leakage-rich,firing,False,firings,ORTHOGRAPHIC,,,6,24,2
talkie-web,leakage-rich,fog,False,fogger,ORTHOGRAPHIC,,,3,25,5
talkie-web,leakage-rich,heterosexual,False,hetero,ORTHOGRAPHIC,,,12,0,1
talkie-web,leakage-rich,idol,False,idole,ORTHOGRAPHIC,,,4,7,2
talkie-web,leakage-rich,idol,False,idoll,ORTHOGRAPHIC,,,4,7,2
talkie-web,leakage-rich,insane,False,insanei,ORTHOGRAPHIC,,,6,13,1
talkie-web,leakage-rich,insane,False,insanethe,ORTHOGRAPHIC,,,6,13,1
talkie-web,leakage-rich,insane,False,insaneand,ORTHOGRAPHIC,,,6,13,1
talkie-web,leakage-rich,lobby,False,lobbyes,ORTHOGRAPHIC,,,5,20,1
talkie-web,leakage-rich,martial,False,martiall,ORTHOGRAPHIC,,,7,0,36
talkie-web,leakage-rich,martial,False,marsiall,ORTHOGRAPHIC,,,7,0,36
talkie-web,leakage-rich,martial,False,marsian,ORTHOGRAPHIC,,,7,0,36
talkie-web,leakage-rich,martial,False,marsial,ORTHOGRAPHIC,,,7,0,36
talkie-web,leakage-rich,metabolite,False,metabolites,ORTHOGRAPHIC,,,10,6,7
talkie-web,leakage-rich,nitrate,False,nitrites,ORTHOGRAPHIC,,,7,3,8
talkie-web,leakage-rich,oblique,False,obliquus,ORTHOGRAPHIC,,,7,1,1
talkie-web,leakage-rich,observance,False,observantines,DERIVATIONAL,,undated,10,6,3
talkie-web,leakage-rich,out,False,outers,ORTHOGRAPHIC,,,3,2097,2
talkie-web,leakage-rich,out,False,outers,ORTHOGRAPHIC,,,3,2097,4
talkie-web,leakage-rich,parlour,False,palour,ORTHOGRAPHIC,,,7,0,17
talkie-web,leakage-rich,parlour,False,parlours,ORTHOGRAPHIC,,,7,0,78
talkie-web,leakage-rich,pine,False,ine,DERIVATIONAL,,undated,4,14,8
talkie-web,leakage-rich,princess,False,prynces,ORTHOGRAPHIC,,,8,10,-1
talkie-web,leakage-rich,rabbi,False,rabbins,ORTHOGRAPHIC,,,5,13,12
talkie-web,leakage-rich,rabbi,False,rabbies,ORTHOGRAPHIC,,,5,13,12
talkie-web,leakage-rich,rabbi,False,rabbin,ORTHOGRAPHIC,,,5,13,12
talkie-web,leakage-rich,rotor,False,rotator,ORTHOGRAPHIC,,,5,6,1
talkie-web,leakage-rich,seq,False,seqq,ORTHOGRAPHIC,,,3,0,1
talkie-web,leakage-rich,seq,False,sqq,ORTHOGRAPHIC,,,3,0,1
talkie-web,leakage-rich,shoot,False,shotte,ORTHOGRAPHIC,,,5,27,40
talkie-web,leakage-rich,stakeholder,False,stakeholders,ORTHOGRAPHIC,,,11,0,30
talkie-web,leakage-rich,suspect,False,suspence,ORTHOGRAPHIC,,,7,30,15
talkie-web,leakage-rich,transparency,False,transparancy,ORTHOGRAPHIC,,,12,2,1
talkie-web,leakage-rich,uranium,False,uranic,ORTHOGRAPHIC,,,7,6,1
talkie-web,leakage-rich,uranium,False,uranide,ORTHOGRAPHIC,,,7,6,1
talkie-web,leakage-rich,uranium,False,uranous,ORTHOGRAPHIC,,,7,6,1
talkie-web,leakage-rich,walking,False,walkinge,ORTHOGRAPHIC,,,7,54,2
talkie-web,leakage-rich,wash,False,washin,ORTHOGRAPHIC,,,4,33,1
talkie-web,leakage-rich,wash,False,washin,ORTHOGRAPHIC,,,4,33,1
talkie-web,leakage-rich,adultery,False,adulterie,ORTHOGRAPHIC,,,8,3,1
talkie-web,leakage-rich,amplification,False,amplificatio,ORTHOGRAPHIC,,,13,2,10
talkie-web,leakage-rich,apartheid,False,apartness,DERIVATIONAL,,undated,9,3,2
talkie-web,leakage-rich,ass,False,asse,ORTHOGRAPHIC,,,3,5,20
talkie-web,leakage-rich,biologist,False,biotechnologists,DERIVATIONAL,,undated,9,2,-1
talkie-web,leakage-rich,byke,False,syke,DERIVATIONAL,,undated,4,0,10
talkie-web,leakage-rich,chat,False,chatte,ORTHOGRAPHIC,,,4,5,-1
talkie-web,leakage-rich,dark,False,darks,ORTHOGRAPHIC,,,4,185,15
talkie-web,leakage-rich,dark,False,darks,ORTHOGRAPHIC,,,4,185,3
talkie-web,leakage-rich,dark,False,darkeys,ORTHOGRAPHIC,,,4,185,-1
talkie-web,leakage-rich,deductible,False,deductable,ORTHOGRAPHIC,,,10,5,1
talkie-web,leakage-rich,deductible,False,deducti,ORTHOGRAPHIC,,,10,5,1
talkie-web,leakage-rich,deductible,False,deductable,ORTHOGRAPHIC,,,10,5,1
talkie-web,leakage-rich,denominator,False,denomenator,ORTHOGRAPHIC,,,11,0,1
talkie-web,leakage-rich,denominator,False,denomator,ORTHOGRAPHIC,,,11,0,1
talkie-web,leakage-rich,denominator,False,denator,DERIVATIONAL,,undated,11,0,1
talkie-web,leakage-rich,dipole,False,dipoles,ORTHOGRAPHIC,,,6,5,2
talkie-web,leakage-rich,excel,False,excell,ORTHOGRAPHIC,,,5,1,5
talkie-web,leakage-rich,excel,False,excelle,ORTHOGRAPHIC,,,5,1,5
talkie-web,leakage-rich,geology,False,palæontology,ORTHOGRAPHIC,,,7,5,2
talkie-web,leakage-rich,hood,False,hoode,ORTHOGRAPHIC,,,4,7,5
talkie-web,leakage-rich,hose,False,hosen,ORTHOGRAPHIC,,,4,9,1
talkie-web,leakage-rich,illegitimate,False,illegitimates,ORTHOGRAPHIC,,,12,3,1
talkie-web,leakage-rich,immature,False,immatures,ORTHOGRAPHIC,,,8,7,2
talkie-web,leakage-rich,inactive,False,inactivated,INFLECTION,,,8,7,1
talkie-web,leakage-rich,inhibitory,False,inhibitive,DERIVATIONAL,,undated,10,2,1
talkie-web,leakage-rich,irreversible,False,irreversable,ORTHOGRAPHIC,,,12,2,1
talkie-web,leakage-rich,lakh,False,lakhs,ORTHOGRAPHIC,,,4,0,4
talkie-web,leakage-rich,patch,False,matchd,INFLECTION,,,5,13,-1
talkie-web,leakage-rich,phenotype,False,phenotypes,ORTHOGRAPHIC,,,9,0,1
talkie-web,leakage-rich,phenotype,False,phenotyp,ORTHOGRAPHIC,,,9,0,1
talkie-web,leakage-rich,pluralism,False,monadism,DERIVATIONAL,,undated,9,1,15
talkie-web,leakage-rich,polypeptide,True,polypeptides,ORTHOGRAPHIC,,,11,0,24
talkie-web,leakage-rich,potency,False,potencies,DERIVATIONAL,,undated,7,6,1
talkie-web,leakage-rich,premier,False,premi,ORTHOGRAPHIC,,,7,26,1
talkie-web,leakage-rich,reflected,False,refrect,DERIVATIONAL,,undated,9,42,1
talkie-web,leakage-rich,router,False,routers,ORTHOGRAPHIC,,,6,0,1
talkie-web,leakage-rich,running,False,entring,INFLECTION,,,7,123,3
talkie-web,leakage-rich,sensing,False,sensefinding,DERIVATIONAL,,undated,7,8,5
talkie-web,leakage-rich,sensing,False,sensefolding,DERIVATIONAL,,undated,7,8,5
talkie-web,leakage-rich,sound,False,sund,ORTHOGRAPHIC,,,5,204,1
talkie-web,leakage-rich,stall,False,stalles,ORTHOGRAPHIC,,,5,18,9
talkie-web,leakage-rich,streak,False,streakat,ORTHOGRAPHIC,,,6,10,1
talkie-web,leakage-rich,sunset,False,sune,ORTHOGRAPHIC,,,6,14,7
talkie-web,leakage-rich,unaffected,False,uncorrupt,DERIVATIONAL,,undated,10,3,72
talkie-web,leakage-rich,winding,False,windings,ORTHOGRAPHIC,,,7,9,1
talkie-web,leakage-rich,blocker,False,blockers,ORTHOGRAPHIC,,,7,0,4
talkie-web,leakage-rich,blocker,False,blockers,ORTHOGRAPHIC,,,7,0,4
talkie-web,leakage-rich,blouse,False,blousey,ORTHOGRAPHIC,,,6,1,1
talkie-web,leakage-rich,borough,False,boro,DERIVATIONAL,,undated,7,5,3
talkie-web,leakage-rich,butt,False,butthole,ORTHOGRAPHIC,,,4,12,2
talkie-web,leakage-rich,clown,False,crowne,ORTHOGRAPHIC,,,5,3,30
talkie-web,leakage-rich,companionship,False,companionage,DERIVATIONAL,,undated,13,4,6
talkie-web,leakage-rich,cytokine,True,cytokines,ORTHOGRAPHIC,,,8,0,17
talkie-web,leakage-rich,cytokine,True,cytokines,ORTHOGRAPHIC,,,8,0,17
talkie-web,leakage-rich,earner,False,earne,ORTHOGRAPHIC,,,6,0,2
talkie-web,leakage-rich,exhaust,False,exhaus,ORTHOGRAPHIC,,,7,7,1
talkie-web,leakage-rich,fistula,False,fistulae,ORTHOGRAPHIC,,,7,0,1
talkie-web,leakage-rich,fistula,False,fistulas,ORTHOGRAPHIC,,,7,0,1
talkie-web,leakage-rich,fistula,False,fistulae,ORTHOGRAPHIC,,,7,0,1
talkie-web,leakage-rich,fistula,False,fistul,ORTHOGRAPHIC,,,7,0,1
talkie-web,leakage-rich,foul,False,foule,ORTHOGRAPHIC,,,4,4,1
talkie-web,leakage-rich,grader,False,gradings,INFLECTION,,,6,2,9
talkie-web,leakage-rich,grassland,False,grasslands,ORTHOGRAPHIC,,,9,1,1
talkie-web,leakage-rich,growing,False,feling,DERIVATIONAL,,undated,7,108,-1
talkie-web,leakage-rich,harness,False,harnesse,ORTHOGRAPHIC,,,7,10,10
talkie-web,leakage-rich,howl,False,howle,ORTHOGRAPHIC,,,4,4,3
talkie-web,leakage-rich,humanism,False,socinianism,DERIVATIONAL,,undated,8,5,-1
talkie-web,leakage-rich,hydroxide,True,hydronium,DERIVATIONAL,,undated,9,0,4
talkie-web,leakage-rich,ignition,False,ignification,DERIVATIONAL,,undated,8,5,1
talkie-web,leakage-rich,insecure,False,unsecure,DERIVATIONAL,,undated,8,3,1
talkie-web,leakage-rich,insecure,False,nonsecure,DERIVATIONAL,,undated,8,3,1
talkie-web,leakage-rich,instinctive,False,instinctual,DERIVATIONAL,,undated,11,2,2
talkie-web,leakage-rich,logistic,False,intuitionistic,DERIVATIONAL,,undated,8,2,-1
talkie-web,leakage-rich,manhood,False,manhoode,ORTHOGRAPHIC,,,7,6,1
talkie-web,leakage-rich,melanoma,True,melanotic,DERIVATIONAL,,undated,8,0,10
talkie-web,leakage-rich,mend,False,amende,DERIVATIONAL,,undated,4,2,13
talkie-web,leakage-rich,mend,False,mende,ORTHOGRAPHIC,,,4,2,1
talkie-web,leakage-rich,mineral,False,minerall,ORTHOGRAPHIC,,,7,12,1
talkie-web,leakage-rich,mixer,False,mixologists,INFLECTION,,,5,2,-1
talkie-web,leakage-rich,monomer,True,monomers,ORTHOGRAPHIC,,,7,2,1
talkie-web,leakage-rich,morrow,False,morow,ORTHOGRAPHIC,,,6,2,3
talkie-web,leakage-rich,occult,False,occulted,ORTHOGRAPHIC,,,6,0,1
talkie-web,leakage-rich,oracle,False,myracle,DERIVATIONAL,,undated,6,2,-1
talkie-web,leakage-rich,orator,False,orationer,DERIVATIONAL,,undated,6,5,1
talkie-web,leakage-rich,ornamental,False,ornamentals,ORTHOGRAPHIC,,,10,0,2
talkie-web,leakage-rich,ox,False,oxe,ORTHOGRAPHIC,,,2,6,2
talkie-web,leakage-rich,ox,False,oxe,ORTHOGRAPHIC,,,2,6,11
talkie-web,leakage-rich,pear,False,peare,ORTHOGRAPHIC,,,4,6,1
talkie-web,leakage-rich,pedal,False,podial,ORTHOGRAPHIC,,,5,4,9
talkie-web,leakage-rich,progesterone,False,progestins,INFLECTION,,,12,0,2
talkie-web,leakage-rich,questioning,False,questionings,ORTHOGRAPHIC,,,11,21,-1
talkie-web,leakage-rich,readable,False,watchable,DERIVATIONAL,,undated,8,2,1
talkie-web,leakage-rich,readable,False,listenable,DERIVATIONAL,,undated,8,2,1
talkie-web,leakage-rich,real,False,reais,ORTHOGRAPHIC,,,4,258,1
talkie-web,leakage-rich,real,False,reale,ORTHOGRAPHIC,,,4,258,1
talkie-web,leakage-rich,rectum,False,rectume,ORTHOGRAPHIC,,,6,0,1
talkie-web,leakage-rich,refinery,False,bloomery,DERIVATIONAL,,undated,8,0,-1
talkie-web,leakage-rich,roar,False,roarin,ORTHOGRAPHIC,,,4,13,1
talkie-web,leakage-rich,scarf,False,scarpe,ORTHOGRAPHIC,,,5,4,3
talkie-web,leakage-rich,scarlet,False,scarlets,ORTHOGRAPHIC,,,7,3,19
talkie-web,leakage-rich,solute,False,solutes,ORTHOGRAPHIC,,,6,0,1
talkie-web,leakage-rich,sonnet,False,songes,ORTHOGRAPHIC,,,6,3,-1
talkie-web,leakage-rich,southward,False,soutward,ORTHOGRAPHIC,,,9,8,1
talkie-web,leakage-rich,southward,False,souward,ORTHOGRAPHIC,,,9,8,1
talkie-web,leakage-rich,southward,False,soothward,ORTHOGRAPHIC,,,9,8,1
talkie-web,leakage-rich,southward,False,southard,ORTHOGRAPHIC,,,9,8,1
talkie-web,leakage-rich,soy,False,soyu,ORTHOGRAPHIC,,,3,1,23
talkie-web,leakage-rich,spacing,False,spacings,ORTHOGRAPHIC,,,7,6,7
talkie-web,leakage-rich,stray,False,strayd,ORTHOGRAPHIC,,,5,12,1
talkie-web,leakage-rich,stressor,False,stressors,ORTHOGRAPHIC,,,8,0,15
talkie-web,leakage-rich,string,False,stringe,ORTHOGRAPHIC,,,6,19,1
talkie-web,leakage-rich,subvert,False,subvertere,ORTHOGRAPHIC,,,7,0,-1
talkie-web,leakage-rich,subvert,False,subversio,DERIVATIONAL,,undated,7,0,-1
talkie-web,leakage-rich,subvert,False,subversa,ORTHOGRAPHIC,,,7,0,-1
talkie-web,leakage-rich,sunrise,False,sunrising,INFLECTION,,,7,10,3
talkie-web,leakage-rich,synonym,False,synonyme,ORTHOGRAPHIC,,,7,3,1
talkie-web,leakage-rich,thrombosis,True,thrombi,INFLECTION,,,10,1,1
talkie-web,leakage-rich,timescale,False,timespan,DERIVATIONAL,,undated,9,0,3
talkie-web,leakage-rich,timescale,False,timeframe,DERIVATIONAL,,undated,9,0,3
talkie-web,leakage-rich,touching,False,touche,DERIVATIONAL,,undated,8,15,-1
talkie-web,leakage-rich,trans,False,tranny,ORTHOGRAPHIC,,,5,0,3
talkie-web,leakage-rich,unfit,False,unmeet,DERIVATIONAL,,undated,5,1,2
talkie-web,leakage-rich,untouched,False,unvisited,DERIVATIONAL,,undated,9,9,12
talkie-web,leakage-rich,urn,False,urna,ORTHOGRAPHIC,,,3,2,1
talkie-web,leakage-rich,vomiting,False,superheating,DERIVATIONAL,,undated,8,3,-1
talkie-web,leakage-rich,vow,False,vowes,ORTHOGRAPHIC,,,3,2,16
talkie-web,leakage-rich,vow,False,vowes,ORTHOGRAPHIC,,,3,2,-1
talkie-web,leakage-rich,wear,False,weare,ORTHOGRAPHIC,,,4,35,17
talkie-web,leakage-rich,wet,False,wett,ORTHOGRAPHIC,,,3,53,1
talkie-web,leakage-rich,wet,False,wete,ORTHOGRAPHIC,,,3,53,1
talkie-web,leakage-rich,wet,False,wel,ORTHOGRAPHIC,,,3,53,41
talkie-web,leakage-rich,worn,False,worne,ORTHOGRAPHIC,,,4,23,44
talkie-web,leakage-rich,wreck,False,wrecke,ORTHOGRAPHIC,,,5,8,5
talkie-web,leakage-rich,yoga,False,yog,ORTHOGRAPHIC,,,4,1,1
talkie-web,leakage-rich,yoga,False,yóga,ORTHOGRAPHIC,,,4,1,1
talkie-web,leakage-rich,abatement,False,abatements,ORTHOGRAPHIC,,,9,0,1
talkie-web,leakage-rich,abbey,False,abbies,ORTHOGRAPHIC,,,5,7,5
talkie-web,leakage-rich,acceptor,False,accepter,ORTHOGRAPHIC,,,8,0,1
talkie-web,leakage-rich,acceptor,False,acceptors,ORTHOGRAPHIC,,,8,0,1
talkie-web,leakage-rich,acceptor,False,accepter,ORTHOGRAPHIC,,,8,0,1
talkie-web,leakage-rich,accretion,False,aggradation,DERIVATIONAL,,undated,9,3,1
talkie-web,leakage-rich,accretion,False,reliction,DERIVATIONAL,,undated,9,3,1
talkie-web,leakage-rich,acquit,False,requit,DERIVATIONAL,,undated,6,0,-1
talkie-web,leakage-rich,adenoma,True,adenomas,ORTHOGRAPHIC,,,7,0,7
talkie-web,leakage-rich,adenoma,True,insulinoma,DERIVATIONAL,,undated,7,0,74
talkie-web,leakage-rich,adenosine,True,hypoxanthine,DERIVATIONAL,,undated,9,0,2
talkie-web,leakage-rich,adenosine,True,adanosine,ORTHOGRAPHIC,,,9,0,2
talkie-web,leakage-rich,articulate,False,seperate,DERIVATIONAL,,undated,10,8,-1
talkie-web,leakage-rich,asking,False,askin,ORTHOGRAPHIC,,,6,67,1
talkie-web,leakage-rich,calling,False,callinge,ORTHOGRAPHIC,,,7,45,1
talkie-web,leakage-rich,catecholamine,True,catecholamines,ORTHOGRAPHIC,,,13,0,19
talkie-web,leakage-rich,centrifugal,False,centrifugial,ORTHOGRAPHIC,,,11,1,1
talkie-web,leakage-rich,cholinergic,True,cholingeric,ORTHOGRAPHIC,,,11,0,1
talkie-web,leakage-rich,cholinergic,True,peptidergic,DERIVATIONAL,,undated,11,0,1
talkie-web,leakage-rich,cholinergic,True,achergic,DERIVATIONAL,,undated,11,0,1
talkie-web,leakage-rich,claw,False,clawes,ORTHOGRAPHIC,,,4,1,62
talkie-web,leakage-rich,commonwealth,False,commonwealthof,ORTHOGRAPHIC,,,12,7,1
talkie-web,leakage-rich,condominium,True,condominum,ORTHOGRAPHIC,,,11,0,4
talkie-web,leakage-rich,consortium,True,servitium,DERIVATIONAL,,undated,10,0,-1
talkie-web,leakage-rich,disagreeable,False,disagreeables,ORTHOGRAPHIC,,,12,1,5
talkie-web,leakage-rich,disagreeable,False,unagreeables,DERIVATIONAL,,undated,12,1,5
talkie-web,leakage-rich,doom,False,doome,ORTHOGRAPHIC,,,4,3,5
talkie-web,leakage-rich,drummer,True,drummes,ORTHOGRAPHIC,,,7,2,16
talkie-web,leakage-rich,drummer,True,drumme,ORTHOGRAPHIC,,,7,2,16
talkie-web,leakage-rich,drummer,True,drumes,ORTHOGRAPHIC,,,7,2,16
talkie-web,leakage-rich,drummer,True,drumbes,ORTHOGRAPHIC,,,7,2,16
talkie-web,leakage-rich,dung,False,dunghills,ORTHOGRAPHIC,,,4,2,2
talkie-web,leakage-rich,effector,False,effectors,ORTHOGRAPHIC,,,8,0,17
talkie-web,leakage-rich,effector,False,effectors,ORTHOGRAPHIC,,,8,0,4
talkie-web,leakage-rich,empiricism,False,constructionism,DERIVATIONAL,,undated,10,2,1
talkie-web,leakage-rich,empiricism,False,cognitivism,DERIVATIONAL,,undated,10,2,1
talkie-web,leakage-rich,empiricism,False,constructionism,DERIVATIONAL,,undated,10,2,1
talkie-web,leakage-rich,empiricism,False,innatism,DERIVATIONAL,,undated,10,2,1
talkie-web,leakage-rich,escalation,False,escalatory,DERIVATIONAL,,undated,10,7,1
talkie-web,leakage-rich,femme,False,femmes,ORTHOGRAPHIC,,,5,1,2
talkie-web,leakage-rich,figurative,False,figurate,ORTHOGRAPHIC,,,10,5,-1
talkie-web,leakage-rich,fro,False,froe,ORTHOGRAPHIC,,,3,0,1
talkie-web,leakage-rich,gardening,False,gardenes,INFLECTION,,,9,3,3
talkie-web,leakage-rich,gardening,False,gardeninge,ORTHOGRAPHIC,,,9,3,3
talkie-web,leakage-rich,generative,False,germinative,DERIVATIONAL,,undated,10,0,29
talkie-web,leakage-rich,genotype,False,idotype,DERIVATIONAL,,undated,8,0,14
talkie-web,leakage-rich,gin,False,ginner,ORTHOGRAPHIC,,,3,23,1
talkie-web,leakage-rich,gin,False,ginhouse,ORTHOGRAPHIC,,,3,23,1
talkie-web,leakage-rich,globulin,False,globulins,ORTHOGRAPHIC,,,8,4,5
talkie-web,leakage-rich,husbandry,False,husbandmen,DERIVATIONAL,,undated,9,2,1
talkie-web,leakage-rich,husbandry,False,husbandrie,ORTHOGRAPHIC,,,9,2,1
talkie-web,leakage-rich,husbandry,False,husbandrye,ORTHOGRAPHIC,,,9,2,1
talkie-web,leakage-rich,hydration,False,gelation,DERIVATIONAL,,undated,9,0,1
talkie-web,leakage-rich,ideologically,False,programmatically,DERIVATIONAL,,undated,13,0,4
talkie-web,leakage-rich,immobilization,False,mineralization,DERIVATIONAL,1757,pre-cutoff,14,0,29
talkie-web,leakage-rich,immobilization,False,denitrification,DERIVATIONAL,,undated,14,0,29
talkie-web,leakage-rich,immobilization,False,mineralisation,DERIVATIONAL,,undated,14,0,29
talkie-web,leakage-rich,indivisible,False,undivisible,DERIVATIONAL,,undated,11,1,1
talkie-web,leakage-rich,indivisible,False,indivisibles,ORTHOGRAPHIC,,,11,1,1
talkie-web,leakage-rich,labyrinth,False,labyrinthus,ORTHOGRAPHIC,,,9,1,7
talkie-web,leakage-rich,labyrinth,False,labirinto,ORTHOGRAPHIC,,,9,1,7
talkie-web,leakage-rich,labyrinth,False,labirintus,DERIVATIONAL,,undated,9,1,7
talkie-web,leakage-rich,labyrinth,False,laberintus,DERIVATIONAL,,undated,9,1,7
talkie-web,leakage-rich,labyrinth,False,laberinto,ORTHOGRAPHIC,,,9,1,7
talkie-web,leakage-rich,labyrinth,False,labyrinthum,ORTHOGRAPHIC,,,9,1,7
talkie-web,leakage-rich,labyrinth,False,labirintum,DERIVATIONAL,,undated,9,1,7
talkie-web,leakage-rich,marginally,False,robotically,DERIVATIONAL,,undated,10,1,-1
talkie-web,leakage-rich,match,False,matchlocks,ORTHOGRAPHIC,,,5,41,27
talkie-web,leakage-rich,mathematic,False,mathematici,ORTHOGRAPHIC,,,10,0,-1
talkie-web,leakage-rich,microcosm,False,microcosmos,ORTHOGRAPHIC,,,9,3,1
talkie-web,leakage-rich,microcosm,False,microcosom,ORTHOGRAPHIC,,,9,3,1
talkie-web,leakage-rich,microcosm,False,microcosmos,ORTHOGRAPHIC,,,9,3,1
talkie-web,leakage-rich,millet,False,millett,ORTHOGRAPHIC,,,6,0,1
talkie-web,leakage-rich,millet,False,milke,ORTHOGRAPHIC,,,6,0,1
talkie-web,leakage-rich,monoclonal,False,monomorphic,DERIVATIONAL,,undated,10,0,34
talkie-web,leakage-rich,nay,False,naye,ORTHOGRAPHIC,,,3,2,1
talkie-web,leakage-rich,nay,False,naye,ORTHOGRAPHIC,,,3,2,2
talkie-web,leakage-rich,nay,False,nae,ORTHOGRAPHIC,,,3,2,2
talkie-web,leakage-rich,nay,False,naw,ORTHOGRAPHIC,,,3,2,2
talkie-web,leakage-rich,nay,False,nayes,ORTHOGRAPHIC,,,3,2,12
talkie-web,leakage-rich,nay,False,nae,ORTHOGRAPHIC,,,3,2,1
talkie-web,leakage-rich,nay,False,naye,ORTHOGRAPHIC,,,3,2,1
talkie-web,leakage-rich,nay,False,nae,ORTHOGRAPHIC,,,3,2,1
talkie-web,leakage-rich,nay,False,naye,ORTHOGRAPHIC,,,3,2,1
talkie-web,leakage-rich,neutrophil,False,chromophile,DERIVATIONAL,,undated,10,0,23
talkie-web,leakage-rich,neutrophil,False,neutralophiles,DERIVATIONAL,,undated,10,0,83
talkie-web,leakage-rich,nominally,False,nominatively,DERIVATIONAL,,undated,9,3,16
talkie-web,leakage-rich,octave,False,octads,ORTHOGRAPHIC,,,6,2,15
talkie-web,leakage-rich,oldest,False,myghtiest,DERIVATIONAL,,undated,6,14,-1
talkie-web,leakage-rich,oldest,False,myghtest,DERIVATIONAL,,undated,6,14,-1
talkie-web,leakage-rich,overdue,False,overdueâ,ORTHOGRAPHIC,,,7,2,1
talkie-web,leakage-rich,palsy,False,palsey,ORTHOGRAPHIC,,,5,2,1
talkie-web,leakage-rich,palsy,False,palesye,ORTHOGRAPHIC,,,5,2,1
talkie-web,leakage-rich,palsy,False,palesy,ORTHOGRAPHIC,,,5,2,1
talkie-web,leakage-rich,parietal,False,parietals,ORTHOGRAPHIC,,,8,0,2
talkie-web,leakage-rich,parietal,False,parieto,ORTHOGRAPHIC,,,8,0,1
talkie-web,leakage-rich,penalize,False,penalised,ORTHOGRAPHIC,,,8,0,-1
talkie-web,leakage-rich,pleading,False,pleadings,ORTHOGRAPHIC,,,8,12,2
talkie-web,leakage-rich,positron,True,positrion,ORTHOGRAPHIC,,,8,0,1
talkie-web,leakage-rich,pragmatism,False,scientism,DERIVATIONAL,,undated,10,2,17
talkie-web,leakage-rich,quartet,False,quartett,ORTHOGRAPHIC,,,7,9,1
talkie-web,leakage-rich,rake,False,breake,DERIVATIONAL,,undated,4,11,-1
talkie-web,leakage-rich,ransom,False,ransome,ORTHOGRAPHIC,,,6,5,1
talkie-web,leakage-rich,ransom,False,ranson,ORTHOGRAPHIC,,,6,5,1
talkie-web,leakage-rich,reel,False,reele,ORTHOGRAPHIC,,,4,2,-1
talkie-web,leakage-rich,refraction,False,refractions,ORTHOGRAPHIC,,,10,1,1
talkie-web,leakage-rich,refund,False,refuned,ORTHOGRAPHIC,,,6,22,6
talkie-web,leakage-rich,regent,False,regne,ORTHOGRAPHIC,,,6,0,7
talkie-web,leakage-rich,remittance,False,remittence,ORTHOGRAPHIC,,,10,0,1
talkie-web,leakage-rich,remove,False,removements,ORTHOGRAPHIC,,,6,58,2
talkie-web,leakage-rich,remove,False,removees,ORTHOGRAPHIC,,,6,58,2
talkie-web,leakage-rich,remove,False,remov,ORTHOGRAPHIC,,,6,58,2
talkie-web,leakage-rich,resettlement,False,relocations,INFLECTION,,,12,1,20
talkie-web,leakage-rich,resorption,False,cementation,DERIVATIONAL,,undated,10,0,37
talkie-web,leakage-rich,respite,False,reste,ORTHOGRAPHIC,,,7,2,-1
talkie-web,leakage-rich,retrograde,False,retrograd,ORTHOGRAPHIC,,,10,3,1
talkie-web,leakage-rich,ribosome,False,ribosomes,ORTHOGRAPHIC,,,8,0,14
talkie-web,leakage-rich,roast,False,roastings,ORTHOGRAPHIC,,,5,10,14
talkie-web,leakage-rich,rpm,False,rp,ORTHOGRAPHIC,,,3,7,1
talkie-web,leakage-rich,rubric,False,rubricks,ORTHOGRAPHIC,,,6,1,6
talkie-web,leakage-rich,salt,False,falt,DERIVATIONAL,,undated,4,46,-1
talkie-web,leakage-rich,salute,False,salut,ORTHOGRAPHIC,,,6,3,1
talkie-web,leakage-rich,schism,False,schisme,ORTHOGRAPHIC,,,6,1,1
talkie-web,leakage-rich,schism,False,schisma,ORTHOGRAPHIC,,,6,1,1
talkie-web,leakage-rich,schism,False,schismthe,ORTHOGRAPHIC,,,6,1,1
talkie-web,leakage-rich,schism,False,schismor,ORTHOGRAPHIC,,,6,1,1
talkie-web,leakage-rich,schism,False,schismi,ORTHOGRAPHIC,,,6,1,1
talkie-web,leakage-rich,sealed,False,seald,ORTHOGRAPHIC,,,6,13,1
talkie-web,leakage-rich,see,False,sele,ORTHOGRAPHIC,,,3,772,15
talkie-web,leakage-rich,separatist,False,separationists,INFLECTION,,,10,0,29
talkie-web,leakage-rich,shale,False,shales,ORTHOGRAPHIC,,,5,0,7
talkie-web,leakage-rich,sinking,False,upwelling,DERIVATIONAL,,undated,7,6,12
talkie-web,leakage-rich,sinking,False,downwelling,DERIVATIONAL,,undated,7,6,12
talkie-web,leakage-rich,spa,False,spaw,ORTHOGRAPHIC,,,3,2,3
talkie-web,leakage-rich,spent,False,sprent,ORTHOGRAPHIC,,,5,104,1
talkie-web,leakage-rich,spent,False,spente,ORTHOGRAPHIC,,,5,104,1
talkie-web,leakage-rich,spent,False,spente,ORTHOGRAPHIC,,,5,104,1
talkie-web,leakage-rich,spoil,False,spoile,ORTHOGRAPHIC,,,5,3,18
talkie-web,leakage-rich,spoil,False,spoyle,ORTHOGRAPHIC,,,5,3,18
talkie-web,leakage-rich,squeeze,False,squeez,ORTHOGRAPHIC,,,7,11,1
talkie-web,leakage-rich,sting,False,stinges,ORTHOGRAPHIC,,,5,5,2
talkie-web,leakage-rich,structuralist,False,geometrist,DERIVATIONAL,,undated,13,0,3
talkie-web,leakage-rich,subclass,False,subclasses,ORTHOGRAPHIC,,,8,0,99
talkie-web,leakage-rich,subclass,False,subcategories,DERIVATIONAL,,undated,8,0,99
talkie-web,leakage-rich,submissive,False,submissives,ORTHOGRAPHIC,,,10,4,1
talkie-web,leakage-rich,subscript,False,subscripta,ORTHOGRAPHIC,,,9,0,1
talkie-web,leakage-rich,subscript,False,subscriptum,ORTHOGRAPHIC,,,9,0,1
talkie-web,leakage-rich,subscript,False,subscripted,ORTHOGRAPHIC,,,9,0,1
talkie-web,leakage-rich,subscript,False,subscriptus,ORTHOGRAPHIC,,,9,0,1
talkie-web,leakage-rich,supine,False,supinated,INFLECTION,,,6,1,1
talkie-web,leakage-rich,supine,False,supin,ORTHOGRAPHIC,,,6,1,1
talkie-web,leakage-rich,suppressor,False,suppressors,ORTHOGRAPHIC,,,10,0,-1
talkie-web,leakage-rich,tactile,False,tactiles,ORTHOGRAPHIC,,,7,2,3
talkie-web,leakage-rich,textured,False,texturized,ORTHOGRAPHIC,,,8,2,41
talkie-web,leakage-rich,toad,False,toade,ORTHOGRAPHIC,,,4,4,3
talkie-web,leakage-rich,translocation,False,translocations,ORTHOGRAPHIC,,,13,0,40
talkie-web,leakage-rich,triglyceride,True,glycerides,INFLECTION,,,12,0,21
talkie-web,leakage-rich,triglyceride,True,triesters,DERIVATIONAL,,undated,12,0,21
talkie-web,leakage-rich,triglyceride,True,trihydric,DERIVATIONAL,,undated,12,0,21
talkie-web,leakage-rich,trillion,False,decillion,DERIVATIONAL,,undated,8,1,6
talkie-web,leakage-rich,turning,False,turne,DERIVATIONAL,,undated,7,75,58
talkie-web,leakage-rich,unjustified,False,unreproved,DERIVATIONAL,,undated,11,1,78
talkie-web,leakage-rich,unjustified,False,uncontradicted,DERIVATIONAL,,undated,11,1,78
talkie-web,leakage-rich,urethra,False,ureters,ORTHOGRAPHIC,,,7,1,1
talkie-web,leakage-rich,vex,False,vexe,ORTHOGRAPHIC,,,3,1,1
talkie-web,leakage-rich,victimization,False,victimhood,DERIVATIONAL,,undated,13,0,-1
talkie-web,leakage-rich,vile,False,gile,DERIVATIONAL,,undated,4,5,76
talkie-web,leakage-rich,vogue,False,vogu,ORTHOGRAPHIC,,,5,6,1
talkie-web,leakage-rich,waking,False,wakees,INFLECTION,,,6,11,1
talkie-web,leakage-rich,waking,False,wakinge,ORTHOGRAPHIC,,,6,11,1
talkie-web,leakage-rich,waking,False,wakin,ORTHOGRAPHIC,,,6,11,1
talkie-web,leakage-rich,whine,False,hine,DERIVATIONAL,,undated,5,4,-1
talkie-web,leakage-rich,wide,False,wyde,ORTHOGRAPHIC,,,4,125,1
talkie-web,leakage-rich,wrest,False,drest,DERIVATIONAL,,undated,5,1,-1
talkie-web,leakage-rich,wrong,False,wrongd,ORTHOGRAPHIC,,,5,129,1
talkie-web,leakage-rich,aback,False,alow,DERIVATIONAL,,undated,5,2,12
talkie-web,leakage-rich,acquittal,False,acquital,ORTHOGRAPHIC,,,9,2,1
talkie-web,leakage-rich,adder,False,addor,ORTHOGRAPHIC,,,5,0,1
talkie-web,leakage-rich,aerospace,False,electrospace,DERIVATIONAL,,undated,9,4,6
talkie-web,leakage-rich,alanine,True,homocysteine,DERIVATIONAL,,undated,7,0,12
talkie-web,leakage-rich,amiss,False,amisse,ORTHOGRAPHIC,,,5,2,1
talkie-web,leakage-rich,amiss,False,amis,ORTHOGRAPHIC,,,5,2,1
talkie-web,leakage-rich,amiss,False,amis,ORTHOGRAPHIC,,,5,2,1
talkie-web,leakage-rich,angler,False,anglerfishes,ORTHOGRAPHIC,,,6,0,2
talkie-web,leakage-rich,atresia,False,atretic,ORTHOGRAPHIC,,,7,0,1
talkie-web,leakage-rich,biosphere,False,ecosphere,DERIVATIONAL,,undated,9,0,1
talkie-web,leakage-rich,biosphere,False,biogeosphere,DERIVATIONAL,,undated,9,0,1
talkie-web,leakage-rich,brace,False,braches,ORTHOGRAPHIC,,,5,14,-1
talkie-web,leakage-rich,catalysis,True,catalasis,ORTHOGRAPHIC,,,9,0,1
talkie-web,leakage-rich,catholic,False,catholici,ORTHOGRAPHIC,,,8,84,25
talkie-web,leakage-rich,catholic,False,catholice,ORTHOGRAPHIC,,,8,84,25
talkie-web,leakage-rich,catholic,False,catholico,ORTHOGRAPHIC,,,8,84,25
talkie-web,leakage-rich,catholic,False,catholicus,ORTHOGRAPHIC,,,8,84,25
talkie-web,leakage-rich,catholic,False,cathol,ORTHOGRAPHIC,,,8,84,25
talkie-web,leakage-rich,choline,True,streptine,DERIVATIONAL,,undated,7,0,51
talkie-web,leakage-rich,choline,True,streptamine,DERIVATIONAL,,undated,7,0,51
talkie-web,leakage-rich,choline,True,cholesterine,DERIVATIONAL,,undated,7,0,51
talkie-web,leakage-rich,choline,True,cholic,ORTHOGRAPHIC,,,7,0,51
talkie-web,leakage-rich,civility,False,civill,DERIVATIONAL,,undated,8,1,5
talkie-web,leakage-rich,clout,False,cloutt,ORTHOGRAPHIC,,,5,1,1
talkie-web,leakage-rich,clout,False,cloute,ORTHOGRAPHIC,,,5,1,1
talkie-web,leakage-rich,clout,False,clowte,ORTHOGRAPHIC,,,5,1,1
talkie-web,leakage-rich,clout,False,cloutte,ORTHOGRAPHIC,,,5,1,1
talkie-web,leakage-rich,cocoon,False,cocon,ORTHOGRAPHIC,,,6,3,1
talkie-web,leakage-rich,corpuscle,False,corpuscules,ORTHOGRAPHIC,,,9,0,8
talkie-web,leakage-rich,crowdfunding,False,crowdsourcing,DERIVATIONAL,,undated,12,0,1
talkie-web,leakage-rich,decibel,False,deci,DERIVATIONAL,,undated,7,0,1
talkie-web,leakage-rich,decibel,False,decible,ORTHOGRAPHIC,,,7,0,1
talkie-web,leakage-rich,diphtheria,False,diphtheritis,DERIVATIONAL,,undated,10,0,1
talkie-web,leakage-rich,diploid,True,tetraploid,DERIVATIONAL,,undated,7,0,1
talkie-web,leakage-rich,down,False,downsides,ORTHOGRAPHIC,,,4,895,2
talkie-web,leakage-rich,down,False,downts,ORTHOGRAPHIC,,,4,895,5
talkie-web,leakage-rich,down,False,downsides,ORTHOGRAPHIC,,,4,895,5
talkie-web,leakage-rich,dyad,False,diad,ORTHOGRAPHIC,,,4,0,1
talkie-web,leakage-rich,earthy,False,earthish,DERIVATIONAL,,undated,6,10,30
talkie-web,leakage-rich,ebb,False,ebbe,ORTHOGRAPHIC,,,3,1,6
talkie-web,leakage-rich,ecologically,False,botanically,DERIVATIONAL,,undated,12,0,10
talkie-web,leakage-rich,empiricist,False,experimentalist,DERIVATIONAL,,undated,10,0,1
talkie-web,leakage-rich,empiricist,False,experimentalist,DERIVATIONAL,,undated,10,0,1
talkie-web,leakage-rich,endoscopic,False,enoscopic,ORTHOGRAPHIC,,,10,0,1
talkie-web,leakage-rich,endoscopic,False,ectoscopic,ORTHOGRAPHIC,,,10,0,1
talkie-web,leakage-rich,endoscopic,False,intoscopic,DERIVATIONAL,,undated,10,0,1
talkie-web,leakage-rich,endoscopic,False,introscopic,DERIVATIONAL,,undated,10,0,1
talkie-web,leakage-rich,endoscopic,False,inoscopic,DERIVATIONAL,,undated,10,0,1
talkie-web,leakage-rich,endoscopic,False,esoscopic,ORTHOGRAPHIC,,,10,0,1
talkie-web,leakage-rich,endoscopic,False,intescopic,DERIVATIONAL,,undated,10,0,1
talkie-web,leakage-rich,ethereal,False,etheric,DERIVATIONAL,,undated,8,3,20
talkie-web,leakage-rich,etymology,True,onomatology,DERIVATIONAL,,undated,9,0,1
talkie-web,leakage-rich,eyelash,False,eyeblink,DERIVATIONAL,,undated,7,0,1
talkie-web,leakage-rich,ferric,False,ferrum,ORTHOGRAPHIC,,,6,0,1
talkie-web,leakage-rich,ferric,False,ferri,ORTHOGRAPHIC,,,6,0,1
talkie-web,leakage-rich,ferrite,False,ferritic,ORTHOGRAPHIC,,,7,0,2
talkie-web,leakage-rich,flammable,False,flamable,ORTHOGRAPHIC,,,9,1,1
talkie-web,leakage-rich,flammable,False,combustable,DERIVATIONAL,,undated,9,1,1
talkie-web,leakage-rich,flammable,False,flammible,ORTHOGRAPHIC,,,9,1,1
talkie-web,leakage-rich,flit,False,flie,ORTHOGRAPHIC,,,4,0,6
talkie-web,leakage-rich,fore,False,forthe,ORTHOGRAPHIC,,,4,6,10
talkie-web,leakage-rich,fresco,False,freshe,ORTHOGRAPHIC,,,6,8,-1
talkie-web,leakage-rich,geared,False,gendered,INFLECTION,,,6,2,1
talkie-web,leakage-rich,geared,False,gearedand,ORTHOGRAPHIC,,,6,2,1
talkie-web,leakage-rich,generalist,False,generalists,ORTHOGRAPHIC,,,10,1,5
talkie-web,leakage-rich,germanium,False,berlinium,DERIVATIONAL,,undated,9,8,25
talkie-web,leakage-rich,haploid,True,tetraploid,DERIVATIONAL,,undated,7,0,1
talkie-web,leakage-rich,hyperbolic,False,hyperbolical,ORTHOGRAPHIC,,,10,2,1
talkie-web,leakage-rich,hypha,False,hyphæ,ORTHOGRAPHIC,,,5,0,51
talkie-web,leakage-rich,identically,False,corporally,DERIVATIONAL,,undated,11,1,-1
talkie-web,leakage-rich,incongruous,False,discongruous,DERIVATIONAL,,undated,11,1,1
talkie-web,leakage-rich,isometric,False,isokinetic,DERIVATIONAL,,undated,9,0,2
talkie-web,leakage-rich,lignin,False,lignine,ORTHOGRAPHIC,,,6,0,1
talkie-web,leakage-rich,lignin,False,lignine,ORTHOGRAPHIC,,,6,0,1
talkie-web,leakage-rich,liposome,False,lipo,DERIVATIONAL,,undated,8,0,-1
talkie-web,leakage-rich,mannerism,False,mannerist,ORTHOGRAPHIC,,,9,2,1
talkie-web,leakage-rich,moraine,True,morain,ORTHOGRAPHIC,,,7,0,1
talkie-web,leakage-rich,moraine,True,morraine,ORTHOGRAPHIC,,,7,0,1
talkie-web,leakage-rich,mummy,False,mummie,ORTHOGRAPHIC,,,5,0,1
talkie-web,leakage-rich,nanotube,False,nanotubes,ORTHOGRAPHIC,,,8,0,-1
talkie-web,leakage-rich,naught,False,noght,ORTHOGRAPHIC,,,6,2,2
talkie-web,leakage-rich,nitrite,False,nitrites,ORTHOGRAPHIC,,,7,0,10
talkie-web,leakage-rich,nitrite,False,nitriles,ORTHOGRAPHIC,,,7,0,10
talkie-web,leakage-rich,ostrich,False,estrich,DERIVATIONAL,,undated,7,0,44
talkie-web,leakage-rich,papillary,False,papillæ,ORTHOGRAPHIC,,,9,1,-1
talkie-web,leakage-rich,papyrus,False,papyr,ORTHOGRAPHIC,,,7,0,1
talkie-web,leakage-rich,parapet,False,parapit,ORTHOGRAPHIC,,,7,1,1
talkie-web,leakage-rich,parapet,False,parap,ORTHOGRAPHIC,,,7,1,1
talkie-web,leakage-rich,pedicle,False,pedicles,ORTHOGRAPHIC,,,7,0,2
talkie-web,leakage-rich,peg,False,peghead,ORTHOGRAPHIC,,,3,4,41
talkie-web,leakage-rich,perpetuity,False,perpetuum,DERIVATIONAL,,undated,10,0,1
talkie-web,leakage-rich,phallic,False,phallo,ORTHOGRAPHIC,,,7,0,1
talkie-web,leakage-rich,piece,False,pece,ORTHOGRAPHIC,,,5,129,-1
talkie-web,leakage-rich,plankton,False,planktons,ORTHOGRAPHIC,,,8,0,1
talkie-web,leakage-rich,pluralist,False,physicalist,DERIVATIONAL,,undated,9,0,4
talkie-web,leakage-rich,polishing,False,finshing,DERIVATIONAL,,undated,9,2,2
talkie-web,leakage-rich,potash,False,potass,ORTHOGRAPHIC,,,6,0,1
talkie-web,leakage-rich,potash,False,potas,ORTHOGRAPHIC,,,6,0,1
talkie-web,leakage-rich,pox,False,poxe,ORTHOGRAPHIC,,,3,0,1
talkie-web,leakage-rich,prefrontal,False,premaxillary,DERIVATIONAL,,undated,10,0,-1
talkie-web,leakage-rich,prompt,False,promt,ORTHOGRAPHIC,,,6,11,1
talkie-web,leakage-rich,proving,False,provings,ORTHOGRAPHIC,,,7,5,2
talkie-web,leakage-rich,quadrupole,False,quadrupoles,ORTHOGRAPHIC,,,10,0,72
talkie-web,leakage-rich,quantization,False,quantizing,INFLECTION,,,12,0,1
talkie-web,leakage-rich,raiser,False,raisers,ORTHOGRAPHIC,,,6,1,62
talkie-web,leakage-rich,rater,False,raters,ORTHOGRAPHIC,,,5,0,18
talkie-web,leakage-rich,rebuke,False,rebukee,ORTHOGRAPHIC,,,6,2,1
talkie-web,leakage-rich,rebuke,False,rebukere,ORTHOGRAPHIC,,,6,2,1
talkie-web,leakage-rich,rebuke,False,rebukke,ORTHOGRAPHIC,,,6,2,1
talkie-web,leakage-rich,rebuke,False,rebukeke,ORTHOGRAPHIC,,,6,2,1
talkie-web,leakage-rich,relent,False,repente,ORTHOGRAPHIC,,,6,0,36
talkie-web,leakage-rich,rem,False,mrem,DERIVATIONAL,,undated,3,0,4
talkie-web,leakage-rich,remake,False,recompose,DERIVATIONAL,,undated,6,2,1
talkie-web,leakage-rich,rosary,False,roser,ORTHOGRAPHIC,,,6,0,-1
talkie-web,leakage-rich,rosette,False,rosetts,ORTHOGRAPHIC,,,7,0,2
talkie-web,leakage-rich,rosette,False,rossettes,ORTHOGRAPHIC,,,7,0,2
talkie-web,leakage-rich,rosette,False,rosett,ORTHOGRAPHIC,,,7,0,2
talkie-web,leakage-rich,rub,False,rubb,ORTHOGRAPHIC,,,3,6,1
talkie-web,leakage-rich,rubella,False,rubellae,ORTHOGRAPHIC,,,7,0,1
talkie-web,leakage-rich,sexist,False,misandrist,DERIVATIONAL,,undated,6,0,1
talkie-web,leakage-rich,sexist,False,genderist,DERIVATIONAL,,undated,6,0,1
talkie-web,leakage-rich,slime,False,slimes,ORTHOGRAPHIC,,,5,0,4
talkie-web,leakage-rich,snare,False,snareto,ORTHOGRAPHIC,,,5,1,1
talkie-web,leakage-rich,snow,False,snowe,ORTHOGRAPHIC,,,4,59,1
talkie-web,leakage-rich,southerner,False,sotherner,ORTHOGRAPHIC,,,10,8,1
talkie-web,leakage-rich,southerner,False,southlander,DERIVATIONAL,,undated,10,8,1
talkie-web,leakage-rich,spacer,False,spacers,ORTHOGRAPHIC,,,6,2,3
talkie-web,leakage-rich,spike,False,spicer,ORTHOGRAPHIC,,,5,2,-1
talkie-web,leakage-rich,spike,False,sparke,ORTHOGRAPHIC,,,5,2,-1
talkie-web,leakage-rich,stator,False,stators,ORTHOGRAPHIC,,,6,1,1
talkie-web,leakage-rich,stator,False,stators,ORTHOGRAPHIC,,,6,1,1
talkie-web,leakage-rich,sternum,False,stercum,ORTHOGRAPHIC,,,7,1,1
talkie-web,leakage-rich,sternum,False,sterculum,DERIVATIONAL,,undated,7,1,1
talkie-web,leakage-rich,sternum,False,sternon,ORTHOGRAPHIC,,,7,1,1
talkie-web,leakage-rich,still,False,spille,ORTHOGRAPHIC,,,5,782,74
talkie-web,leakage-rich,stupor,False,stupour,ORTHOGRAPHIC,,,6,4,1
talkie-web,leakage-rich,subjectively,False,subjectivally,ORTHOGRAPHIC,,,12,6,1
talkie-web,leakage-rich,synthase,True,deaminase,DERIVATIONAL,,undated,8,0,2
talkie-web,leakage-rich,synthase,True,dehydratase,DERIVATIONAL,,undated,8,0,2
talkie-web,leakage-rich,synthase,True,dehydrogenase,DERIVATIONAL,,undated,8,0,2
talkie-web,leakage-rich,ternary,False,trinary,ORTHOGRAPHIC,,,7,0,3
talkie-web,leakage-rich,tine,False,tinne,ORTHOGRAPHIC,,,4,0,2
talkie-web,leakage-rich,tingle,False,ringe,DERIVATIONAL,,undated,6,0,4
talkie-web,leakage-rich,trespass,False,trespas,ORTHOGRAPHIC,,,8,0,1
talkie-web,leakage-rich,trespass,False,trespasse,ORTHOGRAPHIC,,,8,0,1
talkie-web,leakage-rich,usurpation,False,usurpacion,ORTHOGRAPHIC,,,10,0,1
talkie-web,leakage-rich,villus,False,villi,ORTHOGRAPHIC,,,6,0,48
talkie-web,leakage-rich,widower,False,widder,ORTHOGRAPHIC,,,7,1,1
talkie-web,leakage-rich,windmill,False,watermill,DERIVATIONAL,,undated,8,1,5
talkie-web,leakage-rich,windmill,False,flourmill,DERIVATIONAL,,undated,8,1,5
talkie-web,leakage-rich,workspace,False,worktops,DERIVATIONAL,,undated,9,0,59
talkie-web,leakage-rich,workspace,False,worktop,DERIVATIONAL,,undated,9,0,59
talkie-web,leakage-rich,acid,False,acis,ORTHOGRAPHIC,,,4,13,2
talkie-web,leakage-rich,acid,False,acides,ORTHOGRAPHIC,,,4,13,2
talkie-web,leakage-rich,client,False,clientes,ORTHOGRAPHIC,,,6,15,69
talkie-web,leakage-rich,critical,False,criticks,ORTHOGRAPHIC,,,8,58,8
talkie-web,leakage-rich,duty,False,dut,ORTHOGRAPHIC,,,4,61,1
talkie-web,leakage-rich,equal,False,equall,ORTHOGRAPHIC,,,5,90,5
talkie-web,leakage-rich,game,False,gamefowl,ORTHOGRAPHIC,,,4,123,1
talkie-web,leakage-rich,latter,False,laste,ORTHOGRAPHIC,,,6,114,3
talkie-web,leakage-rich,latter,False,latters,ORTHOGRAPHIC,,,6,114,1
talkie-web,leakage-rich,manner,False,maner,ORTHOGRAPHIC,,,6,124,1
talkie-web,leakage-rich,pain,False,paines,ORTHOGRAPHIC,,,4,88,1
talkie-web,leakage-rich,return,False,returne,ORTHOGRAPHIC,,,6,180,22
talkie-web,leakage-rich,return,False,returnings,ORTHOGRAPHIC,,,6,180,9
talkie-web,leakage-rich,spirit,False,spiritâ,ORTHOGRAPHIC,,,6,182,1
talkie-web,leakage-rich,spirit,False,spirite,ORTHOGRAPHIC,,,6,182,1
talkie-web,leakage-rich,spirit,False,spiritre,ORTHOGRAPHIC,,,6,182,1
talkie-web,leakage-rich,spirit,False,spiritue,ORTHOGRAPHIC,,,6,182,1
talkie-web,leakage-rich,strength,False,strengthe,ORTHOGRAPHIC,,,8,137,1
talkie-web,leakage-rich,window,False,windowbox,ORTHOGRAPHIC,,,6,119,1
talkie-web,leakage-rich,writer,False,writere,ORTHOGRAPHIC,,,6,73,2
talkie-web,leakage-rich,direct,False,directe,ORTHOGRAPHIC,,,6,129,1
talkie-web,leakage-rich,exchange,False,exchangee,ORTHOGRAPHIC,,,8,70,1
talkie-web,leakage-rich,exchange,False,exchaunge,ORTHOGRAPHIC,,,8,70,1
talkie-web,leakage-rich,output,False,ouput,ORTHOGRAPHIC,,,6,35,1
talkie-web,leakage-rich,rest,False,reste,ORTHOGRAPHIC,,,4,163,33
talkie-web,leakage-rich,rest,False,reste,ORTHOGRAPHIC,,,4,163,1
talkie-web,leakage-rich,sea,False,seae,ORTHOGRAPHIC,,,3,95,1
talkie-web,leakage-rich,sort,False,sorte,ORTHOGRAPHIC,,,4,164,8
talkie-web,leakage-rich,well,False,wel,ORTHOGRAPHIC,,,4,897,1
talkie-web,leakage-rich,ago,False,agoe,ORTHOGRAPHIC,,,3,246,2
talkie-web,leakage-rich,arm,False,arme,ORTHOGRAPHIC,,,3,94,1
talkie-web,leakage-rich,army,False,armie,ORTHOGRAPHIC,,,4,132,3
talkie-web,leakage-rich,army,False,armye,ORTHOGRAPHIC,,,4,132,3
talkie-web,leakage-rich,army,False,armye,ORTHOGRAPHIC,,,4,132,1
talkie-web,leakage-rich,army,False,armie,ORTHOGRAPHIC,,,4,132,1
talkie-web,leakage-rich,army,False,armyes,ORTHOGRAPHIC,,,4,132,1
talkie-web,leakage-rich,college,False,collegia,ORTHOGRAPHIC,,,7,267,12
talkie-web,leakage-rich,forward,False,forwarde,ORTHOGRAPHIC,,,7,115,2
talkie-web,leakage-rich,horse,False,horsse,ORTHOGRAPHIC,,,5,117,1
talkie-web,leakage-rich,lay,False,layd,ORTHOGRAPHIC,,,3,139,1
talkie-web,leakage-rich,like,False,liketh,ORTHOGRAPHIC,,,4,1292,4
talkie-web,leakage-rich,like,False,lik,ORTHOGRAPHIC,,,4,1292,4
talkie-web,leakage-rich,like,False,likede,ORTHOGRAPHIC,,,4,1292,4
talkie-web,leakage-rich,like,False,likide,ORTHOGRAPHIC,,,4,1292,4
talkie-web,leakage-rich,nearly,False,nearlyday,ORTHOGRAPHIC,,,6,141,1
talkie-web,leakage-rich,path,False,pathnames,ORTHOGRAPHIC,,,4,44,7
talkie-web,leakage-rich,play,False,playe,ORTHOGRAPHIC,,,4,200,1
talkie-web,leakage-rich,police,False,policie,ORTHOGRAPHIC,,,6,155,-1
talkie-web,leakage-rich,skin,False,skinne,ORTHOGRAPHIC,,,4,47,16
talkie-web,leakage-rich,skin,False,skyn,ORTHOGRAPHIC,,,4,47,16
talkie-web,leakage-rich,station,False,stationand,ORTHOGRAPHIC,,,7,105,1
talkie-web,leakage-rich,throw,False,throweth,ORTHOGRAPHIC,,,5,42,59
talkie-web,leakage-rich,vary,False,fary,DERIVATIONAL,,undated,4,34,39
talkie-web,leakage-rich,wrong,False,wronge,ORTHOGRAPHIC,,,5,129,1
talkie-web,leakage-rich,wrong,False,wron,ORTHOGRAPHIC,,,5,129,1
talkie-web,leakage-rich,wrong,False,wrone,ORTHOGRAPHIC,,,5,129,1
talkie-web,leakage-rich,wrong,False,wrongh,ORTHOGRAPHIC,,,5,129,1
talkie-web,leakage-rich,wrong,False,wrang,ORTHOGRAPHIC,,,5,129,1
talkie-web,leakage-rich,wrong,False,wron,ORTHOGRAPHIC,,,5,129,1
talkie-web,leakage-rich,wrong,False,wronc,ORTHOGRAPHIC,,,5,129,1
talkie-web,leakage-rich,wrong,False,wron,ORTHOGRAPHIC,,,5,129,1
talkie-web,leakage-rich,wrong,False,wrongh,ORTHOGRAPHIC,,,5,129,1
talkie-web,leakage-rich,wrong,False,wrongh,ORTHOGRAPHIC,,,5,129,1
talkie-web,leakage-rich,absence,False,absencee,ORTHOGRAPHIC,,,7,53,1
talkie-web,leakage-rich,absence,False,absens,ORTHOGRAPHIC,,,7,53,1
talkie-web,leakage-rich,absence,False,absense,ORTHOGRAPHIC,,,7,53,1
talkie-web,leakage-rich,absence,False,absensse,ORTHOGRAPHIC,,,7,53,1
talkie-web,leakage-rich,absence,False,absenc,ORTHOGRAPHIC,,,7,53,1
talkie-web,leakage-rich,analyse,False,analysed,ORTHOGRAPHIC,,,7,0,-1
talkie-web,leakage-rich,attend,False,attende,ORTHOGRAPHIC,,,6,54,2
talkie-web,leakage-rich,back,False,backes,ORTHOGRAPHIC,,,4,966,1
talkie-web,leakage-rich,back,False,backe,ORTHOGRAPHIC,,,4,966,1
talkie-web,leakage-rich,command,False,commande,ORTHOGRAPHIC,,,7,72,1
talkie-web,leakage-rich,deny,False,denye,ORTHOGRAPHIC,,,4,47,-1
talkie-web,leakage-rich,glass,False,glas,ORTHOGRAPHIC,,,5,99,2
talkie-web,leakage-rich,north,False,northe,ORTHOGRAPHIC,,,5,206,3
talkie-web,leakage-rich,north,False,northe,ORTHOGRAPHIC,,,5,206,1
talkie-web,leakage-rich,north,False,northt,ORTHOGRAPHIC,,,5,206,1
talkie-web,leakage-rich,north,False,nort,ORTHOGRAPHIC,,,5,206,1
talkie-web,leakage-rich,north,False,nortt,ORTHOGRAPHIC,,,5,206,1
talkie-web,leakage-rich,north,False,northe,ORTHOGRAPHIC,,,5,206,1
talkie-web,leakage-rich,passage,False,passaging,INFLECTION,,,7,49,2
talkie-web,leakage-rich,press,False,presser,ORTHOGRAPHIC,,,5,127,1
talkie-web,leakage-rich,progress,False,progess,ORTHOGRAPHIC,,,8,120,1
talkie-web,leakage-rich,progress,False,progresse,ORTHOGRAPHIC,,,8,120,2
talkie-web,leakage-rich,progress,False,progrese,ORTHOGRAPHIC,,,8,120,2
talkie-web,leakage-rich,progress,False,progresse,ORTHOGRAPHIC,,,8,120,2
talkie-web,leakage-rich,reading,False,readinge,ORTHOGRAPHIC,,,7,141,1
talkie-web,leakage-rich,reading,False,readin,ORTHOGRAPHIC,,,7,141,1
talkie-web,leakage-rich,reduction,False,reductons,ORTHOGRAPHIC,,,9,42,2
talkie-web,leakage-rich,root,False,rootstocks,ORTHOGRAPHIC,,,4,30,1
talkie-web,leakage-rich,selection,False,selectionâ,ORTHOGRAPHIC,,,9,39,1
talkie-web,leakage-rich,south,False,soth,ORTHOGRAPHIC,,,5,240,1
talkie-web,leakage-rich,south,False,southe,ORTHOGRAPHIC,,,5,240,1
talkie-web,leakage-rich,stone,False,stocke,ORTHOGRAPHIC,,,5,58,1
talkie-web,leakage-rich,stone,False,ston,ORTHOGRAPHIC,,,5,58,1
talkie-web,leakage-rich,wind,False,winde,ORTHOGRAPHIC,,,4,63,3
talkie-web,leakage-rich,wind,False,winde,ORTHOGRAPHIC,,,4,63,1
talkie-web,leakage-rich,wind,False,winde,ORTHOGRAPHIC,,,4,63,3
talkie-web,leakage-rich,wind,False,wynd,ORTHOGRAPHIC,,,4,63,3
talkie-web,leakage-rich,wood,False,woode,ORTHOGRAPHIC,,,4,55,33
talkie-web,leakage-rich,aid,False,aider,ORTHOGRAPHIC,,,3,134,1
talkie-web,leakage-rich,best,False,beste,ORTHOGRAPHIC,,,4,351,6
talkie-web,leakage-rich,chain,False,chaine,ORTHOGRAPHIC,,,5,50,13
talkie-web,leakage-rich,corner,False,cornere,ORTHOGRAPHIC,,,6,115,1
talkie-web,leakage-rich,cost,False,coste,ORTHOGRAPHIC,,,4,229,6
talkie-web,leakage-rich,cry,False,crye,ORTHOGRAPHIC,,,3,48,4
talkie-web,leakage-rich,depth,False,depthe,ORTHOGRAPHIC,,,5,53,3
talkie-web,leakage-rich,depth,False,deepth,ORTHOGRAPHIC,,,5,53,2
talkie-web,leakage-rich,dream,False,dreame,ORTHOGRAPHIC,,,5,64,1
talkie-web,leakage-rich,dry,False,drye,ORTHOGRAPHIC,,,3,68,9
talkie-web,leakage-rich,dry,False,dryed,ORTHOGRAPHIC,,,3,68,9
talkie-web,leakage-rich,expense,False,expence,ORTHOGRAPHIC,,,7,50,1
talkie-web,leakage-rich,fibre,False,fibres,ORTHOGRAPHIC,,,5,0,8
talkie-web,leakage-rich,fibre,False,fibres,ORTHOGRAPHIC,,,5,0,2
talkie-web,leakage-rich,frame,False,framee,ORTHOGRAPHIC,,,5,74,1
talkie-web,leakage-rich,gift,False,giftes,ORTHOGRAPHIC,,,4,33,16
talkie-web,leakage-rich,higher,False,highers,ORTHOGRAPHIC,,,6,160,23
talkie-web,leakage-rich,inch,False,inche,ORTHOGRAPHIC,,,4,39,1
talkie-web,leakage-rich,inch,False,incho,ORTHOGRAPHIC,,,4,39,1
talkie-web,leakage-rich,inch,False,incht,ORTHOGRAPHIC,,,4,39,1
talkie-web,leakage-rich,left,False,lefte,ORTHOGRAPHIC,,,4,480,1
talkie-web,leakage-rich,left,False,lef,ORTHOGRAPHIC,,,4,480,1
talkie-web,leakage-rich,left,False,leftwing,ORTHOGRAPHIC,,,4,480,1
talkie-web,leakage-rich,mid,False,mids,ORTHOGRAPHIC,,,3,3,3
talkie-web,leakage-rich,mid,False,midrange,ORTHOGRAPHIC,,,3,3,3
talkie-web,leakage-rich,minimum,False,minimun,ORTHOGRAPHIC,,,7,68,1
talkie-web,leakage-rich,miss,False,misse,ORTHOGRAPHIC,,,4,253,44
talkie-web,leakage-rich,opposite,False,opposit,ORTHOGRAPHIC,,,8,81,7
talkie-web,leakage-rich,opposite,False,oposit,ORTHOGRAPHIC,,,8,81,7
talkie-web,leakage-rich,opposition,False,oppositionbut,ORTHOGRAPHIC,,,10,46,1
talkie-web,leakage-rich,pick,False,pickt,ORTHOGRAPHIC,,,4,55,2
talkie-web,leakage-rich,reply,False,replyd,ORTHOGRAPHIC,,,5,42,1
talkie-web,leakage-rich,seat,False,seate,ORTHOGRAPHIC,,,4,54,2
talkie-web,leakage-rich,seat,False,seate,ORTHOGRAPHIC,,,4,54,3
talkie-web,leakage-rich,session,False,sessione,ORTHOGRAPHIC,,,7,80,2
talkie-web,leakage-rich,session,False,sessiones,ORTHOGRAPHIC,,,7,80,2
talkie-web,leakage-rich,slow,False,slooow,ORTHOGRAPHIC,,,4,60,1
talkie-web,leakage-rich,spiritual,False,spiritualls,ORTHOGRAPHIC,,,9,64,9
talkie-web,leakage-rich,spiritual,False,spirituall,ORTHOGRAPHIC,,,9,64,9
talkie-web,leakage-rich,spring,False,springe,ORTHOGRAPHIC,,,6,127,1
talkie-web,leakage-rich,trade,False,traine,ORTHOGRAPHIC,,,5,143,2
talkie-web,leakage-rich,west,False,weste,ORTHOGRAPHIC,,,4,235,1
talkie-web,leakage-rich,west,False,weast,ORTHOGRAPHIC,,,4,235,1
talkie-web,leakage-rich,west,False,weste,ORTHOGRAPHIC,,,4,235,1
talkie-web,leakage-rich,west,False,westen,ORTHOGRAPHIC,,,4,235,1
talkie-web,leakage-rich,west,False,wast,ORTHOGRAPHIC,,,4,235,1
talkie-web,leakage-rich,west,False,weast,ORTHOGRAPHIC,,,4,235,1
talkie-web,leakage-rich,west,False,weste,ORTHOGRAPHIC,,,4,235,2
talkie-web,leakage-rich,west,False,weste,ORTHOGRAPHIC,,,4,235,10
talkie-web,leakage-rich,west,False,weste,ORTHOGRAPHIC,,,4,235,1
talkie-web,leakage-rich,west,False,weeste,ORTHOGRAPHIC,,,4,235,1
talkie-web,leakage-rich,west,False,westes,ORTHOGRAPHIC,,,4,235,1
talkie-web,leakage-rich,west,False,wast,ORTHOGRAPHIC,,,4,235,1
talkie-web,leakage-rich,west,False,weste,ORTHOGRAPHIC,,,4,235,1
talkie-web,leakage-rich,west,False,weast,ORTHOGRAPHIC,,,4,235,1
talkie-web,leakage-rich,west,False,wast,ORTHOGRAPHIC,,,4,235,1
talkie-web,leakage-rich,west,False,westt,ORTHOGRAPHIC,,,4,235,1
talkie-web,leakage-rich,west,False,wast,ORTHOGRAPHIC,,,4,235,1
talkie-web,leakage-rich,will,False,wyll,ORTHOGRAPHIC,,,4,2245,1
talkie-web,leakage-rich,academic,False,academico,ORTHOGRAPHIC,,,8,56,-1
talkie-web,leakage-rich,bill,False,bll,ORTHOGRAPHIC,,,4,143,1
talkie-web,leakage-rich,candidate,False,candidat,ORTHOGRAPHIC,,,9,34,1
talkie-web,leakage-rich,critic,False,criticks,ORTHOGRAPHIC,,,6,25,25
talkie-web,leakage-rich,cross,False,cros,ORTHOGRAPHIC,,,5,55,16
talkie-web,leakage-rich,custom,False,customes,ORTHOGRAPHIC,,,6,14,14
talkie-web,leakage-rich,discipline,False,disciplin,ORTHOGRAPHIC,,,10,27,1
talkie-web,leakage-rich,dominant,False,codominant,DERIVATIONAL,,undated,8,65,1
talkie-web,leakage-rich,east,False,easte,ORTHOGRAPHIC,,,4,183,1
talkie-web,leakage-rich,fee,False,fewe,ORTHOGRAPHIC,,,3,16,1
talkie-web,leakage-rich,fee,False,feee,ORTHOGRAPHIC,,,3,16,3
talkie-web,leakage-rich,fellow,False,fellowes,ORTHOGRAPHIC,,,6,63,3
talkie-web,leakage-rich,flat,False,flatte,ORTHOGRAPHIC,,,4,67,1
talkie-web,leakage-rich,focus,False,focis,ORTHOGRAPHIC,,,5,40,12
talkie-web,leakage-rich,focus,False,focas,ORTHOGRAPHIC,,,5,40,12
talkie-web,leakage-rich,govern,False,governe,ORTHOGRAPHIC,,,6,7,2
talkie-web,leakage-rich,govern,False,gouerne,ORTHOGRAPHIC,,,6,7,2
talkie-web,leakage-rich,grain,False,graine,ORTHOGRAPHIC,,,5,27,6
talkie-web,leakage-rich,grain,False,braine,DERIVATIONAL,,undated,5,27,12
talkie-web,leakage-rich,grain,False,grained,ORTHOGRAPHIC,,,5,27,1
talkie-web,leakage-rich,inner,False,inners,ORTHOGRAPHIC,,,5,55,1
talkie-web,leakage-rich,lady,False,ladye,ORTHOGRAPHIC,,,4,80,1
talkie-web,leakage-rich,lady,False,ladie,ORTHOGRAPHIC,,,4,80,1
talkie-web,leakage-rich,lip,False,lipp,ORTHOGRAPHIC,,,3,18,1
talkie-web,leakage-rich,lip,False,lippie,ORTHOGRAPHIC,,,3,18,1
talkie-web,leakage-rich,lip,False,lippedness,ORTHOGRAPHIC,,,3,18,1
talkie-web,leakage-rich,lip,False,lippedness,ORTHOGRAPHIC,,,3,18,1
talkie-web,leakage-rich,minor,False,minores,ORTHOGRAPHIC,,,5,58,1
talkie-web,leakage-rich,minor,False,minori,ORTHOGRAPHIC,,,5,58,1
talkie-web,leakage-rich,minor,False,minores,ORTHOGRAPHIC,,,5,58,2
talkie-web,leakage-rich,minority,False,minoritie,ORTHOGRAPHIC,,,8,20,1
talkie-web,leakage-rich,noise,False,noyse,ORTHOGRAPHIC,,,5,37,1
talkie-web,leakage-rich,noise,False,noize,ORTHOGRAPHIC,,,5,37,1
talkie-web,leakage-rich,obligation,False,obbligation,ORTHOGRAPHIC,,,10,16,1
talkie-web,leakage-rich,possession,False,posession,ORTHOGRAPHIC,,,10,21,1
talkie-web,leakage-rich,possession,False,possesion,ORTHOGRAPHIC,,,10,21,1
talkie-web,leakage-rich,possibly,False,possiblyes,ORTHOGRAPHIC,,,8,61,10
talkie-web,leakage-rich,priest,False,darlingest,DERIVATIONAL,,undated,6,16,1
talkie-web,leakage-rich,pursue,False,pursu,ORTHOGRAPHIC,,,6,20,11
talkie-web,leakage-rich,quarter,False,quater,ORTHOGRAPHIC,,,7,34,1
talkie-web,leakage-rich,quarter,False,quarterings,ORTHOGRAPHIC,,,7,34,31
talkie-web,leakage-rich,ray,False,rayes,ORTHOGRAPHIC,,,3,19,3
talkie-web,leakage-rich,ray,False,rayes,ORTHOGRAPHIC,,,3,19,24
talkie-web,leakage-rich,relief,False,releu,ORTHOGRAPHIC,,,6,66,10
talkie-web,leakage-rich,relief,False,relue,ORTHOGRAPHIC,,,6,66,10
talkie-web,leakage-rich,relief,False,reles,ORTHOGRAPHIC,,,6,66,10
talkie-web,leakage-rich,relief,False,relues,ORTHOGRAPHIC,,,6,66,10
talkie-web,leakage-rich,rest,False,reste,ORTHOGRAPHIC,,,4,163,23
talkie-web,leakage-rich,rest,False,reste,ORTHOGRAPHIC,,,4,163,-1
talkie-web,leakage-rich,rest,False,reste,ORTHOGRAPHIC,,,4,163,21
talkie-web,leakage-rich,servant,False,seruants,ORTHOGRAPHIC,,,7,19,4
talkie-web,leakage-rich,sheet,False,sheetes,ORTHOGRAPHIC,,,5,45,-1
talkie-web,leakage-rich,shoot,False,shotte,ORTHOGRAPHIC,,,5,27,40
talkie-web,leakage-rich,sight,False,sighte,ORTHOGRAPHIC,,,5,83,2
talkie-web,leakage-rich,sight,False,lighte,DERIVATIONAL,,undated,5,83,2
talkie-web,leakage-rich,soft,False,softe,ORTHOGRAPHIC,,,4,61,11
talkie-web,leakage-rich,soft,False,softs,ORTHOGRAPHIC,,,4,61,1
talkie-web,leakage-rich,spot,False,spotte,ORTHOGRAPHIC,,,4,57,2
talkie-web,leakage-rich,superior,False,superyor,ORTHOGRAPHIC,,,8,46,15
talkie-web,leakage-rich,superior,False,superyors,ORTHOGRAPHIC,,,8,46,15
talkie-web,leakage-rich,superior,False,superiours,ORTHOGRAPHIC,,,8,46,4
talkie-web,leakage-rich,train,False,traine,ORTHOGRAPHIC,,,5,82,-1
talkie-web,leakage-rich,unknown,False,unknowne,ORTHOGRAPHIC,,,7,47,1
talkie-web,leakage-rich,unknown,False,unkown,ORTHOGRAPHIC,,,7,47,1
talkie-web,leakage-rich,unknown,False,unknow,ORTHOGRAPHIC,,,7,47,1
talkie-web,leakage-rich,visual,False,visualizers,ORTHOGRAPHIC,,,6,40,5
talkie-web,leakage-rich,visual,False,visualists,ORTHOGRAPHIC,,,6,40,5
talkie-web,leakage-rich,visual,False,visualizations,ORTHOGRAPHIC,,,6,40,5
talkie-web,leakage-rich,wish,False,wisht,ORTHOGRAPHIC,,,4,110,2
talkie-web,leakage-rich,afford,False,affort,ORTHOGRAPHIC,,,6,40,1
talkie-web,leakage-rich,alcohol,False,alcool,ORTHOGRAPHIC,,,7,13,7
talkie-web,leakage-rich,alcohol,False,alcahol,ORTHOGRAPHIC,,,7,13,7
talkie-web,leakage-rich,alcohol,False,alchol,ORTHOGRAPHIC,,,7,13,7
talkie-web,leakage-rich,biological,False,biopharmaceuticals,DERIVATIONAL,,undated,10,20,79
talkie-web,leakage-rich,breath,False,breathis,ORTHOGRAPHIC,,,6,53,1
talkie-web,leakage-rich,bright,False,brightâ,ORTHOGRAPHIC,,,6,87,1
talkie-web,leakage-rich,bright,False,brightbut,ORTHOGRAPHIC,,,6,87,1
talkie-web,leakage-rich,coast,False,coastes,ORTHOGRAPHIC,,,5,61,1
talkie-web,leakage-rich,colonial,False,colonialistic,ORTHOGRAPHIC,,,8,21,5
talkie-web,leakage-rich,colony,False,colonia,ORTHOGRAPHIC,,,6,28,5
talkie-web,leakage-rich,count,False,counte,ORTHOGRAPHIC,,,5,49,5
talkie-web,leakage-rich,discrimination,False,discriminations,ORTHOGRAPHIC,,,14,23,1
talkie-web,leakage-rich,driver,False,driv,ORTHOGRAPHIC,,,6,49,2
talkie-web,leakage-rich,empirical,False,phenomenological,DERIVATIONAL,,undated,9,23,3
talkie-web,leakage-rich,essence,False,essense,ORTHOGRAPHIC,,,7,15,1
talkie-web,leakage-rich,fall,False,falle,ORTHOGRAPHIC,,,4,147,2
talkie-web,leakage-rich,host,False,rost,DERIVATIONAL,,undated,4,36,1
talkie-web,leakage-rich,host,False,hoste,ORTHOGRAPHIC,,,4,36,1
talkie-web,leakage-rich,identical,False,identicals,ORTHOGRAPHIC,,,9,31,9
talkie-web,leakage-rich,invest,False,comprest,DERIVATIONAL,,undated,6,3,-1
talkie-web,leakage-rich,joy,False,joyes,ORTHOGRAPHIC,,,3,40,2
talkie-web,leakage-rich,jump,False,jumpin,ORTHOGRAPHIC,,,4,24,-1
talkie-web,leakage-rich,mark,False,markes,ORTHOGRAPHIC,,,4,83,1
talkie-web,leakage-rich,mark,False,marksâ,ORTHOGRAPHIC,,,4,83,2
talkie-web,leakage-rich,meat,False,meate,ORTHOGRAPHIC,,,4,45,1
talkie-web,leakage-rich,meat,False,meates,ORTHOGRAPHIC,,,4,45,1
talkie-web,leakage-rich,mix,False,mixe,ORTHOGRAPHIC,,,3,13,3
talkie-web,leakage-rich,nucleus,False,nuclein,ORTHOGRAPHIC,,,7,11,1
talkie-web,leakage-rich,offence,False,offencethe,ORTHOGRAPHIC,,,7,0,1
talkie-web,leakage-rich,opening,False,opennings,ORTHOGRAPHIC,,,7,83,2
talkie-web,leakage-rich,opening,False,opeings,ORTHOGRAPHIC,,,7,83,2
talkie-web,leakage-rich,outer,False,outter,ORTHOGRAPHIC,,,5,31,1
talkie-web,leakage-rich,overcome,False,overcomb,ORTHOGRAPHIC,,,8,26,1
talkie-web,leakage-rich,overcome,False,overcomeand,ORTHOGRAPHIC,,,8,26,1
talkie-web,leakage-rich,overcome,False,overcomea,ORTHOGRAPHIC,,,8,26,1
talkie-web,leakage-rich,park,False,parke,ORTHOGRAPHIC,,,4,94,1
talkie-web,leakage-rich,park,False,parl,ORTHOGRAPHIC,,,4,94,1
talkie-web,leakage-rich,partial,False,partialis,ORTHOGRAPHIC,,,7,11,20
talkie-web,leakage-rich,passion,False,passione,ORTHOGRAPHIC,,,7,28,1
talkie-web,leakage-rich,photograph,False,lucigraph,DERIVATIONAL,,undated,10,18,51
talkie-web,leakage-rich,plastic,False,hysteretic,DERIVATIONAL,,undated,7,32,1
talkie-web,leakage-rich,plastic,False,elastoplastic,DERIVATIONAL,,undated,7,32,1
talkie-web,leakage-rich,pray,False,prayor,ORTHOGRAPHIC,,,4,12,1
talkie-web,leakage-rich,pray,False,prayâ,ORTHOGRAPHIC,,,4,12,1
talkie-web,leakage-rich,prison,False,prisoun,ORTHOGRAPHIC,,,6,42,1
talkie-web,leakage-rich,prison,False,prision,ORTHOGRAPHIC,,,6,42,1
talkie-web,leakage-rich,prison,False,prisyn,ORTHOGRAPHIC,,,6,42,1
talkie-web,leakage-rich,prison,False,prisun,ORTHOGRAPHIC,,,6,42,1
talkie-web,leakage-rich,prison,False,prisone,ORTHOGRAPHIC,,,6,42,1
talkie-web,leakage-rich,prisoner,False,prisonner,ORTHOGRAPHIC,,,8,7,1
talkie-web,leakage-rich,punishment,False,punisher,DERIVATIONAL,,undated,10,21,1
talkie-web,leakage-rich,round,False,rounde,ORTHOGRAPHIC,,,5,75,2
talkie-web,leakage-rich,round,False,rounde,ORTHOGRAPHIC,,,5,75,3
talkie-web,leakage-rich,round,False,roundes,ORTHOGRAPHIC,,,5,75,3
talkie-web,leakage-rich,run,False,runtime,ORTHOGRAPHIC,,,3,212,4
talkie-web,leakage-rich,shell,False,shelles,ORTHOGRAPHIC,,,5,22,18
talkie-web,leakage-rich,shell,False,sheale,ORTHOGRAPHIC,,,5,22,1
talkie-web,leakage-rich,shell,False,shelle,ORTHOGRAPHIC,,,5,22,1
talkie-web,leakage-rich,shell,False,sheell,ORTHOGRAPHIC,,,5,22,1
talkie-web,leakage-rich,shell,False,shele,ORTHOGRAPHIC,,,5,22,1
talkie-web,leakage-rich,shell,False,sheele,ORTHOGRAPHIC,,,5,22,1
talkie-web,leakage-rich,shell,False,sheal,ORTHOGRAPHIC,,,5,22,1
talkie-web,leakage-rich,shell,False,sheel,ORTHOGRAPHIC,,,5,22,1
talkie-web,leakage-rich,sound,False,sounde,ORTHOGRAPHIC,,,5,204,35
talkie-web,leakage-rich,spite,False,pite,DERIVATIONAL,,undated,5,56,-1
talkie-web,leakage-rich,sport,False,sporte,ORTHOGRAPHIC,,,5,17,1
talkie-web,leakage-rich,sport,False,sporte,ORTHOGRAPHIC,,,5,17,2
talkie-web,leakage-rich,sport,False,sportes,ORTHOGRAPHIC,,,5,17,49
talkie-web,leakage-rich,stare,False,smare,ORTHOGRAPHIC,,,5,14,24
talkie-web,leakage-rich,sustain,False,sustaine,ORTHOGRAPHIC,,,7,14,15
talkie-web,leakage-rich,telephone,False,telegraphone,DERIVATIONAL,,undated,9,76,1
talkie-web,leakage-rich,tongue,False,tounge,ORTHOGRAPHIC,,,6,35,1
talkie-web,leakage-rich,traffic,False,traffique,DERIVATIONAL,,undated,7,68,5
talkie-web,leakage-rich,traffic,False,traffick,ORTHOGRAPHIC,,,7,68,5
talkie-web,leakage-rich,traffic,False,traffike,ORTHOGRAPHIC,,,7,68,5
talkie-web,leakage-rich,tribe,False,traine,ORTHOGRAPHIC,,,5,4,1
talkie-web,leakage-rich,twelve,False,twelvo,ORTHOGRAPHIC,,,6,48,-1
talkie-web,leakage-rich,worse,False,worser,ORTHOGRAPHIC,,,5,50,1
talkie-web,leakage-rich,amend,False,amende,ORTHOGRAPHIC,,,5,2,1
talkie-web,leakage-rich,anterior,False,antero,ORTHOGRAPHIC,,,8,5,1
talkie-web,leakage-rich,arrow,False,arrowes,ORTHOGRAPHIC,,,5,14,1
talkie-web,leakage-rich,behalf,False,behalfe,ORTHOGRAPHIC,,,6,21,2
talkie-web,leakage-rich,behalf,False,behald,ORTHOGRAPHIC,,,6,21,2
talkie-web,leakage-rich,behalf,False,behal,ORTHOGRAPHIC,,,6,21,2
talkie-web,leakage-rich,behalf,False,behalfs,ORTHOGRAPHIC,,,6,21,1
talkie-web,leakage-rich,behalf,False,behalfe,ORTHOGRAPHIC,,,6,21,1
talkie-web,leakage-rich,bend,False,bende,ORTHOGRAPHIC,,,4,24,3
talkie-web,leakage-rich,bend,False,benden,ORTHOGRAPHIC,,,4,24,3
talkie-web,leakage-rich,breathe,False,breake,ORTHOGRAPHIC,,,7,7,-1
talkie-web,leakage-rich,close,False,clos,ORTHOGRAPHIC,,,5,234,4
talkie-web,leakage-rich,consensus,False,sensus,INFLECTION,,,9,7,25
talkie-web,leakage-rich,consensus,False,consensu,ORTHOGRAPHIC,,,9,7,25
talkie-web,leakage-rich,consensus,False,consentus,ORTHOGRAPHIC,,,9,7,25
talkie-web,leakage-rich,contradiction,False,contradictione,ORTHOGRAPHIC,,,13,13,1
talkie-web,leakage-rich,corn,False,corne,ORTHOGRAPHIC,,,4,34,15
talkie-web,leakage-rich,cotton,False,cotone,ORTHOGRAPHIC,,,6,38,15
talkie-web,leakage-rich,cotton,False,cotona,ORTHOGRAPHIC,,,6,38,15
talkie-web,leakage-rich,cream,False,creamo,ORTHOGRAPHIC,,,5,20,4
talkie-web,leakage-rich,descend,False,descendith,ORTHOGRAPHIC,,,7,4,-1
talkie-web,leakage-rich,diet,False,dietas,ORTHOGRAPHIC,,,4,21,60
talkie-web,leakage-rich,diet,False,dieta,ORTHOGRAPHIC,,,4,21,60
talkie-web,leakage-rich,explicit,False,explicite,ORTHOGRAPHIC,,,8,24,2
talkie-web,leakage-rich,fishing,False,fishin,ORTHOGRAPHIC,,,7,32,2
talkie-web,leakage-rich,flesh,False,fleisch,ORTHOGRAPHIC,,,5,52,3
talkie-web,leakage-rich,flesh,False,flesche,ORTHOGRAPHIC,,,5,52,3
talkie-web,leakage-rich,furniture,False,garniture,DERIVATIONAL,,undated,9,39,2
talkie-web,leakage-rich,giant,False,hypergiant,DERIVATIONAL,,undated,5,23,3
talkie-web,leakage-rich,glory,False,glorie,ORTHOGRAPHIC,,,5,21,5
talkie-web,leakage-rich,gone,False,goe,ORTHOGRAPHIC,,,4,195,1
talkie-web,leakage-rich,gone,False,gonner,ORTHOGRAPHIC,,,4,195,4
talkie-web,leakage-rich,grace,False,gracee,ORTHOGRAPHIC,,,5,40,1
talkie-web,leakage-rich,hold,False,hond,ORTHOGRAPHIC,,,4,169,-1
talkie-web,leakage-rich,humour,False,humours,ORTHOGRAPHIC,,,6,1,32
talkie-web,leakage-rich,hydrogen,False,hydrogene,ORTHOGRAPHIC,,,8,39,4
talkie-web,leakage-rich,infinite,False,infinites,ORTHOGRAPHIC,,,8,19,5
talkie-web,leakage-rich,kingdom,False,kingdomes,ORTHOGRAPHIC,,,7,26,11
talkie-web,leakage-rich,last,False,laste,ORTHOGRAPHIC,,,4,676,8
talkie-web,leakage-rich,last,False,laste,ORTHOGRAPHIC,,,4,676,5
talkie-web,leakage-rich,last,False,laste,ORTHOGRAPHIC,,,4,676,34
talkie-web,leakage-rich,lesser,False,lesse,ORTHOGRAPHIC,,,6,19,1
talkie-web,leakage-rich,lesser,False,leser,ORTHOGRAPHIC,,,6,19,1
talkie-web,leakage-rich,lesser,False,lasse,ORTHOGRAPHIC,,,6,19,1
talkie-web,leakage-rich,lifetime,False,lifecycle,DERIVATIONAL,,undated,8,10,1
talkie-web,leakage-rich,making,False,makinge,ORTHOGRAPHIC,,,6,255,1
talkie-web,leakage-rich,marginal,False,marginals,ORTHOGRAPHIC,,,8,26,7
talkie-web,leakage-rich,marker,False,biomarker,DERIVATIONAL,,undated,6,5,2
talkie-web,leakage-rich,metre,False,metron,ORTHOGRAPHIC,,,5,1,7
talkie-web,leakage-rich,min,False,mins,ORTHOGRAPHIC,,,3,5,5
talkie-web,leakage-rich,min,False,mins,ORTHOGRAPHIC,,,3,5,2
talkie-web,leakage-rich,mining,False,minning,ORTHOGRAPHIC,,,6,12,1
talkie-web,leakage-rich,net,False,nete,ORTHOGRAPHIC,,,3,34,1
talkie-web,leakage-rich,o'clock,False,oclock,ORTHOGRAPHIC,,,7,41,-1
talkie-web,leakage-rich,pipe,False,pippes,ORTHOGRAPHIC,,,4,20,-1
talkie-web,leakage-rich,preach,False,preche,ORTHOGRAPHIC,,,6,8,6
talkie-web,leakage-rich,prejudice,False,prejudiceâ,ORTHOGRAPHIC,,,9,11,1
talkie-web,leakage-rich,pro,False,prob,ORTHOGRAPHIC,,,3,16,1
talkie-web,leakage-rich,proposition,False,propositio,ORTHOGRAPHIC,,,11,16,-1
talkie-web,leakage-rich,proposition,False,propositi,ORTHOGRAPHIC,,,11,16,-1
talkie-web,leakage-rich,proposition,False,propositiones,ORTHOGRAPHIC,,,11,16,-1
talkie-web,leakage-rich,pupil,False,pupillage,ORTHOGRAPHIC,,,5,20,1
talkie-web,leakage-rich,receiver,False,reciever,ORTHOGRAPHIC,,,8,13,1
talkie-web,leakage-rich,reproduce,False,remastered,DERIVATIONAL,,undated,9,7,-1
talkie-web,leakage-rich,reproduce,False,remixed,DERIVATIONAL,,undated,9,7,-1
talkie-web,leakage-rich,round,False,rround,ORTHOGRAPHIC,,,5,75,1
talkie-web,leakage-rich,ruler,False,ruleth,ORTHOGRAPHIC,,,5,3,-1
talkie-web,leakage-rich,sacrifice,False,sacrifises,ORTHOGRAPHIC,,,9,30,3
talkie-web,leakage-rich,sacrifice,False,sacrifise,ORTHOGRAPHIC,,,9,30,3
talkie-web,leakage-rich,sacrifice,False,sacrifis,ORTHOGRAPHIC,,,9,30,3
talkie-web,leakage-rich,sake,False,sakes,ORTHOGRAPHIC,,,4,41,1
talkie-web,leakage-rich,sake,False,sakes,ORTHOGRAPHIC,,,4,41,1
talkie-web,leakage-rich,sake,False,sakes,ORTHOGRAPHIC,,,4,41,1
talkie-web,leakage-rich,sake,False,sakein,ORTHOGRAPHIC,,,4,41,1
talkie-web,leakage-rich,sake,False,sakeâ,ORTHOGRAPHIC,,,4,41,1
talkie-web,leakage-rich,sake,False,sakes,ORTHOGRAPHIC,,,4,41,1
talkie-web,leakage-rich,sake,False,sak,ORTHOGRAPHIC,,,4,41,1
talkie-web,leakage-rich,sake,False,sakke,ORTHOGRAPHIC,,,4,41,1
talkie-web,leakage-rich,sake,False,sakee,ORTHOGRAPHIC,,,4,41,1
talkie-web,leakage-rich,sake,False,saake,ORTHOGRAPHIC,,,4,41,1
talkie-web,leakage-rich,sake,False,syke,ORTHOGRAPHIC,,,4,41,1
talkie-web,leakage-rich,sake,False,sak,ORTHOGRAPHIC,,,4,41,1
talkie-web,leakage-rich,sake,False,sakke,ORTHOGRAPHIC,,,4,41,1
talkie-web,leakage-rich,sake,False,saken,ORTHOGRAPHIC,,,4,41,1
talkie-web,leakage-rich,sake,False,sakis,ORTHOGRAPHIC,,,4,41,1
talkie-web,leakage-rich,scale,False,smale,ORTHOGRAPHIC,,,5,60,-1
talkie-web,leakage-rich,so-called,False,socalled,ORTHOGRAPHIC,,,9,32,-1
talkie-web,leakage-rich,standing,False,overbevelling,DERIVATIONAL,,undated,8,101,-1
talkie-web,leakage-rich,stomach,False,stomacke,ORTHOGRAPHIC,,,7,37,1
talkie-web,leakage-rich,stomach,False,stomack,ORTHOGRAPHIC,,,7,37,1
talkie-web,leakage-rich,stomach,False,stomac,ORTHOGRAPHIC,,,7,37,1
talkie-web,leakage-rich,stomach,False,stomache,ORTHOGRAPHIC,,,7,37,1
talkie-web,leakage-rich,stuff,False,stuffe,ORTHOGRAPHIC,,,5,32,33
talkie-web,leakage-rich,stuff,False,stuffe,ORTHOGRAPHIC,,,5,32,1
talkie-web,leakage-rich,stuff,False,stuffes,ORTHOGRAPHIC,,,5,32,1
talkie-web,leakage-rich,sweet,False,sweetâ,ORTHOGRAPHIC,,,5,69,1
talkie-web,leakage-rich,tail,False,taile,ORTHOGRAPHIC,,,4,24,1
talkie-web,leakage-rich,thesis,False,epitasis,DERIVATIONAL,,undated,6,10,2
talkie-web,leakage-rich,thesis,False,astsis,DERIVATIONAL,,undated,6,10,2
talkie-web,leakage-rich,thesis,False,antísis,ORTHOGRAPHIC,,,6,10,1
talkie-web,leakage-rich,thou,False,thouss,ORTHOGRAPHIC,,,4,14,15
talkie-web,leakage-rich,thou,False,thoues,ORTHOGRAPHIC,,,4,14,15
talkie-web,leakage-rich,tour,False,toun,ORTHOGRAPHIC,,,4,43,24
talkie-web,leakage-rich,trace,False,traceback,ORTHOGRAPHIC,,,5,23,3
talkie-web,leakage-rich,twin,False,twinn,ORTHOGRAPHIC,,,4,7,1
talkie-web,leakage-rich,unlike,False,unlikes,ORTHOGRAPHIC,,,6,42,1
talkie-web,leakage-rich,unlike,False,unliked,ORTHOGRAPHIC,,,6,42,1
talkie-web,leakage-rich,valve,False,valva,ORTHOGRAPHIC,,,5,3,2
talkie-web,leakage-rich,walk,False,walkes,ORTHOGRAPHIC,,,4,100,-1
talkie-web,leakage-rich,web,False,webspace,ORTHOGRAPHIC,,,3,6,1
talkie-web,leakage-rich,wet,False,wete,ORTHOGRAPHIC,,,3,53,2
talkie-web,leakage-rich,wet,False,wel,ORTHOGRAPHIC,,,3,53,-1
talkie-web,leakage-rich,while,False,whyle,ORTHOGRAPHIC,,,5,680,12
talkie-web,leakage-rich,wound,False,woundes,ORTHOGRAPHIC,,,5,28,3
talkie-web,leakage-rich,wound,False,wounde,ORTHOGRAPHIC,,,5,28,3
talkie-web,leakage-rich,abdominal,False,abdominals,ORTHOGRAPHIC,,,9,4,1
talkie-web,leakage-rich,accommodation,False,accomodation,ORTHOGRAPHIC,,,13,1,1
talkie-web,leakage-rich,analogous,False,homoeologous,DERIVATIONAL,,undated,9,8,1
talkie-web,leakage-rich,aunt,False,aunties,ORTHOGRAPHIC,,,4,22,12
talkie-web,leakage-rich,authentic,False,authentick,ORTHOGRAPHIC,,,9,20,2
talkie-web,leakage-rich,beast,False,beaste,ORTHOGRAPHIC,,,5,7,1
talkie-web,leakage-rich,beast,False,beastes,ORTHOGRAPHIC,,,5,7,1
talkie-web,leakage-rich,beneficial,False,beneficie,ORTHOGRAPHIC,,,10,11,38
talkie-web,leakage-rich,betray,False,betrayâ,ORTHOGRAPHIC,,,6,4,1
talkie-web,leakage-rich,bow,False,kow,DERIVATIONAL,,undated,3,15,1
talkie-web,leakage-rich,broken,False,brokenly,ORTHOGRAPHIC,,,6,63,1
talkie-web,leakage-rich,bullet,False,bulletts,ORTHOGRAPHIC,,,6,28,12
talkie-web,leakage-rich,bush,False,bushveld,ORTHOGRAPHIC,,,4,14,1
talkie-web,leakage-rich,charm,False,charmes,ORTHOGRAPHIC,,,5,26,-1
talkie-web,leakage-rich,comedy,False,comedie,ORTHOGRAPHIC,,,6,39,1
talkie-web,leakage-rich,convenience,False,conuenience,ORTHOGRAPHIC,,,11,19,25
talkie-web,leakage-rich,corruption,False,putrifaction,DERIVATIONAL,,undated,10,14,2
talkie-web,leakage-rich,counter,False,countours,DERIVATIONAL,,undated,7,31,-1
talkie-web,leakage-rich,creditor,False,crediter,ORTHOGRAPHIC,,,8,0,1
talkie-web,leakage-rich,creditor,False,credytour,ORTHOGRAPHIC,,,8,0,1
talkie-web,leakage-rich,creditor,False,credytor,ORTHOGRAPHIC,,,8,0,1
talkie-web,leakage-rich,creditor,False,credite,ORTHOGRAPHIC,,,8,0,1
talkie-web,leakage-rich,creditor,False,creditour,ORTHOGRAPHIC,,,8,0,1
talkie-web,leakage-rich,creditor,False,creditere,ORTHOGRAPHIC,,,8,0,1
talkie-web,leakage-rich,creditor,False,credittour,ORTHOGRAPHIC,,,8,0,1
talkie-web,leakage-rich,creditor,False,creditore,ORTHOGRAPHIC,,,8,0,1
talkie-web,leakage-rich,cry,False,crye,ORTHOGRAPHIC,,,3,48,36
talkie-web,leakage-rich,cylinder,False,cyclinders,ORTHOGRAPHIC,,,8,18,35
talkie-web,leakage-rich,degradation,False,degradational,ORTHOGRAPHIC,,,11,2,1
talkie-web,leakage-rich,descriptive,False,explicative,DERIVATIONAL,,undated,11,7,5
talkie-web,leakage-rich,ease,False,eate,ORTHOGRAPHIC,,,4,42,-1
talkie-web,leakage-rich,embryo,False,embryum,ORTHOGRAPHIC,,,6,1,1
talkie-web,leakage-rich,feed,False,feede,ORTHOGRAPHIC,,,4,122,4
talkie-web,leakage-rich,feminine,False,femine,ORTHOGRAPHIC,,,8,10,1
talkie-web,leakage-rich,feminine,False,femenine,ORTHOGRAPHIC,,,8,10,1
talkie-web,leakage-rich,feminine,False,femine,ORTHOGRAPHIC,,,8,10,1
talkie-web,leakage-rich,financially,False,prudentially,DERIVATIONAL,,undated,11,8,19
talkie-web,leakage-rich,fold,False,foldings,ORTHOGRAPHIC,,,4,7,27
talkie-web,leakage-rich,funeral,False,funerall,ORTHOGRAPHIC,,,7,33,1
talkie-web,leakage-rich,gallery,False,gallerie,ORTHOGRAPHIC,,,7,31,1
talkie-web,leakage-rich,ground,False,grounde,ORTHOGRAPHIC,,,6,186,1
talkie-web,leakage-rich,hers,False,hern,ORTHOGRAPHIC,,,4,16,1
talkie-web,leakage-rich,horn,False,hornes,ORTHOGRAPHIC,,,4,31,9
talkie-web,leakage-rich,imagery,False,payntery,DERIVATIONAL,,undated,7,10,-1
talkie-web,leakage-rich,implicit,False,implict,ORTHOGRAPHIC,,,8,13,1
talkie-web,leakage-rich,incomplete,False,incompletable,DERIVATIONAL,,undated,10,13,1
talkie-web,leakage-rich,induction,False,dylection,DERIVATIONAL,,undated,9,6,-1
talkie-web,leakage-rich,inhibition,False,esterification,DERIVATIONAL,,undated,10,6,2
talkie-web,leakage-rich,insulin,False,insuline,ORTHOGRAPHIC,,,7,3,3
talkie-web,leakage-rich,insulin,False,insulinine,ORTHOGRAPHIC,,,7,3,3
talkie-web,leakage-rich,intimate,False,intime,ORTHOGRAPHIC,,,8,21,3
talkie-web,leakage-rich,jacket,False,jacketed,ORTHOGRAPHIC,,,6,33,1
talkie-web,leakage-rich,jet,False,jetstream,ORTHOGRAPHIC,,,3,29,1
talkie-web,leakage-rich,lion,False,léon,ORTHOGRAPHIC,,,4,17,1
talkie-web,leakage-rich,locality,False,localness,DERIVATIONAL,,undated,8,5,3
talkie-web,leakage-rich,magnificent,False,magnificant,ORTHOGRAPHIC,,,11,27,1
talkie-web,leakage-rich,magnificent,False,magnificient,ORTHOGRAPHIC,,,11,27,1
talkie-web,leakage-rich,mercy,False,mercye,ORTHOGRAPHIC,,,5,20,1
talkie-web,leakage-rich,mercy,False,mercye,ORTHOGRAPHIC,,,5,20,10
talkie-web,leakage-rich,metabolic,False,metabolists,DERIVATIONAL,,undated,9,2,4
talkie-web,leakage-rich,monkey,False,monkeypox,ORTHOGRAPHIC,,,6,9,1
talkie-web,leakage-rich,moral,False,morall,ORTHOGRAPHIC,,,5,142,31
talkie-web,leakage-rich,mutation,False,mutatio,ORTHOGRAPHIC,,,8,0,1
talkie-web,leakage-rich,nest,False,neste,ORTHOGRAPHIC,,,4,20,1
talkie-web,leakage-rich,nest,False,neste,ORTHOGRAPHIC,,,4,20,2
talkie-web,leakage-rich,nest,False,nestes,ORTHOGRAPHIC,,,4,20,2
talkie-web,leakage-rich,nest,False,neste,ORTHOGRAPHIC,,,4,20,1
talkie-web,leakage-rich,nest,False,nestt,ORTHOGRAPHIC,,,4,20,1
talkie-web,leakage-rich,nominal,False,nominals,ORTHOGRAPHIC,,,7,11,42
talkie-web,leakage-rich,opera,False,oper,ORTHOGRAPHIC,,,5,47,3
talkie-web,leakage-rich,outward,False,outwarde,ORTHOGRAPHIC,,,7,10,2
talkie-web,leakage-rich,outward,False,ynward,DERIVATIONAL,,undated,7,10,2
talkie-web,leakage-rich,pack,False,pacs,ORTHOGRAPHIC,,,4,25,2
talkie-web,leakage-rich,pen,False,een,DERIVATIONAL,,undated,3,18,21
talkie-web,leakage-rich,plantation,False,plantatio,ORTHOGRAPHIC,,,10,19,29
talkie-web,leakage-rich,plantation,False,plantatur,DERIVATIONAL,,undated,10,19,29
talkie-web,leakage-rich,plantation,False,plantacions,ORTHOGRAPHIC,,,10,19,9
talkie-web,leakage-rich,post,False,postes,ORTHOGRAPHIC,,,4,85,83
talkie-web,leakage-rich,praise,False,praize,ORTHOGRAPHIC,,,6,17,2
talkie-web,leakage-rich,praise,False,prais,ORTHOGRAPHIC,,,6,17,2
talkie-web,leakage-rich,praise,False,praies,ORTHOGRAPHIC,,,6,17,2
talkie-web,leakage-rich,praise,False,prais,ORTHOGRAPHIC,,,6,17,1
talkie-web,leakage-rich,precision,False,precisions,ORTHOGRAPHIC,,,9,46,2
talkie-web,leakage-rich,prose,False,parclose,DERIVATIONAL,,undated,5,14,-1
talkie-web,leakage-rich,quest,False,leest,DERIVATIONAL,,undated,5,16,-1
talkie-web,leakage-rich,quest,False,grest,DERIVATIONAL,,undated,5,16,-1
talkie-web,leakage-rich,reconstruction,False,reorganisations,INFLECTION,,,14,11,-1
talkie-web,leakage-rich,rent,False,rentes,ORTHOGRAPHIC,,,4,21,4
talkie-web,leakage-rich,repetition,False,repitition,ORTHOGRAPHIC,,,10,13,1
talkie-web,leakage-rich,round,False,rounde,ORTHOGRAPHIC,,,5,75,18
talkie-web,leakage-rich,ruin,False,ruine,ORTHOGRAPHIC,,,4,14,2
talkie-web,leakage-rich,ruin,False,ruina,ORTHOGRAPHIC,,,4,14,2
talkie-web,leakage-rich,ruin,False,ruinam,ORTHOGRAPHIC,,,4,14,2
talkie-web,leakage-rich,ruin,False,ruine,ORTHOGRAPHIC,,,4,14,1
talkie-web,leakage-rich,ruin,False,ruines,ORTHOGRAPHIC,,,4,14,1
talkie-web,leakage-rich,scan,False,scanne,ORTHOGRAPHIC,,,4,5,4
talkie-web,leakage-rich,scan,False,scanke,ORTHOGRAPHIC,,,4,5,4
talkie-web,leakage-rich,seal,False,seales,ORTHOGRAPHIC,,,4,17,24
talkie-web,leakage-rich,sensible,False,sensiblee,ORTHOGRAPHIC,,,8,14,1
talkie-web,leakage-rich,sensible,False,sensable,ORTHOGRAPHIC,,,8,14,1
talkie-web,leakage-rich,sensible,False,sensibles,ORTHOGRAPHIC,,,8,14,1
talkie-web,leakage-rich,severity,False,severitie,ORTHOGRAPHIC,,,8,5,1
talkie-web,leakage-rich,shore,False,shoare,ORTHOGRAPHIC,,,5,61,2
talkie-web,leakage-rich,silk,False,silke,ORTHOGRAPHIC,,,4,12,4
talkie-web,leakage-rich,socialism,False,labourism,DERIVATIONAL,,undated,9,20,3
talkie-web,leakage-rich,spare,False,sparere,ORTHOGRAPHIC,,,5,23,1
talkie-web,leakage-rich,spare,False,speake,ORTHOGRAPHIC,,,5,23,1
talkie-web,leakage-rich,spare,False,staire,ORTHOGRAPHIC,,,5,23,2
talkie-web,leakage-rich,thereof,False,therof,ORTHOGRAPHIC,,,7,16,1
talkie-web,leakage-rich,thereof,False,thereofâ,ORTHOGRAPHIC,,,7,16,2
talkie-web,leakage-rich,throne,False,thone,ORTHOGRAPHIC,,,6,5,1
talkie-web,leakage-rich,throne,False,thron,ORTHOGRAPHIC,,,6,5,1
talkie-web,leakage-rich,throne,False,thronos,ORTHOGRAPHIC,,,6,5,10
talkie-web,leakage-rich,throne,False,throni,ORTHOGRAPHIC,,,6,5,10
talkie-web,leakage-rich,tide,False,tyde,ORTHOGRAPHIC,,,4,11,1
talkie-web,leakage-rich,trader,False,daytrader,DERIVATIONAL,,undated,6,8,2
talkie-web,leakage-rich,unhappy,False,vnhappy,DERIVATIONAL,,undated,7,26,3
talkie-web,leakage-rich,unhappy,False,unhappie,ORTHOGRAPHIC,,,7,26,3
talkie-web,leakage-rich,vacuum,False,vaccum,ORTHOGRAPHIC,,,6,20,7
talkie-web,leakage-rich,void,False,voide,ORTHOGRAPHIC,,,4,10,2
talkie-web,leakage-rich,ward,False,warde,ORTHOGRAPHIC,,,4,25,13
talkie-web,leakage-rich,wool,False,wooll,ORTHOGRAPHIC,,,4,10,1
talkie-web,leakage-rich,wool,False,woole,ORTHOGRAPHIC,,,4,10,1
talkie-web,leakage-rich,ye,False,yez,ORTHOGRAPHIC,,,2,11,3
talkie-web,leakage-rich,yours,False,yourn,ORTHOGRAPHIC,,,5,25,1
talkie-web,leakage-rich,go,False,goe,ORTHOGRAPHIC,,,2,626,2
talkie-web,leakage-rich,go,False,goand,ORTHOGRAPHIC,,,2,626,1
talkie-web,leakage-rich,know,False,knowe,ORTHOGRAPHIC,,,4,683,-1
talkie-web,leakage-rich,know,False,knoweth,ORTHOGRAPHIC,,,4,683,-1
talkie-web,leakage-rich,come,False,comeing,ORTHOGRAPHIC,,,4,630,1
talkie-web,leakage-rich,good,False,goodes,ORTHOGRAPHIC,,,4,806,3
talkie-web,leakage-rich,his,False,hir,ORTHOGRAPHIC,,,3,6996,5
talkie-web,leakage-rich,his,False,hise,ORTHOGRAPHIC,,,3,6996,1
talkie-web,leakage-rich,his,False,hys,ORTHOGRAPHIC,,,3,6996,1
talkie-web,leakage-rich,most,False,moste,ORTHOGRAPHIC,,,4,1159,1
talkie-web,leakage-rich,no,False,nol,ORTHOGRAPHIC,,,2,2139,2
talkie-web,leakage-rich,find,False,finde,ORTHOGRAPHIC,,,4,400,1
talkie-web,leakage-rich,get,False,gett,ORTHOGRAPHIC,,,3,749,1
talkie-web,leakage-rich,way,False,waye,ORTHOGRAPHIC,,,3,908,1
talkie-web,leakage-rich,way,False,wayes,ORTHOGRAPHIC,,,3,908,1
talkie-web,leakage-rich,way,False,wayâ,ORTHOGRAPHIC,,,3,908,1
talkie-web,leakage-rich,way,False,wayes,ORTHOGRAPHIC,,,3,908,-1
talkie-web,leakage-rich,way,False,waye,ORTHOGRAPHIC,,,3,908,3
talkie-web,leakage-rich,way,False,wayes,ORTHOGRAPHIC,,,3,908,5
talkie-web,leakage-rich,way,False,waye,ORTHOGRAPHIC,,,3,908,5
talkie-web,leakage-rich,way,False,waye,ORTHOGRAPHIC,,,3,908,1
talkie-web,leakage-rich,way,False,wayes,ORTHOGRAPHIC,,,3,908,52
talkie-web,leakage-rich,day,False,daye,ORTHOGRAPHIC,,,3,687,2
talkie-web,leakage-rich,day,False,dayes,ORTHOGRAPHIC,,,3,687,2
talkie-web,leakage-rich,people,False,puple,ORTHOGRAPHIC,,,6,847,1
talkie-web,leakage-rich,people,False,pople,ORTHOGRAPHIC,,,6,847,1
talkie-web,leakage-rich,same,False,samer,ORTHOGRAPHIC,,,4,686,1
talkie-web,leakage-rich,same,False,samed,ORTHOGRAPHIC,,,4,686,1
talkie-web,leakage-rich,same,False,sameâ,ORTHOGRAPHIC,,,4,686,1
talkie-web,leakage-rich,same,False,samen,ORTHOGRAPHIC,,,4,686,1
talkie-web,leakage-rich,same,False,samen,ORTHOGRAPHIC,,,4,686,1
talkie-web,leakage-rich,same,False,samen,ORTHOGRAPHIC,,,4,686,1
talkie-web,leakage-rich,well,False,wel,ORTHOGRAPHIC,,,4,897,6
talkie-web,leakage-rich,well,False,wele,ORTHOGRAPHIC,,,4,897,6
talkie-web,leakage-rich,well,False,welle,ORTHOGRAPHIC,,,4,897,6
talkie-web,leakage-rich,well,False,wel,ORTHOGRAPHIC,,,4,897,1
talkie-web,leakage-rich,call,False,calle,ORTHOGRAPHIC,,,4,188,5
talkie-web,leakage-rich,large,False,larg,ORTHOGRAPHIC,,,5,361,1
talkie-web,leakage-rich,large,False,larpe,ORTHOGRAPHIC,,,5,361,1
talkie-web,leakage-rich,large,False,larga,ORTHOGRAPHIC,,,5,361,1
talkie-web,leakage-rich,large,False,larce,ORTHOGRAPHIC,,,5,361,1
talkie-web,leakage-rich,large,False,largs,ORTHOGRAPHIC,,,5,361,1
talkie-web,leakage-rich,large,False,larg,ORTHOGRAPHIC,,,5,361,1
talkie-web,leakage-rich,large,False,xlarge,DERIVATIONAL,,undated,5,361,1
talkie-web,leakage-rich,large,False,largem,ORTHOGRAPHIC,,,5,361,1
talkie-web,leakage-rich,own,False,owne,ORTHOGRAPHIC,,,3,772,10
talkie-web,leakage-rich,own,False,owne,ORTHOGRAPHIC,,,3,772,53
talkie-web,leakage-rich,own,False,owne,ORTHOGRAPHIC,,,3,772,2
talkie-web,leakage-rich,part,False,partes,ORTHOGRAPHIC,,,4,500,3
talkie-web,leakage-rich,part,False,paarts,ORTHOGRAPHIC,,,4,500,3
talkie-web,leakage-rich,state,False,staite,ORTHOGRAPHIC,,,5,807,1
talkie-web,leakage-rich,state,False,estaite,DERIVATIONAL,,undated,5,807,1
talkie-web,leakage-rich,state,False,statee,ORTHOGRAPHIC,,,5,807,1
talkie-web,leakage-rich,three,False,threees,ORTHOGRAPHIC,,,5,610,2
talkie-web,leakage-rich,work,False,workes,ORTHOGRAPHIC,,,4,762,18
talkie-web,leakage-rich,work,False,worke,ORTHOGRAPHIC,,,4,762,6
talkie-web,leakage-rich,work,False,workes,ORTHOGRAPHIC,,,4,762,6
talkie-web,leakage-rich,against,False,agains,ORTHOGRAPHIC,,,7,627,1
talkie-web,leakage-rich,down,False,downe,ORTHOGRAPHIC,,,4,895,1
talkie-web,leakage-rich,down,False,downe,ORTHOGRAPHIC,,,4,895,1
talkie-web,leakage-rich,effect,False,effecte,ORTHOGRAPHIC,,,6,213,2
talkie-web,leakage-rich,effect,False,effecte,ORTHOGRAPHIC,,,6,213,2
talkie-web,leakage-rich,effect,False,effekt,ORTHOGRAPHIC,,,6,213,2
talkie-web,leakage-rich,effect,False,effet,ORTHOGRAPHIC,,,6,213,2
talkie-web,leakage-rich,effect,False,effe,ORTHOGRAPHIC,,,6,213,1
talkie-web,leakage-rich,effect,False,effectin,ORTHOGRAPHIC,,,6,213,1
talkie-web,leakage-rich,example,False,exampleand,ORTHOGRAPHIC,,,7,292,1
talkie-web,leakage-rich,example,False,exemple,ORTHOGRAPHIC,,,7,292,6
talkie-web,leakage-rich,fact,False,facte,ORTHOGRAPHIC,,,4,447,1
talkie-web,leakage-rich,family,False,familie,ORTHOGRAPHIC,,,6,331,5
talkie-web,leakage-rich,hand,False,hande,ORTHOGRAPHIC,,,4,431,3
talkie-web,leakage-rich,level,False,levelâ,ORTHOGRAPHIC,,,5,213,1
talkie-web,leakage-rich,level,False,levell,ORTHOGRAPHIC,,,5,213,1
talkie-web,leakage-rich,mean,False,meanâ,ORTHOGRAPHIC,,,4,199,1
talkie-web,leakage-rich,mean,False,meen,ORTHOGRAPHIC,,,4,199,1
talkie-web,leakage-rich,mean,False,meen,ORTHOGRAPHIC,,,4,199,1
talkie-web,leakage-rich,need,False,neede,ORTHOGRAPHIC,,,4,360,24
talkie-web,leakage-rich,old,False,oid,ORTHOGRAPHIC,,,3,661,1
talkie-web,leakage-rich,old,False,oll,ORTHOGRAPHIC,,,3,661,1
talkie-web,leakage-rich,old,False,ould,ORTHOGRAPHIC,,,3,661,1
talkie-web,leakage-rich,person,False,persone,ORTHOGRAPHIC,,,6,174,4
talkie-web,leakage-rich,person,False,persoun,ORTHOGRAPHIC,,,6,174,4
talkie-web,leakage-rich,person,False,pers,ORTHOGRAPHIC,,,6,174,1
talkie-web,leakage-rich,small,False,smale,ORTHOGRAPHIC,,,5,542,5
talkie-web,leakage-rich,still,False,stille,ORTHOGRAPHIC,,,5,782,12
talkie-web,leakage-rich,study,False,studye,ORTHOGRAPHIC,,,5,246,5
talkie-web,leakage-rich,study,False,studie,ORTHOGRAPHIC,,,5,246,5
talkie-web,leakage-rich,tell,False,telle,ORTHOGRAPHIC,,,4,268,1
talkie-web,leakage-rich,tell,False,telle,ORTHOGRAPHIC,,,4,268,-1
talkie-web,leakage-rich,term,False,terme,ORTHOGRAPHIC,,,4,79,52
talkie-web,leakage-rich,thing,False,fing,DERIVATIONAL,,undated,5,333,1
talkie-web,leakage-rich,thing,False,thinge,ORTHOGRAPHIC,,,5,333,1
talkie-web,leakage-rich,thing,False,thynge,ORTHOGRAPHIC,,,5,333,1
talkie-web,leakage-rich,thing,False,thyng,ORTHOGRAPHIC,,,5,333,1
talkie-web,leakage-rich,value,False,valueâ,ORTHOGRAPHIC,,,5,200,1
talkie-web,leakage-rich,word,False,wordes,ORTHOGRAPHIC,,,4,274,3
talkie-web,leakage-rich,word,False,wordis,ORTHOGRAPHIC,,,4,274,2
talkie-web,leakage-rich,word,False,wordes,ORTHOGRAPHIC,,,4,274,2
talkie-web,leakage-rich,word,False,worde,ORTHOGRAPHIC,,,4,274,2
talkie-web,leakage-rich,word,False,wordes,ORTHOGRAPHIC,,,4,274,3
talkie-web,leakage-rich,word,False,worde,ORTHOGRAPHIC,,,4,274,3
talkie-web,leakage-rich,word,False,wordis,ORTHOGRAPHIC,,,4,274,3
talkie-web,leakage-rich,world,False,worlde,ORTHOGRAPHIC,,,5,787,2
talkie-web,leakage-rich,world,False,worlde,ORTHOGRAPHIC,,,5,787,1
talkie-web,leakage-rich,world,False,worlde,ORTHOGRAPHIC,,,5,787,1
talkie-web,leakage-rich,world,False,worlde,ORTHOGRAPHIC,,,5,787,3
talkie-web,leakage-rich,end,False,ender,ORTHOGRAPHIC,,,3,409,1
talkie-web,leakage-rich,end,False,eend,ORTHOGRAPHIC,,,3,409,1
talkie-web,leakage-rich,end,False,ender,ORTHOGRAPHIC,,,3,409,1
talkie-web,leakage-rich,few,False,fewâ,ORTHOGRAPHIC,,,3,601,1
talkie-web,leakage-rich,general,False,generall,ORTHOGRAPHIC,,,7,498,36
talkie-web,leakage-rich,hold,False,holde,ORTHOGRAPHIC,,,4,169,1
talkie-web,leakage-rich,last,False,leaste,ORTHOGRAPHIC,,,4,676,3
talkie-web,leakage-rich,last,False,laste,ORTHOGRAPHIC,,,4,676,3
talkie-web,leakage-rich,last,False,laeste,ORTHOGRAPHIC,,,4,676,3
talkie-web,leakage-rich,last,False,laaste,ORTHOGRAPHIC,,,4,676,3
talkie-web,leakage-rich,last,False,laste,ORTHOGRAPHIC,,,4,676,1
talkie-web,leakage-rich,last,False,wast,DERIVATIONAL,,undated,4,676,1
talkie-web,leakage-rich,last,False,laste,ORTHOGRAPHIC,,,4,676,1
talkie-web,leakage-rich,last,False,laft,ORTHOGRAPHIC,,,4,676,1
talkie-web,leakage-rich,last,False,wast,DERIVATIONAL,,undated,4,676,1
talkie-web,leakage-rich,last,False,lait,ORTHOGRAPHIC,,,4,676,1
talkie-web,leakage-rich,last,False,laaste,ORTHOGRAPHIC,,,4,676,1
talkie-web,leakage-rich,law,False,lw,ORTHOGRAPHIC,,,3,299,1
talkie-web,leakage-rich,law,False,lawâ,ORTHOGRAPHIC,,,3,299,1
talkie-web,leakage-rich,less,False,lesse,ORTHOGRAPHIC,,,4,437,16
talkie-web,leakage-rich,long,False,longe,ORTHOGRAPHIC,,,4,752,1
talkie-web,leakage-rich,long,False,longe,ORTHOGRAPHIC,,,4,752,4
talkie-web,leakage-rich,long,False,longes,ORTHOGRAPHIC,,,4,752,2
talkie-web,leakage-rich,long,False,longe,ORTHOGRAPHIC,,,4,752,2
talkie-web,leakage-rich,long,False,longe,ORTHOGRAPHIC,,,4,752,1
talkie-web,leakage-rich,long,False,longe,ORTHOGRAPHIC,,,4,752,1
talkie-web,leakage-rich,rate,False,rato,ORTHOGRAPHIC,,,4,209,1
talkie-web,leakage-rich,rate,False,rater,ORTHOGRAPHIC,1611,,4,209,1
talkie-web,leakage-rich,require,False,requireth,ORTHOGRAPHIC,,,7,86,5
talkie-web,leakage-rich,right,False,rightes,ORTHOGRAPHIC,,,5,613,5
talkie-web,leakage-rich,right,False,reghte,ORTHOGRAPHIC,,,5,613,5
talkie-web,leakage-rich,right,False,righte,ORTHOGRAPHIC,,,5,613,5
talkie-web,leakage-rich,right,False,righte,ORTHOGRAPHIC,,,5,613,1
talkie-web,leakage-rich,second,False,secondes,ORTHOGRAPHIC,,,6,373,2
talkie-web,leakage-rich,set,False,shet,ORTHOGRAPHIC,,,3,414,1
talkie-web,leakage-rich,side,False,syde,ORTHOGRAPHIC,,,4,381,1
talkie-web,leakage-rich,side,False,syde,ORTHOGRAPHIC,,,4,381,1
talkie-web,leakage-rich,side,False,sidee,ORTHOGRAPHIC,,,4,381,1
talkie-web,leakage-rich,side,False,syde,ORTHOGRAPHIC,,,4,381,1
talkie-web,leakage-rich,side,False,sode,ORTHOGRAPHIC,,,4,381,1
talkie-web,leakage-rich,side,False,sideâ,ORTHOGRAPHIC,,,4,381,1
talkie-web,leakage-rich,since,False,sence,ORTHOGRAPHIC,,,5,628,1
talkie-web,leakage-rich,since,False,sinse,ORTHOGRAPHIC,,,5,628,1
talkie-web,leakage-rich,since,False,sinc,ORTHOGRAPHIC,,,5,628,1
talkie-web,leakage-rich,try,False,trye,ORTHOGRAPHIC,,,3,140,6
talkie-web,leakage-rich,turn,False,turne,ORTHOGRAPHIC,,,4,233,15
talkie-web,leakage-rich,upon,False,vpon,DERIVATIONAL,,undated,4,495,4
talkie-web,leakage-rich,upon,False,uppon,ORTHOGRAPHIC,,,4,495,4
talkie-web,leakage-rich,water,False,waterings,ORTHOGRAPHIC,,,5,445,2
talkie-web,leakage-rich,water,False,watter,ORTHOGRAPHIC,,,5,445,1
talkie-web,leakage-rich,water,False,watir,ORTHOGRAPHIC,,,5,445,6
talkie-web,leakage-rich,age,False,auge,ORTHOGRAPHIC,,,3,227,1
talkie-web,leakage-rich,age,False,aage,ORTHOGRAPHIC,,,3,227,1
talkie-web,leakage-rich,apply,False,applye,ORTHOGRAPHIC,,,5,56,6
talkie-web,leakage-rich,black,False,blackes,ORTHOGRAPHIC,,,5,203,2
talkie-web,leakage-rich,black,False,blackshirts,ORTHOGRAPHIC,,,5,203,3
talkie-web,leakage-rich,century,False,centuryad,ORTHOGRAPHIC,,,7,207,1
talkie-web,leakage-rich,close,False,clos,ORTHOGRAPHIC,,,5,234,3
talkie-web,leakage-rich,company,False,companie,ORTHOGRAPHIC,,,7,290,1
talkie-web,leakage-rich,cost,False,coste,ORTHOGRAPHIC,,,4,229,1
talkie-web,leakage-rich,cost,False,coste,ORTHOGRAPHIC,,,4,229,1
talkie-web,leakage-rich,cost,False,costes,ORTHOGRAPHIC,,,4,229,1
talkie-web,leakage-rich,court,False,courte,ORTHOGRAPHIC,,,5,230,1
talkie-web,leakage-rich,difference,False,diference,ORTHOGRAPHIC,,,10,148,1
talkie-web,leakage-rich,difference,False,differencing,INFLECTION,,,10,148,4
talkie-web,leakage-rich,due,False,du,ORTHOGRAPHIC,,,3,142,1
talkie-web,leakage-rich,due,False,deue,ORTHOGRAPHIC,,,3,142,4
talkie-web,leakage-rich,due,False,dwe,ORTHOGRAPHIC,,,3,142,4
talkie-web,leakage-rich,eye,False,eyne,ORTHOGRAPHIC,,,3,122,2
talkie-web,leakage-rich,eye,False,eys,ORTHOGRAPHIC,,,3,122,2
talkie-web,leakage-rich,eye,False,ey,ORTHOGRAPHIC,,,3,122,2
talkie-web,leakage-rich,eye,False,eyen,ORTHOGRAPHIC,,,3,122,3
talkie-web,leakage-rich,face,False,facee,ORTHOGRAPHIC,,,4,371,1
talkie-web,leakage-rich,fall,False,falle,ORTHOGRAPHIC,,,4,147,2
talkie-web,leakage-rich,fall,False,falle,ORTHOGRAPHIC,,,4,147,2
talkie-web,leakage-rich,fall,False,falle,ORTHOGRAPHIC,,,4,147,82
talkie-web,leakage-rich,far,False,faar,ORTHOGRAPHIC,,,3,426,1
talkie-web,leakage-rich,field,False,feld,ORTHOGRAPHIC,,,5,274,1
talkie-web,leakage-rich,future,False,futur,ORTHOGRAPHIC,,,6,227,2
talkie-web,leakage-rich,future,False,futer,ORTHOGRAPHIC,,,6,227,2
talkie-web,leakage-rich,future,False,futyr,ORTHOGRAPHIC,,,6,227,2
talkie-web,leakage-rich,future,False,futurit,ORTHOGRAPHIC,,,6,227,2
talkie-web,leakage-rich,future,False,futere,ORTHOGRAPHIC,,,6,227,2
talkie-web,leakage-rich,future,False,futurite,ORTHOGRAPHIC,,,6,227,2
talkie-web,leakage-rich,future,False,futuree,ORTHOGRAPHIC,,,6,227,2
talkie-web,leakage-rich,future,False,futuro,ORTHOGRAPHIC,,,6,227,2
talkie-web,leakage-rich,future,False,futurte,ORTHOGRAPHIC,,,6,227,2
talkie-web,leakage-rich,house,False,housie,ORTHOGRAPHIC,,,5,591,12
talkie-web,leakage-rich,house,False,housie,ORTHOGRAPHIC,,,5,591,9
talkie-web,leakage-rich,house,False,housie,ORTHOGRAPHIC,,,5,591,2
talkie-web,leakage-rich,industry,False,industrye,ORTHOGRAPHIC,,,8,171,2
talkie-web,leakage-rich,kind,False,kinde,ORTHOGRAPHIC,,,4,313,11
talkie-web,leakage-rich,kind,False,kindes,ORTHOGRAPHIC,,,4,313,8
talkie-web,leakage-rich,kind,False,kinde,ORTHOGRAPHIC,,,4,313,3
talkie-web,leakage-rich,kind,False,kinde,ORTHOGRAPHIC,,,4,313,1
talkie-web,leakage-rich,language,False,languageâ,ORTHOGRAPHIC,,,8,109,1
talkie-web,leakage-rich,language,False,langue,ORTHOGRAPHIC,1400,,8,109,1
talkie-web,leakage-rich,least,False,leaste,ORTHOGRAPHIC,,,5,343,5
talkie-web,leakage-rich,let,False,lett,ORTHOGRAPHIC,,,3,384,11
talkie-web,leakage-rich,low,False,iow,DERIVATIONAL,,undated,3,173,5
talkie-web,leakage-rich,material,False,materiales,ORTHOGRAPHIC,,,8,174,1
talkie-web,leakage-rich,meet,False,meetâ,ORTHOGRAPHIC,,,4,149,1
talkie-web,leakage-rich,meet,False,meett,ORTHOGRAPHIC,,,4,149,1
talkie-web,leakage-rich,meet,False,meete,ORTHOGRAPHIC,,,4,149,4
talkie-web,leakage-rich,mind,False,minde,ORTHOGRAPHIC,,,4,325,3
talkie-web,leakage-rich,mind,False,mynd,ORTHOGRAPHIC,,,4,325,3
talkie-web,leakage-rich,mind,False,minde,ORTHOGRAPHIC,,,4,325,1
talkie-web,leakage-rich,mind,False,minde,ORTHOGRAPHIC,,,4,325,1
talkie-web,leakage-rich,mind,False,minde,ORTHOGRAPHIC,,,4,325,11
talkie-web,leakage-rich,mind,False,minde,ORTHOGRAPHIC,,,4,325,7
talkie-web,leakage-rich,mind,False,mindes,ORTHOGRAPHIC,,,4,325,7
talkie-web,leakage-rich,mind,False,minde,ORTHOGRAPHIC,,,4,325,7
talkie-web,leakage-rich,mind,False,minde,ORTHOGRAPHIC,,,4,325,7
talkie-web,leakage-rich,mind,False,minde,ORTHOGRAPHIC,,,4,325,1
talkie-web,leakage-rich,mind,False,minde,ORTHOGRAPHIC,,,4,325,4
talkie-web,leakage-rich,mind,False,minde,ORTHOGRAPHIC,,,4,325,1
talkie-web,leakage-rich,mind,False,minde,ORTHOGRAPHIC,,,4,325,9
talkie-web,leakage-rich,mind,False,mindof,ORTHOGRAPHIC,,,4,325,1
talkie-web,leakage-rich,mind,False,mindm,ORTHOGRAPHIC,,,4,325,1
talkie-web,leakage-rich,mind,False,minda,ORTHOGRAPHIC,,,4,325,1
talkie-web,leakage-rich,mind,False,minde,ORTHOGRAPHIC,,,4,325,1
talkie-web,leakage-rich,money,False,mony,ORTHOGRAPHIC,,,5,265,1
talkie-web,leakage-rich,money,False,moneye,ORTHOGRAPHIC,,,5,265,1
talkie-web,leakage-rich,money,False,moneta,ORTHOGRAPHIC,,,5,265,1
talkie-web,leakage-rich,necessary,False,necessarie,ORTHOGRAPHIC,,,9,222,3
talkie-web,leakage-rich,nothing,False,nothinge,ORTHOGRAPHIC,,,7,411,1
talkie-web,leakage-rich,particular,False,particuler,ORTHOGRAPHIC,,,10,179,2
talkie-web,leakage-rich,particular,False,particulare,ORTHOGRAPHIC,,,10,179,2
talkie-web,leakage-rich,play,False,playe,ORTHOGRAPHIC,,,4,200,3
talkie-web,leakage-rich,play,False,playe,ORTHOGRAPHIC,,,4,200,1
talkie-web,leakage-rich,position,False,postion,ORTHOGRAPHIC,,,8,241,1
talkie-web,leakage-rich,property,False,properte,ORTHOGRAPHIC,,,8,156,77
talkie-web,leakage-rich,reach,False,reache,ORTHOGRAPHIC,,,5,105,2
talkie-web,leakage-rich,reduce,False,reduc,ORTHOGRAPHIC,,,6,62,30
talkie-web,leakage-rich,refer,False,referd,ORTHOGRAPHIC,,,5,27,12
talkie-web,leakage-rich,refer,False,refered,ORTHOGRAPHIC,,,5,27,12
talkie-web,leakage-rich,relation,False,protestacion,DERIVATIONAL,,undated,8,63,-1
talkie-web,leakage-rich,right,False,brighte,DERIVATIONAL,,undated,5,613,2
talkie-web,leakage-rich,role,False,rôle,ORTHOGRAPHIC,,,4,104,1
talkie-web,leakage-rich,role,False,rle,ORTHOGRAPHIC,,,4,104,1
talkie-web,leakage-rich,role,False,rle,ORTHOGRAPHIC,,,4,104,1
talkie-web,leakage-rich,room,False,roome,ORTHOGRAPHIC,,,4,384,-1
talkie-web,leakage-rich,rule,False,ruleof,ORTHOGRAPHIC,,,4,73,1
talkie-web,leakage-rich,sense,False,sence,ORTHOGRAPHIC,,,5,311,1
talkie-web,leakage-rich,sense,False,sences,ORTHOGRAPHIC,,,5,311,21
talkie-web,leakage-rich,sense,False,sence,ORTHOGRAPHIC,,,5,311,21
talkie-web,leakage-rich,serve,False,serue,ORTHOGRAPHIC,,,5,107,5
talkie-web,leakage-rich,short,False,shorte,ORTHOGRAPHIC,,,5,212,1
talkie-web,leakage-rich,similar,False,similars,ORTHOGRAPHIC,,,7,157,6
talkie-web,leakage-rich,similar,False,similia,ORTHOGRAPHIC,,,7,157,6
talkie-web,leakage-rich,space,False,spacis,ORTHOGRAPHIC,,,5,184,15
talkie-web,leakage-rich,standard,False,yeard,INFLECTION,,,8,110,-1
talkie-web,leakage-rich,true,False,truely,ORTHOGRAPHIC,,,4,231,1
talkie-web,leakage-rich,true,False,trueth,ORTHOGRAPHIC,,,4,231,1
talkie-web,leakage-rich,white,False,whitt,ORTHOGRAPHIC,,,5,365,1
talkie-web,leakage-rich,white,False,whited,ORTHOGRAPHIC,,,5,365,1
talkie-web,leakage-rich,white,False,whityt,ORTHOGRAPHIC,,,5,365,1
talkie-web,leakage-rich,white,False,whote,ORTHOGRAPHIC,,,5,365,1
talkie-web,leakage-rich,white,False,whiite,ORTHOGRAPHIC,,,5,365,1
talkie-web,leakage-rich,across,False,accross,ORTHOGRAPHIC,,,6,282,1
talkie-web,leakage-rich,alone,False,aloone,ORTHOGRAPHIC,,,5,195,1
talkie-web,leakage-rich,alone,False,alon,ORTHOGRAPHIC,,,5,195,1
talkie-web,leakage-rich,alone,False,alono,ORTHOGRAPHIC,,,5,195,1
talkie-web,leakage-rich,alone,False,aloune,ORTHOGRAPHIC,,,5,195,1
talkie-web,leakage-rich,art,False,artes,ORTHOGRAPHIC,,,3,208,6
talkie-web,leakage-rich,article,False,articel,ORTHOGRAPHIC,,,7,68,1
talkie-web,leakage-rich,blood,False,bloud,ORTHOGRAPHIC,,,5,121,1
talkie-web,leakage-rich,blood,False,bloodlines,ORTHOGRAPHIC,,,5,121,7
talkie-web,leakage-rich,break,False,breake,ORTHOGRAPHIC,,,5,88,1
talkie-web,leakage-rich,break,False,breake,ORTHOGRAPHIC,,,5,88,2
talkie-web,leakage-rich,break,False,breakee,ORTHOGRAPHIC,,,5,88,2
talkie-web,leakage-rich,break,False,breaketh,ORTHOGRAPHIC,,,5,88,12
talkie-web,leakage-rich,break,False,breakes,ORTHOGRAPHIC,,,5,88,11
talkie-web,leakage-rich,centre,False,centrethe,ORTHOGRAPHIC,,,6,2,2
talkie-web,leakage-rich,concept,False,conceite,ORTHOGRAPHIC,,,7,85,-1
talkie-web,leakage-rich,concept,False,conceipt,ORTHOGRAPHIC,,,7,85,-1
talkie-web,leakage-rich,degree,False,degr,ORTHOGRAPHIC,,,6,125,1
talkie-web,leakage-rich,degree,False,degress,ORTHOGRAPHIC,,,6,125,1
talkie-web,leakage-rich,depend,False,depende,ORTHOGRAPHIC,,,6,45,2
talkie-web,leakage-rich,draw,False,drawe,ORTHOGRAPHIC,,,4,56,6
talkie-web,leakage-rich,draw,False,drawhe,ORTHOGRAPHIC,,,4,56,6
talkie-web,leakage-rich,draw,False,drau,ORTHOGRAPHIC,,,4,56,6
talkie-web,leakage-rich,face,False,faceoff,ORTHOGRAPHIC,,,4,371,4
talkie-web,leakage-rich,female,False,femele,ORTHOGRAPHIC,,,6,50,1
talkie-web,leakage-rich,female,False,femel,ORTHOGRAPHIC,,,6,50,1
talkie-web,leakage-rich,female,False,feme,ORTHOGRAPHIC,,,6,50,1
talkie-web,leakage-rich,female,False,femelle,ORTHOGRAPHIC,,,6,50,1
talkie-web,leakage-rich,female,False,femal,ORTHOGRAPHIC,,,6,50,1
talkie-web,leakage-rich,female,False,femal,ORTHOGRAPHIC,,,6,50,1
talkie-web,leakage-rich,female,False,femal,ORTHOGRAPHIC,,,6,50,1
talkie-web,leakage-rich,female,False,femal,ORTHOGRAPHIC,,,6,50,1
talkie-web,leakage-rich,figure,False,coloure,DERIVATIONAL,,undated,6,209,-1
talkie-web,leakage-rich,ground,False,groundâ,ORTHOGRAPHIC,,,6,186,1
talkie-web,leakage-rich,influence,False,influnce,ORTHOGRAPHIC,,,9,132,1
talkie-web,leakage-rich,influence,False,influece,ORTHOGRAPHIC,,,9,132,1
talkie-web,leakage-rich,international,False,internationalists,ORTHOGRAPHIC,,,13,155,1
talkie-web,leakage-rich,kill,False,kille,ORTHOGRAPHIC,,,4,63,1
talkie-web,leakage-rich,length,False,longe,DERIVATIONAL,,undated,6,116,-1
talkie-web,leakage-rich,loss,False,losse,ORTHOGRAPHIC,,,4,86,4
talkie-web,leakage-rich,loss,False,losse,ORTHOGRAPHIC,,,4,86,3
talkie-web,leakage-rich,mean,False,meanes,ORTHOGRAPHIC,,,4,199,-1
talkie-web,leakage-rich,mean,False,meanes,ORTHOGRAPHIC,,,4,199,12
talkie-web,leakage-rich,mean,False,meane,ORTHOGRAPHIC,,,4,199,12
talkie-web,leakage-rich,memory,False,memorye,ORTHOGRAPHIC,,,6,76,2
talkie-web,leakage-rich,memory,False,memorie,ORTHOGRAPHIC,,,6,76,2
talkie-web,leakage-rich,military,False,militarie,ORTHOGRAPHIC,,,8,212,1
talkie-web,leakage-rich,minute,False,minut,ORTHOGRAPHIC,,,6,55,1
talkie-web,leakage-rich,minute,False,minu,ORTHOGRAPHIC,,,6,55,1
talkie-web,leakage-rich,nation,False,nationes,ORTHOGRAPHIC,,,6,139,13
talkie-web,leakage-rich,natural,False,naturall,ORTHOGRAPHIC,,,7,156,2
talkie-web,leakage-rich,past,False,pastâ,ORTHOGRAPHIC,,,4,281,1
talkie-web,leakage-rich,physical,False,chirurgical,DERIVATIONAL,,undated,8,138,-1
talkie-web,leakage-rich,physical,False,chymical,DERIVATIONAL,,undated,8,138,-1
talkie-web,leakage-rich,physical,False,physicall,ORTHOGRAPHIC,,,8,138,-1
talkie-web,leakage-rich,physical,False,physick,ORTHOGRAPHIC,,,8,138,-1
talkie-web,leakage-rich,record,False,recorde,ORTHOGRAPHIC,,,6,137,7
talkie-web,leakage-rich,regard,False,regardede,ORTHOGRAPHIC,,,6,89,39
talkie-web,leakage-rich,report,False,reporte,ORTHOGRAPHIC,,,6,174,6
talkie-web,leakage-rich,report,False,reporte,ORTHOGRAPHIC,,,6,174,2
talkie-web,leakage-rich,report,False,reportees,ORTHOGRAPHIC,,,6,174,3
talkie-web,leakage-rich,report,False,reporte,ORTHOGRAPHIC,,,6,174,2
talkie-web,leakage-rich,report,False,reportes,ORTHOGRAPHIC,,,6,174,2
talkie-web,leakage-rich,report,False,reporte,ORTHOGRAPHIC,,,6,174,4
talkie-web,leakage-rich,rise,False,ryse,ORTHOGRAPHIC,,,4,102,4
talkie-web,leakage-rich,rise,False,ryse,ORTHOGRAPHIC,,,4,102,20
talkie-web,leakage-rich,science,False,sence,ORTHOGRAPHIC,,,7,131,1
talkie-web,leakage-rich,science,False,sciens,ORTHOGRAPHIC,,,7,131,1
talkie-web,leakage-rich,show,False,showe,ORTHOGRAPHIC,,,4,288,4
talkie-web,leakage-rich,six,False,sixe,ORTHOGRAPHIC,,,3,220,1
talkie-web,leakage-rich,six,False,sixa,ORTHOGRAPHIC,,,3,220,1
talkie-web,leakage-rich,spend,False,spente,ORTHOGRAPHIC,,,5,53,18
talkie-web,leakage-rich,spend,False,spende,ORTHOGRAPHIC,,,5,53,6
talkie-web,leakage-rich,table,False,tablea,ORTHOGRAPHIC,,,5,198,1
talkie-web,leakage-rich,talk,False,talkin,ORTHOGRAPHIC,,,4,154,26
talkie-web,leakage-rich,thought,False,thoughte,ORTHOGRAPHIC,,,7,517,3
talkie-web,leakage-rich,top,False,topp,ORTHOGRAPHIC,,,3,204,1
talkie-web,leakage-rich,training,False,trainings,ORTHOGRAPHIC,,,8,156,1
talkie-web,leakage-rich,tree,False,tre,ORTHOGRAPHIC,,,4,59,16
talkie-web,leakage-rich,tree,False,trei,ORTHOGRAPHIC,,,4,59,16
talkie-web,leakage-rich,truth,False,troths,ORTHOGRAPHIC,,,5,126,35
talkie-web,leakage-rich,truth,False,trothe,ORTHOGRAPHIC,,,5,126,35
typewriter,restricted,covenant,False,covnant,ORTHOGRAPHIC,,,8,3,1
typewriter,restricted,covenant,False,covenanters,ORTHOGRAPHIC,,,8,3,1
typewriter,restricted,lesbian,False,mytilenian,DERIVATIONAL,,undated,7,0,4
typewriter,restricted,lesbian,False,lemnian,ORTHOGRAPHIC,,,7,0,27
typewriter,restricted,lesbian,False,falernian,DERIVATIONAL,,undated,7,0,10
typewriter,restricted,lesbian,False,æolian,ORTHOGRAPHIC,,,7,0,-1
typewriter,restricted,literal,False,literall,ORTHOGRAPHIC,,,7,15,6
typewriter,restricted,metropolitan,False,metropolitical,DERIVATIONAL,,undated,12,34,1
typewriter,restricted,metropolitan,False,metropolitane,ORTHOGRAPHIC,,,12,34,1
typewriter,restricted,mould,False,moulde,ORTHOGRAPHIC,,,5,1,4
typewriter,restricted,mould,False,moulds,ORTHOGRAPHIC,,,5,1,2
typewriter,restricted,mould,False,moulded,ORTHOGRAPHIC,,,5,1,2
typewriter,restricted,mould,False,moulds,ORTHOGRAPHIC,,,5,1,72
typewriter,restricted,obedience,False,obedi,ORTHOGRAPHIC,,,9,9,1
typewriter,restricted,pointer,False,almicanter,DERIVATIONAL,,undated,7,3,-1
typewriter,restricted,purify,False,purifie,ORTHOGRAPHIC,,,6,2,8
typewriter,restricted,register,False,registre,ORTHOGRAPHIC,,,8,26,40
typewriter,restricted,register,False,registreis,DERIVATIONAL,,undated,8,26,40
typewriter,restricted,reign,False,reignes,ORTHOGRAPHIC,,,5,7,9
typewriter,restricted,reign,False,reigneth,ORTHOGRAPHIC,,,5,7,9
typewriter,restricted,waste,False,wast,ORTHOGRAPHIC,,,5,35,2
typewriter,restricted,waste,False,wast,ORTHOGRAPHIC,,,5,35,1
typewriter,restricted,winner,False,wonne,ORTHOGRAPHIC,,,6,8,59
typewriter,restricted,aboard,False,afore,DERIVATIONAL,,undated,6,25,1
typewriter,restricted,absurd,False,absurda,ORTHOGRAPHIC,,,6,17,1
typewriter,restricted,absurd,False,absurde,ORTHOGRAPHIC,,,6,17,1
typewriter,restricted,absurd,False,absurdand,ORTHOGRAPHIC,,,6,17,1
typewriter,restricted,absurd,False,absurdde,ORTHOGRAPHIC,,,6,17,1
typewriter,restricted,bound,False,boundes,ORTHOGRAPHIC,,,5,42,1
typewriter,restricted,breeding,False,fractionating,INFLECTION,,,8,7,-1
typewriter,restricted,breeding,False,sintering,INFLECTION,,,8,7,-1
typewriter,restricted,cosmic,False,cosmical,ORTHOGRAPHIC,,,6,18,1
typewriter,restricted,credit,False,creditted,ORTHOGRAPHIC,,,6,64,8
typewriter,restricted,demon,False,dæmon,ORTHOGRAPHIC,,,5,9,1
typewriter,restricted,dorsal,False,dorsals,ORTHOGRAPHIC,,,6,0,2
typewriter,restricted,excellence,False,excellencie,ORTHOGRAPHIC,,,10,15,1
typewriter,restricted,fist,False,fiste,ORTHOGRAPHIC,,,4,25,12
typewriter,restricted,hemisphere,False,hemi,DERIVATIONAL,,undated,10,14,17
typewriter,restricted,loading,False,rejuicing,DERIVATIONAL,,undated,7,11,-1
typewriter,restricted,lymphocyte,True,lymphocytes,ORTHOGRAPHIC,,,10,0,32
typewriter,restricted,microscope,False,miscroscope,ORTHOGRAPHIC,,,10,8,1
typewriter,restricted,passing,False,passeing,ORTHOGRAPHIC,,,7,65,2
typewriter,restricted,polarization,False,polarizations,ORTHOGRAPHIC,,,12,6,1
typewriter,restricted,polarization,False,polariza,ORTHOGRAPHIC,,,12,6,1
typewriter,restricted,radial,False,radialia,ORTHOGRAPHIC,,,6,5,2
typewriter,restricted,responsive,False,responsives,ORTHOGRAPHIC,,,10,4,5
typewriter,restricted,sect,False,secte,ORTHOGRAPHIC,,,4,2,2
typewriter,restricted,speed,False,speede,ORTHOGRAPHIC,,,5,83,2
typewriter,restricted,stay,False,staye,ORTHOGRAPHIC,,,4,113,2
typewriter,restricted,straw,False,strawe,ORTHOGRAPHIC,,,5,15,1
typewriter,restricted,straw,False,strawa,ORTHOGRAPHIC,,,5,15,1
typewriter,restricted,supper,False,suger,ORTHOGRAPHIC,,,6,37,16
typewriter,restricted,ventilation,False,arterialization,DERIVATIONAL,,undated,11,6,-1
typewriter,restricted,vowel,False,vowell,ORTHOGRAPHIC,,,5,7,2
typewriter,restricted,vowel,False,vowells,ORTHOGRAPHIC,,,5,7,2
typewriter,restricted,vowel,False,vowes,ORTHOGRAPHIC,,,5,7,2
typewriter,restricted,affective,False,affectivity,DERIVATIONAL,,undated,9,0,5
typewriter,restricted,anniversary,False,anniversity,ORTHOGRAPHIC,,,11,21,1
typewriter,restricted,beard,False,beardes,ORTHOGRAPHIC,,,5,26,2
typewriter,restricted,cold,False,colde,ORTHOGRAPHIC,,,4,171,7
typewriter,restricted,combustion,False,combuftion,ORTHOGRAPHIC,,,10,12,1
typewriter,restricted,communism,False,marxianism,DERIVATIONAL,,undated,9,70,9
typewriter,restricted,critically,False,etymologically,DERIVATIONAL,,undated,10,5,1
typewriter,restricted,critically,False,philologically,DERIVATIONAL,,undated,10,5,1
typewriter,restricted,fairy,False,fairydom,ORTHOGRAPHIC,,,5,4,4
typewriter,restricted,host,False,hoft,ORTHOGRAPHIC,,,4,36,2
typewriter,restricted,infusion,False,infufion,ORTHOGRAPHIC,,,8,1,5
typewriter,restricted,inverse,False,invertend,DERIVATIONAL,,undated,7,5,5
typewriter,restricted,macro,False,macrographic,ORTHOGRAPHIC,,,5,0,1
typewriter,restricted,macro,False,macroorganisms,ORTHOGRAPHIC,,,5,0,1
typewriter,restricted,mechanic,False,mechan,ORTHOGRAPHIC,,,8,5,1
typewriter,restricted,mechanic,False,mechanists,INFLECTION,,,8,5,66
typewriter,restricted,mechanic,False,mechanicians,ORTHOGRAPHIC,,,8,5,66
typewriter,restricted,minus,False,minusas,ORTHOGRAPHIC,,,5,8,1
typewriter,restricted,negative,False,afirmative,DERIVATIONAL,,undated,8,53,1
typewriter,restricted,omission,False,ommission,ORTHOGRAPHIC,,,8,3,1
typewriter,restricted,parasite,False,parasit,ORTHOGRAPHIC,,,8,1,6
typewriter,restricted,parcel,False,parcell,ORTHOGRAPHIC,,,6,1,-1
typewriter,restricted,pastoral,False,pastorall,ORTHOGRAPHIC,,,8,6,9
typewriter,restricted,poison,False,pison,ORTHOGRAPHIC,,,6,10,2
typewriter,restricted,poison,False,pisen,ORTHOGRAPHIC,,,6,10,2
typewriter,restricted,poison,False,pisin,ORTHOGRAPHIC,,,6,10,2
typewriter,restricted,poison,False,pisen,ORTHOGRAPHIC,,,6,10,2
typewriter,restricted,reassure,False,reinsured,INFLECTION,,,8,1,-1
typewriter,restricted,replication,False,replicatio,ORTHOGRAPHIC,,,11,1,4
typewriter,restricted,sail,False,saile,ORTHOGRAPHIC,,,4,12,3
typewriter,restricted,sail,False,sailes,ORTHOGRAPHIC,,,4,12,3
typewriter,restricted,sail,False,saile,ORTHOGRAPHIC,,,4,12,27
typewriter,restricted,sail,False,sailes,ORTHOGRAPHIC,,,4,12,27
typewriter,restricted,silicon,False,silicum,ORTHOGRAPHIC,,,7,2,1
typewriter,restricted,still,False,stille,ORTHOGRAPHIC,,,5,782,1
typewriter,restricted,stool,False,stoole,ORTHOGRAPHIC,,,5,8,3
typewriter,restricted,stool,False,stoole,ORTHOGRAPHIC,,,5,8,-1
typewriter,restricted,stool,False,stoole,ORTHOGRAPHIC,,,5,8,35
typewriter,restricted,subdivision,False,subdivisionem,ORTHOGRAPHIC,,,11,11,-1
typewriter,restricted,subdivision,False,subdiuitionem,DERIVATIONAL,,undated,11,11,-1
typewriter,restricted,subdivision,False,subdiuisionem,DERIVATIONAL,,undated,11,11,-1
typewriter,restricted,subsistence,False,subsistences,ORTHOGRAPHIC,,,11,10,-1
typewriter,restricted,subsistence,False,subsistences,ORTHOGRAPHIC,,,11,10,62
typewriter,restricted,subsistence,False,subsistents,ORTHOGRAPHIC,,,11,10,62
typewriter,restricted,weep,False,weepe,ORTHOGRAPHIC,,,4,14,1
typewriter,restricted,witch,False,witcher,ORTHOGRAPHIC,,,5,5,1
typewriter,restricted,accessory,False,accessor,ORTHOGRAPHIC,,,9,1,1
typewriter,restricted,accessory,False,accesso,ORTHOGRAPHIC,,,9,1,1
typewriter,restricted,antenna,False,antennæ,ORTHOGRAPHIC,,,7,13,28
typewriter,restricted,cation,False,cathions,ORTHOGRAPHIC,,,6,0,53
typewriter,restricted,cation,False,kations,DERIVATIONAL,,undated,6,0,53
typewriter,restricted,congress,False,congrefs,ORTHOGRAPHIC,,,8,152,1
typewriter,restricted,congress,False,congres,ORTHOGRAPHIC,,,8,152,1
typewriter,restricted,crest,False,crista,ORTHOGRAPHIC,,,5,12,3
typewriter,restricted,gown,False,gownes,ORTHOGRAPHIC,,,4,16,-1
typewriter,restricted,imperfect,False,unperfect,DERIVATIONAL,,undated,9,4,1
typewriter,restricted,inn,False,inno,ORTHOGRAPHIC,,,3,9,1
typewriter,restricted,instant,False,inftant,ORTHOGRAPHIC,,,7,38,1
typewriter,restricted,lump,False,lumpe,ORTHOGRAPHIC,,,4,7,2
typewriter,restricted,mercury,False,mercurius,DERIVATIONAL,,undated,7,10,1
typewriter,restricted,mercury,False,mercur,ORTHOGRAPHIC,,,7,10,1
typewriter,restricted,millennium,False,millenium,ORTHOGRAPHIC,,,10,4,1
typewriter,restricted,pearl,False,pearle,ORTHOGRAPHIC,,,5,9,10
typewriter,restricted,pearl,False,pearles,ORTHOGRAPHIC,,,5,9,10
typewriter,restricted,permeability,False,permittivity,DERIVATIONAL,,undated,12,0,1
typewriter,restricted,permeability,False,permitivity,DERIVATIONAL,,undated,12,0,1
typewriter,restricted,permeability,False,permeivity,DERIVATIONAL,,undated,12,0,1
typewriter,restricted,physic,False,physicall,ORTHOGRAPHIC,,,6,0,52
typewriter,restricted,pin,False,pind,ORTHOGRAPHIC,,,3,16,-1
typewriter,restricted,profess,False,superioress,DERIVATIONAL,,undated,7,5,-1
typewriter,restricted,pulp,False,pulpa,ORTHOGRAPHIC,,,4,5,1
typewriter,restricted,push,False,pushings,ORTHOGRAPHIC,,,4,37,18
typewriter,restricted,recorder,False,recordor,ORTHOGRAPHIC,,,8,7,1
typewriter,restricted,reflective,False,reflectives,ORTHOGRAPHIC,,,10,6,2
typewriter,restricted,reflective,False,reflectives,ORTHOGRAPHIC,,,10,6,1
typewriter,restricted,regeneration,False,regenera,ORTHOGRAPHIC,,,12,1,1
typewriter,restricted,sanctuary,False,sanctuarie,ORTHOGRAPHIC,,,9,9,3
typewriter,restricted,sow,False,sowes,ORTHOGRAPHIC,,,3,3,9
typewriter,restricted,sow,False,soweth,ORTHOGRAPHIC,,,3,3,9
typewriter,restricted,sow,False,sowe,ORTHOGRAPHIC,,,3,3,9
typewriter,restricted,square,False,squar,ORTHOGRAPHIC,,,6,143,2
typewriter,restricted,suspect,False,suspectiue,ORTHOGRAPHIC,,,7,30,1
typewriter,restricted,suture,False,sutural,ORTHOGRAPHIC,,,6,0,1
typewriter,restricted,toxin,False,toxines,ORTHOGRAPHIC,,,5,1,22
typewriter,restricted,toxin,False,toxoids,INFLECTION,,,5,1,22
typewriter,restricted,unjust,False,injust,DERIVATIONAL,,undated,6,3,1
typewriter,restricted,unjust,False,unjuft,ORTHOGRAPHIC,,,6,3,1
typewriter,restricted,vertex,False,vertix,ORTHOGRAPHIC,,,6,19,1
typewriter,restricted,virgin,False,virgine,ORTHOGRAPHIC,,,6,35,1
typewriter,restricted,virgin,False,virgi,ORTHOGRAPHIC,,,6,35,1
typewriter,restricted,virgin,False,virgines,ORTHOGRAPHIC,,,6,35,1
typewriter,restricted,wax,False,waxe,ORTHOGRAPHIC,,,3,14,4
typewriter,restricted,adhesion,False,adhesions,ORTHOGRAPHIC,,,8,2,-1
typewriter,restricted,beat,False,beatin,ORTHOGRAPHIC,,,4,68,3
typewriter,restricted,foe,False,foc,ORTHOGRAPHIC,,,3,8,1
typewriter,restricted,franc,False,franes,ORTHOGRAPHIC,,,5,1,-1
typewriter,restricted,genetics,False,telics,DERIVATIONAL,,undated,8,0,27
typewriter,restricted,glow,False,glowe,ORTHOGRAPHIC,,,4,16,2
typewriter,restricted,idol,False,idola,ORTHOGRAPHIC,,,4,7,24
typewriter,restricted,lobby,False,lobb,ORTHOGRAPHIC,,,5,20,1
typewriter,restricted,low,False,lowd,ORTHOGRAPHIC,,,3,173,1
typewriter,restricted,low,False,lowa,ORTHOGRAPHIC,,,3,173,1
typewriter,restricted,martial,False,martiall,ORTHOGRAPHIC,,,7,0,1
typewriter,restricted,maturation,False,chylification,DERIVATIONAL,,undated,10,3,-1
typewriter,restricted,nitrate,False,nitrites,ORTHOGRAPHIC,,,7,3,77
typewriter,restricted,nitrate,False,nitrats,ORTHOGRAPHIC,,,7,3,77
typewriter,restricted,oblique,False,obliquus,ORTHOGRAPHIC,,,7,1,1
typewriter,restricted,oblique,False,obliquus,ORTHOGRAPHIC,,,7,1,99
typewriter,restricted,out,False,outers,ORTHOGRAPHIC,,,3,2097,2
typewriter,restricted,purport,False,proport,ORTHOGRAPHIC,,,7,2,-1
typewriter,restricted,rabbi,False,rabbies,ORTHOGRAPHIC,,,5,13,92
typewriter,restricted,rabbi,False,rabbins,ORTHOGRAPHIC,,,5,13,92
typewriter,restricted,retina,False,retinæ,ORTHOGRAPHIC,,,6,1,1
typewriter,restricted,rhyme,False,rhimes,ORTHOGRAPHIC,,,5,3,3
typewriter,restricted,rotor,False,rotator,ORTHOGRAPHIC,,,5,6,2
typewriter,restricted,seq,False,feq,DERIVATIONAL,,undated,3,0,1
typewriter,restricted,seq,False,seqq,ORTHOGRAPHIC,,,3,0,1
typewriter,restricted,seq,False,seqq,ORTHOGRAPHIC,,,3,0,1
typewriter,restricted,seq,False,sqq,ORTHOGRAPHIC,,,3,0,1
typewriter,restricted,seq,False,seg,ORTHOGRAPHIC,,,3,0,1
typewriter,restricted,seq,False,scq,ORTHOGRAPHIC,,,3,0,1
typewriter,restricted,shoot,False,shoote,ORTHOGRAPHIC,,,5,27,16
typewriter,restricted,shoot,False,shotte,ORTHOGRAPHIC,,,5,27,16
typewriter,restricted,starve,False,starvefully,ORTHOGRAPHIC,,,6,1,1
typewriter,restricted,stature,False,youre,DERIVATIONAL,,undated,7,15,-1
typewriter,restricted,suffrage,False,suffrages,ORTHOGRAPHIC,,,8,5,41
typewriter,restricted,suffrage,False,suffrages,ORTHOGRAPHIC,,,8,5,9
typewriter,restricted,suffrage,False,suffrages,ORTHOGRAPHIC,,,8,5,10
typewriter,restricted,supremacy,False,supremacyand,ORTHOGRAPHIC,,,9,5,1
typewriter,restricted,supremacy,False,supremacyis,ORTHOGRAPHIC,,,9,5,1
typewriter,restricted,supremacy,False,suprem,ORTHOGRAPHIC,,,9,5,1
typewriter,restricted,supremacy,False,supremacye,ORTHOGRAPHIC,,,9,5,1
typewriter,restricted,telegram,False,telegrapheme,DERIVATIONAL,,undated,8,8,3
typewriter,restricted,uranium,False,uranite,ORTHOGRAPHIC,,,7,6,12
typewriter,restricted,walking,False,wandring,DERIVATIONAL,,undated,7,54,26
typewriter,restricted,walking,False,walkinge,ORTHOGRAPHIC,,,7,54,26
typewriter,restricted,washing,False,shauing,DERIVATIONAL,,undated,7,44,1
typewriter,restricted,wrath,False,wraths,ORTHOGRAPHIC,,,5,9,-1
typewriter,restricted,wrong,False,wronge,ORTHOGRAPHIC,,,5,129,1
typewriter,restricted,wrong,False,wronge,ORTHOGRAPHIC,,,5,129,3
typewriter,restricted,activism,False,panpsychism,DERIVATIONAL,,undated,8,2,-1
typewriter,restricted,amplification,False,amplificationes,ORTHOGRAPHIC,,,13,2,20
typewriter,restricted,amplification,False,amplificatio,ORTHOGRAPHIC,,,13,2,20
typewriter,restricted,amplification,False,ampliations,DERIVATIONAL,,undated,13,2,20
typewriter,restricted,amplification,False,amplificacio,ORTHOGRAPHIC,,,13,2,20
typewriter,restricted,amplification,False,amplificacions,ORTHOGRAPHIC,,,13,2,20
typewriter,restricted,amplification,False,amplificare,DERIVATIONAL,,undated,13,2,20
typewriter,restricted,amplification,False,amplications,DERIVATIONAL,,undated,13,2,20
typewriter,restricted,amplification,False,amplicationes,DERIVATIONAL,,undated,13,2,20
typewriter,restricted,anion,False,cathion,DERIVATIONAL,,undated,5,1,1
typewriter,restricted,astronomy,False,astron,ORTHOGRAPHIC,,,9,24,1
typewriter,restricted,bosom,False,bofom,ORTHOGRAPHIC,,,5,8,9
typewriter,restricted,burst,False,burstings,ORTHOGRAPHIC,,,5,33,6
typewriter,restricted,crop,False,cropt,ORTHOGRAPHIC,,,4,20,-1
typewriter,restricted,crop,False,cropp,ORTHOGRAPHIC,,,4,20,-1
typewriter,restricted,crop,False,cropt,ORTHOGRAPHIC,,,4,20,-1
typewriter,restricted,dating,False,journalizing,DERIVATIONAL,,undated,6,4,-1
typewriter,restricted,denominator,False,denomina,ORTHOGRAPHIC,,,11,0,1
typewriter,restricted,diaphragm,False,diaphragmatic,ORTHOGRAPHIC,,,9,7,1
typewriter,restricted,dissent,False,dissention,ORTHOGRAPHIC,,,7,5,2
typewriter,restricted,excel,False,excell,ORTHOGRAPHIC,,,5,1,2
typewriter,restricted,gauge,False,gaue,ORTHOGRAPHIC,,,5,12,-1
typewriter,restricted,geology,False,palæontology,ORTHOGRAPHIC,,,7,5,1
typewriter,restricted,helium,False,coronium,DERIVATIONAL,,undated,6,15,2
typewriter,restricted,helium,False,nebulium,DERIVATIONAL,,undated,6,15,2
typewriter,restricted,hood,False,hoode,ORTHOGRAPHIC,,,4,7,2
typewriter,restricted,hood,False,hoodpe,ORTHOGRAPHIC,,,4,7,2
typewriter,restricted,hood,False,hoodde,ORTHOGRAPHIC,,,4,7,2
typewriter,restricted,hose,False,hosen,ORTHOGRAPHIC,,,4,9,1
typewriter,restricted,idiom,False,idioma,ORTHOGRAPHIC,,,5,7,1
typewriter,restricted,idiom,False,idiomes,ORTHOGRAPHIC,,,5,7,1
typewriter,restricted,idiom,False,idiome,ORTHOGRAPHIC,,,5,7,1
typewriter,restricted,inhibitory,False,depressory,DERIVATIONAL,,undated,10,2,7
typewriter,restricted,lakh,False,lakhs,ORTHOGRAPHIC,,,4,0,-1
typewriter,restricted,lantern,False,lanthorn,ORTHOGRAPHIC,,,7,13,1
typewriter,restricted,lava,False,lavas,ORTHOGRAPHIC,,,4,1,1
typewriter,restricted,modal,False,modally,ORTHOGRAPHIC,,,5,3,1
typewriter,restricted,owl,False,owle,ORTHOGRAPHIC,,,3,2,12
typewriter,restricted,painted,False,paintid,ORTHOGRAPHIC,,,7,40,1
typewriter,restricted,pardon,False,pardou,ORTHOGRAPHIC,,,6,8,1
typewriter,restricted,pluralism,False,monadism,DERIVATIONAL,,undated,9,1,2
typewriter,restricted,poise,False,poized,ORTHOGRAPHIC,,,5,6,28
typewriter,restricted,poise,False,pois,ORTHOGRAPHIC,,,5,6,28
typewriter,restricted,polypeptide,True,polypeptides,ORTHOGRAPHIC,,,11,0,31
typewriter,restricted,psychosis,True,neuropsychosis,DERIVATIONAL,,undated,9,0,1
typewriter,restricted,recede,False,retrocede,DERIVATIONAL,,undated,6,3,1
typewriter,restricted,redundant,False,vnpleasant,DERIVATIONAL,,undated,9,4,24
typewriter,restricted,running,False,runnings,ORTHOGRAPHIC,,,7,123,18
typewriter,restricted,shave,False,shav,ORTHOGRAPHIC,,,5,6,1
typewriter,restricted,shave,False,shavon,ORTHOGRAPHIC,,,5,6,1
typewriter,restricted,shave,False,shavin,ORTHOGRAPHIC,,,5,6,1
typewriter,restricted,shave,False,shavie,ORTHOGRAPHIC,,,5,6,1
typewriter,restricted,shave,False,shavo,ORTHOGRAPHIC,,,5,6,1
typewriter,restricted,slaughter,False,slaugh,ORTHOGRAPHIC,,,9,10,1
typewriter,restricted,socket,False,socketts,ORTHOGRAPHIC,,,6,3,15
typewriter,restricted,spindle,False,fpindle,DERIVATIONAL,,undated,7,8,1
typewriter,restricted,stake,False,stakee,ORTHOGRAPHIC,,,5,20,1
typewriter,restricted,stake,False,stak,ORTHOGRAPHIC,,,5,20,1
typewriter,restricted,stall,False,stalles,ORTHOGRAPHIC,,,5,18,2
typewriter,restricted,stall,False,stalle,ORTHOGRAPHIC,,,5,18,2
typewriter,restricted,stall,False,stalles,ORTHOGRAPHIC,,,5,18,20
typewriter,restricted,starvation,False,starvationthat,ORTHOGRAPHIC,,,10,7,1
typewriter,restricted,starvation,False,starvationpoint,ORTHOGRAPHIC,,,10,7,1
typewriter,restricted,starvation,False,starvationwhen,ORTHOGRAPHIC,,,10,7,1
typewriter,restricted,tag,False,tagg,ORTHOGRAPHIC,,,3,5,-1
typewriter,restricted,throw,False,throwes,ORTHOGRAPHIC,,,5,42,-1
typewriter,restricted,velvet,False,velvets,ORTHOGRAPHIC,,,6,4,7
typewriter,restricted,viability,False,germinability,DERIVATIONAL,,undated,9,3,3
typewriter,restricted,westward,False,downeward,DERIVATIONAL,,undated,8,8,84
typewriter,restricted,winding,False,windings,ORTHOGRAPHIC,,,7,9,54
typewriter,restricted,absurdity,False,absurditie,ORTHOGRAPHIC,,,9,8,4
typewriter,restricted,adore,False,adorne,ORTHOGRAPHIC,,,5,2,5
typewriter,restricted,analyser,False,analizer,ORTHOGRAPHIC,,,8,0,2
typewriter,restricted,analyser,False,analysing,INFLECTION,,,8,0,2
typewriter,restricted,anode,False,kathode,DERIVATIONAL,,undated,5,77,1
typewriter,restricted,chess,False,chesse,ORTHOGRAPHIC,,,5,3,86
typewriter,restricted,closeness,False,closenesses,ORTHOGRAPHIC,,,9,1,1
typewriter,restricted,companionship,False,companionhood,DERIVATIONAL,,undated,13,4,2
typewriter,restricted,companionship,False,companionage,DERIVATIONAL,,undated,13,4,2
typewriter,restricted,companionship,False,companioncy,DERIVATIONAL,,undated,13,4,2
typewriter,restricted,companionship,False,companionance,DERIVATIONAL,,undated,13,4,2
typewriter,restricted,dismay,False,dismayne,ORTHOGRAPHIC,,,6,5,1
typewriter,restricted,dogmatic,False,dogmatics,ORTHOGRAPHIC,,,8,4,67
typewriter,restricted,drunk,False,drunke,ORTHOGRAPHIC,,,5,37,3
typewriter,restricted,dualism,False,dualisin,ORTHOGRAPHIC,,,7,1,1
typewriter,restricted,dualism,False,dualis,ORTHOGRAPHIC,,,7,1,1
typewriter,restricted,duplication,False,duplicatio,ORTHOGRAPHIC,,,11,8,3
typewriter,restricted,endocrine,True,endocrinous,DERIVATIONAL,,undated,9,0,1
typewriter,restricted,endocrine,True,enterocrine,DERIVATIONAL,,undated,9,0,1
typewriter,restricted,endocrine,True,endocrast,DERIVATIONAL,,undated,9,0,1
typewriter,restricted,flock,False,flocke,ORTHOGRAPHIC,,,5,10,1
typewriter,restricted,flute,False,flutings,INFLECTION,,,5,1,-1
typewriter,restricted,foul,False,foule,ORTHOGRAPHIC,,,4,4,1
typewriter,restricted,gloom,False,glooms,ORTHOGRAPHIC,,,5,14,1
typewriter,restricted,gloom,False,gloomes,ORTHOGRAPHIC,,,5,14,1
typewriter,restricted,gloom,False,glooms,ORTHOGRAPHIC,,,5,14,1
typewriter,restricted,growing,False,feling,DERIVATIONAL,,undated,7,108,-1
typewriter,restricted,gulf,False,gulfe,ORTHOGRAPHIC,,,4,22,-1
typewriter,restricted,harness,False,harnesse,ORTHOGRAPHIC,,,7,10,90
typewriter,restricted,howl,False,howle,ORTHOGRAPHIC,,,4,4,-1
typewriter,restricted,humanism,False,socinianism,DERIVATIONAL,,undated,8,5,-1
typewriter,restricted,humanism,False,socinianism,DERIVATIONAL,,undated,8,5,-1
typewriter,restricted,hydroxide,True,hydroxidion,DERIVATIONAL,,undated,9,0,5
typewriter,restricted,ignite,False,igniton,ORTHOGRAPHIC,,,6,2,3
typewriter,restricted,ignite,False,ignis,ORTHOGRAPHIC,,,6,2,3
typewriter,restricted,ignite,False,ignit,ORTHOGRAPHIC,,,6,2,3
typewriter,restricted,insecure,False,unsecure,DERIVATIONAL,,undated,8,3,1
typewriter,restricted,integrate,False,integrale,ORTHOGRAPHIC,,,9,7,69
typewriter,restricted,inversely,False,inversoly,ORTHOGRAPHIC,,,9,5,1
typewriter,restricted,iris,False,irides,ORTHOGRAPHIC,,,4,0,1
typewriter,restricted,manhood,False,manhoode,ORTHOGRAPHIC,,,7,6,2
typewriter,restricted,manhood,False,manhead,ORTHOGRAPHIC,,,7,6,2
typewriter,restricted,manhood,False,manhoods,ORTHOGRAPHIC,,,7,6,1
typewriter,restricted,melanoma,True,melanotic,DERIVATIONAL,,undated,8,0,5
typewriter,restricted,memorize,False,memorie,ORTHOGRAPHIC,,,8,3,1
typewriter,restricted,mend,False,mendeds,ORTHOGRAPHIC,,,4,2,54
typewriter,restricted,mend,False,amende,DERIVATIONAL,,undated,4,2,-1
typewriter,restricted,mineral,False,minerall,ORTHOGRAPHIC,,,7,12,1
typewriter,restricted,mineral,False,minera,ORTHOGRAPHIC,,,7,12,1
typewriter,restricted,mischief,False,mischiefs,ORTHOGRAPHIC,,,8,5,3
typewriter,restricted,mysticism,False,conservativeism,DERIVATIONAL,,undated,9,2,50
typewriter,restricted,neurosis,False,neuropathic,DERIVATIONAL,,undated,8,6,12
typewriter,restricted,nucleic,False,nucleo,ORTHOGRAPHIC,,,7,1,9
typewriter,restricted,oracle,False,myracle,DERIVATIONAL,,undated,6,2,-1
typewriter,restricted,oracle,False,oracula,ORTHOGRAPHIC,,,6,2,-1
typewriter,restricted,ornamental,False,ornamentals,ORTHOGRAPHIC,,,10,0,1
typewriter,restricted,prop,False,proppe,ORTHOGRAPHIC,,,4,4,1
typewriter,restricted,rack,False,racke,ORTHOGRAPHIC,,,4,9,1
typewriter,restricted,rehearse,False,rehersed,ORTHOGRAPHIC,,,8,1,43
typewriter,restricted,rehearse,False,rehearced,ORTHOGRAPHIC,,,8,1,43
typewriter,restricted,relocation,False,reconduction,DERIVATIONAL,,undated,10,1,1
typewriter,restricted,remission,False,remissionand,ORTHOGRAPHIC,,,9,0,1
typewriter,restricted,roar,False,roarin,ORTHOGRAPHIC,,,4,13,1
typewriter,restricted,roar,False,roari,ORTHOGRAPHIC,,,4,13,1
typewriter,restricted,roar,False,roarin,ORTHOGRAPHIC,,,4,13,1
typewriter,restricted,roar,False,roaro,ORTHOGRAPHIC,,,4,13,1
typewriter,restricted,roar,False,roara,ORTHOGRAPHIC,,,4,13,1
typewriter,restricted,roar,False,roary,ORTHOGRAPHIC,,,4,13,1
typewriter,restricted,scalp,False,scalpe,ORTHOGRAPHIC,,,5,4,1
typewriter,restricted,scalp,False,scal,ORTHOGRAPHIC,,,5,4,2
typewriter,restricted,scalp,False,scalis,ORTHOGRAPHIC,,,5,4,2
typewriter,restricted,scarlet,False,scarlets,ORTHOGRAPHIC,,,7,3,26
typewriter,restricted,selectivity,False,selectiveness,DERIVATIONAL,,undated,11,1,4
typewriter,restricted,sonnet,False,songe,ORTHOGRAPHIC,,,6,3,32
typewriter,restricted,sunrise,False,sunrising,INFLECTION,,,7,10,1
typewriter,restricted,synonym,False,synonyme,ORTHOGRAPHIC,,,7,3,1
typewriter,restricted,synonym,False,synonymes,ORTHOGRAPHIC,,,7,3,-1
typewriter,restricted,tensor,False,versor,DERIVATIONAL,,undated,6,0,2
typewriter,restricted,thrombosis,True,thrombi,INFLECTION,,,10,1,2
typewriter,restricted,triad,False,trias,ORTHOGRAPHIC,,,5,1,1
typewriter,restricted,untouched,False,unvisited,DERIVATIONAL,,undated,9,9,4
typewriter,restricted,wet,False,wete,ORTHOGRAPHIC,,,3,53,13
typewriter,restricted,wet,False,wete,ORTHOGRAPHIC,,,3,53,1
typewriter,restricted,woe,False,woc,ORTHOGRAPHIC,,,3,5,1
typewriter,restricted,woe,False,wooe,ORTHOGRAPHIC,,,3,5,1
typewriter,restricted,woe,False,woee,ORTHOGRAPHIC,,,3,5,1
typewriter,restricted,yoga,False,yog,ORTHOGRAPHIC,,,4,1,2
typewriter,restricted,abbey,False,abbies,ORTHOGRAPHIC,,,5,7,8
typewriter,restricted,abbey,False,abbies,ORTHOGRAPHIC,,,5,7,9
typewriter,restricted,abyss,False,abysse,ORTHOGRAPHIC,,,5,4,1
typewriter,restricted,abyss,False,abysme,ORTHOGRAPHIC,,,5,4,1
typewriter,restricted,accretion,False,aggradation,DERIVATIONAL,,undated,9,3,-1
typewriter,restricted,accretion,False,infixation,DERIVATIONAL,,undated,9,3,-1
typewriter,restricted,accretion,False,reliction,DERIVATIONAL,,undated,9,3,4
typewriter,restricted,adenosine,True,adenyosine,ORTHOGRAPHIC,,,9,0,3
typewriter,restricted,adenosine,True,adenin,DERIVATIONAL,,undated,9,0,3
typewriter,restricted,adrenaline,True,adrenin,DERIVATIONAL,,undated,10,0,11
typewriter,restricted,aft,False,afte,ORTHOGRAPHIC,,,3,5,2
typewriter,restricted,alveolus,False,alveolo,ORTHOGRAPHIC,,,8,1,1
typewriter,restricted,alveolus,False,alveola,ORTHOGRAPHIC,,,8,1,1
typewriter,restricted,alveolus,False,alveole,ORTHOGRAPHIC,,,8,1,1
typewriter,restricted,ambush,False,ambushe,ORTHOGRAPHIC,,,6,7,2
typewriter,restricted,ambush,False,ambushment,ORTHOGRAPHIC,,,6,7,2
typewriter,restricted,aphid,False,aphides,ORTHOGRAPHIC,,,5,0,-1
typewriter,restricted,axle,False,axie,ORTHOGRAPHIC,,,4,5,1
typewriter,restricted,bent,False,benthe,ORTHOGRAPHIC,,,4,34,1
typewriter,restricted,bent,False,bente,ORTHOGRAPHIC,,,4,34,1
typewriter,restricted,bent,False,benta,ORTHOGRAPHIC,,,4,34,1
typewriter,restricted,breaking,False,hybridising,INFLECTION,,,8,25,-1
typewriter,restricted,brood,False,broode,ORTHOGRAPHIC,,,5,9,1
typewriter,restricted,buff,False,buffe,ORTHOGRAPHIC,,,4,5,-1
typewriter,restricted,calling,False,callyng,ORTHOGRAPHIC,,,7,45,37
typewriter,restricted,calling,False,callynge,ORTHOGRAPHIC,,,7,45,37
typewriter,restricted,centrifugal,False,centrifu,ORTHOGRAPHIC,,,11,1,1
typewriter,restricted,centrifugal,False,centripedal,DERIVATIONAL,,undated,11,1,1
typewriter,restricted,cholinergic,True,cholinegic,ORTHOGRAPHIC,,,11,0,-1
typewriter,restricted,consortium,True,servitium,DERIVATIONAL,,undated,10,0,1
typewriter,restricted,consortium,True,consortes,INFLECTION,,,10,0,1
typewriter,restricted,consortium,True,matrimonium,DERIVATIONAL,,undated,10,0,1
typewriter,restricted,consortium,True,consortem,ORTHOGRAPHIC,,,10,0,1
typewriter,restricted,convergent,False,converg,ORTHOGRAPHIC,,,10,0,1
typewriter,restricted,determinate,False,determinables,INFLECTION,,,11,1,27
typewriter,restricted,dharma,False,dhamma,ORTHOGRAPHIC,,,6,1,7
typewriter,restricted,disagreeable,False,disagreeables,ORTHOGRAPHIC,,,12,1,1
typewriter,restricted,disagreeable,False,agreeables,INFLECTION,,,12,1,1
typewriter,restricted,disagreeable,False,disagreables,ORTHOGRAPHIC,,,12,1,1
typewriter,restricted,drummer,True,drummes,ORTHOGRAPHIC,,,7,2,-1
typewriter,restricted,dung,False,dunghills,ORTHOGRAPHIC,,,4,2,95
typewriter,restricted,easement,False,easements,ORTHOGRAPHIC,,,8,2,17
typewriter,restricted,empiricism,False,hegelianism,DERIVATIONAL,,undated,10,2,1
typewriter,restricted,festivity,False,festivall,DERIVATIONAL,,undated,9,0,30
typewriter,restricted,filth,False,foules,INFLECTION,,,5,2,-1
typewriter,restricted,forceps,False,forcep,ORTHOGRAPHIC,,,7,0,1
typewriter,restricted,fro,False,froe,ORTHOGRAPHIC,,,3,0,1
typewriter,restricted,galley,False,gallies,ORTHOGRAPHIC,,,6,4,14
typewriter,restricted,genotype,False,homotype,DERIVATIONAL,,undated,8,0,16
typewriter,restricted,gin,False,ginnery,ORTHOGRAPHIC,,,3,23,3
typewriter,restricted,gin,False,ginneries,ORTHOGRAPHIC,,,3,23,3
typewriter,restricted,globulin,False,globulins,ORTHOGRAPHIC,,,8,4,-1
typewriter,restricted,glycol,False,glycols,ORTHOGRAPHIC,,,6,2,50
typewriter,restricted,husbandry,False,husbandmen,DERIVATIONAL,,undated,9,2,1
typewriter,restricted,husbandry,False,husbandlike,DERIVATIONAL,,undated,9,2,1
typewriter,restricted,husbandry,False,husbandrie,ORTHOGRAPHIC,,,9,2,1
typewriter,restricted,hydroxyl,True,hydroxyle,ORTHOGRAPHIC,,,8,0,1
typewriter,restricted,kingship,False,kingships,ORTHOGRAPHIC,,,8,0,-1
typewriter,restricted,labyrinth,False,labyrinthus,ORTHOGRAPHIC,,,9,1,29
typewriter,restricted,larynx,False,laryngo,ORTHOGRAPHIC,,,6,0,1
typewriter,restricted,lotus,False,lotos,ORTHOGRAPHIC,,,5,1,2
typewriter,restricted,lotus,False,lotos,ORTHOGRAPHIC,,,5,1,1
typewriter,restricted,lowest,False,lowst,ORTHOGRAPHIC,,,6,13,1
typewriter,restricted,lowest,False,loweste,ORTHOGRAPHIC,,,6,13,1
typewriter,restricted,magnetism,False,magnetical,DERIVATIONAL,,undated,9,8,1
typewriter,restricted,mama,False,mauma,ORTHOGRAPHIC,,,4,44,11
typewriter,restricted,match,False,matchlocks,ORTHOGRAPHIC,,,5,41,4
typewriter,restricted,mathematic,False,mathematici,ORTHOGRAPHIC,,,10,0,-1
typewriter,restricted,microcosm,False,microcos,ORTHOGRAPHIC,,,9,3,1
typewriter,restricted,microcosm,False,microcosin,ORTHOGRAPHIC,,,9,3,1
typewriter,restricted,microcosm,False,microcosmos,ORTHOGRAPHIC,,,9,3,1
typewriter,restricted,microcosm,False,microcosmus,ORTHOGRAPHIC,,,9,3,1
typewriter,restricted,misuse,False,misusinge,DERIVATIONAL,,undated,6,5,-1
typewriter,restricted,mute,False,mutei,ORTHOGRAPHIC,,,4,3,1
typewriter,restricted,myosin,False,myrosin,ORTHOGRAPHIC,,,6,1,1
typewriter,restricted,myosin,False,myosinogen,ORTHOGRAPHIC,,,6,1,1
typewriter,restricted,napkin,False,napkinthe,ORTHOGRAPHIC,,,6,3,1
typewriter,restricted,napkin,False,napkinand,ORTHOGRAPHIC,,,6,3,1
typewriter,restricted,napkin,False,napkina,ORTHOGRAPHIC,,,6,3,1
typewriter,restricted,napkin,False,napron,ORTHOGRAPHIC,,,6,3,1
typewriter,restricted,nay,False,naye,ORTHOGRAPHIC,,,3,2,1
typewriter,restricted,nay,False,nayt,ORTHOGRAPHIC,,,3,2,1
typewriter,restricted,nay,False,nayes,ORTHOGRAPHIC,,,3,2,-1
typewriter,restricted,nay,False,naye,ORTHOGRAPHIC,,,3,2,1
typewriter,restricted,nay,False,naye,ORTHOGRAPHIC,,,3,2,1
typewriter,restricted,nay,False,naye,ORTHOGRAPHIC,,,3,2,1
typewriter,restricted,neutrophil,False,oxyphile,DERIVATIONAL,,undated,10,0,42
typewriter,restricted,neutrophil,False,chromophile,DERIVATIONAL,,undated,10,0,42
typewriter,restricted,oar,False,oares,ORTHOGRAPHIC,,,3,0,-1
typewriter,restricted,obituary,False,obitual,ORTHOGRAPHIC,,,8,0,2
typewriter,restricted,oldest,False,myghtiest,DERIVATIONAL,,undated,6,14,-1
typewriter,restricted,oldest,False,myghtyest,DERIVATIONAL,,undated,6,14,-1
typewriter,restricted,oldest,False,myghtest,DERIVATIONAL,,undated,6,14,-1
typewriter,restricted,opacity,False,subtility,DERIVATIONAL,,undated,7,0,30
typewriter,restricted,oratory,False,oratoire,ORTHOGRAPHIC,,,7,3,1
typewriter,restricted,oratory,False,oratoires,DERIVATIONAL,,undated,7,3,1
typewriter,restricted,oratory,False,oratoire,ORTHOGRAPHIC,,,7,3,1
typewriter,restricted,orient,False,irridescent,DERIVATIONAL,,undated,6,4,-1
typewriter,restricted,overtone,False,overtonic,ORTHOGRAPHIC,,,8,0,3
typewriter,restricted,overtone,False,overtoned,ORTHOGRAPHIC,,,8,0,3
typewriter,restricted,palsy,False,palesy,ORTHOGRAPHIC,,,5,2,5
typewriter,restricted,palsy,False,palysy,ORTHOGRAPHIC,,,5,2,5
typewriter,restricted,palsy,False,palsey,ORTHOGRAPHIC,,,5,2,5
typewriter,restricted,palsy,False,paly,ORTHOGRAPHIC,,,5,2,5
typewriter,restricted,parenchyma,False,parenchymatous,ORTHOGRAPHIC,,,10,4,1
typewriter,restricted,parenchyma,False,parenchym,ORTHOGRAPHIC,,,10,4,1
typewriter,restricted,parietal,False,parietals,ORTHOGRAPHIC,,,8,0,6
typewriter,restricted,peroxide,True,protoxide,DERIVATIONAL,,undated,8,2,2
typewriter,restricted,peroxide,True,sesquioxide,DERIVATIONAL,,undated,8,2,2
typewriter,restricted,phenol,False,phenic,ORTHOGRAPHIC,,,6,0,1
typewriter,restricted,phenol,False,phenylic,DERIVATIONAL,,undated,6,0,1
typewriter,restricted,pleading,False,pleadings,ORTHOGRAPHIC,,,8,12,3
typewriter,restricted,positron,True,nepentron,DERIVATIONAL,,undated,8,0,-1
typewriter,restricted,pragmatism,False,hegelianism,DERIVATIONAL,,undated,10,2,3
typewriter,restricted,prey,False,preye,ORTHOGRAPHIC,,,4,7,1
typewriter,restricted,prey,False,preyes,ORTHOGRAPHIC,,,4,7,1
typewriter,restricted,prey,False,preyse,ORTHOGRAPHIC,,,4,7,1
typewriter,restricted,radicalism,False,whiggism,DERIVATIONAL,,undated,10,4,1
typewriter,restricted,radicalism,False,toryism,DERIVATIONAL,,undated,10,4,1
typewriter,restricted,radiograph,True,actinograph,DERIVATIONAL,,undated,10,0,-1
typewriter,restricted,rap,False,drap,DERIVATIONAL,,undated,3,2,-1
typewriter,restricted,recessive,False,recessant,DERIVATIONAL,,undated,9,0,1
typewriter,restricted,recessive,False,recessivo,ORTHOGRAPHIC,,,9,0,1
typewriter,restricted,recessive,False,recessived,ORTHOGRAPHIC,,,9,0,1
typewriter,restricted,recessive,False,recessal,DERIVATIONAL,,undated,9,0,1
typewriter,restricted,refraction,False,refractions,ORTHOGRAPHIC,,,10,1,2
typewriter,restricted,remittance,False,remittall,DERIVATIONAL,,undated,10,0,1
typewriter,restricted,remittance,False,remitter,DERIVATIONAL,,undated,10,0,1
typewriter,restricted,rented,False,rentes,ORTHOGRAPHIC,,,6,7,-1
typewriter,restricted,reprisal,False,reprizalls,DERIVATIONAL,,undated,8,3,38
typewriter,restricted,reprisal,False,reprizall,ORTHOGRAPHIC,,,8,3,38
typewriter,restricted,reprisal,False,reprizal,ORTHOGRAPHIC,,,8,3,38
typewriter,restricted,retrograde,False,retrogade,ORTHOGRAPHIC,,,10,3,1
typewriter,restricted,riding,False,goying,DERIVATIONAL,,undated,6,45,37
typewriter,restricted,roadway,False,footway,DERIVATIONAL,,undated,7,5,2
typewriter,restricted,ruled,False,ruleda,ORTHOGRAPHIC,,,5,31,1
typewriter,restricted,ruled,False,ruledin,ORTHOGRAPHIC,,,5,31,1
typewriter,restricted,schism,False,schisme,ORTHOGRAPHIC,,,6,1,5
typewriter,restricted,schism,False,schisin,ORTHOGRAPHIC,,,6,1,1
typewriter,restricted,schism,False,schisma,ORTHOGRAPHIC,,,6,1,1
typewriter,restricted,scholastic,False,scholasticus,ORTHOGRAPHIC,,,10,9,-1
typewriter,restricted,scorn,False,scorne,ORTHOGRAPHIC,,,5,4,1
typewriter,restricted,sealed,False,fealed,INFLECTION,,,6,13,1
typewriter,restricted,sealed,False,sealede,ORTHOGRAPHIC,,,6,13,1
typewriter,restricted,self-conscious,False,selfconscious,ORTHOGRAPHIC,,,14,5,-1
typewriter,restricted,semblance,False,semblant,ORTHOGRAPHIC,,,9,2,-1
typewriter,restricted,semblance,False,semblants,ORTHOGRAPHIC,,,9,2,-1
typewriter,restricted,semblance,False,semblaunt,DERIVATIONAL,,undated,9,2,-1
typewriter,restricted,septic,False,escharotic,DERIVATIONAL,,undated,6,3,-1
typewriter,restricted,siren,False,syrens,ORTHOGRAPHIC,,,5,1,4
typewriter,restricted,slain,False,slan,ORTHOGRAPHIC,,,5,0,46
typewriter,restricted,slain,False,slaine,ORTHOGRAPHIC,,,5,0,46
typewriter,restricted,south-east,False,southcast,ORTHOGRAPHIC,,,10,1,-1
typewriter,restricted,spa,False,spaw,ORTHOGRAPHIC,,,3,2,6
typewriter,restricted,spent,False,spente,ORTHOGRAPHIC,,,5,104,1
typewriter,restricted,spent,False,spente,ORTHOGRAPHIC,,,5,104,1
typewriter,restricted,spoil,False,spoile,ORTHOGRAPHIC,,,5,3,36
typewriter,restricted,spoil,False,spoyle,ORTHOGRAPHIC,,,5,3,36
typewriter,restricted,stew,False,stewes,ORTHOGRAPHIC,,,4,5,3
typewriter,restricted,sting,False,stinges,ORTHOGRAPHIC,,,5,5,2
typewriter,restricted,subscript,False,subscriptum,ORTHOGRAPHIC,,,9,0,2
typewriter,restricted,subscript,False,subscriptus,ORTHOGRAPHIC,,,9,0,2
typewriter,restricted,subterranean,False,subterraneans,ORTHOGRAPHIC,,,12,0,2
typewriter,restricted,subterranean,False,subterrene,DERIVATIONAL,,undated,12,0,2
typewriter,restricted,supine,False,supinated,INFLECTION,,,6,1,1
typewriter,restricted,swan,False,swyn,ORTHOGRAPHIC,,,4,3,1
typewriter,restricted,swan,False,swanne,ORTHOGRAPHIC,,,4,3,1
typewriter,restricted,swan,False,swaine,ORTHOGRAPHIC,,,4,3,1
typewriter,restricted,tactile,False,tactiles,ORTHOGRAPHIC,,,7,2,-1
typewriter,restricted,taker,False,takeer,ORTHOGRAPHIC,,,5,0,1
typewriter,restricted,testator,False,testators,ORTHOGRAPHIC,,,8,0,1
typewriter,restricted,toad,False,toade,ORTHOGRAPHIC,,,4,4,2
typewriter,restricted,transitive,False,transmissive,DERIVATIONAL,,undated,10,0,1
typewriter,restricted,triglyceride,True,trihydric,DERIVATIONAL,,undated,12,0,-1
typewriter,restricted,triglyceride,True,glycerides,INFLECTION,,,12,0,-1
typewriter,restricted,triglyceride,True,triacid,DERIVATIONAL,,undated,12,0,-1
typewriter,restricted,triglyceride,True,glycerides,INFLECTION,,,12,0,-1
typewriter,restricted,trillion,False,trillo,ORTHOGRAPHIC,,,8,1,10
typewriter,restricted,trim,False,trimme,ORTHOGRAPHIC,,,4,20,2
typewriter,restricted,trot,False,trotte,ORTHOGRAPHIC,,,4,12,3
typewriter,restricted,tubercle,False,tubercules,ORTHOGRAPHIC,,,8,0,29
typewriter,restricted,turning,False,imploying,DERIVATIONAL,,undated,7,75,56
typewriter,restricted,tyre,False,tyres,ORTHOGRAPHIC,,,4,0,1
typewriter,restricted,unjustified,False,unimpeached,DERIVATIONAL,,undated,11,1,-1
typewriter,restricted,valour,False,valure,ORTHOGRAPHIC,,,6,0,35
typewriter,restricted,valour,False,valoure,ORTHOGRAPHIC,,,6,0,35
typewriter,restricted,vigilance,False,vigilancie,ORTHOGRAPHIC,,,9,4,8
typewriter,restricted,well,False,dwelle,DERIVATIONAL,,undated,4,897,-1
typewriter,restricted,wrest,False,wreste,ORTHOGRAPHIC,,,5,1,1
typewriter,restricted,wring,False,wronge,ORTHOGRAPHIC,,,5,2,16
typewriter,restricted,wring,False,wringeth,ORTHOGRAPHIC,,,5,2,16
typewriter,restricted,wring,False,wringed,ORTHOGRAPHIC,,,5,2,16
typewriter,restricted,academically,False,philologically,DERIVATIONAL,,undated,12,5,4
typewriter,restricted,adenine,True,trypsine,DERIVATIONAL,,undated,7,0,41
typewriter,restricted,algal,False,algæal,ORTHOGRAPHIC,,,5,0,1
typewriter,restricted,amiss,False,amisse,ORTHOGRAPHIC,,,5,2,2
typewriter,restricted,amorous,False,vertuous,DERIVATIONAL,,undated,7,2,-1
typewriter,restricted,amorous,False,vitious,DERIVATIONAL,,undated,7,2,-1
typewriter,restricted,arteriole,False,arterioles,ORTHOGRAPHIC,,,9,0,17
typewriter,restricted,atheism,False,atheisme,ORTHOGRAPHIC,,,7,0,12
typewriter,restricted,balk,False,balkt,ORTHOGRAPHIC,,,4,0,22
typewriter,restricted,baton,False,bâton,ORTHOGRAPHIC,,,5,10,4
typewriter,restricted,biosphere,False,petrosphere,DERIVATIONAL,,undated,9,0,1
typewriter,restricted,biosphere,False,centrosphere,DERIVATIONAL,,undated,9,0,1
typewriter,restricted,biosphere,False,geospheres,INFLECTION,,,9,0,1
typewriter,restricted,blur,False,blurrs,ORTHOGRAPHIC,,,4,3,-1
typewriter,restricted,brim,False,brimme,ORTHOGRAPHIC,,,4,4,1
typewriter,restricted,brim,False,brimm,ORTHOGRAPHIC,,,4,4,1
typewriter,restricted,brim,False,brimde,ORTHOGRAPHIC,,,4,4,1
typewriter,restricted,brunt,False,brunts,ORTHOGRAPHIC,,,5,1,-1
typewriter,restricted,caribou,False,cariboo,ORTHOGRAPHIC,,,7,0,1
typewriter,restricted,catalysis,True,catalysation,DERIVATIONAL,,undated,9,0,1
typewriter,restricted,catholic,False,catholici,ORTHOGRAPHIC,,,8,84,-1
typewriter,restricted,catholic,False,catholicorum,ORTHOGRAPHIC,,,8,84,-1
typewriter,restricted,chagrin,False,shagrin,DERIVATIONAL,,undated,7,4,-1
typewriter,restricted,choline,True,hypoxanthine,DERIVATIONAL,,undated,7,0,1
typewriter,restricted,choline,True,cholin,ORTHOGRAPHIC,,,7,0,1
typewriter,restricted,choline,True,cholic,ORTHOGRAPHIC,,,7,0,1
typewriter,restricted,choline,True,dyslysine,DERIVATIONAL,,undated,7,0,1
typewriter,restricted,citrate,False,molybdate,DERIVATIONAL,,undated,7,0,1
typewriter,restricted,citrate,False,citrates,ORTHOGRAPHIC,,,7,0,1
typewriter,restricted,clout,False,clowte,ORTHOGRAPHIC,,,5,1,11
typewriter,restricted,clout,False,cloute,ORTHOGRAPHIC,,,5,1,11
typewriter,restricted,cocoon,False,cocon,ORTHOGRAPHIC,,,6,3,1
typewriter,restricted,corporal,False,caporal,ORTHOGRAPHIC,,,8,4,61
typewriter,restricted,corpuscle,False,corpuscules,ORTHOGRAPHIC,,,9,0,31
typewriter,restricted,daze,False,dazell,ORTHOGRAPHIC,,,4,0,2
typewriter,restricted,debugging,False,rehousing,INFLECTION,,,9,0,-1
typewriter,restricted,diphtheria,False,diphtheritis,DERIVATIONAL,,undated,10,0,1
typewriter,restricted,diphtheria,False,diphtheritis,DERIVATIONAL,,undated,10,0,1
typewriter,restricted,diphtheria,False,diphtheritic,DERIVATIONAL,,undated,10,0,1
typewriter,restricted,down,False,downts,ORTHOGRAPHIC,,,4,895,7
typewriter,restricted,down,False,downt,ORTHOGRAPHIC,,,4,895,7
typewriter,restricted,duet,False,duett,ORTHOGRAPHIC,,,4,1,1
typewriter,restricted,dynamite,False,melinite,DERIVATIONAL,,undated,8,5,4
typewriter,restricted,ebb,False,cbb,DERIVATIONAL,,undated,3,1,1
typewriter,restricted,ecologically,False,botanically,DERIVATIONAL,,undated,12,0,15
typewriter,restricted,empiricist,False,experimentalist,DERIVATIONAL,,undated,10,0,6
typewriter,restricted,empiricist,False,experimentalist,DERIVATIONAL,,undated,10,0,1
typewriter,restricted,endoscopic,False,endospic,ORTHOGRAPHIC,,,10,0,4
typewriter,restricted,endoscopic,False,endospheric,DERIVATIONAL,,undated,10,0,4
typewriter,restricted,endoscopic,False,inoscopic,DERIVATIONAL,,undated,10,0,4
typewriter,restricted,endoscopic,False,endosmic,DERIVATIONAL,,undated,10,0,4
typewriter,restricted,endotoxin,False,endotoxins,ORTHOGRAPHIC,,,9,0,8
typewriter,restricted,expectant,False,expectants,ORTHOGRAPHIC,,,9,3,33
typewriter,restricted,ferric,False,ferrosoferric,DERIVATIONAL,,undated,6,0,1
typewriter,restricted,ferric,False,ferro,ORTHOGRAPHIC,,,6,0,1
typewriter,restricted,ferric,False,ferri,ORTHOGRAPHIC,,,6,0,1
typewriter,restricted,ferrite,False,leucite,DERIVATIONAL,,undated,7,0,-1
typewriter,restricted,ferrite,False,zoisite,DERIVATIONAL,,undated,7,0,-1
typewriter,restricted,ferrite,False,sericite,DERIVATIONAL,,undated,7,0,40
typewriter,restricted,fibril,False,fibres,ORTHOGRAPHIC,,,6,0,-1
typewriter,restricted,fibril,False,fibres,ORTHOGRAPHIC,,,6,0,-1
typewriter,restricted,fibril,False,fibrils,ORTHOGRAPHIC,,,6,0,-1
typewriter,restricted,fore,False,forthe,ORTHOGRAPHIC,,,4,6,2
typewriter,restricted,fresco,False,freshe,ORTHOGRAPHIC,,,6,8,-1
typewriter,restricted,fugue,False,fugge,ORTHOGRAPHIC,,,5,0,1
typewriter,restricted,glee,False,glees,ORTHOGRAPHIC,,,4,3,59
typewriter,restricted,glee,False,gleesome,ORTHOGRAPHIC,,,4,3,59
typewriter,restricted,glittering,False,glitterings,ORTHOGRAPHIC,,,10,6,21
typewriter,restricted,going,False,goers,INFLECTION,,,5,399,17
typewriter,restricted,gust,False,gustes,ORTHOGRAPHIC,,,4,2,2
typewriter,restricted,gust,False,guste,ORTHOGRAPHIC,,,4,2,2
typewriter,restricted,hyperbolic,False,hyberbolic,ORTHOGRAPHIC,,,10,2,1
typewriter,restricted,hypha,False,hyphæ,ORTHOGRAPHIC,,,5,0,18
typewriter,restricted,identically,False,corporally,DERIVATIONAL,,undated,11,1,-1
typewriter,restricted,incarnate,False,eate,DERIVATIONAL,,undated,9,2,17
typewriter,restricted,incongruous,False,discongruous,DERIVATIONAL,,undated,11,1,1
typewriter,restricted,infarct,False,infarctus,ORTHOGRAPHIC,,,7,1,1
typewriter,restricted,infarct,False,infarcted,ORTHOGRAPHIC,,,7,1,1
typewriter,restricted,intern,False,interni,ORTHOGRAPHIC,,,6,2,28
typewriter,restricted,jugular,False,jugulares,ORTHOGRAPHIC,,,7,0,1
typewriter,restricted,levee,False,levée,ORTHOGRAPHIC,,,5,1,2
typewriter,restricted,lignin,False,lignine,ORTHOGRAPHIC,,,6,0,3
typewriter,restricted,liposome,False,lipo,DERIVATIONAL,,undated,8,0,-1
typewriter,restricted,liposome,False,lipochrome,DERIVATIONAL,,undated,8,0,-1
typewriter,restricted,liposome,False,lipin,DERIVATIONAL,,undated,8,0,-1
typewriter,restricted,lotion,False,levigation,DERIVATIONAL,,undated,6,8,-1
typewriter,restricted,lotion,False,torrefaction,DERIVATIONAL,,undated,6,8,-1
typewriter,restricted,lotion,False,trituration,DERIVATIONAL,,undated,6,8,-1
typewriter,restricted,moraine,True,morain,ORTHOGRAPHIC,,,7,0,1
typewriter,restricted,moralist,False,formalist,DERIVATIONAL,,undated,8,2,31
typewriter,restricted,mouthful,False,mouthfull,ORTHOGRAPHIC,,,8,3,42
typewriter,restricted,mummy,False,pummy,DERIVATIONAL,,undated,5,0,72
typewriter,restricted,mutton,False,muttons,ORTHOGRAPHIC,,,6,8,42
typewriter,restricted,naught,False,noght,ORTHOGRAPHIC,,,6,2,6
typewriter,restricted,naught,False,noughte,ORTHOGRAPHIC,,,6,2,6
typewriter,restricted,naught,False,noughte,ORTHOGRAPHIC,,,6,2,2
typewriter,restricted,nitrite,False,nitrites,ORTHOGRAPHIC,,,7,0,4
typewriter,restricted,papillary,False,papillæ,ORTHOGRAPHIC,,,9,1,7
typewriter,restricted,papillary,False,papille,DERIVATIONAL,,undated,9,1,7
typewriter,restricted,papillary,False,papillas,ORTHOGRAPHIC,,,9,1,7
typewriter,restricted,peg,False,pegg,ORTHOGRAPHIC,,,3,4,1
typewriter,restricted,perusal,False,perusall,ORTHOGRAPHIC,,,7,2,1
typewriter,restricted,pharmacology,True,pharmacognosy,DERIVATIONAL,,undated,12,0,1
typewriter,restricted,pharmacology,True,pharmacodynamics,DERIVATIONAL,,undated,12,0,1
typewriter,restricted,pharmacology,True,pharmaco,ORTHOGRAPHIC,,,12,0,1
typewriter,restricted,pill,False,pille,ORTHOGRAPHIC,,,4,15,-1
typewriter,restricted,pluralist,False,monadist,DERIVATIONAL,,undated,9,0,6
typewriter,restricted,potash,False,potass,ORTHOGRAPHIC,,,6,0,1
typewriter,restricted,potash,False,pearlash,DERIVATIONAL,,undated,6,0,1
typewriter,restricted,priming,False,superheating,DERIVATIONAL,,undated,7,2,4
typewriter,restricted,protracted,False,uncontracted,DERIVATIONAL,,undated,10,1,-1
typewriter,restricted,proving,False,provings,ORTHOGRAPHIC,,,7,5,8
typewriter,restricted,proving,False,provers,DERIVATIONAL,,undated,7,5,8
typewriter,restricted,pruning,False,graffing,INFLECTION,,,7,0,1
typewriter,restricted,quid,False,qui,ORTHOGRAPHIC,,,4,0,22
typewriter,restricted,quiet,False,quiett,ORTHOGRAPHIC,,,5,76,1
typewriter,restricted,radium,False,coronium,DERIVATIONAL,,undated,6,0,1
typewriter,restricted,radium,False,radiotellurium,DERIVATIONAL,,undated,6,0,1
typewriter,restricted,rave,False,raue,ORTHOGRAPHIC,,,4,0,1
typewriter,restricted,refill,False,repacked,DERIVATIONAL,,undated,6,3,-1
typewriter,restricted,rounded,False,moulded,INFLECTION,,,7,15,1
typewriter,restricted,scapula,False,scapulæ,ORTHOGRAPHIC,,,7,0,1
typewriter,restricted,schist,False,schistose,ORTHOGRAPHIC,,,6,0,1
typewriter,restricted,sexist,False,ratist,DERIVATIONAL,,undated,6,0,-1
typewriter,restricted,sexist,False,raceist,DERIVATIONAL,,undated,6,0,-1
typewriter,restricted,slime,False,slimes,ORTHOGRAPHIC,,,5,0,1
typewriter,restricted,smoothness,False,smoothnesse,ORTHOGRAPHIC,,,10,5,1
typewriter,restricted,smoothness,False,smoothesse,ORTHOGRAPHIC,,,10,5,1
typewriter,restricted,smoothness,False,smoothnes,ORTHOGRAPHIC,,,10,5,1
typewriter,restricted,smoothness,False,smoothet,DERIVATIONAL,,undated,10,5,1
typewriter,restricted,smoothness,False,smoothenesse,ORTHOGRAPHIC,,,10,5,1
typewriter,restricted,smoothness,False,smoothne,ORTHOGRAPHIC,,,10,5,1
typewriter,restricted,solenoid,True,elipsoid,DERIVATIONAL,,undated,8,1,28
typewriter,restricted,stead,False,steadie,ORTHOGRAPHIC,,,5,4,1
typewriter,restricted,stead,False,steede,ORTHOGRAPHIC,,,5,4,1
typewriter,restricted,stead,False,steade,ORTHOGRAPHIC,,,5,4,1
typewriter,restricted,stead,False,steades,ORTHOGRAPHIC,,,5,4,1
typewriter,restricted,stead,False,ftead,DERIVATIONAL,,undated,5,4,1
typewriter,restricted,sternum,False,sternellum,DERIVATIONAL,,undated,7,1,1
typewriter,restricted,sternum,False,sternun,ORTHOGRAPHIC,,,7,1,1
typewriter,restricted,sternum,False,tergum,DERIVATIONAL,,undated,7,1,1
typewriter,restricted,stow,False,styw,ORTHOGRAPHIC,,,4,0,19
typewriter,restricted,stow,False,stowre,ORTHOGRAPHIC,,,4,0,1
typewriter,restricted,stow,False,stowpe,ORTHOGRAPHIC,,,4,0,1
typewriter,restricted,stow,False,stowke,ORTHOGRAPHIC,,,4,0,1
typewriter,restricted,sulcus,False,sulci,ORTHOGRAPHIC,,,6,0,1
typewriter,restricted,swerve,False,swerv,ORTHOGRAPHIC,,,6,2,-1
typewriter,restricted,syllogism,False,syllogisin,ORTHOGRAPHIC,,,9,0,1
typewriter,restricted,ternary,False,trinary,ORTHOGRAPHIC,,,7,0,7
typewriter,restricted,tine,False,tane,ORTHOGRAPHIC,,,4,0,9
typewriter,restricted,tine,False,tene,ORTHOGRAPHIC,,,4,0,9
typewriter,restricted,tine,False,tiene,ORTHOGRAPHIC,,,4,0,9
typewriter,restricted,trespass,False,trespasse,ORTHOGRAPHIC,,,8,0,15
typewriter,restricted,two-step,False,twostep,ORTHOGRAPHIC,,,8,1,-1
typewriter,restricted,typhoid,True,typhoidal,ORTHOGRAPHIC,,,7,2,1
typewriter,restricted,unmask,False,uncrease,DERIVATIONAL,,undated,6,0,-1
typewriter,restricted,unrestrained,False,undeterminate,DERIVATIONAL,,undated,12,0,39
typewriter,restricted,unrestrained,False,unmeaning,DERIVATIONAL,,undated,12,0,39
typewriter,restricted,untie,False,unriddle,DERIVATIONAL,,undated,5,2,1
typewriter,restricted,usurpation,False,usurpacion,ORTHOGRAPHIC,,,10,0,1
typewriter,restricted,usurpation,False,vsurpation,DERIVATIONAL,,undated,10,0,1
typewriter,restricted,vainly,False,vaine,ORTHOGRAPHIC,,,6,2,1
typewriter,restricted,wand,False,wande,ORTHOGRAPHIC,,,4,1,1
typewriter,restricted,whimsical,False,whimsicals,ORTHOGRAPHIC,,,9,1,53
typewriter,restricted,winning,False,feeing,DERIVATIONAL,,undated,7,31,1
typewriter,restricted,yin,False,yih,ORTHOGRAPHIC,,,3,8,1
typewriter,restricted,yin,False,yn,ORTHOGRAPHIC,,,3,8,1
typewriter,restricted,bear,False,beare,ORTHOGRAPHIC,,,4,57,-1
typewriter,restricted,bear,False,beare,ORTHOGRAPHIC,,,4,57,1
typewriter,restricted,client,False,clientes,ORTHOGRAPHIC,,,6,15,58
typewriter,restricted,client,False,clientela,ORTHOGRAPHIC,,,6,15,58
typewriter,restricted,critical,False,criticks,ORTHOGRAPHIC,,,8,58,15
typewriter,restricted,duty,False,dutye,ORTHOGRAPHIC,,,4,61,1
typewriter,restricted,duty,False,dutyt,ORTHOGRAPHIC,,,4,61,1
typewriter,restricted,duty,False,dutie,ORTHOGRAPHIC,,,4,61,1
typewriter,restricted,independent,False,independant,ORTHOGRAPHIC,,,11,70,1
typewriter,restricted,latter,False,laste,ORTHOGRAPHIC,,,6,114,4
typewriter,restricted,pain,False,paines,ORTHOGRAPHIC,,,4,88,2
typewriter,restricted,pain,False,painne,ORTHOGRAPHIC,,,4,88,2
typewriter,restricted,spirit,False,spirite,ORTHOGRAPHIC,,,6,182,1
typewriter,restricted,spirit,False,spiritt,ORTHOGRAPHIC,,,6,182,1
typewriter,restricted,spirit,False,spiritne,ORTHOGRAPHIC,,,6,182,1
typewriter,restricted,staff,False,staffe,ORTHOGRAPHIC,,,5,113,4
typewriter,restricted,stay,False,stayd,ORTHOGRAPHIC,,,4,113,31
typewriter,restricted,strength,False,strengthe,ORTHOGRAPHIC,,,8,137,1
typewriter,restricted,strength,False,strenght,ORTHOGRAPHIC,,,8,137,1
typewriter,restricted,attempt,False,attempte,ORTHOGRAPHIC,,,7,95,1
typewriter,restricted,direct,False,directe,ORTHOGRAPHIC,,,6,129,2
typewriter,restricted,direct,False,directlie,ORTHOGRAPHIC,,,6,129,1
typewriter,restricted,exchange,False,exchaunge,ORTHOGRAPHIC,,,8,70,1
typewriter,restricted,exchange,False,exchang,ORTHOGRAPHIC,,,8,70,1
typewriter,restricted,exchange,False,exchainge,ORTHOGRAPHIC,,,8,70,1
typewriter,restricted,experiment,False,experi,ORTHOGRAPHIC,,,10,63,1
typewriter,restricted,output,False,outputand,ORTHOGRAPHIC,,,6,35,1
typewriter,restricted,rest,False,reste,ORTHOGRAPHIC,,,4,163,3
typewriter,restricted,sea,False,seaa,ORTHOGRAPHIC,,,3,95,1
typewriter,restricted,sign,False,signe,ORTHOGRAPHIC,,,4,94,-1
typewriter,restricted,sign,False,signe,ORTHOGRAPHIC,,,4,94,1
typewriter,restricted,sign,False,signe,ORTHOGRAPHIC,,,4,94,1
typewriter,restricted,sort,False,sorte,ORTHOGRAPHIC,,,4,164,8
typewriter,restricted,sort,False,sortes,ORTHOGRAPHIC,,,4,164,-1
typewriter,restricted,sort,False,sorte,ORTHOGRAPHIC,,,4,164,11
typewriter,restricted,stock,False,stockes,ORTHOGRAPHIC,,,5,147,27
typewriter,restricted,union,False,affociation,DERIVATIONAL,,undated,5,182,3
typewriter,restricted,wear,False,weare,ORTHOGRAPHIC,,,4,35,-1
typewriter,restricted,well,False,wel,ORTHOGRAPHIC,,,4,897,1
typewriter,restricted,writing,False,writting,ORTHOGRAPHIC,,,7,117,1
typewriter,restricted,writing,False,writeing,ORTHOGRAPHIC,,,7,117,1
typewriter,restricted,ago,False,agoe,ORTHOGRAPHIC,,,3,246,4
typewriter,restricted,arm,False,arme,ORTHOGRAPHIC,,,3,94,4
typewriter,restricted,arm,False,arme,ORTHOGRAPHIC,,,3,94,1
typewriter,restricted,army,False,armie,ORTHOGRAPHIC,,,4,132,7
typewriter,restricted,army,False,armie,ORTHOGRAPHIC,,,4,132,2
typewriter,restricted,board,False,councilboard,DERIVATIONAL,,undated,5,239,1
typewriter,restricted,college,False,collegia,ORTHOGRAPHIC,,,7,267,40
typewriter,restricted,defence,False,defences,ORTHOGRAPHIC,,,7,1,1
typewriter,restricted,doubt,False,doubtings,ORTHOGRAPHIC,,,5,114,4
typewriter,restricted,forward,False,forwarde,ORTHOGRAPHIC,,,7,115,2
typewriter,restricted,heat,False,heate,ORTHOGRAPHIC,,,4,97,2
typewriter,restricted,horse,False,horsse,ORTHOGRAPHIC,,,5,117,1
typewriter,restricted,horse,False,horfe,ORTHOGRAPHIC,,,5,117,1
typewriter,restricted,hospital,False,hospitalls,ORTHOGRAPHIC,,,8,110,-1
typewriter,restricted,hospital,False,hospitall,ORTHOGRAPHIC,,,8,110,-1
typewriter,restricted,hospital,False,hospitall,ORTHOGRAPHIC,,,8,110,4
typewriter,restricted,hospital,False,hospitalls,ORTHOGRAPHIC,,,8,110,4
typewriter,restricted,play,False,playis,ORTHOGRAPHIC,,,4,200,3
typewriter,restricted,pull,False,pulle,ORTHOGRAPHIC,,,4,51,79
typewriter,restricted,refuse,False,refufe,ORTHOGRAPHIC,,,6,16,2
typewriter,restricted,skin,False,skinne,ORTHOGRAPHIC,,,4,47,2
typewriter,restricted,soul,False,soules,ORTHOGRAPHIC,,,4,47,-1
typewriter,restricted,wrong,False,wrang,ORTHOGRAPHIC,,,5,129,1
typewriter,restricted,wrong,False,wron,ORTHOGRAPHIC,,,5,129,1
typewriter,restricted,wrong,False,avrong,DERIVATIONAL,,undated,5,129,1
typewriter,restricted,wrong,False,wrang,ORTHOGRAPHIC,,,5,129,1
typewriter,restricted,wrong,False,wronghead,ORTHOGRAPHIC,,,5,129,1
typewriter,restricted,wrong,False,rong,DERIVATIONAL,,undated,5,129,1
typewriter,restricted,wrong,False,wronga,ORTHOGRAPHIC,,,5,129,1
typewriter,restricted,wrong,False,wronge,ORTHOGRAPHIC,,,5,129,1
typewriter,restricted,block,False,blockes,ORTHOGRAPHIC,,,5,66,1
typewriter,restricted,chemical,False,galenical,DERIVATIONAL,,undated,8,60,4
typewriter,restricted,civil,False,civiliz,ORTHOGRAPHIC,,,5,91,3
typewriter,restricted,civil,False,civili,ORTHOGRAPHIC,,,5,91,3
typewriter,restricted,civil,False,civill,ORTHOGRAPHIC,,,5,91,1
typewriter,restricted,domestic,False,domestick,ORTHOGRAPHIC,,,8,63,1
typewriter,restricted,drop,False,droppe,ORTHOGRAPHIC,,,4,59,5
typewriter,restricted,entry,False,estray,ORTHOGRAPHIC,,,5,26,30
typewriter,restricted,glass,False,glosse,ORTHOGRAPHIC,,,5,99,2
typewriter,restricted,leg,False,legg,ORTHOGRAPHIC,,,3,58,2
typewriter,restricted,medium,False,mediumistic,ORTHOGRAPHIC,,,6,45,1
typewriter,restricted,mouth,False,mouthes,ORTHOGRAPHIC,,,5,103,16
typewriter,restricted,north,False,nort,ORTHOGRAPHIC,,,5,206,1
typewriter,restricted,north,False,northe,ORTHOGRAPHIC,,,5,206,1
typewriter,restricted,otherwise,False,otherwyse,ORTHOGRAPHIC,,,9,86,2
typewriter,restricted,passage,False,paffage,ORTHOGRAPHIC,,,7,49,5
typewriter,restricted,permit,False,permitt,ORTHOGRAPHIC,,,6,77,1
typewriter,restricted,poem,False,poeme,ORTHOGRAPHIC,,,4,48,4
typewriter,restricted,practical,False,practicall,ORTHOGRAPHIC,,,9,68,1
typewriter,restricted,press,False,prefs,ORTHOGRAPHIC,,,5,127,1
typewriter,restricted,reading,False,readinge,ORTHOGRAPHIC,,,7,141,1
typewriter,restricted,reading,False,readinge,ORTHOGRAPHIC,,,7,141,1
typewriter,restricted,reading,False,readinge,ORTHOGRAPHIC,,,7,141,1
typewriter,restricted,reduction,False,metallification,DERIVATIONAL,,undated,9,42,4
typewriter,restricted,representative,False,representa,ORTHOGRAPHIC,,,14,47,14
typewriter,restricted,rock,False,rockie,ORTHOGRAPHIC,,,4,75,1
typewriter,restricted,rock,False,rockt,ORTHOGRAPHIC,,,4,75,1
typewriter,restricted,root,False,rootstocks,ORTHOGRAPHIC,,,4,30,8
typewriter,restricted,root,False,rootes,ORTHOGRAPHIC,,,4,30,-1
typewriter,restricted,scheme,False,scheine,ORTHOGRAPHIC,,,6,33,2
typewriter,restricted,sound,False,sounde,ORTHOGRAPHIC,,,5,204,16
typewriter,restricted,south,False,southe,ORTHOGRAPHIC,,,5,240,1
typewriter,restricted,south,False,sowthe,ORTHOGRAPHIC,,,5,240,1
typewriter,restricted,stone,False,stonefalls,ORTHOGRAPHIC,,,5,58,3
typewriter,restricted,stone,False,mone,DERIVATIONAL,,undated,5,58,-1
typewriter,restricted,sun,False,sunstrokes,ORTHOGRAPHIC,,,3,112,2
typewriter,restricted,wind,False,winde,ORTHOGRAPHIC,,,4,63,13
typewriter,restricted,wind,False,winde,ORTHOGRAPHIC,,,4,63,8
typewriter,restricted,wind,False,winde,ORTHOGRAPHIC,,,4,63,28
typewriter,restricted,wood,False,woode,ORTHOGRAPHIC,,,4,55,4
typewriter,restricted,wood,False,woode,ORTHOGRAPHIC,,,4,55,15
typewriter,restricted,best,False,beste,ORTHOGRAPHIC,,,4,351,8
typewriter,restricted,bond,False,lond,DERIVATIONAL,,undated,4,46,-1
typewriter,restricted,chain,False,chaine,ORTHOGRAPHIC,,,5,50,40
typewriter,restricted,chain,False,chayne,ORTHOGRAPHIC,,,5,50,40
typewriter,restricted,channel,False,channell,ORTHOGRAPHIC,,,7,16,1
typewriter,restricted,channel,False,channell,ORTHOGRAPHIC,,,7,16,2
typewriter,restricted,commitment,False,inditement,DERIVATIONAL,,undated,10,13,43
typewriter,restricted,cost,False,coste,ORTHOGRAPHIC,,,4,229,17
typewriter,restricted,cry,False,crye,ORTHOGRAPHIC,,,3,48,1
typewriter,restricted,dream,False,dreame,ORTHOGRAPHIC,,,5,64,2
typewriter,restricted,dry,False,dryed,ORTHOGRAPHIC,,,3,68,1
typewriter,restricted,dry,False,drye,ORTHOGRAPHIC,,,3,68,1
typewriter,restricted,estate,False,eftate,ORTHOGRAPHIC,,,6,51,2
typewriter,restricted,exception,False,exceptio,ORTHOGRAPHIC,,,9,40,1
typewriter,restricted,fibre,False,fibro,ORTHOGRAPHIC,,,5,0,2
typewriter,restricted,fibre,False,fibres,ORTHOGRAPHIC,,,5,0,46
typewriter,restricted,frame,False,framee,ORTHOGRAPHIC,,,5,74,1
typewriter,restricted,insurance,False,insur,ORTHOGRAPHIC,,,9,46,1
typewriter,restricted,left,False,lef,ORTHOGRAPHIC,,,4,480,1
typewriter,restricted,look,False,looke,ORTHOGRAPHIC,,,4,399,2
typewriter,restricted,master,False,masterand,ORTHOGRAPHIC,,,6,72,1
typewriter,restricted,master,False,masterlike,ORTHOGRAPHIC,,,6,72,1
typewriter,restricted,opposite,False,opposit,ORTHOGRAPHIC,,,8,81,13
typewriter,restricted,pick,False,pickt,ORTHOGRAPHIC,,,4,55,2
typewriter,restricted,plate,False,meate,DERIVATIONAL,,undated,5,22,24
typewriter,restricted,preparation,False,preparationss,ORTHOGRAPHIC,,,11,54,42
typewriter,restricted,reply,False,replye,ORTHOGRAPHIC,,,5,42,25
typewriter,restricted,resolution,False,refolution,ORTHOGRAPHIC,,,10,64,1
typewriter,restricted,seat,False,seate,ORTHOGRAPHIC,,,4,54,1
typewriter,restricted,session,False,sessioun,ORTHOGRAPHIC,,,7,80,2
typewriter,restricted,session,False,sessione,ORTHOGRAPHIC,,,7,80,2
typewriter,restricted,session,False,sessioune,ORTHOGRAPHIC,,,7,80,2
typewriter,restricted,severe,False,severei,ORTHOGRAPHIC,,,6,39,1
typewriter,restricted,slow,False,slowe,ORTHOGRAPHIC,,,4,60,1
typewriter,restricted,spiritual,False,spirituall,ORTHOGRAPHIC,,,9,64,6
typewriter,restricted,spiritual,False,spiritualls,ORTHOGRAPHIC,,,9,64,6
typewriter,restricted,spring,False,springtides,ORTHOGRAPHIC,,,6,127,1
typewriter,restricted,talk,False,talke,ORTHOGRAPHIC,,,4,154,5
typewriter,restricted,trade,False,leade,DERIVATIONAL,,undated,5,143,57
typewriter,restricted,visit,False,visite,ORTHOGRAPHIC,,,5,109,1
typewriter,restricted,west,False,weste,ORTHOGRAPHIC,,,4,235,1
typewriter,restricted,west,False,weast,ORTHOGRAPHIC,,,4,235,1
typewriter,restricted,west,False,weste,ORTHOGRAPHIC,,,4,235,6
typewriter,restricted,west,False,weste,ORTHOGRAPHIC,,,4,235,1
typewriter,restricted,west,False,weste,ORTHOGRAPHIC,,,4,235,15
typewriter,restricted,west,False,weast,ORTHOGRAPHIC,,,4,235,1
typewriter,restricted,worth,False,worthie,ORTHOGRAPHIC,,,5,94,6
typewriter,restricted,academic,False,academico,ORTHOGRAPHIC,,,8,56,-1
typewriter,restricted,actor,False,actour,ORTHOGRAPHIC,,,5,24,2
typewriter,restricted,atmosphere,False,atmo,DERIVATIONAL,,undated,10,79,2
typewriter,restricted,attach,False,attaches,ORTHOGRAPHIC,,,6,14,-1
typewriter,restricted,ball,False,balle,ORTHOGRAPHIC,,,4,110,1
typewriter,restricted,ball,False,balles,ORTHOGRAPHIC,,,4,110,1
typewriter,restricted,candidate,False,candiate,ORTHOGRAPHIC,,,9,34,1
typewriter,restricted,candidate,False,canditate,ORTHOGRAPHIC,,,9,34,1
typewriter,restricted,critic,False,criticks,ORTHOGRAPHIC,,,6,25,23
typewriter,restricted,cross,False,cros,ORTHOGRAPHIC,,,5,55,8
typewriter,restricted,custom,False,customis,ORTHOGRAPHIC,,,6,14,9
typewriter,restricted,custom,False,customes,ORTHOGRAPHIC,,,6,14,9
typewriter,restricted,democracy,False,democratical,DERIVATIONAL,,undated,9,24,3
typewriter,restricted,discipline,False,disciplin,ORTHOGRAPHIC,,,10,27,1
typewriter,restricted,domain,False,domainwe,ORTHOGRAPHIC,,,6,9,1
typewriter,restricted,east,False,eaft,ORTHOGRAPHIC,,,4,183,1
typewriter,restricted,east,False,eaft,ORTHOGRAPHIC,,,4,183,1
typewriter,restricted,egg,False,egge,ORTHOGRAPHIC,,,3,12,18
typewriter,restricted,engine,False,engins,ORTHOGRAPHIC,,,6,50,21
typewriter,restricted,fee,False,ffee,ORTHOGRAPHIC,,,3,16,1
typewriter,restricted,fee,False,feea,ORTHOGRAPHIC,,,3,16,1
typewriter,restricted,fellow,False,fellowes,ORTHOGRAPHIC,,,6,63,12
typewriter,restricted,fellow,False,fellowes,ORTHOGRAPHIC,,,6,63,1
typewriter,restricted,fellow,False,fellowmen,ORTHOGRAPHIC,,,6,63,1
typewriter,restricted,fellow,False,fellowes,ORTHOGRAPHIC,,,6,63,26
typewriter,restricted,flat,False,flatte,ORTHOGRAPHIC,,,4,67,1
typewriter,restricted,fly,False,flye,ORTHOGRAPHIC,,,3,33,1
typewriter,restricted,focus,False,focis,ORTHOGRAPHIC,,,5,40,7
typewriter,restricted,focus,False,focs,ORTHOGRAPHIC,,,5,40,7
typewriter,restricted,gather,False,gatherd,ORTHOGRAPHIC,,,6,20,1
typewriter,restricted,govern,False,governe,ORTHOGRAPHIC,,,6,7,1
typewriter,restricted,govern,False,gouerne,ORTHOGRAPHIC,,,6,7,1
typewriter,restricted,grain,False,graines,ORTHOGRAPHIC,,,5,27,1
typewriter,restricted,lady,False,ladye,ORTHOGRAPHIC,,,4,80,1
typewriter,restricted,lesson,False,leffon,ORTHOGRAPHIC,,,6,29,2
typewriter,restricted,lip,False,lipa,ORTHOGRAPHIC,,,3,18,1
typewriter,restricted,lip,False,lipa,ORTHOGRAPHIC,,,3,18,1
typewriter,restricted,membrane,False,membranethe,ORTHOGRAPHIC,,,8,6,1
typewriter,restricted,membrane,False,membraue,ORTHOGRAPHIC,,,8,6,1
typewriter,restricted,membrane,False,membran,ORTHOGRAPHIC,,,8,6,1
typewriter,restricted,minor,False,minorum,ORTHOGRAPHIC,,,5,58,1
typewriter,restricted,minor,False,minore,ORTHOGRAPHIC,,,5,58,1
typewriter,restricted,minor,False,minores,ORTHOGRAPHIC,,,5,58,2
typewriter,restricted,noise,False,noyse,ORTHOGRAPHIC,,,5,37,5
typewriter,restricted,noise,False,noife,ORTHOGRAPHIC,,,5,37,2
typewriter,restricted,novel,False,novells,ORTHOGRAPHIC,,,5,59,19
typewriter,restricted,ought,False,oughte,ORTHOGRAPHIC,,,5,68,1
typewriter,restricted,prayer,False,praiers,ORTHOGRAPHIC,,,6,28,11
typewriter,restricted,preserve,False,preserued,ORTHOGRAPHIC,,,8,35,-1
typewriter,restricted,preserve,False,preserv,ORTHOGRAPHIC,,,8,35,-1
typewriter,restricted,priest,False,highpriest,DERIVATIONAL,,undated,6,16,1
typewriter,restricted,quarter,False,quarterings,ORTHOGRAPHIC,,,7,34,13
typewriter,restricted,quarter,False,quarteres,ORTHOGRAPHIC,,,7,34,39
typewriter,restricted,quick,False,quicke,ORTHOGRAPHIC,,,5,68,2
typewriter,restricted,ray,False,rayes,ORTHOGRAPHIC,,,3,19,25
typewriter,restricted,ray,False,rayes,ORTHOGRAPHIC,,,3,19,2
typewriter,restricted,ray,False,raye,ORTHOGRAPHIC,,,3,19,2
typewriter,restricted,ray,False,rayes,ORTHOGRAPHIC,,,3,19,6
typewriter,restricted,regime,False,régime,ORTHOGRAPHIC,,,6,23,4
typewriter,restricted,relief,False,relees,ORTHOGRAPHIC,,,6,66,15
typewriter,restricted,relief,False,releef,ORTHOGRAPHIC,,,6,66,15
typewriter,restricted,rest,False,reste,ORTHOGRAPHIC,,,4,163,41
typewriter,restricted,rest,False,reste,ORTHOGRAPHIC,,,4,163,9
typewriter,restricted,retain,False,retaine,ORTHOGRAPHIC,,,6,11,17
typewriter,restricted,ride,False,ryde,ORTHOGRAPHIC,,,4,49,1
typewriter,restricted,ring,False,ringe,ORTHOGRAPHIC,,,4,47,1
typewriter,restricted,servant,False,seruants,ORTHOGRAPHIC,,,7,19,6
typewriter,restricted,servant,False,servantes,ORTHOGRAPHIC,,,7,19,6
typewriter,restricted,servant,False,servt,ORTHOGRAPHIC,,,7,19,1
typewriter,restricted,sheet,False,sheete,ORTHOGRAPHIC,,,5,45,1
typewriter,restricted,sheet,False,sheetes,ORTHOGRAPHIC,,,5,45,1
typewriter,restricted,sheet,False,sheetes,ORTHOGRAPHIC,,,5,45,10
typewriter,restricted,shoot,False,shoote,ORTHOGRAPHIC,,,5,27,16
typewriter,restricted,shoot,False,shotte,ORTHOGRAPHIC,,,5,27,16
typewriter,restricted,shop,False,shoppe,ORTHOGRAPHIC,,,4,63,2
typewriter,restricted,sight,False,sighte,ORTHOGRAPHIC,,,5,83,1
typewriter,restricted,soft,False,softe,ORTHOGRAPHIC,,,4,61,2
typewriter,restricted,sound,False,sounde,ORTHOGRAPHIC,,,5,204,1
typewriter,restricted,sound,False,sounde,ORTHOGRAPHIC,,,5,204,10
typewriter,restricted,storage,False,storages,ORTHOGRAPHIC,,,7,41,1
typewriter,restricted,superior,False,superiour,ORTHOGRAPHIC,,,8,46,1
typewriter,restricted,trust,False,truste,ORTHOGRAPHIC,,,5,52,1
typewriter,restricted,trust,False,trueth,ORTHOGRAPHIC,,,5,52,1
typewriter,restricted,trust,False,truft,ORTHOGRAPHIC,,,5,52,1
typewriter,restricted,unknown,False,unfound,DERIVATIONAL,,undated,7,47,1
typewriter,restricted,virtue,False,virt,ORTHOGRAPHIC,,,6,30,-1
typewriter,restricted,weapon,False,weaponpe,ORTHOGRAPHIC,,,6,42,1
typewriter,restricted,weapon,False,weap,ORTHOGRAPHIC,,,6,42,1
typewriter,restricted,weapon,False,weaponf,ORTHOGRAPHIC,,,6,42,1
typewriter,restricted,weapon,False,weaponne,ORTHOGRAPHIC,,,6,42,1
typewriter,restricted,weapon,False,weaping,ORTHOGRAPHIC,,,6,42,2
typewriter,restricted,weapon,False,weap,ORTHOGRAPHIC,,,6,42,2
typewriter,restricted,weapon,False,weaps,ORTHOGRAPHIC,,,6,42,2
typewriter,restricted,weapon,False,weap,ORTHOGRAPHIC,,,6,42,3
typewriter,restricted,wild,False,wildely,ORTHOGRAPHIC,,,4,56,2
typewriter,restricted,wild,False,wildes,ORTHOGRAPHIC,,,4,56,2
typewriter,restricted,wild,False,wildeo,ORTHOGRAPHIC,,,4,56,2
typewriter,restricted,wild,False,wildeh,ORTHOGRAPHIC,,,4,56,2
typewriter,restricted,wild,False,wildo,ORTHOGRAPHIC,,,4,56,2
typewriter,restricted,wine,False,winecup,ORTHOGRAPHIC,,,4,72,1
typewriter,restricted,abstract,False,abstractthat,ORTHOGRAPHIC,,,8,34,1
typewriter,restricted,abstract,False,abstractthe,ORTHOGRAPHIC,,,8,34,1
typewriter,restricted,abstract,False,abstractis,ORTHOGRAPHIC,,,8,34,1
typewriter,restricted,acceptance,False,acceptaunce,ORTHOGRAPHIC,,,10,49,1
typewriter,restricted,alcohol,False,alcool,ORTHOGRAPHIC,,,7,13,4
typewriter,restricted,alcohol,False,alcobol,ORTHOGRAPHIC,,,7,13,4
typewriter,restricted,alcohol,False,alcahol,ORTHOGRAPHIC,,,7,13,4
typewriter,restricted,bag,False,baga,ORTHOGRAPHIC,,,3,42,1
typewriter,restricted,bag,False,bagt,ORTHOGRAPHIC,,,3,42,1
typewriter,restricted,cat,False,cata,ORTHOGRAPHIC,,,3,23,1
typewriter,restricted,chamber,False,chambre,ORTHOGRAPHIC,,,7,46,1
typewriter,restricted,clear,False,cleare,ORTHOGRAPHIC,,,5,219,8
typewriter,restricted,clear,False,cleane,ORTHOGRAPHIC,,,5,219,8
typewriter,restricted,clear,False,cleere,ORTHOGRAPHIC,,,5,219,8
typewriter,restricted,clear,False,cleer,ORTHOGRAPHIC,,,5,219,8
typewriter,restricted,climate,False,climat,ORTHOGRAPHIC,,,7,26,4
typewriter,restricted,climate,False,climata,ORTHOGRAPHIC,,,7,26,4
typewriter,restricted,climate,False,climatike,ORTHOGRAPHIC,,,7,26,4
typewriter,restricted,cloud,False,cloudlet,ORTHOGRAPHIC,,,5,28,1
typewriter,restricted,club,False,clube,ORTHOGRAPHIC,,,4,145,1
typewriter,restricted,club,False,clubme,ORTHOGRAPHIC,,,4,145,1
typewriter,restricted,club,False,clubt,ORTHOGRAPHIC,,,4,145,1
typewriter,restricted,coast,False,coaste,ORTHOGRAPHIC,,,5,61,1
typewriter,restricted,coast,False,coastes,ORTHOGRAPHIC,,,5,61,-1
typewriter,restricted,command,False,commande,ORTHOGRAPHIC,,,7,72,10
typewriter,restricted,conversion,False,autofission,DERIVATIONAL,,undated,10,21,-1
typewriter,restricted,discrimination,False,discriminations,ORTHOGRAPHIC,,,14,23,1
typewriter,restricted,drawing,False,drawin,ORTHOGRAPHIC,,,7,40,6
typewriter,restricted,dress,False,drest,ORTHOGRAPHIC,,,5,67,3
typewriter,restricted,dress,False,dresseth,ORTHOGRAPHIC,,,5,67,3
typewriter,restricted,electric,False,electrized,DERIVATIONAL,,undated,8,68,2
typewriter,restricted,electric,False,electri,ORTHOGRAPHIC,,,8,68,2
typewriter,restricted,empirical,False,empyrical,ORTHOGRAPHIC,,,9,23,1
typewriter,restricted,evening,False,eevening,ORTHOGRAPHIC,,,7,133,3
typewriter,restricted,evening,False,euening,ORTHOGRAPHIC,,,7,133,3
typewriter,restricted,fall,False,falle,ORTHOGRAPHIC,,,4,147,2
typewriter,restricted,fraction,False,seperation,DERIVATIONAL,,undated,8,23,-1
typewriter,restricted,guard,False,guarde,ORTHOGRAPHIC,,,5,48,2
typewriter,restricted,hard,False,harde,ORTHOGRAPHIC,,,4,202,1
typewriter,restricted,host,False,hoste,ORTHOGRAPHIC,,,4,36,62
typewriter,restricted,host,False,hoste,ORTHOGRAPHIC,,,4,36,1
typewriter,restricted,joy,False,joyn,ORTHOGRAPHIC,,,3,40,1
typewriter,restricted,mark,False,markes,ORTHOGRAPHIC,,,4,83,80
typewriter,restricted,mark,False,marke,ORTHOGRAPHIC,,,4,83,1
typewriter,restricted,meat,False,meate,ORTHOGRAPHIC,,,4,45,2
typewriter,restricted,meat,False,meates,ORTHOGRAPHIC,,,4,45,2
typewriter,restricted,mix,False,mixe,ORTHOGRAPHIC,,,3,13,5
typewriter,restricted,mix,False,mixt,ORTHOGRAPHIC,,,3,13,-1
typewriter,restricted,nice,False,nicke,ORTHOGRAPHIC,,,4,76,1
typewriter,restricted,nucleus,False,nuclus,ORTHOGRAPHIC,,,7,11,1
typewriter,restricted,nucleus,False,nuclens,ORTHOGRAPHIC,,,7,11,1
typewriter,restricted,nucleus,False,nucelus,ORTHOGRAPHIC,,,7,11,1
typewriter,restricted,owe,False,owne,ORTHOGRAPHIC,,,3,10,-1
typewriter,restricted,passion,False,passionthe,ORTHOGRAPHIC,,,7,28,1
typewriter,restricted,post,False,postoffice,ORTHOGRAPHIC,,,4,85,1
typewriter,restricted,pray,False,praye,ORTHOGRAPHIC,,,4,12,1
typewriter,restricted,prison,False,prisoun,ORTHOGRAPHIC,,,6,42,2
typewriter,restricted,prison,False,pryson,ORTHOGRAPHIC,,,6,42,2
typewriter,restricted,prison,False,presoun,ORTHOGRAPHIC,,,6,42,2
typewriter,restricted,prison,False,priisoun,ORTHOGRAPHIC,,,6,42,2
typewriter,restricted,prison,False,prisoune,ORTHOGRAPHIC,,,6,42,2
typewriter,restricted,prison,False,preson,ORTHOGRAPHIC,,,6,42,2
typewriter,restricted,prison,False,prissoun,ORTHOGRAPHIC,,,6,42,2
typewriter,restricted,producer,False,produceers,ORTHOGRAPHIC,,,8,16,9
typewriter,restricted,purchase,False,purchace,ORTHOGRAPHIC,,,8,47,1
typewriter,restricted,purchase,False,purcha,ORTHOGRAPHIC,,,8,47,1
typewriter,restricted,purchase,False,purcha,ORTHOGRAPHIC,,,8,47,1
typewriter,restricted,purchase,False,purchace,ORTHOGRAPHIC,,,8,47,1
typewriter,restricted,rat,False,ratt,ORTHOGRAPHIC,,,3,6,3
typewriter,restricted,roof,False,roofe,ORTHOGRAPHIC,,,4,59,1
typewriter,restricted,round,False,rounde,ORTHOGRAPHIC,,,5,75,1
typewriter,restricted,round,False,grounde,DERIVATIONAL,,undated,5,75,4
typewriter,restricted,sand,False,sandhill,ORTHOGRAPHIC,,,4,28,1
typewriter,restricted,sharp,False,sharpes,ORTHOGRAPHIC,,,5,72,-1
typewriter,restricted,shell,False,bushell,DERIVATIONAL,,undated,5,22,55
typewriter,restricted,shell,False,shelles,ORTHOGRAPHIC,,,5,22,6
typewriter,restricted,shell,False,shellis,ORTHOGRAPHIC,,,5,22,6
typewriter,restricted,shell,False,shels,ORTHOGRAPHIC,,,5,22,6
typewriter,restricted,sound,False,sounde,ORTHOGRAPHIC,,,5,204,98
typewriter,restricted,sphere,False,spheare,ORTHOGRAPHIC,,,6,22,1
typewriter,restricted,sphere,False,spheresi,ORTHOGRAPHIC,,,6,22,2
typewriter,restricted,spite,False,pite,DERIVATIONAL,,undated,5,56,-1
typewriter,restricted,sport,False,sporte,ORTHOGRAPHIC,,,5,17,4
typewriter,restricted,stable,False,vailable,DERIVATIONAL,,undated,6,30,21
typewriter,restricted,sustain,False,sustaine,ORTHOGRAPHIC,,,7,14,21
typewriter,restricted,telephone,False,telegraphone,DERIVATIONAL,,undated,9,76,1
typewriter,restricted,temple,False,tempie,ORTHOGRAPHIC,,,6,38,1
typewriter,restricted,traffic,False,traffick,ORTHOGRAPHIC,,,7,68,70
typewriter,restricted,traffic,False,trafficke,ORTHOGRAPHIC,,,7,68,70
typewriter,restricted,traffic,False,traffique,DERIVATIONAL,,undated,7,68,70
typewriter,restricted,traffic,False,traffike,ORTHOGRAPHIC,,,7,68,70
typewriter,restricted,verse,False,verfe,ORTHOGRAPHIC,,,5,28,4
typewriter,restricted,visitor,False,visiters,ORTHOGRAPHIC,,,7,13,-1
typewriter,restricted,worse,False,worste,ORTHOGRAPHIC,,,5,50,-1
typewriter,restricted,worse,False,worser,ORTHOGRAPHIC,,,5,50,1
typewriter,restricted,worse,False,worke,ORTHOGRAPHIC,,,5,50,1
typewriter,restricted,abroad,False,alow,DERIVATIONAL,,undated,6,51,-1
typewriter,restricted,accounting,False,accountes,INFLECTION,,,10,12,29
typewriter,restricted,allocation,False,colliquation,DERIVATIONAL,,undated,10,17,-1
typewriter,restricted,amend,False,amende,ORTHOGRAPHIC,,,5,2,9
typewriter,restricted,anterior,False,antero,ORTHOGRAPHIC,,,8,5,1
typewriter,restricted,anterior,False,anterio,ORTHOGRAPHIC,,,8,5,1
typewriter,restricted,array,False,arraye,ORTHOGRAPHIC,,,5,11,1
typewriter,restricted,arrow,False,arrowes,ORTHOGRAPHIC,,,5,14,6
typewriter,restricted,behalf,False,behalfe,ORTHOGRAPHIC,,,6,21,6
typewriter,restricted,behalf,False,behalve,ORTHOGRAPHIC,,,6,21,6
typewriter,restricted,behalf,False,behalt,ORTHOGRAPHIC,,,6,21,2
typewriter,restricted,bell,False,byll,ORTHOGRAPHIC,,,4,18,3
typewriter,restricted,bend,False,bende,ORTHOGRAPHIC,,,4,24,60
typewriter,restricted,besides,False,befides,ORTHOGRAPHIC,,,7,66,1
typewriter,restricted,breathe,False,breake,ORTHOGRAPHIC,,,7,7,-1
typewriter,restricted,campus,False,campo,ORTHOGRAPHIC,,,6,33,6
typewriter,restricted,clay,False,claye,ORTHOGRAPHIC,,,4,100,1
typewriter,restricted,clerk,False,clarks,ORTHOGRAPHIC,,,5,34,5
typewriter,restricted,climb,False,climbes,ORTHOGRAPHIC,,,5,12,64
typewriter,restricted,climb,False,climbe,ORTHOGRAPHIC,,,5,12,64
typewriter,restricted,cloth,False,cloath,ORTHOGRAPHIC,,,5,43,1
typewriter,restricted,compliance,False,compliances,ORTHOGRAPHIC,,,10,6,-1
typewriter,restricted,conscience,False,consciencethat,ORTHOGRAPHIC,,,10,40,1
typewriter,restricted,conscience,False,consciencethe,ORTHOGRAPHIC,,,10,40,1
typewriter,restricted,conscience,False,conscienceare,ORTHOGRAPHIC,,,10,40,1
typewriter,restricted,consensus,False,sensus,INFLECTION,,,9,7,9
typewriter,restricted,corn,False,corne,ORTHOGRAPHIC,,,4,34,86
typewriter,restricted,correction,False,correccon,ORTHOGRAPHIC,,,10,5,1
typewriter,restricted,correction,False,correccion,ORTHOGRAPHIC,,,10,5,1
typewriter,restricted,cotton,False,cotone,ORTHOGRAPHIC,,,6,38,58
typewriter,restricted,cotton,False,coton,ORTHOGRAPHIC,,,6,38,58
typewriter,restricted,descend,False,descendith,ORTHOGRAPHIC,,,7,4,81
typewriter,restricted,discharge,False,discerne,DERIVATIONAL,,undated,9,19,11
typewriter,restricted,distant,False,distante,ORTHOGRAPHIC,,,7,37,2
typewriter,restricted,distant,False,distaunte,ORTHOGRAPHIC,,,7,37,2
typewriter,restricted,ethical,False,ethicall,ORTHOGRAPHIC,,,7,29,36
typewriter,restricted,explicit,False,explicite,ORTHOGRAPHIC,,,8,24,2
typewriter,restricted,firm,False,firme,ORTHOGRAPHIC,,,4,109,16
typewriter,restricted,flesh,False,fleshs,ORTHOGRAPHIC,,,5,52,1
typewriter,restricted,flesh,False,fleshit,ORTHOGRAPHIC,,,5,52,1
typewriter,restricted,flesh,False,fleshi,ORTHOGRAPHIC,,,5,52,1
typewriter,restricted,follower,False,followerthe,ORTHOGRAPHIC,,,8,3,1
typewriter,restricted,furniture,False,garniture,DERIVATIONAL,,undated,9,39,1
typewriter,restricted,gay,False,gaye,ORTHOGRAPHIC,,,3,30,45
typewriter,restricted,glory,False,glorie,ORTHOGRAPHIC,,,5,21,1
typewriter,restricted,hold,False,holde,ORTHOGRAPHIC,,,4,169,1
typewriter,restricted,hold,False,holde,ORTHOGRAPHIC,,,4,169,8
typewriter,restricted,hold,False,hald,ORTHOGRAPHIC,,,4,169,1
typewriter,restricted,hormone,False,hormon,ORTHOGRAPHIC,,,7,13,1
typewriter,restricted,humour,False,humours,ORTHOGRAPHIC,,,6,1,-1
typewriter,restricted,humour,False,humours,ORTHOGRAPHIC,,,6,1,2
typewriter,restricted,humour,False,humours,ORTHOGRAPHIC,,,6,1,74
typewriter,restricted,hydrogen,False,hydrogene,ORTHOGRAPHIC,,,8,39,4
typewriter,restricted,inferior,False,inferor,ORTHOGRAPHIC,,,8,7,1
typewriter,restricted,inferior,False,inferiour,ORTHOGRAPHIC,,,8,7,1
typewriter,restricted,kingdom,False,kingdomes,ORTHOGRAPHIC,,,7,26,71
typewriter,restricted,last,False,laste,ORTHOGRAPHIC,,,4,676,3
typewriter,restricted,last,False,lasten,ORTHOGRAPHIC,,,4,676,3
typewriter,restricted,last,False,laste,ORTHOGRAPHIC,,,4,676,2
typewriter,restricted,lateral,False,laterials,ORTHOGRAPHIC,,,7,1,6
typewriter,restricted,lesser,False,leser,ORTHOGRAPHIC,,,6,19,4
typewriter,restricted,lesser,False,lesse,ORTHOGRAPHIC,,,6,19,4
typewriter,restricted,making,False,makeing,ORTHOGRAPHIC,,,6,255,1
typewriter,restricted,making,False,chusing,DERIVATIONAL,,undated,6,255,1
typewriter,restricted,meal,False,meale,ORTHOGRAPHIC,,,4,30,-1
typewriter,restricted,metre,False,metrum,ORTHOGRAPHIC,,,5,1,13
typewriter,restricted,ministry,False,administra,DERIVATIONAL,,undated,8,13,2
typewriter,restricted,moderate,False,moderatist,DERIVATIONAL,,undated,8,22,1
typewriter,restricted,neuron,False,neurones,ORTHOGRAPHIC,,,6,1,49
typewriter,restricted,oblige,False,oblieged,ORTHOGRAPHIC,,,6,1,38
typewriter,restricted,omit,False,omitt,ORTHOGRAPHIC,,,4,1,3
typewriter,restricted,opponent,False,opponentes,ORTHOGRAPHIC,,,8,15,-1
typewriter,restricted,opponent,False,opponens,ORTHOGRAPHIC,,,8,15,-1
typewriter,restricted,over,False,overpast,ORTHOGRAPHIC,,,4,1236,9
typewriter,restricted,peculiar,False,peculiars,ORTHOGRAPHIC,,,8,28,20
typewriter,restricted,pipe,False,pippes,ORTHOGRAPHIC,,,4,20,-1
typewriter,restricted,pound,False,pounde,ORTHOGRAPHIC,,,5,28,4
typewriter,restricted,praise,False,prayse,ORTHOGRAPHIC,,,6,17,3
typewriter,restricted,praise,False,prais,ORTHOGRAPHIC,,,6,17,1
typewriter,restricted,preach,False,preche,ORTHOGRAPHIC,,,6,8,-1
typewriter,restricted,preach,False,prec,ORTHOGRAPHIC,,,6,8,-1
typewriter,restricted,preach,False,prech,ORTHOGRAPHIC,,,6,8,-1
typewriter,restricted,prince,False,princesse,ORTHOGRAPHIC,,,6,33,3
typewriter,restricted,print,False,printe,ORTHOGRAPHIC,,,5,18,4
typewriter,restricted,print,False,printe,ORTHOGRAPHIC,,,5,18,2
typewriter,restricted,protest,False,proteft,ORTHOGRAPHIC,,,7,23,1
typewriter,restricted,protest,False,prote,ORTHOGRAPHIC,,,7,23,1
typewriter,restricted,removed,False,removedand,ORTHOGRAPHIC,,,7,75,1
typewriter,restricted,removed,False,removedas,ORTHOGRAPHIC,,,7,75,1
typewriter,restricted,removed,False,removedso,ORTHOGRAPHIC,,,7,75,1
typewriter,restricted,removed,False,removeda,ORTHOGRAPHIC,,,7,75,1
typewriter,restricted,removed,False,removedwe,ORTHOGRAPHIC,,,7,75,1
typewriter,restricted,removed,False,removedthe,ORTHOGRAPHIC,,,7,75,1
typewriter,restricted,removed,False,removedour,ORTHOGRAPHIC,,,7,75,1
typewriter,restricted,rotation,False,rotationsthe,ORTHOGRAPHIC,,,8,11,1
typewriter,restricted,sacrifice,False,sacrifises,ORTHOGRAPHIC,,,9,30,3
typewriter,restricted,sacrifice,False,sacrifise,ORTHOGRAPHIC,,,9,30,3
typewriter,restricted,sake,False,sakes,ORTHOGRAPHIC,,,4,41,2
typewriter,restricted,sake,False,sakes,ORTHOGRAPHIC,,,4,41,1
typewriter,restricted,sake,False,sakee,ORTHOGRAPHIC,,,4,41,1
typewriter,restricted,sake,False,sakes,ORTHOGRAPHIC,,,4,41,3
typewriter,restricted,sake,False,sak,ORTHOGRAPHIC,,,4,41,1
typewriter,restricted,sake,False,sakes,ORTHOGRAPHIC,,,4,41,1
typewriter,restricted,sake,False,sakee,ORTHOGRAPHIC,,,4,41,1
typewriter,restricted,sake,False,saket,ORTHOGRAPHIC,,,4,41,1
typewriter,restricted,sake,False,sak,ORTHOGRAPHIC,,,4,41,2
typewriter,restricted,scale,False,scal,ORTHOGRAPHIC,,,5,60,69
typewriter,restricted,scale,False,scalie,ORTHOGRAPHIC,,,5,60,69
typewriter,restricted,smoke,False,smoake,ORTHOGRAPHIC,,,5,41,2
typewriter,restricted,stand,False,stanes,ORTHOGRAPHIC,,,5,148,-1
typewriter,restricted,standing,False,overbevelling,DERIVATIONAL,,undated,8,101,-1
typewriter,restricted,standing,False,overbeveling,DERIVATIONAL,,undated,8,101,-1
typewriter,restricted,stomach,False,stomack,ORTHOGRAPHIC,,,7,37,2
typewriter,restricted,stomach,False,stomacke,ORTHOGRAPHIC,,,7,37,2
typewriter,restricted,stomach,False,stomache,ORTHOGRAPHIC,,,7,37,2
typewriter,restricted,stomach,False,stomake,ORTHOGRAPHIC,,,7,37,2
typewriter,restricted,stop,False,stoppe,ORTHOGRAPHIC,,,4,120,2
typewriter,restricted,stranger,False,strangerfor,ORTHOGRAPHIC,,,8,40,1
typewriter,restricted,stranger,False,strangera,ORTHOGRAPHIC,,,8,40,1
typewriter,restricted,stranger,False,strangerin,ORTHOGRAPHIC,,,8,40,1
typewriter,restricted,stranger,False,strangeri,ORTHOGRAPHIC,,,8,40,1
typewriter,restricted,stranger,False,strangerl,ORTHOGRAPHIC,,,8,40,1
typewriter,restricted,stranger,False,strangerleft,ORTHOGRAPHIC,,,8,40,1
typewriter,restricted,stuff,False,stuffe,ORTHOGRAPHIC,,,5,32,52
typewriter,restricted,stuff,False,stuffe,ORTHOGRAPHIC,,,5,32,9
typewriter,restricted,stuff,False,stuffe,ORTHOGRAPHIC,,,5,32,28
typewriter,restricted,stuff,False,stuffe,ORTHOGRAPHIC,,,5,32,4
typewriter,restricted,stuff,False,stuffes,ORTHOGRAPHIC,,,5,32,4
typewriter,restricted,subtle,False,subtile,ORTHOGRAPHIC,,,6,25,1
typewriter,restricted,sword,False,fword,DERIVATIONAL,,undated,5,7,1
typewriter,restricted,thesis,False,thesin,ORTHOGRAPHIC,,,6,10,1
typewriter,restricted,thesis,False,thetus,ORTHOGRAPHIC,,,6,10,1
typewriter,restricted,thesis,False,thesisis,ORTHOGRAPHIC,,,6,10,1
typewriter,restricted,uniform,False,uniforme,ORTHOGRAPHIC,,,7,51,1
typewriter,restricted,unlike,False,unlikes,ORTHOGRAPHIC,,,6,42,1
typewriter,restricted,valve,False,valvate,ORTHOGRAPHIC,,,5,3,-1
typewriter,restricted,van,False,vanward,ORTHOGRAPHIC,,,3,32,1
typewriter,restricted,vein,False,veines,ORTHOGRAPHIC,,,4,25,5
typewriter,restricted,verb,False,verbe,ORTHOGRAPHIC,,,4,4,53
typewriter,restricted,wake,False,waxe,ORTHOGRAPHIC,,,4,23,48
typewriter,restricted,walk,False,walke,ORTHOGRAPHIC,,,4,100,36
typewriter,restricted,walk,False,walke,ORTHOGRAPHIC,,,4,100,23
typewriter,restricted,walk,False,walkes,ORTHOGRAPHIC,,,4,100,37
typewriter,restricted,wet,False,wete,ORTHOGRAPHIC,,,3,53,2
typewriter,restricted,wet,False,wete,ORTHOGRAPHIC,,,3,53,1
typewriter,restricted,wheat,False,wheate,ORTHOGRAPHIC,,,5,9,1
typewriter,restricted,worship,False,worshippe,ORTHOGRAPHIC,,,7,36,7
typewriter,restricted,worship,False,worshippe,ORTHOGRAPHIC,,,7,36,1
typewriter,restricted,wound,False,woundes,ORTHOGRAPHIC,,,5,28,-1
typewriter,restricted,alarm,False,alarme,ORTHOGRAPHIC,,,5,16,4
typewriter,restricted,analogous,False,homotypous,DERIVATIONAL,,undated,9,8,1
typewriter,restricted,authentic,False,authentick,ORTHOGRAPHIC,,,9,20,3
typewriter,restricted,bearing,False,fatting,INFLECTION,,,7,25,6
typewriter,restricted,betray,False,betrayand,ORTHOGRAPHIC,,,6,4,1
typewriter,restricted,betray,False,betrayi,ORTHOGRAPHIC,,,6,4,1
typewriter,restricted,boil,False,boile,ORTHOGRAPHIC,,,4,12,1
typewriter,restricted,bow,False,bowa,ORTHOGRAPHIC,,,3,15,1
typewriter,restricted,bow,False,bowt,ORTHOGRAPHIC,,,3,15,1
typewriter,restricted,bullet,False,balles,ORTHOGRAPHIC,,,6,28,11
typewriter,restricted,bush,False,bushie,ORTHOGRAPHIC,,,4,14,2
typewriter,restricted,charity,False,charitie,ORTHOGRAPHIC,,,7,8,1
typewriter,restricted,charity,False,generofity,DERIVATIONAL,,undated,7,8,9
typewriter,restricted,charm,False,charmit,ORTHOGRAPHIC,,,5,26,1
typewriter,restricted,charm,False,charma,ORTHOGRAPHIC,,,5,26,1
typewriter,restricted,charm,False,charmso,ORTHOGRAPHIC,,,5,26,1
typewriter,restricted,charm,False,charmit,ORTHOGRAPHIC,,,5,26,1
typewriter,restricted,comedy,False,commedy,ORTHOGRAPHIC,,,6,39,1
typewriter,restricted,commentary,False,commentarye,ORTHOGRAPHIC,,,10,8,2
typewriter,restricted,confident,False,confid,ORTHOGRAPHIC,,,9,16,2
typewriter,restricted,corruption,False,putrifaction,DERIVATIONAL,,undated,10,14,2
typewriter,restricted,creditor,False,creditour,ORTHOGRAPHIC,,,8,0,1
typewriter,restricted,creditor,False,crediter,ORTHOGRAPHIC,,,8,0,1
typewriter,restricted,creditor,False,creditum,ORTHOGRAPHIC,,,8,0,1
typewriter,restricted,creditor,False,credito,ORTHOGRAPHIC,,,8,0,1
typewriter,restricted,creditor,False,creditorum,ORTHOGRAPHIC,,,8,0,1
typewriter,restricted,creditor,False,credite,ORTHOGRAPHIC,,,8,0,1
typewriter,restricted,creditor,False,creditorie,ORTHOGRAPHIC,,,8,0,1
typewriter,restricted,determinant,False,determinates,INFLECTION,,,11,1,77
typewriter,restricted,dictionary,False,dictionarium,DERIVATIONAL,,undated,10,57,2
typewriter,restricted,disagree,False,difagree,ORTHOGRAPHIC,,,8,7,1
typewriter,restricted,disagree,False,disagre,ORTHOGRAPHIC,,,8,7,1
typewriter,restricted,draw,False,drap,ORTHOGRAPHIC,,,4,56,-1
typewriter,restricted,duct,False,ductus,ORTHOGRAPHIC,,,4,1,1
typewriter,restricted,dure,False,durste,ORTHOGRAPHIC,,,4,0,-1
typewriter,restricted,embryo,False,embryoes,ORTHOGRAPHIC,,,6,1,17
typewriter,restricted,escape,False,escapea,ORTHOGRAPHIC,,,6,65,1
typewriter,restricted,feminine,False,feminin,ORTHOGRAPHIC,,,8,10,1
typewriter,restricted,feminine,False,femine,ORTHOGRAPHIC,,,8,10,1
typewriter,restricted,fool,False,foole,ORTHOGRAPHIC,,,4,37,43
typewriter,restricted,fool,False,fooles,ORTHOGRAPHIC,,,4,37,-1
typewriter,restricted,gear,False,geer,ORTHOGRAPHIC,,,4,26,1
typewriter,restricted,hazard,False,hazardand,ORTHOGRAPHIC,,,6,12,1
typewriter,restricted,hazard,False,hazardor,ORTHOGRAPHIC,,,6,12,1
typewriter,restricted,hazard,False,hazardthe,ORTHOGRAPHIC,,,6,12,1
typewriter,restricted,horn,False,horning,ORTHOGRAPHIC,,,4,31,70
typewriter,restricted,immigration,False,delamination,DERIVATIONAL,,undated,11,10,4
typewriter,restricted,import,False,importe,ORTHOGRAPHIC,,,6,17,5
typewriter,restricted,inhibition,False,esterification,DERIVATIONAL,,undated,10,6,3
typewriter,restricted,labourer,False,labourers,ORTHOGRAPHIC,,,8,0,-1
typewriter,restricted,mercy,False,mercye,ORTHOGRAPHIC,,,5,20,8
typewriter,restricted,mercy,False,mercye,ORTHOGRAPHIC,,,5,20,5
typewriter,restricted,metabolic,False,megabolic,ORTHOGRAPHIC,,,9,2,1
typewriter,restricted,moral,False,morall,ORTHOGRAPHIC,,,5,142,8
typewriter,restricted,nest,False,neste,ORTHOGRAPHIC,,,4,20,2
typewriter,restricted,nest,False,neast,ORTHOGRAPHIC,,,4,20,2
typewriter,restricted,nest,False,neste,ORTHOGRAPHIC,,,4,20,1
typewriter,restricted,nest,False,nestes,ORTHOGRAPHIC,,,4,20,1
typewriter,restricted,nest,False,nesten,ORTHOGRAPHIC,,,4,20,1
typewriter,restricted,nest,False,nestis,ORTHOGRAPHIC,,,4,20,1
typewriter,restricted,nest,False,neste,ORTHOGRAPHIC,,,4,20,1
typewriter,restricted,outward,False,ynward,DERIVATIONAL,,undated,7,10,19
typewriter,restricted,pen,False,een,DERIVATIONAL,,undated,3,18,-1
typewriter,restricted,physics,False,physick,ORTHOGRAPHIC,,,7,22,3
typewriter,restricted,physics,False,physicks,ORTHOGRAPHIC,,,7,22,3
typewriter,restricted,pitch,False,pitche,ORTHOGRAPHIC,,,5,22,1
typewriter,restricted,plantation,False,plantatio,ORTHOGRAPHIC,,,10,19,39
typewriter,restricted,plantation,False,plantatus,DERIVATIONAL,,undated,10,19,39
typewriter,restricted,plantation,False,plantacions,ORTHOGRAPHIC,,,10,19,4
typewriter,restricted,plantation,False,plantacons,DERIVATIONAL,,undated,10,19,4
typewriter,restricted,praise,False,prai,ORTHOGRAPHIC,,,6,17,1
typewriter,restricted,praise,False,prais,ORTHOGRAPHIC,,,6,17,1
typewriter,restricted,praise,False,praizes,ORTHOGRAPHIC,,,6,17,1
typewriter,restricted,present,False,prefent,ORTHOGRAPHIC,,,7,377,6
typewriter,restricted,prophet,False,prophete,ORTHOGRAPHIC,,,7,5,28
typewriter,restricted,prophet,False,prophesie,DERIVATIONAL,,undated,7,5,1
typewriter,restricted,prophet,False,prophecie,DERIVATIONAL,,undated,7,5,1
typewriter,restricted,prose,False,profe,ORTHOGRAPHIC,,,5,14,1
typewriter,restricted,queen,False,queene,ORTHOGRAPHIC,,,5,41,4
typewriter,restricted,rebel,False,rebell,ORTHOGRAPHIC,,,5,18,-1
typewriter,restricted,receipt,False,receit,ORTHOGRAPHIC,,,7,4,9
typewriter,restricted,receipt,False,receits,ORTHOGRAPHIC,,,7,4,9
typewriter,restricted,reign,False,reigne,ORTHOGRAPHIC,,,5,7,1
typewriter,restricted,reign,False,reigna,ORTHOGRAPHIC,,,5,7,1
typewriter,restricted,renew,False,renewes,ORTHOGRAPHIC,,,5,4,2
typewriter,restricted,rent,False,rentes,ORTHOGRAPHIC,,,4,21,1
typewriter,restricted,ruin,False,ruina,ORTHOGRAPHIC,,,4,14,8
typewriter,restricted,ruin,False,ruines,ORTHOGRAPHIC,,,4,14,-1
typewriter,restricted,seal,False,sealys,ORTHOGRAPHIC,,,4,17,22
typewriter,restricted,secure,False,fecure,DERIVATIONAL,,undated,6,30,1
typewriter,restricted,sense,False,sence,ORTHOGRAPHIC,,,5,311,-1
typewriter,restricted,sensible,False,sensurable,DERIVATIONAL,,undated,8,14,1
typewriter,restricted,sensible,False,sensuelle,DERIVATIONAL,,undated,8,14,1
typewriter,restricted,sensible,False,sensualle,DERIVATIONAL,,undated,8,14,1
typewriter,restricted,sensible,False,sensifle,ORTHOGRAPHIC,,,8,14,1
typewriter,restricted,sensible,False,sensive,ORTHOGRAPHIC,,,8,14,1
typewriter,restricted,sensible,False,sensibles,ORTHOGRAPHIC,,,8,14,48
typewriter,restricted,sensible,False,insensibles,INFLECTION,,,8,14,48
typewriter,restricted,severity,False,severitie,ORTHOGRAPHIC,,,8,5,2
typewriter,restricted,shelf,False,shelfs,ORTHOGRAPHIC,,,5,12,1
typewriter,restricted,silk,False,silke,ORTHOGRAPHIC,,,4,12,1
typewriter,restricted,snake,False,snakee,ORTHOGRAPHIC,,,5,44,1
typewriter,restricted,strain,False,straine,ORTHOGRAPHIC,,,6,31,14
typewriter,restricted,strain,False,strayne,ORTHOGRAPHIC,,,6,31,14
typewriter,restricted,strain,False,straine,ORTHOGRAPHIC,,,6,31,-1
typewriter,restricted,strain,False,traine,DERIVATIONAL,,undated,6,31,-1
typewriter,restricted,strain,False,straind,ORTHOGRAPHIC,,,6,31,2
typewriter,restricted,strain,False,strainde,ORTHOGRAPHIC,,,6,31,2
typewriter,restricted,swim,False,swimme,ORTHOGRAPHIC,,,4,15,1
typewriter,restricted,throne,False,throni,ORTHOGRAPHIC,,,6,5,42
typewriter,restricted,throne,False,throned,ORTHOGRAPHIC,,,6,5,42
typewriter,restricted,throne,False,thronos,ORTHOGRAPHIC,,,6,5,42
typewriter,restricted,tide,False,tyde,ORTHOGRAPHIC,,,4,11,4
typewriter,restricted,toss,False,tosse,ORTHOGRAPHIC,,,4,9,-1
typewriter,restricted,toy,False,toyes,ORTHOGRAPHIC,,,3,4,-1
typewriter,restricted,toy,False,toyes,ORTHOGRAPHIC,,,3,4,44
typewriter,restricted,tragic,False,tragi,ORTHOGRAPHIC,,,6,33,2
typewriter,restricted,treasure,False,treafure,ORTHOGRAPHIC,,,8,4,1
typewriter,restricted,treasure,False,treaure,ORTHOGRAPHIC,,,8,4,1
typewriter,restricted,unhappy,False,unhappie,ORTHOGRAPHIC,,,7,26,1
typewriter,restricted,unhappy,False,vnhappy,DERIVATIONAL,,undated,7,26,1
typewriter,restricted,void,False,voyd,ORTHOGRAPHIC,,,4,10,2
typewriter,restricted,void,False,voide,ORTHOGRAPHIC,,,4,10,2
typewriter,restricted,ward,False,warde,ORTHOGRAPHIC,,,4,25,2
typewriter,restricted,ward,False,warde,ORTHOGRAPHIC,,,4,25,13
typewriter,restricted,warrant,False,warrante,ORTHOGRAPHIC,,,7,20,1
typewriter,restricted,warrant,False,warraunt,ORTHOGRAPHIC,,,7,20,1
typewriter,restricted,wool,False,wools,ORTHOGRAPHIC,,,4,10,1
typewriter,restricted,wool,False,wooll,ORTHOGRAPHIC,,,4,10,1
typewriter,restricted,wool,False,woole,ORTHOGRAPHIC,,,4,10,1
typewriter,restricted,wool,False,woolfe,ORTHOGRAPHIC,,,4,10,1
typewriter,restricted,wool,False,wooe,ORTHOGRAPHIC,,,4,10,1
typewriter,restricted,go,False,goe,ORTHOGRAPHIC,,,2,626,1
typewriter,restricted,go,False,goe,ORTHOGRAPHIC,,,2,626,8
typewriter,restricted,come,False,comea,ORTHOGRAPHIC,,,4,630,1
typewriter,restricted,good,False,goodes,ORTHOGRAPHIC,,,4,806,14
typewriter,restricted,his,False,hys,ORTHOGRAPHIC,,,3,6996,1
typewriter,restricted,his,False,hisn,ORTHOGRAPHIC,,,3,6996,1
typewriter,restricted,most,False,moste,ORTHOGRAPHIC,,,4,1159,1
typewriter,restricted,most,False,moft,ORTHOGRAPHIC,,,4,1159,1
typewriter,restricted,way,False,waye,ORTHOGRAPHIC,,,3,908,2
typewriter,restricted,way,False,wayi,ORTHOGRAPHIC,,,3,908,1
typewriter,restricted,way,False,wayt,ORTHOGRAPHIC,,,3,908,1
typewriter,restricted,way,False,wayr,ORTHOGRAPHIC,,,3,908,1
typewriter,restricted,way,False,waye,ORTHOGRAPHIC,,,3,908,1
typewriter,restricted,way,False,wayes,ORTHOGRAPHIC,,,3,908,1
typewriter,restricted,way,False,wav,ORTHOGRAPHIC,,,3,908,1
typewriter,restricted,way,False,wayes,ORTHOGRAPHIC,,,3,908,1
typewriter,restricted,way,False,waye,ORTHOGRAPHIC,,,3,908,1
typewriter,restricted,way,False,wayes,ORTHOGRAPHIC,,,3,908,1
typewriter,restricted,day,False,daye,ORTHOGRAPHIC,,,3,687,23
typewriter,restricted,day,False,daye,ORTHOGRAPHIC,,,3,687,1
typewriter,restricted,day,False,dayi,ORTHOGRAPHIC,,,3,687,1
typewriter,restricted,day,False,daya,ORTHOGRAPHIC,,,3,687,1
typewriter,restricted,day,False,dayl,ORTHOGRAPHIC,,,3,687,1
typewriter,restricted,day,False,dayb,ORTHOGRAPHIC,,,3,687,1
typewriter,restricted,each,False,cach,DERIVATIONAL,,undated,4,877,1
typewriter,restricted,must,False,muft,ORTHOGRAPHIC,,,4,1013,1
typewriter,restricted,people,False,peple,ORTHOGRAPHIC,,,6,847,15
typewriter,restricted,people,False,peple,ORTHOGRAPHIC,,,6,847,2
typewriter,restricted,people,False,peop,ORTHOGRAPHIC,,,6,847,1
typewriter,restricted,people,False,puple,ORTHOGRAPHIC,,,6,847,1
typewriter,restricted,people,False,peple,ORTHOGRAPHIC,,,6,847,1
typewriter,restricted,people,False,peples,ORTHOGRAPHIC,,,6,847,1
typewriter,restricted,same,False,samne,ORTHOGRAPHIC,,,4,686,1
typewriter,restricted,same,False,samo,ORTHOGRAPHIC,,,4,686,1
typewriter,restricted,same,False,samet,ORTHOGRAPHIC,,,4,686,1
typewriter,restricted,well,False,wel,ORTHOGRAPHIC,,,4,897,1
typewriter,restricted,well,False,wel,ORTHOGRAPHIC,,,4,897,1
typewriter,restricted,call,False,calle,ORTHOGRAPHIC,,,4,188,-1
typewriter,restricted,own,False,owne,ORTHOGRAPHIC,,,3,772,9
typewriter,restricted,own,False,owne,ORTHOGRAPHIC,,,3,772,1
typewriter,restricted,own,False,owne,ORTHOGRAPHIC,,,3,772,7
typewriter,restricted,own,False,owne,ORTHOGRAPHIC,,,3,772,2
typewriter,restricted,part,False,partes,ORTHOGRAPHIC,,,4,500,5
typewriter,restricted,part,False,pairt,ORTHOGRAPHIC,,,4,500,1
typewriter,restricted,part,False,partes,ORTHOGRAPHIC,,,4,500,12
typewriter,restricted,part,False,partes,ORTHOGRAPHIC,,,4,500,-1
typewriter,restricted,three,False,threees,ORTHOGRAPHIC,,,5,610,3
typewriter,restricted,three,False,thre,ORTHOGRAPHIC,,,5,610,3
typewriter,restricted,work,False,worke,ORTHOGRAPHIC,,,4,762,-1
typewriter,restricted,work,False,workes,ORTHOGRAPHIC,,,4,762,18
typewriter,restricted,work,False,worke,ORTHOGRAPHIC,,,4,762,18
typewriter,restricted,against,False,againstand,ORTHOGRAPHIC,,,7,627,1
typewriter,restricted,against,False,againstbut,ORTHOGRAPHIC,,,7,627,1
typewriter,restricted,against,False,agains,ORTHOGRAPHIC,,,7,627,1
typewriter,restricted,against,False,againstthe,ORTHOGRAPHIC,,,7,627,1
typewriter,restricted,country,False,countrey,ORTHOGRAPHIC,,,7,324,1
typewriter,restricted,country,False,countrey,ORTHOGRAPHIC,,,7,324,2
typewriter,restricted,down,False,downe,ORTHOGRAPHIC,,,4,895,15
typewriter,restricted,effect,False,effecte,ORTHOGRAPHIC,,,6,213,1
typewriter,restricted,effect,False,effecte,ORTHOGRAPHIC,,,6,213,1
typewriter,restricted,effect,False,effecte,ORTHOGRAPHIC,,,6,213,1
typewriter,restricted,effect,False,effe,ORTHOGRAPHIC,,,6,213,1
typewriter,restricted,effect,False,effecte,ORTHOGRAPHIC,,,6,213,1
typewriter,restricted,effect,False,effeet,ORTHOGRAPHIC,,,6,213,1
typewriter,restricted,effect,False,efect,ORTHOGRAPHIC,,,6,213,1
typewriter,restricted,effect,False,effec,ORTHOGRAPHIC,,,6,213,1
typewriter,restricted,effect,False,effectyou,ORTHOGRAPHIC,,,6,213,1
typewriter,restricted,effect,False,effectdid,ORTHOGRAPHIC,,,6,213,1
typewriter,restricted,effect,False,effe,ORTHOGRAPHIC,,,6,213,1
typewriter,restricted,effect,False,effet,ORTHOGRAPHIC,,,6,213,1
typewriter,restricted,hand,False,hande,ORTHOGRAPHIC,,,4,431,1
typewriter,restricted,hand,False,handes,ORTHOGRAPHIC,,,4,431,1
typewriter,restricted,need,False,neede,ORTHOGRAPHIC,,,4,360,6
typewriter,restricted,new,False,newi,ORTHOGRAPHIC,,,3,1635,1
typewriter,restricted,person,False,persone,ORTHOGRAPHIC,,,6,174,74
typewriter,restricted,person,False,persone,ORTHOGRAPHIC,,,6,174,9
typewriter,restricted,person,False,pers,ORTHOGRAPHIC,,,6,174,1
typewriter,restricted,place,False,pallace,ORTHOGRAPHIC,,,5,570,1
typewriter,restricted,still,False,stille,ORTHOGRAPHIC,,,5,782,20
typewriter,restricted,still,False,stylle,ORTHOGRAPHIC,,,5,782,20
typewriter,restricted,study,False,studie,ORTHOGRAPHIC,,,5,246,19
typewriter,restricted,study,False,studie,ORTHOGRAPHIC,,,5,246,8
typewriter,restricted,tell,False,telle,ORTHOGRAPHIC,,,4,268,6
typewriter,restricted,tell,False,telle,ORTHOGRAPHIC,,,4,268,1
typewriter,restricted,term,False,termor,ORTHOGRAPHIC,,,4,79,1
typewriter,restricted,thing,False,chusing,DERIVATIONAL,,undated,5,333,1
typewriter,restricted,value,False,valewe,ORTHOGRAPHIC,,,5,200,1
typewriter,restricted,value,False,valoure,ORTHOGRAPHIC,,,5,200,1
typewriter,restricted,value,False,vallew,ORTHOGRAPHIC,,,5,200,1
typewriter,restricted,want,False,wante,ORTHOGRAPHIC,,,4,328,1
typewriter,restricted,without,False,withouten,ORTHOGRAPHIC,,,7,583,2
typewriter,restricted,word,False,wordes,ORTHOGRAPHIC,,,4,274,-1
typewriter,restricted,word,False,worde,ORTHOGRAPHIC,,,4,274,3
typewriter,restricted,word,False,wordis,ORTHOGRAPHIC,,,4,274,3
typewriter,restricted,word,False,wordis,ORTHOGRAPHIC,,,4,274,3
typewriter,restricted,word,False,wordes,ORTHOGRAPHIC,,,4,274,3
typewriter,restricted,word,False,worde,ORTHOGRAPHIC,,,4,274,3
typewriter,restricted,word,False,worde,ORTHOGRAPHIC,,,4,274,1
typewriter,restricted,world,False,worldto,ORTHOGRAPHIC,,,5,787,1
typewriter,restricted,world,False,worldlings,ORTHOGRAPHIC,,,5,787,1
typewriter,restricted,world,False,worlda,ORTHOGRAPHIC,,,5,787,1
typewriter,restricted,world,False,worlde,ORTHOGRAPHIC,,,5,787,1
typewriter,restricted,world,False,worlde,ORTHOGRAPHIC,,,5,787,1
typewriter,restricted,world,False,worlde,ORTHOGRAPHIC,,,5,787,1
typewriter,restricted,world,False,worlde,ORTHOGRAPHIC,,,5,787,1
typewriter,restricted,write,False,endite,DERIVATIONAL,,undated,5,106,1
typewriter,restricted,write,False,wite,ORTHOGRAPHIC,,,5,106,1
typewriter,restricted,activity,False,diffusivity,DERIVATIONAL,,undated,8,116,59
typewriter,restricted,again,False,againe,ORTHOGRAPHIC,,,5,577,17
typewriter,restricted,body,False,bodye,ORTHOGRAPHIC,,,4,276,1
typewriter,restricted,body,False,bodi,ORTHOGRAPHIC,,,4,276,1
typewriter,restricted,bring,False,bringno,ORTHOGRAPHIC,,,5,158,1
typewriter,restricted,bring,False,bringt,ORTHOGRAPHIC,,,5,158,1
typewriter,restricted,case,False,cawses,ORTHOGRAPHIC,,,4,362,2
typewriter,restricted,course,False,coursers,ORTHOGRAPHIC,,,6,465,27
typewriter,restricted,course,False,courfe,ORTHOGRAPHIC,,,6,465,1
typewriter,restricted,development,False,developement,ORTHOGRAPHIC,,,11,334,2
typewriter,restricted,end,False,eend,ORTHOGRAPHIC,,,3,409,1
typewriter,restricted,feel,False,feele,ORTHOGRAPHIC,,,4,216,61
typewriter,restricted,feel,False,feele,ORTHOGRAPHIC,,,4,216,-1
typewriter,restricted,general,False,generall,ORTHOGRAPHIC,,,7,498,3
typewriter,restricted,help,False,helpe,ORTHOGRAPHIC,,,4,311,1
typewriter,restricted,interest,False,intereft,ORTHOGRAPHIC,,,8,330,2
typewriter,restricted,last,False,laste,ORTHOGRAPHIC,,,4,676,20
typewriter,restricted,last,False,laste,ORTHOGRAPHIC,,,4,676,3
typewriter,restricted,last,False,laste,ORTHOGRAPHIC,,,4,676,1
typewriter,restricted,less,False,lesse,ORTHOGRAPHIC,,,4,437,7
typewriter,restricted,line,False,linea,ORTHOGRAPHIC,,,4,298,1
typewriter,restricted,line,False,linee,ORTHOGRAPHIC,,,4,298,1
typewriter,restricted,line,False,lineor,ORTHOGRAPHIC,,,4,298,1
typewriter,restricted,line,False,linec,ORTHOGRAPHIC,,,4,298,1
typewriter,restricted,line,False,lineis,ORTHOGRAPHIC,,,4,298,1
typewriter,restricted,long,False,longe,ORTHOGRAPHIC,,,4,752,1
typewriter,restricted,long,False,longe,ORTHOGRAPHIC,,,4,752,1
typewriter,restricted,long,False,longe,ORTHOGRAPHIC,,,4,752,1
typewriter,restricted,long,False,longes,ORTHOGRAPHIC,,,4,752,3
typewriter,restricted,long,False,longe,ORTHOGRAPHIC,,,4,752,1
typewriter,restricted,long,False,longe,ORTHOGRAPHIC,,,4,752,1
typewriter,restricted,long,False,longre,ORTHOGRAPHIC,,,4,752,1
typewriter,restricted,long,False,longa,ORTHOGRAPHIC,,,4,752,1
typewriter,restricted,long,False,longif,ORTHOGRAPHIC,,,4,752,1
typewriter,restricted,period,False,periode,ORTHOGRAPHIC,,,6,265,2
typewriter,restricted,period,False,periode,ORTHOGRAPHIC,,,6,265,1
typewriter,restricted,period,False,periodus,ORTHOGRAPHIC,,,6,265,1
typewriter,restricted,public,False,publick,ORTHOGRAPHIC,,,6,438,1
typewriter,restricted,require,False,requireth,ORTHOGRAPHIC,,,7,86,8
typewriter,restricted,right,False,righte,ORTHOGRAPHIC,,,5,613,6
typewriter,restricted,right,False,righte,ORTHOGRAPHIC,,,5,613,1
typewriter,restricted,right,False,ryght,ORTHOGRAPHIC,,,5,613,1
typewriter,restricted,second,False,fecond,DERIVATIONAL,,undated,6,373,2
typewriter,restricted,second,False,seconders,ORTHOGRAPHIC,,,6,373,4
typewriter,restricted,set,False,swet,ORTHOGRAPHIC,,,3,414,1
typewriter,restricted,side,False,sidese,ORTHOGRAPHIC,,,4,381,33
typewriter,restricted,side,False,sidesi,ORTHOGRAPHIC,,,4,381,33
typewriter,restricted,side,False,sidesa,ORTHOGRAPHIC,,,4,381,33
typewriter,restricted,side,False,syde,ORTHOGRAPHIC,,,4,381,1
typewriter,restricted,side,False,syde,ORTHOGRAPHIC,,,4,381,1
typewriter,restricted,side,False,syde,ORTHOGRAPHIC,,,4,381,1
typewriter,restricted,side,False,syde,ORTHOGRAPHIC,,,4,381,2
typewriter,restricted,side,False,syde,ORTHOGRAPHIC,,,4,381,1
typewriter,restricted,side,False,sidea,ORTHOGRAPHIC,,,4,381,1
typewriter,restricted,since,False,sence,ORTHOGRAPHIC,,,5,628,1
typewriter,restricted,since,False,sinc,ORTHOGRAPHIC,,,5,628,1
typewriter,restricted,since,False,fince,DERIVATIONAL,,undated,5,628,1
typewriter,restricted,since,False,sinse,ORTHOGRAPHIC,,,5,628,1
typewriter,restricted,up,False,upp,ORTHOGRAPHIC,,,2,1890,1
typewriter,restricted,up,False,upt,ORTHOGRAPHIC,,,2,1890,1
typewriter,restricted,up,False,upo,ORTHOGRAPHIC,,,2,1890,1
typewriter,restricted,up,False,upe,ORTHOGRAPHIC,,,2,1890,1
typewriter,restricted,up,False,upa,ORTHOGRAPHIC,,,2,1890,1
typewriter,restricted,upon,False,vpon,DERIVATIONAL,,undated,4,495,2
typewriter,restricted,upon,False,apon,DERIVATIONAL,,undated,4,495,2
typewriter,restricted,upon,False,uppon,ORTHOGRAPHIC,,,4,495,2
typewriter,restricted,view,False,viewes,ORTHOGRAPHIC,,,4,186,1
typewriter,restricted,view,False,viewe,ORTHOGRAPHIC,,,4,186,1
typewriter,restricted,view,False,viewin,ORTHOGRAPHIC,,,4,186,1
typewriter,restricted,apply,False,applye,ORTHOGRAPHIC,,,5,56,1
typewriter,restricted,black,False,blacklegs,ORTHOGRAPHIC,,,5,203,3
typewriter,restricted,black,False,blacke,ORTHOGRAPHIC,,,5,203,5
typewriter,restricted,black,False,blackes,ORTHOGRAPHIC,,,5,203,5
typewriter,restricted,close,False,clos,ORTHOGRAPHIC,,,5,234,1
typewriter,restricted,company,False,compy,ORTHOGRAPHIC,,,7,290,1
typewriter,restricted,company,False,companie,ORTHOGRAPHIC,,,7,290,10
typewriter,restricted,cost,False,coste,ORTHOGRAPHIC,,,4,229,1
typewriter,restricted,cost,False,costes,ORTHOGRAPHIC,,,4,229,1
typewriter,restricted,cost,False,coste,ORTHOGRAPHIC,,,4,229,6
typewriter,restricted,court,False,courte,ORTHOGRAPHIC,,,5,230,1
typewriter,restricted,court,False,courte,ORTHOGRAPHIC,,,5,230,1
typewriter,restricted,court,False,cort,ORTHOGRAPHIC,,,5,230,1
typewriter,restricted,define,False,maintaine,DERIVATIONAL,,undated,6,27,13
typewriter,restricted,die,False,drie,ORTHOGRAPHIC,,,3,73,26
typewriter,restricted,difference,False,diference,ORTHOGRAPHIC,,,10,148,1
typewriter,restricted,due,False,duc,ORTHOGRAPHIC,,,3,142,1
typewriter,restricted,due,False,duc,ORTHOGRAPHIC,,,3,142,1
typewriter,restricted,eye,False,eyne,ORTHOGRAPHIC,,,3,122,2
typewriter,restricted,eye,False,eie,ORTHOGRAPHIC,,,3,122,3
typewriter,restricted,eye,False,eyen,ORTHOGRAPHIC,,,3,122,3
typewriter,restricted,eye,False,eyebolt,ORTHOGRAPHIC,,,3,122,1
typewriter,restricted,fall,False,falle,ORTHOGRAPHIC,,,4,147,2
typewriter,restricted,fall,False,falle,ORTHOGRAPHIC,,,4,147,2
typewriter,restricted,fall,False,falle,ORTHOGRAPHIC,,,4,147,22
typewriter,restricted,fall,False,falle,ORTHOGRAPHIC,,,4,147,1
typewriter,restricted,fall,False,fallu,ORTHOGRAPHIC,,,4,147,1
typewriter,restricted,fall,False,falln,ORTHOGRAPHIC,,,4,147,1
typewriter,restricted,fall,False,fallne,ORTHOGRAPHIC,,,4,147,1
typewriter,restricted,fall,False,fallke,ORTHOGRAPHIC,,,4,147,1
typewriter,restricted,field,False,fielde,ORTHOGRAPHIC,,,5,274,1
typewriter,restricted,field,False,fielda,ORTHOGRAPHIC,,,5,274,1
typewriter,restricted,food,False,foode,ORTHOGRAPHIC,,,4,147,2
typewriter,restricted,four,False,foure,ORTHOGRAPHIC,,,4,360,3
typewriter,restricted,free,False,fre,ORTHOGRAPHIC,,,4,259,1
typewriter,restricted,future,False,futuree,ORTHOGRAPHIC,,,6,227,4
typewriter,restricted,future,False,futur,ORTHOGRAPHIC,,,6,227,4
typewriter,restricted,grow,False,growne,ORTHOGRAPHIC,,,4,63,10
typewriter,restricted,grow,False,growen,ORTHOGRAPHIC,,,4,63,10
typewriter,restricted,grow,False,grownd,ORTHOGRAPHIC,,,4,63,10
typewriter,restricted,grow,False,growen,ORTHOGRAPHIC,,,4,63,-1
typewriter,restricted,hour,False,houres,ORTHOGRAPHIC,,,4,145,12
typewriter,restricted,hour,False,houre,ORTHOGRAPHIC,,,4,145,1
typewriter,restricted,hour,False,houro,ORTHOGRAPHIC,,,4,145,1
typewriter,restricted,hour,False,houra,ORTHOGRAPHIC,,,4,145,1
typewriter,restricted,hour,False,houris,ORTHOGRAPHIC,,,4,145,1
typewriter,restricted,hour,False,houru,ORTHOGRAPHIC,,,4,145,1
typewriter,restricted,industry,False,industrie,ORTHOGRAPHIC,,,8,171,2
typewriter,restricted,kind,False,kinde,ORTHOGRAPHIC,,,4,313,1
typewriter,restricted,kind,False,kinde,ORTHOGRAPHIC,,,4,313,6
typewriter,restricted,kind,False,kindes,ORTHOGRAPHIC,,,4,313,14
typewriter,restricted,kind,False,kinde,ORTHOGRAPHIC,,,4,313,5
typewriter,restricted,knowledge,False,knowledg,ORTHOGRAPHIC,,,9,145,1
typewriter,restricted,knowledge,False,knowlege,ORTHOGRAPHIC,,,9,145,1
typewriter,restricted,low,False,lowd,ORTHOGRAPHIC,,,3,173,1
typewriter,restricted,market,False,banket,DERIVATIONAL,,undated,6,155,-1
typewriter,restricted,matter,False,matier,ORTHOGRAPHIC,,,6,308,1
typewriter,restricted,matter,False,mattert,ORTHOGRAPHIC,,,6,308,1
typewriter,restricted,meet,False,meetin,ORTHOGRAPHIC,,,4,149,1
typewriter,restricted,meet,False,meete,ORTHOGRAPHIC,,,4,149,1
typewriter,restricted,meet,False,meetin,ORTHOGRAPHIC,,,4,149,1
typewriter,restricted,meet,False,meeta,ORTHOGRAPHIC,,,4,149,1
typewriter,restricted,meet,False,meete,ORTHOGRAPHIC,,,4,149,1
typewriter,restricted,meet,False,meeta,ORTHOGRAPHIC,,,4,149,1
typewriter,restricted,meet,False,meetes,ORTHOGRAPHIC,,,4,149,1
typewriter,restricted,mind,False,minde,ORTHOGRAPHIC,,,4,325,3
typewriter,restricted,mind,False,mynd,ORTHOGRAPHIC,,,4,325,3
typewriter,restricted,mind,False,minde,ORTHOGRAPHIC,,,4,325,1
typewriter,restricted,mind,False,minde,ORTHOGRAPHIC,,,4,325,1
typewriter,restricted,mind,False,mynd,ORTHOGRAPHIC,,,4,325,1
typewriter,restricted,mind,False,minde,ORTHOGRAPHIC,,,4,325,1
typewriter,restricted,mind,False,mindes,ORTHOGRAPHIC,,,4,325,6
typewriter,restricted,mind,False,minde,ORTHOGRAPHIC,,,4,325,1
typewriter,restricted,mind,False,mindes,ORTHOGRAPHIC,,,4,325,30
typewriter,restricted,mind,False,minde,ORTHOGRAPHIC,,,4,325,13
typewriter,restricted,mind,False,minde,ORTHOGRAPHIC,,,4,325,2
typewriter,restricted,mind,False,minde,ORTHOGRAPHIC,,,4,325,3
typewriter,restricted,mind,False,minde,ORTHOGRAPHIC,,,4,325,1
typewriter,restricted,mind,False,mynd,ORTHOGRAPHIC,,,4,325,1
typewriter,restricted,money,False,mony,ORTHOGRAPHIC,,,5,265,1
typewriter,restricted,move,False,moveth,ORTHOGRAPHIC,,,4,171,9
typewriter,restricted,necessary,False,necessarie,ORTHOGRAPHIC,,,9,222,1
typewriter,restricted,necessary,False,necessaryes,ORTHOGRAPHIC,,,9,222,1
typewriter,restricted,next,False,nexte,ORTHOGRAPHIC,,,4,394,1
typewriter,restricted,nothing,False,nothinge,ORTHOGRAPHIC,,,7,411,1
typewriter,restricted,object,False,objec,ORTHOGRAPHIC,,,6,65,1
typewriter,restricted,occur,False,occuris,ORTHOGRAPHIC,,,5,43,12
typewriter,restricted,particular,False,particuler,ORTHOGRAPHIC,,,10,179,1
typewriter,restricted,particular,False,particulare,ORTHOGRAPHIC,,,10,179,1
typewriter,restricted,particular,False,particulary,ORTHOGRAPHIC,,,10,179,1
typewriter,restricted,party,False,partye,ORTHOGRAPHIC,,,5,216,3
typewriter,restricted,party,False,partie,ORTHOGRAPHIC,1565,,5,216,3
typewriter,restricted,play,False,playe,ORTHOGRAPHIC,,,4,200,2
typewriter,restricted,play,False,playe,ORTHOGRAPHIC,,,4,200,1
typewriter,restricted,play,False,playne,ORTHOGRAPHIC,,,4,200,1
typewriter,restricted,play,False,playn,ORTHOGRAPHIC,,,4,200,1
typewriter,restricted,property,False,properte,ORTHOGRAPHIC,,,8,156,-1
typewriter,restricted,reach,False,reache,ORTHOGRAPHIC,,,5,105,1
typewriter,restricted,real,False,reall,ORTHOGRAPHIC,,,4,258,2
typewriter,restricted,reduce,False,redu,ORTHOGRAPHIC,,,6,62,32
typewriter,restricted,refer,False,referd,ORTHOGRAPHIC,,,5,27,90
typewriter,restricted,return,False,retorné,ORTHOGRAPHIC,,,6,180,-1
typewriter,restricted,return,False,retourné,ORTHOGRAPHIC,,,6,180,-1
typewriter,restricted,role,False,rôle,ORTHOGRAPHIC,,,4,104,1
typewriter,restricted,role,False,rôle,ORTHOGRAPHIC,,,4,104,1
typewriter,restricted,role,False,rôle,ORTHOGRAPHIC,,,4,104,6
typewriter,restricted,room,False,roome,ORTHOGRAPHIC,,,4,384,-1
typewriter,restricted,room,False,roome,ORTHOGRAPHIC,,,4,384,4
typewriter,restricted,self,False,selfes,ORTHOGRAPHIC,,,4,39,2
typewriter,restricted,sense,False,senfe,ORTHOGRAPHIC,,,5,311,1
typewriter,restricted,short,False,shorte,ORTHOGRAPHIC,,,5,212,1
typewriter,restricted,short,False,shortt,ORTHOGRAPHIC,,,5,212,1
typewriter,restricted,similar,False,similars,ORTHOGRAPHIC,,,7,157,16
typewriter,restricted,similar,False,similia,ORTHOGRAPHIC,,,7,157,16
typewriter,restricted,society,False,societie,ORTHOGRAPHIC,,,7,237,1
typewriter,restricted,society,False,societyes,ORTHOGRAPHIC,,,7,237,1
typewriter,restricted,space,False,spacis,ORTHOGRAPHIC,,,5,184,54
typewriter,restricted,start,False,startes,ORTHOGRAPHIC,,,5,154,-1
typewriter,restricted,subject,False,subjectis,ORTHOGRAPHIC,,,7,161,-1
typewriter,restricted,true,False,truely,ORTHOGRAPHIC,,,4,231,1
typewriter,restricted,true,False,truely,ORTHOGRAPHIC,,,4,231,1
typewriter,restricted,answer,False,anfwer,ORTHOGRAPHIC,,,6,152,1
typewriter,restricted,answer,False,answere,ORTHOGRAPHIC,,,6,152,6
typewriter,restricted,boy,False,boye,ORTHOGRAPHIC,,,3,242,8
typewriter,restricted,break,False,breake,ORTHOGRAPHIC,,,5,88,4
typewriter,restricted,break,False,breake,ORTHOGRAPHIC,,,5,88,1
typewriter,restricted,break,False,breake,ORTHOGRAPHIC,,,5,88,24
typewriter,restricted,break,False,breaketh,ORTHOGRAPHIC,,,5,88,24
typewriter,restricted,cause,False,causea,ORTHOGRAPHIC,,,5,130,1
typewriter,restricted,cent,False,cente,ORTHOGRAPHIC,,,4,155,5
typewriter,restricted,centre,False,centres,ORTHOGRAPHIC,,,6,2,2
typewriter,restricted,centre,False,centres,ORTHOGRAPHIC,,,6,2,1
typewriter,restricted,colour,False,coloures,ORTHOGRAPHIC,,,6,0,3
typewriter,restricted,colour,False,coulours,ORTHOGRAPHIC,,,6,0,3
typewriter,restricted,depend,False,depende,ORTHOGRAPHIC,,,6,45,5
typewriter,restricted,draw,False,drawe,ORTHOGRAPHIC,,,4,56,10
typewriter,restricted,draw,False,drawe,ORTHOGRAPHIC,,,4,56,7
typewriter,restricted,female,False,femals,ORTHOGRAPHIC,,,6,50,3
typewriter,restricted,female,False,femele,ORTHOGRAPHIC,,,6,50,1
typewriter,restricted,female,False,femel,ORTHOGRAPHIC,,,6,50,1
typewriter,restricted,female,False,fele,ORTHOGRAPHIC,,,6,50,1
typewriter,restricted,female,False,femelle,ORTHOGRAPHIC,,,6,50,1
typewriter,restricted,female,False,feble,ORTHOGRAPHIC,,,6,50,1
typewriter,restricted,female,False,feme,ORTHOGRAPHIC,,,6,50,1
typewriter,restricted,goal,False,goale,ORTHOGRAPHIC,,,4,60,4
typewriter,restricted,ground,False,grounde,ORTHOGRAPHIC,,,6,186,-1
typewriter,restricted,instance,False,instanceand,ORTHOGRAPHIC,,,8,82,1
typewriter,restricted,key,False,keyes,ORTHOGRAPHIC,,,3,88,3
typewriter,restricted,mean,False,meanes,ORTHOGRAPHIC,,,4,199,81
typewriter,restricted,mean,False,meane,ORTHOGRAPHIC,,,4,199,81
typewriter,restricted,mean,False,meane,ORTHOGRAPHIC,,,4,199,83
typewriter,restricted,mean,False,meanes,ORTHOGRAPHIC,,,4,199,10
typewriter,restricted,mean,False,meane,ORTHOGRAPHIC,,,4,199,10
typewriter,restricted,measure,False,meassures,ORTHOGRAPHIC,,,7,91,15
typewriter,restricted,memory,False,memorye,ORTHOGRAPHIC,,,6,76,2
typewriter,restricted,memory,False,memorie,ORTHOGRAPHIC,,,6,76,2
typewriter,restricted,memory,False,memorey,ORTHOGRAPHIC,,,6,76,2
typewriter,restricted,memory,False,memoire,ORTHOGRAPHIC,,,6,76,2
typewriter,restricted,minute,False,minnte,ORTHOGRAPHIC,,,6,55,1
typewriter,restricted,morning,False,mornin,ORTHOGRAPHIC,,,7,211,1
typewriter,restricted,nation,False,nationes,ORTHOGRAPHIC,,,6,139,11
typewriter,restricted,natural,False,naturall,ORTHOGRAPHIC,,,7,156,6
typewriter,restricted,observe,False,observen,ORTHOGRAPHIC,,,7,25,2
typewriter,restricted,office,False,officeand,ORTHOGRAPHIC,,,6,255,1
typewriter,restricted,past,False,pastif,ORTHOGRAPHIC,,,4,281,1
typewriter,restricted,record,False,recorde,ORTHOGRAPHIC,,,6,137,5
typewriter,restricted,record,False,recorde,ORTHOGRAPHIC,,,6,137,2
typewriter,restricted,record,False,recordes,ORTHOGRAPHIC,,,6,137,2
typewriter,restricted,regard,False,regardyng,ORTHOGRAPHIC,,,6,89,56
typewriter,restricted,religious,False,religieuse,ORTHOGRAPHIC,,,9,165,2
typewriter,restricted,religious,False,religieuses,DERIVATIONAL,,undated,9,165,2
typewriter,restricted,report,False,reporte,ORTHOGRAPHIC,,,6,174,36
typewriter,restricted,rise,False,risse,ORTHOGRAPHIC,,,4,102,1
typewriter,restricted,rise,False,ryse,ORTHOGRAPHIC,,,4,102,1
typewriter,restricted,rise,False,risee,ORTHOGRAPHIC,,,4,102,1
typewriter,restricted,sale,False,fale,DERIVATIONAL,,undated,4,44,1
typewriter,restricted,science,False,scyence,ORTHOGRAPHIC,,,7,131,2
typewriter,restricted,seek,False,seck,ORTHOGRAPHIC,,,4,69,1
typewriter,restricted,seek,False,feek,DERIVATIONAL,,undated,4,69,1
typewriter,restricted,series,False,serieses,ORTHOGRAPHIC,,,6,130,1
typewriter,restricted,series,False,seriesa,ORTHOGRAPHIC,,,6,130,1
typewriter,restricted,show,False,showe,ORTHOGRAPHIC,,,4,288,3
typewriter,restricted,show,False,showre,ORTHOGRAPHIC,,,4,288,3
typewriter,restricted,simple,False,simples,ORTHOGRAPHIC,,,6,160,3
typewriter,restricted,six,False,sixe,ORTHOGRAPHIC,,,3,220,8
typewriter,restricted,stage,False,stagge,ORTHOGRAPHIC,,,5,175,1
typewriter,restricted,stage,False,corage,DERIVATIONAL,,undated,5,175,-1
typewriter,restricted,sure,False,fure,DERIVATIONAL,,undated,4,263,1
typewriter,restricted,tree,False,tre,ORTHOGRAPHIC,,,4,59,33
typewriter,restricted,tree,False,trei,ORTHOGRAPHIC,,,4,59,33
typewriter,restricted,tree,False,trewe,ORTHOGRAPHIC,,,4,59,33
typewriter,restricted,truth,False,troths,ORTHOGRAPHIC,,,5,126,8
typewriter,restricted,truth,False,trueth,ORTHOGRAPHIC,,,5,126,4
typewriter,restricted,volume,False,volum,ORTHOGRAPHIC,,,6,135,1
typewriter,restricted,walk,False,walke,ORTHOGRAPHIC,,,4,100,61
typewriter,restricted,wife,False,wifey,ORTHOGRAPHIC,,,4,228,1
